variation_id,gene,component_hash,actual_outcome,v9_1_probability,v9_1_prediction,v9_1_correct,v9_1_outer_selected_family,original_v9_prediction,v8_prediction,v8_correct,v7_prediction,review_state,inclusion_reason,manual_decision,automatic_review_flags,clue_score,clue_score_directional,model_explanation
1676545,GRIA1,64825309461f70f0fec739d56edb3e96fa15eaf951f155a37fb6a62210508d1a,moved_toward_pathogenic,0.44444002801667104,moved_toward_benign,False,extra_trees,moved_toward_pathogenic,moved_toward_benign,False,moved_toward_pathogenic,review_pending,human_review_not_completed,not_reviewed,"[""vcv_missing"",""v8_high_confidence_wrong"",""v8_v7_disagreement"",""possible_related_component_group""]",2.0,False,extra_trees was selected only from this outer fold's training data; this component was excluded.
1508577,SLC24A5,4547463f108392cf54b39c87dff2a0f02a0a390bdc973e06221665171eb6d189,moved_toward_pathogenic,0.15797057818073226,moved_toward_benign,False,extra_trees,moved_toward_benign,moved_toward_benign,False,moved_toward_benign,review_pending,human_review_not_completed,not_reviewed,"[""vcv_missing"",""v8_high_confidence_wrong"",""possible_related_component_group""]",0.0,False,extra_trees was selected only from this outer fold's training data; this component was excluded.
2635421,TBR1,8eaf8ad3857a6995fa29e357f7a8c16321068b89e8239f361f660ac6a43c37aa,moved_toward_pathogenic,0.05047412043626423,moved_toward_benign,False,extra_trees,moved_toward_benign,moved_toward_benign,False,moved_toward_benign,review_pending,human_review_not_completed,not_reviewed,"[""vcv_missing"",""v8_high_confidence_wrong"",""possible_related_component_group""]",0.0,False,extra_trees was selected only from this outer fold's training data; this component was excluded.
2179139,SPAG1,cac47b8fdcd3106dede98d245cc66159f678d8c9fd851f195eb6f9c9b412d987,moved_toward_pathogenic,0.0498069717574158,moved_toward_benign,False,extra_trees,moved_toward_benign,moved_toward_benign,False,moved_toward_benign,review_pending,human_review_not_completed,not_reviewed,"[""vcv_missing"",""v8_high_confidence_wrong"",""possible_related_component_group""]",0.0,False,extra_trees was selected only from this outer fold's training data; this component was excluded.
1917357,PTH,0a78d448b0cd1a4270698b5ebc3fb6b8382d6c07bc8f079ccea24fcde20c3f4c,moved_toward_pathogenic,0.1510736123091114,moved_toward_benign,False,extra_trees,moved_toward_benign,moved_toward_benign,False,moved_toward_benign,review_pending,human_review_not_completed,not_reviewed,"[""vcv_missing"",""v8_high_confidence_wrong""]",0.0,False,extra_trees was selected only from this outer fold's training data; this component was excluded.
2125741,EXOC6B,c6fa6b1892905a0a51d350d87ce7c79e814a7eb9a210028ba7f428b4fbf795bd,moved_toward_pathogenic,0.12597727007081502,moved_toward_benign,False,random_forest,moved_toward_benign,moved_toward_benign,False,moved_toward_benign,review_pending,human_review_not_completed,not_reviewed,"[""vcv_missing"",""v8_high_confidence_wrong"",""possible_related_component_group""]",0.0,False,random_forest was selected only from this outer fold's training data; this component was excluded.
1510471,FECH,65d5be3d9f9e127f680b825f27247cc69b948236c3794abf087c8c08c2a254fe,moved_toward_pathogenic,0.1540706140678276,moved_toward_benign,False,extra_trees,moved_toward_benign,moved_toward_benign,False,moved_toward_benign,review_pending,human_review_not_completed,not_reviewed,"[""vcv_missing"",""v8_high_confidence_wrong""]",0.0,False,extra_trees was selected only from this outer fold's training data; this component was excluded.
1518918,DEAF1,64e70227660fea274a85870ad8106a80618886197bc210e85fed73a292f59afb,moved_toward_pathogenic,0.37158076157373543,moved_toward_benign,False,extra_trees,moved_toward_benign,moved_toward_benign,False,moved_toward_pathogenic,review_pending,human_review_not_completed,not_reviewed,"[""vcv_missing"",""v8_high_confidence_wrong"",""v8_v7_disagreement"",""possible_related_component_group""]",2.0,False,extra_trees was selected only from this outer fold's training data; this component was excluded.
1516358,SERPINF1,b2da5310f621c3211f7a2322948d605acd16da232fccc8e2936eb965fdce1c40,moved_toward_pathogenic,0.3689158464818377,moved_toward_benign,False,extra_trees,moved_toward_benign,moved_toward_benign,False,moved_toward_pathogenic,review_pending,human_review_not_completed,not_reviewed,"[""vcv_missing"",""v8_high_confidence_wrong"",""v8_v7_disagreement""]",2.0,False,extra_trees was selected only from this outer fold's training data; this component was excluded.
2443383,KATNIP,df5dc65104ab312d45ad29cc94ae2be32c4c834cd20b8b1af83dc3aa21ba9e80,moved_toward_pathogenic,0.5768188124130499,moved_toward_pathogenic,True,extra_trees,moved_toward_benign,moved_toward_benign,False,moved_toward_pathogenic,review_pending,human_review_not_completed,not_reviewed,"[""vcv_missing"",""v8_high_confidence_wrong"",""v8_v7_disagreement""]",2.0,False,extra_trees was selected only from this outer fold's training data; this component was excluded.
2443957,ACACA,bf682231643a97b22151c8515db107a3c94af6a762ed658f5d35349cec08d4e9,moved_toward_pathogenic,0.3920211401281194,moved_toward_benign,False,random_forest,moved_toward_benign,moved_toward_benign,False,moved_toward_pathogenic,review_pending,human_review_not_completed,not_reviewed,"[""vcv_missing"",""v8_high_confidence_wrong"",""v8_v7_disagreement"",""possible_related_component_group""]",1.0,False,random_forest was selected only from this outer fold's training data; this component was excluded.
2573382,LAMB3,79b7dc68bbc2227b9e5f9c286bcddb59ef13813b6545989356bf39f58c2f1d70,moved_toward_pathogenic,0.4658971531217376,moved_toward_benign,False,extra_trees,moved_toward_benign,moved_toward_benign,False,moved_toward_pathogenic,review_pending,human_review_not_completed,not_reviewed,"[""vcv_missing"",""v8_high_confidence_wrong"",""v8_v7_disagreement"",""possible_related_component_group""]",2.0,False,extra_trees was selected only from this outer fold's training data; this component was excluded.
1993961,MTFMT,d05493e2a9e1f39c6f3e2c53e919f04091f2c160f5699d7949869f3b501d4474,moved_toward_pathogenic,0.4468630839925758,moved_toward_benign,False,extra_trees,moved_toward_benign,moved_toward_benign,False,moved_toward_benign,review_pending,human_review_not_completed,not_reviewed,"[""vcv_missing"",""v8_high_confidence_wrong"",""possible_related_component_group""]",2.0,False,extra_trees was selected only from this outer fold's training data; this component was excluded.
1719216,CTSA,eb6d7d82a6fd276458fa245536fc52986d0eb124cbc990f37395b924b7645b1a,moved_toward_pathogenic,0.5016318260512519,moved_toward_pathogenic,True,random_forest,moved_toward_benign,moved_toward_benign,False,moved_toward_benign,review_pending,human_review_not_completed,not_reviewed,"[""vcv_missing""]",2.0,False,random_forest was selected only from this outer fold's training data; this component was excluded.
2447640,RIT1,bc042f4787656246766daa552a4f3d5f85b91bf5343b752869447ff1b5fbb07d,moved_toward_pathogenic,0.28389604440119437,moved_toward_benign,False,extra_trees,moved_toward_benign,moved_toward_benign,False,moved_toward_pathogenic,review_pending,human_review_not_completed,not_reviewed,"[""vcv_missing"",""v8_v7_disagreement""]",2.0,False,extra_trees was selected only from this outer fold's training data; this component was excluded.
2633613,KCNJ16,a2d27777561ad960e91566364ca82d9ffe2050c826c7bff0b1f8876162a8737a,moved_toward_pathogenic,0.7034697371518124,moved_toward_pathogenic,True,extra_trees,moved_toward_pathogenic,moved_toward_benign,False,moved_toward_pathogenic,review_pending,human_review_not_completed,not_reviewed,"[""vcv_missing"",""v8_v7_disagreement""]",1.0,False,extra_trees was selected only from this outer fold's training data; this component was excluded.
2138351,CD40,1d17b9df88f33ff16b3a2ee62b7a44ea6d4fc164d803a3382532258a57a3452b,moved_toward_pathogenic,0.3405385890877611,moved_toward_pathogenic,True,extra_trees,moved_toward_benign,moved_toward_benign,False,moved_toward_pathogenic,review_pending,human_review_not_completed,not_reviewed,"[""vcv_missing"",""consequence_missing_or_unrecognized"",""v8_v7_disagreement"",""possible_related_component_group""]",1.0,False,extra_trees was selected only from this outer fold's training data; this component was excluded.
1403780,PEPD,3d6d2f041c23b33f8e32fd026da6021f5352134b3b35a8f77a31f55c125e32b5,moved_toward_pathogenic,0.47590578841214987,moved_toward_pathogenic,True,extra_trees,moved_toward_benign,moved_toward_benign,False,moved_toward_benign,review_pending,human_review_not_completed,not_reviewed,"[""vcv_missing"",""possible_related_component_group""]",2.0,False,extra_trees was selected only from this outer fold's training data; this component was excluded.
2169644,NDP,e48ffd0b5aa6620f79890a21a36f7949bb55f15208ffe9d120df27609c034993,moved_toward_pathogenic,0.42631914250250796,moved_toward_benign,False,random_forest,moved_toward_pathogenic,moved_toward_benign,False,moved_toward_benign,review_pending,human_review_not_completed,not_reviewed,"[""vcv_missing"",""possible_related_component_group""]",2.0,False,random_forest was selected only from this outer fold's training data; this component was excluded.
1523531,GPAA1,f29ad1d7ecb015bade5734303c4eaa409d3648ae38c1f12ba3526e27947b5b5e,moved_toward_pathogenic,0.46208089898813426,moved_toward_pathogenic,True,extra_trees,moved_toward_benign,moved_toward_benign,False,moved_toward_benign,review_pending,human_review_not_completed,not_reviewed,"[""vcv_missing"",""possible_related_component_group""]",2.0,False,extra_trees was selected only from this outer fold's training data; this component was excluded.
1367200,DRAM2,295eed6c09aa96db6d0ec977540f382a650a7499f82aaca453419b979d387171,moved_toward_pathogenic,0.48228668809825154,moved_toward_pathogenic,True,extra_trees,moved_toward_benign,moved_toward_benign,False,moved_toward_pathogenic,review_pending,human_review_not_completed,not_reviewed,"[""vcv_missing"",""v8_v7_disagreement"",""possible_related_component_group""]",2.0,False,extra_trees was selected only from this outer fold's training data; this component was excluded.
1343012,TUBB3,44dac912eafb122038fe118edfa8eb8c8a8b8de3c8f1bd254b6b4e7473cb6406,moved_toward_pathogenic,0.5298375002978267,moved_toward_pathogenic,True,extra_trees,moved_toward_benign,moved_toward_benign,False,moved_toward_pathogenic,review_pending,human_review_not_completed,not_reviewed,"[""vcv_missing"",""v8_v7_disagreement"",""possible_related_component_group""]",2.0,False,extra_trees was selected only from this outer fold's training data; this component was excluded.
1699024,NSF,75cb1c62c51bbb4b60c4b4db2f6d89e1cc739d85441bb963b63240f3d3d7870b,moved_toward_pathogenic,0.7347733546827278,moved_toward_pathogenic,True,extra_trees,moved_toward_pathogenic,moved_toward_benign,False,moved_toward_pathogenic,review_pending,human_review_not_completed,not_reviewed,"[""vcv_missing"",""v8_v7_disagreement""]",1.0,False,extra_trees was selected only from this outer fold's training data; this component was excluded.
2137670,SLC12A1,4547463f108392cf54b39c87dff2a0f02a0a390bdc973e06221665171eb6d189,moved_toward_pathogenic,0.4844417247586955,moved_toward_pathogenic,True,extra_trees,moved_toward_benign,moved_toward_benign,False,moved_toward_pathogenic,review_pending,human_review_not_completed,not_reviewed,"[""vcv_missing"",""v8_v7_disagreement"",""possible_related_component_group""]",2.0,False,extra_trees was selected only from this outer fold's training data; this component was excluded.
1387135,HTRA1,c715699489c85767822e8523b7649c012de8a3b3028e19984dde230baee8a16a,moved_toward_pathogenic,0.4229239217768479,moved_toward_benign,False,extra_trees,moved_toward_benign,moved_toward_benign,False,moved_toward_pathogenic,review_pending,human_review_not_completed,not_reviewed,"[""vcv_missing"",""v8_v7_disagreement"",""possible_related_component_group""]",2.0,False,extra_trees was selected only from this outer fold's training data; this component was excluded.
2169571,AMHR2,6bb2708e2272905b44f2cc100784dbd1750dfe824b5e4de7a73f5889f8db631c,moved_toward_pathogenic,0.4422525873744909,moved_toward_benign,False,random_forest,moved_toward_pathogenic,moved_toward_benign,False,moved_toward_benign,review_pending,human_review_not_completed,not_reviewed,"[""vcv_missing""]",2.0,False,random_forest was selected only from this outer fold's training data; this component was excluded.
1910224,HTRA1,c715699489c85767822e8523b7649c012de8a3b3028e19984dde230baee8a16a,moved_toward_pathogenic,0.5243833724673483,moved_toward_pathogenic,True,extra_trees,moved_toward_pathogenic,moved_toward_benign,False,moved_toward_pathogenic,review_pending,human_review_not_completed,not_reviewed,"[""vcv_missing"",""v8_v7_disagreement"",""possible_related_component_group""]",2.0,False,extra_trees was selected only from this outer fold's training data; this component was excluded.
2085378,DEAF1,64e70227660fea274a85870ad8106a80618886197bc210e85fed73a292f59afb,moved_toward_pathogenic,0.6429600607250622,moved_toward_pathogenic,True,extra_trees,moved_toward_pathogenic,moved_toward_benign,False,moved_toward_pathogenic,review_pending,human_review_not_completed,not_reviewed,"[""vcv_missing"",""v8_v7_disagreement"",""possible_related_component_group""]",2.0,False,extra_trees was selected only from this outer fold's training data; this component was excluded.
2191065,LOXL3,239e35012c9f105dbeb791b817c1843fc996c4fecf36b97c0c0b6cda5c34d99c,moved_toward_pathogenic,0.5641528952811757,moved_toward_pathogenic,True,extra_trees,moved_toward_pathogenic,moved_toward_benign,False,moved_toward_benign,review_pending,human_review_not_completed,not_reviewed,"[""vcv_missing"",""possible_related_component_group""]",2.0,False,extra_trees was selected only from this outer fold's training data; this component was excluded.
2175962,MAB21L1,f86ce72b2dfdd98b766da160d2a01097c815aed7102ad31fa1ac9763811f01f4,moved_toward_pathogenic,0.3667697549731813,moved_toward_pathogenic,True,extra_trees,moved_toward_benign,moved_toward_benign,False,moved_toward_benign,review_pending,human_review_not_completed,not_reviewed,"[""vcv_missing"",""possible_related_component_group""]",2.0,False,extra_trees was selected only from this outer fold's training data; this component was excluded.
2097852,TMC1,50a0273e15076a9969a3cc0123a61b34ebd0907091d887a288869f44652c278f,moved_toward_pathogenic,0.5121129722599015,moved_toward_pathogenic,True,extra_trees,moved_toward_pathogenic,moved_toward_benign,False,moved_toward_pathogenic,review_pending,human_review_not_completed,not_reviewed,"[""vcv_missing"",""v8_v7_disagreement""]",2.0,False,extra_trees was selected only from this outer fold's training data; this component was excluded.
1338214,GP1BA,118b661c20439ab5373f50ef6917246ae63c06b3072ff55c759d30fa0b2995f1,moved_toward_benign,0.9648378428483213,moved_toward_pathogenic,False,extra_trees,moved_toward_pathogenic,moved_toward_pathogenic,False,moved_toward_pathogenic,review_pending,human_review_not_completed,not_reviewed,"[""vcv_missing"",""v8_high_confidence_wrong""]",6.0,True,extra_trees was selected only from this outer fold's training data; this component was excluded.
1804720,CFHR4,ca718eabad4392e09bd69aa9008ca685bb4dc852341c226a2cd375405d60e603,moved_toward_benign,0.9510200554213114,moved_toward_pathogenic,False,random_forest,moved_toward_pathogenic,moved_toward_pathogenic,False,moved_toward_pathogenic,review_pending,human_review_not_completed,not_reviewed,"[""vcv_missing"",""v8_high_confidence_wrong""]",4.0,True,random_forest was selected only from this outer fold's training data; this component was excluded.
2151981,DVL3,8478873613cf6e0fc2e759e161bc7f44ce70e68d23df0caaa589ddb97d33d7f5,moved_toward_benign,0.9777937832899678,moved_toward_pathogenic,False,extra_trees,moved_toward_pathogenic,moved_toward_pathogenic,False,moved_toward_pathogenic,review_pending,human_review_not_completed,not_reviewed,"[""vcv_missing"",""v8_high_confidence_wrong"",""possible_related_component_group""]",5.0,True,extra_trees was selected only from this outer fold's training data; this component was excluded.
1481314,GLI2,40abbd5964bd2e2219307a48b903ab4cf2c90e83e49a336c82924ac948122b53,moved_toward_benign,0.7942192338118349,moved_toward_pathogenic,False,random_forest,moved_toward_pathogenic,moved_toward_pathogenic,False,moved_toward_benign,review_pending,human_review_not_completed,not_reviewed,"[""vcv_missing"",""v8_high_confidence_wrong"",""v8_v7_disagreement"",""possible_related_component_group""]",2.0,False,random_forest was selected only from this outer fold's training data; this component was excluded.
1444570,HMCN1,26144d54d9619fa86962dd08f8ce978e2b293eaab9b07e008daad88a13969926,moved_toward_benign,0.7582647830355801,moved_toward_pathogenic,False,extra_trees,moved_toward_pathogenic,moved_toward_pathogenic,False,moved_toward_pathogenic,review_pending,human_review_not_completed,not_reviewed,"[""vcv_missing"",""v8_high_confidence_wrong"",""possible_related_component_group""]",4.0,True,extra_trees was selected only from this outer fold's training data; this component was excluded.
2184261,TSEN54,d8c3aef83c97236b0fa840f740bba0c68d710feccacd62bbeead495169440600,moved_toward_benign,0.8367221993759099,moved_toward_pathogenic,False,extra_trees,moved_toward_pathogenic,moved_toward_pathogenic,False,moved_toward_benign,review_pending,human_review_not_completed,not_reviewed,"[""vcv_missing"",""v8_high_confidence_wrong"",""v8_v7_disagreement"",""possible_related_component_group""]",2.0,False,extra_trees was selected only from this outer fold's training data; this component was excluded.
1469777,AMPD1,89d205e6cd71cff3c0118e846bf2a4854d898c957147f7c65e6f6844974d805a,moved_toward_benign,0.4333063271497769,moved_toward_benign,True,extra_trees,moved_toward_pathogenic,moved_toward_pathogenic,False,moved_toward_pathogenic,review_pending,human_review_not_completed,not_reviewed,"[""vcv_missing"",""consequence_missing_or_unrecognized""]",1.0,False,extra_trees was selected only from this outer fold's training data; this component was excluded.
2634522,UCP3,91a0604aff8cdc56f31202d85b86a11bd73ccf0be32173f3cc00bd2a13ab22c6,moved_toward_benign,0.8315248753409893,moved_toward_pathogenic,False,random_forest,moved_toward_pathogenic,moved_toward_pathogenic,False,moved_toward_pathogenic,review_pending,human_review_not_completed,not_reviewed,"[""vcv_missing"",""possible_related_component_group""]",2.0,False,random_forest was selected only from this outer fold's training data; this component was excluded.
1514081,NKX2-5,4b2df152db7fee6a0df1bce90065c35dcb95596dbc7920751ea1143dde8f0acf,moved_toward_benign,0.7847906449810275,moved_toward_pathogenic,False,extra_trees,moved_toward_pathogenic,moved_toward_pathogenic,False,moved_toward_pathogenic,review_pending,human_review_not_completed,not_reviewed,"[""vcv_missing"",""possible_related_component_group""]",2.0,False,extra_trees was selected only from this outer fold's training data; this component was excluded.
1344550,MT-ND6,329d6ceade1a6bc15c4df87b3cee1744379c4dff1a5d4f9fb036ba99847c6641,moved_toward_benign,0.46922984674510837,moved_toward_benign,True,extra_trees,moved_toward_pathogenic,moved_toward_pathogenic,False,moved_toward_pathogenic,review_pending,human_review_not_completed,not_reviewed,"[""vcv_missing"",""consequence_missing_or_unrecognized""]",0.0,False,extra_trees was selected only from this outer fold's training data; this component was excluded.
2176499,SYNPO,8ba6d03b81293fd5e9628c9907a6c3d79a504aa002136837a5ac84daceccf895,moved_toward_benign,0.8844479942320902,moved_toward_pathogenic,False,extra_trees,moved_toward_pathogenic,moved_toward_pathogenic,False,moved_toward_pathogenic,review_pending,human_review_not_completed,not_reviewed,"[""vcv_missing""]",1.0,False,extra_trees was selected only from this outer fold's training data; this component was excluded.
1953098,KCNC3,b8275e4b9eaf9fe8bf2dab7a049c5ab4cf90e0495f135409837e2ab789c247db,moved_toward_benign,0.7145497913363513,moved_toward_pathogenic,False,extra_trees,moved_toward_pathogenic,moved_toward_pathogenic,False,moved_toward_pathogenic,review_pending,human_review_not_completed,not_reviewed,"[""vcv_missing""]",2.0,False,extra_trees was selected only from this outer fold's training data; this component was excluded.
1740318,GPIHBP1,fd5a4caec7e8e2a1cbf5f357ade1d996fba3d376dd2e5ca16a9e63c78aa59306,moved_toward_benign,0.7970223910388102,moved_toward_pathogenic,False,extra_trees,moved_toward_pathogenic,moved_toward_pathogenic,False,moved_toward_pathogenic,review_pending,human_review_not_completed,not_reviewed,"[""vcv_missing"",""possible_related_component_group""]",2.0,False,extra_trees was selected only from this outer fold's training data; this component was excluded.
1365050,DVL3,8478873613cf6e0fc2e759e161bc7f44ce70e68d23df0caaa589ddb97d33d7f5,moved_toward_benign,0.8424098589457287,moved_toward_pathogenic,False,extra_trees,moved_toward_pathogenic,moved_toward_pathogenic,False,moved_toward_benign,review_pending,human_review_not_completed,not_reviewed,"[""vcv_missing"",""v8_v7_disagreement"",""possible_related_component_group""]",2.0,False,extra_trees was selected only from this outer fold's training data; this component was excluded.
1409760,TECTA,48bfbc47fa45f1a85421d80afbac405013c064a2a68c5005720e06759e830aad,moved_toward_benign,0.5390655950148777,moved_toward_pathogenic,False,extra_trees,moved_toward_pathogenic,moved_toward_pathogenic,False,moved_toward_benign,review_pending,human_review_not_completed,not_reviewed,"[""vcv_missing"",""v8_v7_disagreement"",""possible_related_component_group""]",2.0,False,extra_trees was selected only from this outer fold's training data; this component was excluded.
2411525,ADAM22,8fcdea81d5cbd7f40a37c3734eb5907d05481e530abb89c35d5f0392eb1e0da9,moved_toward_benign,0.8484378779865005,moved_toward_pathogenic,False,random_forest,moved_toward_pathogenic,moved_toward_pathogenic,False,moved_toward_pathogenic,review_pending,human_review_not_completed,not_reviewed,"[""vcv_missing""]",2.0,False,random_forest was selected only from this outer fold's training data; this component was excluded.
1902652,GHR,ec78455c8feadb1733645ab06f0b0aea84439fe988a1f865eee4c3ad9c86c86b,moved_toward_benign,0.6569812872171933,moved_toward_pathogenic,False,extra_trees,moved_toward_pathogenic,moved_toward_pathogenic,False,moved_toward_pathogenic,review_pending,human_review_not_completed,not_reviewed,"[""vcv_missing""]",2.0,False,extra_trees was selected only from this outer fold's training data; this component was excluded.
2031464,RAB11A,67f3ad07133767ecb4c79b47ff71d612e6880923a9e096312aab898ff9eca152,moved_toward_benign,0.45012359299071547,moved_toward_benign,True,extra_trees,moved_toward_pathogenic,moved_toward_pathogenic,False,moved_toward_benign,review_pending,human_review_not_completed,not_reviewed,"[""vcv_missing"",""v8_v7_disagreement"",""possible_related_component_group""]",2.0,False,extra_trees was selected only from this outer fold's training data; this component was excluded.
1378717,ASXL2,f656d0513b52b92852888dc0743e1014304149a3523c74e4fd9b8ec8b2095208,moved_toward_benign,0.630634615411917,moved_toward_pathogenic,False,extra_trees,moved_toward_pathogenic,moved_toward_pathogenic,False,moved_toward_pathogenic,review_pending,human_review_not_completed,not_reviewed,"[""vcv_missing"",""possible_related_component_group""]",2.0,False,extra_trees was selected only from this outer fold's training data; this component was excluded.
1485769,NFE2L2,cc7e8ae0450f732930a36b5bdd731598bfc44da3d2fb1565d1f55382a2b1ba3b,moved_toward_benign,0.8103167726414655,moved_toward_pathogenic,False,extra_trees,moved_toward_pathogenic,moved_toward_pathogenic,False,moved_toward_pathogenic,review_pending,human_review_not_completed,not_reviewed,"[""vcv_missing"",""possible_related_component_group""]",2.0,False,extra_trees was selected only from this outer fold's training data; this component was excluded.
1418602,P4HB,f9ccd3285d81cdb3f20962456ecadaaaa6063d51ecff1d0018351d3dc8a80aff,moved_toward_benign,0.759427585254345,moved_toward_pathogenic,False,extra_trees,moved_toward_pathogenic,moved_toward_pathogenic,False,moved_toward_pathogenic,review_pending,human_review_not_completed,not_reviewed,"[""vcv_missing"",""possible_related_component_group""]",2.0,False,extra_trees was selected only from this outer fold's training data; this component was excluded.
2415116,CASZ1,4342da67c1fea113d747242df7008683b36f42c9ba4f2b18e4b04beb29df8b71,moved_toward_benign,0.7990031088959744,moved_toward_pathogenic,False,random_forest,moved_toward_pathogenic,moved_toward_pathogenic,False,moved_toward_pathogenic,review_pending,human_review_not_completed,not_reviewed,"[""vcv_missing"",""possible_related_component_group""]",2.0,False,random_forest was selected only from this outer fold's training data; this component was excluded.
2530789,PEX16,c7698580533a220dffb6a82f47a3594b99b63128559074df525f3d812484e297,moved_toward_benign,0.40734051777160324,moved_toward_benign,True,extra_trees,moved_toward_pathogenic,moved_toward_pathogenic,False,moved_toward_pathogenic,review_pending,human_review_not_completed,not_reviewed,"[""vcv_missing"",""possible_related_component_group""]",2.0,False,extra_trees was selected only from this outer fold's training data; this component was excluded.
2039803,HEPACAM,3cda7d4fe8db6fc8869ea70703e6b0433feb4acf1660b62b507067d9a02a7438,moved_toward_benign,0.7935031484001094,moved_toward_pathogenic,False,random_forest,moved_toward_pathogenic,moved_toward_pathogenic,False,moved_toward_pathogenic,review_pending,human_review_not_completed,not_reviewed,"[""vcv_missing"",""possible_related_component_group""]",2.0,False,random_forest was selected only from this outer fold's training data; this component was excluded.
2049055,P4HB,f9ccd3285d81cdb3f20962456ecadaaaa6063d51ecff1d0018351d3dc8a80aff,moved_toward_benign,0.8106061535816478,moved_toward_pathogenic,False,extra_trees,moved_toward_pathogenic,moved_toward_pathogenic,False,moved_toward_pathogenic,review_pending,human_review_not_completed,not_reviewed,"[""vcv_missing"",""possible_related_component_group""]",1.0,False,extra_trees was selected only from this outer fold's training data; this component was excluded.
1992889,P4HB,f9ccd3285d81cdb3f20962456ecadaaaa6063d51ecff1d0018351d3dc8a80aff,moved_toward_benign,0.7327812544870094,moved_toward_pathogenic,False,extra_trees,moved_toward_pathogenic,moved_toward_pathogenic,False,moved_toward_benign,review_pending,human_review_not_completed,not_reviewed,"[""vcv_missing"",""v8_v7_disagreement"",""possible_related_component_group""]",2.0,False,extra_trees was selected only from this outer fold's training data; this component was excluded.
2140752,ERCC6,76cebef133ef4432e656899ee466e0b05f2f6ee431f6a625b4cfd734cf8aec3c,moved_toward_benign,0.64452500649243,moved_toward_pathogenic,False,random_forest,moved_toward_pathogenic,moved_toward_pathogenic,False,moved_toward_benign,review_pending,human_review_not_completed,not_reviewed,"[""vcv_missing"",""v8_v7_disagreement"",""possible_related_component_group""]",2.0,False,random_forest was selected only from this outer fold's training data; this component was excluded.
1920086,SLC39A14,63bcb25a4860c2d46f5926cd193046194c9ee3f3ed0233fdea012f780cdbea13,moved_toward_benign,0.6195836685340802,moved_toward_pathogenic,False,random_forest,moved_toward_pathogenic,moved_toward_pathogenic,False,moved_toward_benign,review_pending,human_review_not_completed,not_reviewed,"[""vcv_missing"",""v8_v7_disagreement""]",2.0,False,random_forest was selected only from this outer fold's training data; this component was excluded.
1481456,TSEN54,d8c3aef83c97236b0fa840f740bba0c68d710feccacd62bbeead495169440600,moved_toward_benign,0.7895678746625484,moved_toward_pathogenic,False,extra_trees,moved_toward_pathogenic,moved_toward_pathogenic,False,moved_toward_benign,review_pending,human_review_not_completed,not_reviewed,"[""vcv_missing"",""v8_v7_disagreement"",""possible_related_component_group""]",2.0,False,extra_trees was selected only from this outer fold's training data; this component was excluded.
2192947,FGD1,5bc0ad3e7b4bcee69f80c5ba7fcc5bbaebf429f6633049ae02ff13741cf9eb1e,moved_toward_benign,0.5420254043396628,moved_toward_pathogenic,False,extra_trees,moved_toward_pathogenic,moved_toward_pathogenic,False,moved_toward_pathogenic,review_pending,human_review_not_completed,not_reviewed,"[""vcv_missing"",""possible_related_component_group""]",2.0,False,extra_trees was selected only from this outer fold's training data; this component was excluded.
2634181,HLTF,2d37acd53eac396e20a71ecda465fc3d0ba6d3aada3e81eacbcb905607162840,moved_toward_benign,0.7718660928684412,moved_toward_pathogenic,False,extra_trees,moved_toward_pathogenic,moved_toward_pathogenic,False,moved_toward_pathogenic,review_pending,human_review_not_completed,not_reviewed,"[""vcv_missing""]",2.0,False,extra_trees was selected only from this outer fold's training data; this component was excluded.
1996920,ARCN1,9ddd37faa3f947ceeb457a6dca33ac826aa0435530026c492272de9a526d6938,moved_toward_benign,0.6284378807002942,moved_toward_pathogenic,False,extra_trees,moved_toward_pathogenic,moved_toward_pathogenic,False,moved_toward_pathogenic,review_pending,human_review_not_completed,not_reviewed,"[""vcv_missing"",""possible_related_component_group""]",2.0,False,extra_trees was selected only from this outer fold's training data; this component was excluded.
1908216,ITGB4,cda69805551b651bb26cdc5260226e2f24cb2f5adc97788fef835cebe12f1ef5,moved_toward_benign,0.7617363632612154,moved_toward_pathogenic,False,random_forest,moved_toward_pathogenic,moved_toward_pathogenic,False,moved_toward_pathogenic,review_pending,human_review_not_completed,not_reviewed,"[""vcv_missing"",""possible_related_component_group""]",2.0,False,random_forest was selected only from this outer fold's training data; this component was excluded.
2192096,TRPV3,564c60057febbfff08e3191964d808de8a5cd79ba54954ea3c3e74431bd69780,moved_toward_benign,0.6397313094336923,moved_toward_pathogenic,False,extra_trees,moved_toward_pathogenic,moved_toward_pathogenic,False,moved_toward_benign,review_pending,human_review_not_completed,not_reviewed,"[""vcv_missing"",""v8_v7_disagreement"",""possible_related_component_group""]",2.0,False,extra_trees was selected only from this outer fold's training data; this component was excluded.
2260860,KDM1A,46abf2edbbd6901e24783a086b8ca707bab0091370a39ea94686408883bc2888,moved_toward_benign,0.5803510062939572,moved_toward_pathogenic,False,extra_trees,moved_toward_pathogenic,moved_toward_pathogenic,False,moved_toward_pathogenic,review_pending,human_review_not_completed,not_reviewed,"[""vcv_missing""]",2.0,False,extra_trees was selected only from this outer fold's training data; this component was excluded.
2487837,MRPS34,345b67fcf69b784429686174bae01f658e6916cf20d7cbc469cb9ed89bb80165,moved_toward_benign,0.6788473141454686,moved_toward_pathogenic,False,extra_trees,moved_toward_pathogenic,moved_toward_pathogenic,False,moved_toward_pathogenic,review_pending,human_review_not_completed,not_reviewed,"[""vcv_missing""]",2.0,False,extra_trees was selected only from this outer fold's training data; this component was excluded.
1410260,ASXL2,f656d0513b52b92852888dc0743e1014304149a3523c74e4fd9b8ec8b2095208,moved_toward_benign,0.42889712716824685,moved_toward_pathogenic,False,extra_trees,moved_toward_pathogenic,moved_toward_pathogenic,False,moved_toward_pathogenic,review_pending,human_review_not_completed,not_reviewed,"[""vcv_missing"",""possible_related_component_group""]",2.0,False,extra_trees was selected only from this outer fold's training data; this component was excluded.
2153622,PEPD,3d6d2f041c23b33f8e32fd026da6021f5352134b3b35a8f77a31f55c125e32b5,moved_toward_benign,0.659992553617093,moved_toward_pathogenic,False,extra_trees,moved_toward_benign,moved_toward_pathogenic,False,moved_toward_benign,review_pending,human_review_not_completed,not_reviewed,"[""vcv_missing"",""v8_v7_disagreement"",""possible_related_component_group""]",2.0,False,extra_trees was selected only from this outer fold's training data; this component was excluded.
2147112,ZBTB18,5bafa51c7aca4208ccf1751434cc0c953ae7bbac333c46925191a25183a162d7,moved_toward_benign,0.6567795653227654,moved_toward_pathogenic,False,extra_trees,moved_toward_pathogenic,moved_toward_pathogenic,False,moved_toward_pathogenic,review_pending,human_review_not_completed,not_reviewed,"[""vcv_missing""]",2.0,False,extra_trees was selected only from this outer fold's training data; this component was excluded.
2127003,IFITM5,5553c0ef1e0c8439008bacb2a93f26d64f39c9cb721361139b211cbf8d980c31,moved_toward_benign,0.5862824195080285,moved_toward_pathogenic,False,extra_trees,moved_toward_pathogenic,moved_toward_pathogenic,False,moved_toward_benign,review_pending,human_review_not_completed,not_reviewed,"[""vcv_missing"",""v8_v7_disagreement"",""possible_related_component_group""]",2.0,False,extra_trees was selected only from this outer fold's training data; this component was excluded.
2093950,TUBB3,44dac912eafb122038fe118edfa8eb8c8a8b8de3c8f1bd254b6b4e7473cb6406,moved_toward_benign,0.571040292226797,moved_toward_pathogenic,False,extra_trees,moved_toward_pathogenic,moved_toward_pathogenic,False,moved_toward_benign,review_pending,human_review_not_completed,not_reviewed,"[""vcv_missing"",""v8_v7_disagreement"",""possible_related_component_group""]",2.0,False,extra_trees was selected only from this outer fold's training data; this component was excluded.
1404861,ABCA12,e8b4bc344337315924d6ec163f4fdbe04823223ae9cad2742a9f0c05337fa1af,moved_toward_benign,0.5635287113291091,moved_toward_pathogenic,False,extra_trees,moved_toward_pathogenic,moved_toward_pathogenic,False,moved_toward_pathogenic,review_pending,human_review_not_completed,not_reviewed,"[""vcv_missing"",""possible_related_component_group""]",2.0,False,extra_trees was selected only from this outer fold's training data; this component was excluded.
1378882,SOX9,e235894692b885aee30fa91e932042e540bc094e808657ec451b887687046476,moved_toward_benign,0.4801313758468234,moved_toward_pathogenic,False,random_forest,moved_toward_pathogenic,moved_toward_pathogenic,False,moved_toward_benign,review_pending,human_review_not_completed,not_reviewed,"[""vcv_missing"",""v8_v7_disagreement"",""possible_related_component_group""]",2.0,False,random_forest was selected only from this outer fold's training data; this component was excluded.
2068277,HMCN1,26144d54d9619fa86962dd08f8ce978e2b293eaab9b07e008daad88a13969926,moved_toward_benign,0.6679168114396845,moved_toward_pathogenic,False,extra_trees,moved_toward_pathogenic,moved_toward_pathogenic,False,moved_toward_pathogenic,review_pending,human_review_not_completed,not_reviewed,"[""vcv_missing"",""possible_related_component_group""]",2.0,False,extra_trees was selected only from this outer fold's training data; this component was excluded.
2380813,ARFGEF1,c6fe1a63b9b4e4860d98029ba50d5f640135fd57c7afb23a07a27289ba464316,moved_toward_benign,0.6008394911807124,moved_toward_pathogenic,False,extra_trees,moved_toward_pathogenic,moved_toward_pathogenic,False,moved_toward_benign,review_pending,human_review_not_completed,not_reviewed,"[""vcv_missing"",""v8_v7_disagreement"",""possible_related_component_group""]",2.0,False,extra_trees was selected only from this outer fold's training data; this component was excluded.
2029336,MAST1,1b144921be2dc6ca7aa1b05c979ac9cdce4f4c6bfa8b85a497aef0d24e702d90,moved_toward_benign,0.5781262265185947,moved_toward_pathogenic,False,extra_trees,moved_toward_pathogenic,moved_toward_pathogenic,False,moved_toward_benign,review_pending,human_review_not_completed,not_reviewed,"[""vcv_missing"",""v8_v7_disagreement"",""possible_related_component_group""]",2.0,False,extra_trees was selected only from this outer fold's training data; this component was excluded.
2637596,STUB1,b8838be565e62671e8ded05eb588daf01c0db22e553776198e09576c9eb468c2,moved_toward_benign,0.7118960493063018,moved_toward_pathogenic,False,random_forest,moved_toward_pathogenic,moved_toward_pathogenic,False,moved_toward_pathogenic,review_pending,human_review_not_completed,not_reviewed,"[""vcv_missing"",""consequence_missing_or_unrecognized""]",1.0,False,random_forest was selected only from this outer fold's training data; this component was excluded.
1936392,SPTA1,3498e73f4c08a59891b2edd3758dc49e10dc77ebdbf5b209af808f2ec38dc83d,moved_toward_benign,0.30182530418305104,moved_toward_benign,True,extra_trees,moved_toward_pathogenic,moved_toward_pathogenic,False,moved_toward_pathogenic,review_pending,human_review_not_completed,not_reviewed,"[""vcv_missing"",""possible_related_component_group""]",2.0,False,extra_trees was selected only from this outer fold's training data; this component was excluded.
1347398,LEPR,ba08ea4852d6be8470361d76ab2ac873de732882d19f2fe0a20efdb15d535602,moved_toward_benign,0.5167737557057321,moved_toward_pathogenic,False,extra_trees,moved_toward_pathogenic,moved_toward_pathogenic,False,moved_toward_pathogenic,review_pending,human_review_not_completed,not_reviewed,"[""vcv_missing""]",2.0,False,extra_trees was selected only from this outer fold's training data; this component was excluded.
1909126,ASXL2,f656d0513b52b92852888dc0743e1014304149a3523c74e4fd9b8ec8b2095208,moved_toward_benign,0.3177272626504275,moved_toward_benign,True,extra_trees,moved_toward_pathogenic,moved_toward_pathogenic,False,moved_toward_pathogenic,review_pending,human_review_not_completed,not_reviewed,"[""vcv_missing"",""possible_related_component_group""]",2.0,False,extra_trees was selected only from this outer fold's training data; this component was excluded.
2140757,ERCC6,76cebef133ef4432e656899ee466e0b05f2f6ee431f6a625b4cfd734cf8aec3c,moved_toward_benign,0.6707119071400348,moved_toward_pathogenic,False,random_forest,moved_toward_pathogenic,moved_toward_pathogenic,False,moved_toward_pathogenic,review_pending,human_review_not_completed,not_reviewed,"[""vcv_missing"",""possible_related_component_group""]",2.0,False,random_forest was selected only from this outer fold's training data; this component was excluded.
1358214,P4HB,f9ccd3285d81cdb3f20962456ecadaaaa6063d51ecff1d0018351d3dc8a80aff,moved_toward_benign,0.6152179196875127,moved_toward_pathogenic,False,extra_trees,moved_toward_pathogenic,moved_toward_pathogenic,False,moved_toward_pathogenic,review_pending,human_review_not_completed,not_reviewed,"[""vcv_missing"",""possible_related_component_group""]",2.0,False,extra_trees was selected only from this outer fold's training data; this component was excluded.
1360281,STAT4,7da5985efa2855e34744f4a34dc01b46b0d5723b7888b3095d21c46d8f6c2dc7,moved_toward_benign,0.3682003056345992,moved_toward_pathogenic,False,extra_trees,moved_toward_pathogenic,moved_toward_pathogenic,False,moved_toward_benign,review_pending,human_review_not_completed,not_reviewed,"[""vcv_missing"",""v8_v7_disagreement"",""possible_related_component_group""]",2.0,False,extra_trees was selected only from this outer fold's training data; this component was excluded.
1718030,SOX11,7c80947d3dfe281be394b8dcd2236d6ccf301b9b2cce7499cee5a10fbc3c7aed,moved_toward_benign,0.4220856011060416,moved_toward_pathogenic,False,extra_trees,moved_toward_pathogenic,moved_toward_pathogenic,False,moved_toward_benign,review_pending,human_review_not_completed,not_reviewed,"[""vcv_missing"",""v8_v7_disagreement"",""possible_related_component_group""]",2.0,False,extra_trees was selected only from this outer fold's training data; this component was excluded.
1508049,SOX9,e235894692b885aee30fa91e932042e540bc094e808657ec451b887687046476,moved_toward_benign,0.5700096101341456,moved_toward_pathogenic,False,random_forest,moved_toward_pathogenic,moved_toward_pathogenic,False,moved_toward_benign,review_pending,human_review_not_completed,not_reviewed,"[""vcv_missing"",""v8_v7_disagreement"",""possible_related_component_group""]",2.0,False,random_forest was selected only from this outer fold's training data; this component was excluded.
1523590,NFE2L2,cc7e8ae0450f732930a36b5bdd731598bfc44da3d2fb1565d1f55382a2b1ba3b,moved_toward_benign,0.5385772604994438,moved_toward_pathogenic,False,extra_trees,moved_toward_pathogenic,moved_toward_pathogenic,False,moved_toward_benign,review_pending,human_review_not_completed,not_reviewed,"[""vcv_missing"",""v8_v7_disagreement"",""possible_related_component_group""]",2.0,False,extra_trees was selected only from this outer fold's training data; this component was excluded.
1410725,KCND3,c8339ed2b283623129d85c18ba81375c54f227b3ec063ebe193c0e456e12840b,moved_toward_benign,0.5721593899382679,moved_toward_pathogenic,False,extra_trees,moved_toward_pathogenic,moved_toward_pathogenic,False,moved_toward_pathogenic,review_pending,human_review_not_completed,not_reviewed,"[""vcv_missing"",""possible_related_component_group""]",2.0,False,extra_trees was selected only from this outer fold's training data; this component was excluded.
1444757,ASXL2,f656d0513b52b92852888dc0743e1014304149a3523c74e4fd9b8ec8b2095208,moved_toward_benign,0.4569488880480248,moved_toward_pathogenic,False,extra_trees,moved_toward_pathogenic,moved_toward_pathogenic,False,moved_toward_pathogenic,review_pending,human_review_not_completed,not_reviewed,"[""vcv_missing"",""consequence_missing_or_unrecognized"",""possible_related_component_group""]",1.0,False,extra_trees was selected only from this outer fold's training data; this component was excluded.
2308472,SPEN,66c84b1c91282a64f79435dc03cffc897797e64cafa1962e64be0c311b5d6fa3,moved_toward_benign,0.29837837484736157,moved_toward_benign,True,extra_trees,moved_toward_pathogenic,moved_toward_pathogenic,False,moved_toward_benign,review_pending,human_review_not_completed,not_reviewed,"[""vcv_missing"",""v8_v7_disagreement""]",2.0,False,extra_trees was selected only from this outer fold's training data; this component was excluded.
2210992,MTFMT,d05493e2a9e1f39c6f3e2c53e919f04091f2c160f5699d7949869f3b501d4474,moved_toward_benign,0.5224729361575298,moved_toward_pathogenic,False,extra_trees,moved_toward_pathogenic,moved_toward_pathogenic,False,moved_toward_pathogenic,review_pending,human_review_not_completed,not_reviewed,"[""vcv_missing"",""possible_related_component_group""]",2.0,False,extra_trees was selected only from this outer fold's training data; this component was excluded.
2099761,MAST1,1b144921be2dc6ca7aa1b05c979ac9cdce4f4c6bfa8b85a497aef0d24e702d90,moved_toward_benign,0.5046536105847357,moved_toward_pathogenic,False,extra_trees,moved_toward_pathogenic,moved_toward_pathogenic,False,moved_toward_benign,review_pending,human_review_not_completed,not_reviewed,"[""vcv_missing"",""v8_v7_disagreement"",""possible_related_component_group""]",2.0,False,extra_trees was selected only from this outer fold's training data; this component was excluded.
1358885,MYO15A,13c51c40afc54476d48070cab382e50bc330576cd548549d569649784edfcb76,moved_toward_benign,0.4803095090563481,moved_toward_pathogenic,False,extra_trees,moved_toward_pathogenic,moved_toward_pathogenic,False,moved_toward_pathogenic,review_pending,human_review_not_completed,not_reviewed,"[""vcv_missing"",""possible_related_component_group""]",2.0,False,extra_trees was selected only from this outer fold's training data; this component was excluded.
2655642,KCNN2,1961a8d53c1c569fd05479af605c77f12b20721adef0bb363f8246b9412d1cb1,moved_toward_benign,0.5611329075661122,moved_toward_pathogenic,False,extra_trees,moved_toward_pathogenic,moved_toward_pathogenic,False,moved_toward_pathogenic,review_pending,human_review_not_completed,not_reviewed,"[""vcv_missing""]",2.0,False,extra_trees was selected only from this outer fold's training data; this component was excluded.
1423291,CYP4F22,5c530fb55057bfcabc3fece0f9d3e682bcf46c579053252e38a70ee0e349663f,moved_toward_benign,0.6882165227668756,moved_toward_pathogenic,False,extra_trees,moved_toward_pathogenic,moved_toward_pathogenic,False,moved_toward_pathogenic,review_pending,human_review_not_completed,not_reviewed,"[""vcv_missing"",""possible_related_component_group""]",2.0,False,extra_trees was selected only from this outer fold's training data; this component was excluded.
1446180,ETFB,d96d56e33aba84bfac6ece3f1cd31d056a98e3e53cae8d91eaae368bb5d7c176,moved_toward_benign,0.7981316886510211,moved_toward_pathogenic,False,extra_trees,moved_toward_pathogenic,moved_toward_pathogenic,False,moved_toward_pathogenic,review_pending,human_review_not_completed,not_reviewed,"[""vcv_missing""]",2.0,False,extra_trees was selected only from this outer fold's training data; this component was excluded.
1797356,PHF8,5890a5e08ab5075033fbaeb6179c1394cdbfad6a3c8a9807b9c06d1e89e3eb33,moved_toward_benign,0.4467028884156252,moved_toward_benign,True,extra_trees,moved_toward_benign,moved_toward_pathogenic,False,moved_toward_pathogenic,review_pending,human_review_not_completed,not_reviewed,"[""vcv_missing""]",2.0,False,extra_trees was selected only from this outer fold's training data; this component was excluded.
1481022,RAD21,286dea696da6790b0d0fa742581651805e5a70052140ccd236c2e3474b5d3829,moved_toward_benign,0.4782890236233009,moved_toward_benign,True,extra_trees,moved_toward_pathogenic,moved_toward_pathogenic,False,moved_toward_benign,review_pending,human_review_not_completed,not_reviewed,"[""vcv_missing"",""v8_v7_disagreement"",""possible_related_component_group""]",2.0,False,extra_trees was selected only from this outer fold's training data; this component was excluded.
1504767,NFE2L2,cc7e8ae0450f732930a36b5bdd731598bfc44da3d2fb1565d1f55382a2b1ba3b,moved_toward_benign,0.4782890236233009,moved_toward_benign,True,extra_trees,moved_toward_pathogenic,moved_toward_pathogenic,False,moved_toward_benign,review_pending,human_review_not_completed,not_reviewed,"[""vcv_missing"",""v8_v7_disagreement"",""possible_related_component_group""]",2.0,False,extra_trees was selected only from this outer fold's training data; this component was excluded.
1412696,CASZ1,4342da67c1fea113d747242df7008683b36f42c9ba4f2b18e4b04beb29df8b71,moved_toward_benign,0.45134534178690233,moved_toward_pathogenic,False,random_forest,moved_toward_pathogenic,moved_toward_pathogenic,False,moved_toward_benign,review_pending,human_review_not_completed,not_reviewed,"[""vcv_missing"",""v8_v7_disagreement"",""possible_related_component_group""]",2.0,False,random_forest was selected only from this outer fold's training data; this component was excluded.
2152101,KRT17,59e4b7172ee4c63af71c7ba3ffc3519b45e543e8bcc872cce078591276566ece,moved_toward_benign,0.5222625442549607,moved_toward_pathogenic,False,extra_trees,moved_toward_pathogenic,moved_toward_pathogenic,False,moved_toward_benign,review_pending,human_review_not_completed,not_reviewed,"[""vcv_missing"",""v8_v7_disagreement""]",2.0,False,extra_trees was selected only from this outer fold's training data; this component was excluded.
1768273,TBR1,8eaf8ad3857a6995fa29e357f7a8c16321068b89e8239f361f660ac6a43c37aa,moved_toward_benign,0.17180981015052943,moved_toward_benign,True,extra_trees,moved_toward_pathogenic,moved_toward_pathogenic,False,moved_toward_pathogenic,review_pending,human_review_not_completed,not_reviewed,"[""vcv_missing"",""possible_related_component_group""]",2.0,False,extra_trees was selected only from this outer fold's training data; this component was excluded.
1746288,GPIHBP1,fd5a4caec7e8e2a1cbf5f357ade1d996fba3d376dd2e5ca16a9e63c78aa59306,moved_toward_benign,0.4945015436867026,moved_toward_pathogenic,False,extra_trees,moved_toward_benign,moved_toward_pathogenic,False,moved_toward_pathogenic,review_pending,human_review_not_completed,not_reviewed,"[""vcv_missing"",""possible_related_component_group""]",2.0,False,extra_trees was selected only from this outer fold's training data; this component was excluded.
1401295,ASXL2,f656d0513b52b92852888dc0743e1014304149a3523c74e4fd9b8ec8b2095208,moved_toward_benign,0.1974866840023846,moved_toward_benign,True,extra_trees,moved_toward_pathogenic,moved_toward_pathogenic,False,moved_toward_benign,review_pending,human_review_not_completed,not_reviewed,"[""vcv_missing"",""v8_v7_disagreement"",""possible_related_component_group""]",2.0,False,extra_trees was selected only from this outer fold's training data; this component was excluded.
2408951,PCDH12,90e2a81359ebdea96c880452eb39142d264eb6d5d9faa3c588f8d49e035afdbd,moved_toward_benign,0.5266892954230507,moved_toward_pathogenic,False,extra_trees,moved_toward_benign,moved_toward_pathogenic,False,moved_toward_pathogenic,review_pending,human_review_not_completed,not_reviewed,"[""vcv_missing"",""possible_related_component_group""]",2.0,False,extra_trees was selected only from this outer fold's training data; this component was excluded.
1412108,KRT5,5fcbf31e4d20889b16355fc046eb8ff52cb5c475184eff1a314e5c83bb3aeaa1,moved_toward_benign,0.32039529365253017,moved_toward_benign,True,extra_trees,moved_toward_benign,moved_toward_benign,True,moved_toward_pathogenic,review_pending,human_review_not_completed,not_reviewed,"[""vcv_missing"",""v8_v7_disagreement""]",2.0,False,extra_trees was selected only from this outer fold's training data; this component was excluded.
2155139,THAP11,ee0cf2295eb0c91da6187d8836a13bc8b8d04c9aeb7d6456b61cf79a0fc02dcc,moved_toward_benign,0.477371504837036,moved_toward_pathogenic,False,extra_trees,moved_toward_pathogenic,moved_toward_benign,True,moved_toward_pathogenic,review_pending,human_review_not_completed,not_reviewed,"[""vcv_missing"",""v8_v7_disagreement"",""possible_related_component_group""]",1.0,False,extra_trees was selected only from this outer fold's training data; this component was excluded.
2497591,SPINK1,93fc3fc8a38460983201800a6022e896e9469f5ad4a17f01be2432a578b26363,moved_toward_benign,0.3915110041341562,moved_toward_benign,True,extra_trees,moved_toward_benign,moved_toward_benign,True,moved_toward_pathogenic,review_pending,human_review_not_completed,not_reviewed,"[""vcv_missing"",""v8_v7_disagreement""]",2.0,False,extra_trees was selected only from this outer fold's training data; this component was excluded.
2654128,PLXND1,18c55c2dc5cc73bcf3c9f3c95b922aba4a1fab116abece2bc3e3e67cdddba004,moved_toward_benign,0.12942758151308728,moved_toward_benign,True,extra_trees,moved_toward_benign,moved_toward_benign,True,moved_toward_pathogenic,review_pending,human_review_not_completed,not_reviewed,"[""vcv_missing"",""v8_v7_disagreement""]",2.0,False,extra_trees was selected only from this outer fold's training data; this component was excluded.
2079746,DEAF1,64e70227660fea274a85870ad8106a80618886197bc210e85fed73a292f59afb,moved_toward_benign,0.37158076157373543,moved_toward_benign,True,extra_trees,moved_toward_benign,moved_toward_benign,True,moved_toward_pathogenic,review_pending,human_review_not_completed,not_reviewed,"[""vcv_missing"",""v8_v7_disagreement"",""possible_related_component_group""]",2.0,False,extra_trees was selected only from this outer fold's training data; this component was excluded.
2192302,DNMT3A,62244a8bb202bd2d3e08775462d4a93d80841903176965c82a6ac08a8b418547,moved_toward_benign,0.12491919229974505,moved_toward_benign,True,extra_trees,moved_toward_benign,moved_toward_benign,True,moved_toward_pathogenic,review_pending,human_review_not_completed,not_reviewed,"[""vcv_missing"",""v8_v7_disagreement""]",2.0,False,extra_trees was selected only from this outer fold's training data; this component was excluded.
1419503,FGFR1,894257b15c046dc65499fc6c12cb666b5ed477335732d63828ab510c03ae36a7,moved_toward_benign,0.3100594270550744,moved_toward_benign,True,random_forest,moved_toward_benign,moved_toward_benign,True,moved_toward_pathogenic,review_pending,human_review_not_completed,not_reviewed,"[""vcv_missing"",""v8_v7_disagreement"",""possible_related_component_group""]",2.0,False,random_forest was selected only from this outer fold's training data; this component was excluded.
2049871,TECTA,48bfbc47fa45f1a85421d80afbac405013c064a2a68c5005720e06759e830aad,moved_toward_benign,0.13720422787134345,moved_toward_benign,True,extra_trees,moved_toward_benign,moved_toward_benign,True,moved_toward_pathogenic,review_pending,human_review_not_completed,not_reviewed,"[""vcv_missing"",""v8_v7_disagreement"",""possible_related_component_group""]",2.0,False,extra_trees was selected only from this outer fold's training data; this component was excluded.
2433047,KCNT2,c6f75aac1704606c21cf1656cc54e8a63c9860999eae8154d97f79732eae78e4,moved_toward_benign,0.315749704936411,moved_toward_benign,True,random_forest,moved_toward_benign,moved_toward_benign,True,moved_toward_pathogenic,review_pending,human_review_not_completed,not_reviewed,"[""vcv_missing"",""v8_v7_disagreement""]",2.0,False,random_forest was selected only from this outer fold's training data; this component was excluded.
1343755,PTCHD1,39904c0e5adc7f2013fdc4e3bd86a4d2d3862a30fe0bf686f51b29255157c120,moved_toward_benign,0.3885519180358758,moved_toward_benign,True,extra_trees,moved_toward_benign,moved_toward_benign,True,moved_toward_pathogenic,review_pending,human_review_not_completed,not_reviewed,"[""vcv_missing"",""v8_v7_disagreement""]",2.0,False,extra_trees was selected only from this outer fold's training data; this component was excluded.
1350915,B3GLCT,6dc5e80200983e8e31b36adda7802d096d9933c72fc08bebe7c5aa89a4126df1,moved_toward_benign,0.5266973837585506,moved_toward_pathogenic,False,random_forest,moved_toward_benign,moved_toward_benign,True,moved_toward_pathogenic,review_pending,human_review_not_completed,not_reviewed,"[""vcv_missing"",""v8_v7_disagreement"",""possible_related_component_group""]",2.0,False,random_forest was selected only from this outer fold's training data; this component was excluded.
1722787,GRIA1,64825309461f70f0fec739d56edb3e96fa15eaf951f155a37fb6a62210508d1a,moved_toward_benign,0.3770193745892146,moved_toward_benign,True,extra_trees,moved_toward_benign,moved_toward_benign,True,moved_toward_pathogenic,review_pending,human_review_not_completed,not_reviewed,"[""vcv_missing"",""v8_v7_disagreement"",""possible_related_component_group""]",2.0,False,extra_trees was selected only from this outer fold's training data; this component was excluded.
1401251,IFITM5,5553c0ef1e0c8439008bacb2a93f26d64f39c9cb721361139b211cbf8d980c31,moved_toward_benign,0.1521462928056656,moved_toward_benign,True,extra_trees,moved_toward_benign,moved_toward_benign,True,moved_toward_pathogenic,review_pending,human_review_not_completed,not_reviewed,"[""vcv_missing"",""v8_v7_disagreement"",""possible_related_component_group""]",2.0,False,extra_trees was selected only from this outer fold's training data; this component was excluded.
2660398,RBM10,6a14e1e88a189480357ecdb3e3d3321a4c67b4fc702ee2a52dd6672b75180692,moved_toward_benign,0.2758069808473564,moved_toward_benign,True,extra_trees,moved_toward_benign,moved_toward_benign,True,moved_toward_pathogenic,review_pending,human_review_not_completed,not_reviewed,"[""vcv_missing"",""v8_v7_disagreement"",""possible_related_component_group""]",2.0,False,extra_trees was selected only from this outer fold's training data; this component was excluded.
1718471,BCAP31,f80a9dcba7de0ea46080249ffc62723b6b93371ad430a1cf92e8ad87624e4c60,moved_toward_pathogenic,0.8367221993759099,moved_toward_pathogenic,True,extra_trees,moved_toward_pathogenic,moved_toward_pathogenic,True,moved_toward_benign,review_pending,human_review_not_completed,not_reviewed,"[""vcv_missing"",""v8_v7_disagreement"",""possible_related_component_group""]",2.0,False,extra_trees was selected only from this outer fold's training data; this component was excluded.
1701184,C1R,04d11a704d5e4191f3f60354c2c0714742ce799cce7367a17742a69a117c78cf,moved_toward_benign,0.42586676588743794,moved_toward_benign,True,extra_trees,moved_toward_benign,moved_toward_benign,True,moved_toward_pathogenic,review_pending,human_review_not_completed,not_reviewed,"[""vcv_missing"",""v8_v7_disagreement""]",2.0,False,extra_trees was selected only from this outer fold's training data; this component was excluded.
2083393,TUBB3,44dac912eafb122038fe118edfa8eb8c8a8b8de3c8f1bd254b6b4e7473cb6406,moved_toward_benign,0.45422331590754034,moved_toward_benign,True,extra_trees,moved_toward_benign,moved_toward_benign,True,moved_toward_pathogenic,review_pending,human_review_not_completed,not_reviewed,"[""vcv_missing"",""v8_v7_disagreement"",""possible_related_component_group""]",2.0,False,extra_trees was selected only from this outer fold's training data; this component was excluded.
2550055,BRPF1,4223322abe02652c4837bbb1dd04810d9c1f583064e0e20c98c5b9ee901632fe,moved_toward_benign,0.6029399658230137,moved_toward_pathogenic,False,extra_trees,moved_toward_pathogenic,moved_toward_benign,True,moved_toward_pathogenic,review_pending,human_review_not_completed,not_reviewed,"[""vcv_missing"",""v8_v7_disagreement""]",2.0,False,extra_trees was selected only from this outer fold's training data; this component was excluded.
2629016,SLC10A1,e73aa2d344fb41b2e6ef0a1f1771c405658e0de2ec81ec4020552a931c8b15af,moved_toward_benign,0.4219422712537505,moved_toward_benign,True,extra_trees,moved_toward_pathogenic,moved_toward_benign,True,moved_toward_pathogenic,review_pending,human_review_not_completed,not_reviewed,"[""vcv_missing"",""v8_v7_disagreement""]",2.0,False,extra_trees was selected only from this outer fold's training data; this component was excluded.
2142531,ASXL2,f656d0513b52b92852888dc0743e1014304149a3523c74e4fd9b8ec8b2095208,moved_toward_benign,0.2826254372340466,moved_toward_benign,True,extra_trees,moved_toward_pathogenic,moved_toward_benign,True,moved_toward_pathogenic,review_pending,human_review_not_completed,not_reviewed,"[""vcv_missing"",""v8_v7_disagreement"",""possible_related_component_group""]",2.0,False,extra_trees was selected only from this outer fold's training data; this component was excluded.
1444125,ASXL2,f656d0513b52b92852888dc0743e1014304149a3523c74e4fd9b8ec8b2095208,moved_toward_benign,0.3825005445092837,moved_toward_pathogenic,False,extra_trees,moved_toward_pathogenic,moved_toward_benign,True,moved_toward_pathogenic,review_pending,human_review_not_completed,not_reviewed,"[""vcv_missing"",""v8_v7_disagreement"",""possible_related_component_group""]",2.0,False,extra_trees was selected only from this outer fold's training data; this component was excluded.
2646459,SETD1A,4e6d13c1b6e4e5ec4fc96c65c810f13cc92fe8beeecb01ffc30998dc7149e2cd,moved_toward_benign,0.4093971775681129,moved_toward_benign,True,extra_trees,moved_toward_benign,moved_toward_benign,True,moved_toward_pathogenic,review_pending,human_review_not_completed,not_reviewed,"[""vcv_missing"",""v8_v7_disagreement""]",2.0,False,extra_trees was selected only from this outer fold's training data; this component was excluded.
1805410,CHD1,eba28fd17e1a7dfc55c2cdd53d9b1d887c119c5b99ddbf1f726c4092e3ba1050,moved_toward_benign,0.39437582839215807,moved_toward_benign,True,extra_trees,moved_toward_benign,moved_toward_benign,True,moved_toward_pathogenic,review_pending,human_review_not_completed,not_reviewed,"[""vcv_missing"",""v8_v7_disagreement""]",2.0,False,extra_trees was selected only from this outer fold's training data; this component was excluded.
2178862,ITGB4,cda69805551b651bb26cdc5260226e2f24cb2f5adc97788fef835cebe12f1ef5,moved_toward_benign,0.5796895762728312,moved_toward_pathogenic,False,random_forest,moved_toward_benign,moved_toward_benign,True,moved_toward_pathogenic,review_pending,human_review_not_completed,not_reviewed,"[""vcv_missing"",""v8_v7_disagreement"",""possible_related_component_group""]",2.0,False,random_forest was selected only from this outer fold's training data; this component was excluded.
2185314,TSEN54,d8c3aef83c97236b0fa840f740bba0c68d710feccacd62bbeead495169440600,moved_toward_benign,0.38906464889559395,moved_toward_benign,True,extra_trees,moved_toward_benign,moved_toward_benign,True,moved_toward_pathogenic,review_pending,human_review_not_completed,not_reviewed,"[""vcv_missing"",""v8_v7_disagreement"",""possible_related_component_group""]",2.0,False,extra_trees was selected only from this outer fold's training data; this component was excluded.
1778128,MLH3,4fd8596bf3788a90388746656b1375c40ede95be0b7601cc0fbf891286c55125,moved_toward_benign,0.5199781970590807,moved_toward_pathogenic,False,extra_trees,moved_toward_benign,moved_toward_benign,True,moved_toward_pathogenic,review_pending,human_review_not_completed,not_reviewed,"[""vcv_missing"",""v8_v7_disagreement"",""possible_related_component_group""]",2.0,False,extra_trees was selected only from this outer fold's training data; this component was excluded.
2046453,DVL3,8478873613cf6e0fc2e759e161bc7f44ce70e68d23df0caaa589ddb97d33d7f5,moved_toward_benign,0.4881725978607465,moved_toward_pathogenic,False,extra_trees,moved_toward_benign,moved_toward_benign,True,moved_toward_pathogenic,review_pending,human_review_not_completed,not_reviewed,"[""vcv_missing"",""v8_v7_disagreement"",""possible_related_component_group""]",2.0,False,extra_trees was selected only from this outer fold's training data; this component was excluded.
2432315,GSR,acd15b35e7eb57322346ffb3a5be9271f93e442dd37a411ad636657219af1cd0,moved_toward_benign,0.5368489331380479,moved_toward_pathogenic,False,extra_trees,moved_toward_pathogenic,moved_toward_benign,True,moved_toward_pathogenic,review_pending,human_review_not_completed,not_reviewed,"[""vcv_missing"",""v8_v7_disagreement""]",2.0,False,extra_trees was selected only from this outer fold's training data; this component was excluded.
1381949,ARCN1,9ddd37faa3f947ceeb457a6dca33ac826aa0435530026c492272de9a526d6938,moved_toward_benign,0.5229377895222218,moved_toward_pathogenic,False,extra_trees,moved_toward_pathogenic,moved_toward_benign,True,moved_toward_pathogenic,review_pending,human_review_not_completed,not_reviewed,"[""vcv_missing"",""v8_v7_disagreement"",""possible_related_component_group""]",2.0,False,extra_trees was selected only from this outer fold's training data; this component was excluded.
1983912,FGD1,5bc0ad3e7b4bcee69f80c5ba7fcc5bbaebf429f6633049ae02ff13741cf9eb1e,moved_toward_benign,0.29786305378800915,moved_toward_benign,True,extra_trees,moved_toward_benign,moved_toward_benign,True,moved_toward_pathogenic,review_pending,human_review_not_completed,not_reviewed,"[""vcv_missing"",""v8_v7_disagreement"",""possible_related_component_group""]",2.0,False,extra_trees was selected only from this outer fold's training data; this component was excluded.
2291740,BCAS3,580edc715857d2ec18c55069b9dca47861e9975df0b676144c66c8c7864c5d49,moved_toward_benign,0.5529764547070998,moved_toward_pathogenic,False,extra_trees,moved_toward_pathogenic,moved_toward_benign,True,moved_toward_pathogenic,review_pending,human_review_not_completed,not_reviewed,"[""vcv_missing"",""v8_v7_disagreement""]",2.0,False,extra_trees was selected only from this outer fold's training data; this component was excluded.
2656299,H1-4,da74c985ba031ccefba1066c4efd8c6d2209647cac7d94c7cb58a59c0d1791f8,moved_toward_benign,0.5260821029967713,moved_toward_pathogenic,False,random_forest,moved_toward_pathogenic,moved_toward_benign,True,moved_toward_pathogenic,review_pending,human_review_not_completed,not_reviewed,"[""vcv_missing"",""v8_v7_disagreement""]",2.0,False,random_forest was selected only from this outer fold's training data; this component was excluded.
1414256,HMCN1,26144d54d9619fa86962dd08f8ce978e2b293eaab9b07e008daad88a13969926,moved_toward_benign,0.4151088470441671,moved_toward_benign,True,extra_trees,moved_toward_benign,moved_toward_benign,True,moved_toward_pathogenic,review_pending,human_review_not_completed,not_reviewed,"[""vcv_missing"",""v8_v7_disagreement"",""possible_related_component_group""]",2.0,False,extra_trees was selected only from this outer fold's training data; this component was excluded.
2158026,TRPV3,564c60057febbfff08e3191964d808de8a5cd79ba54954ea3c3e74431bd69780,moved_toward_benign,0.4319092906927924,moved_toward_benign,True,extra_trees,moved_toward_benign,moved_toward_benign,True,moved_toward_pathogenic,review_pending,human_review_not_completed,not_reviewed,"[""vcv_missing"",""v8_v7_disagreement"",""possible_related_component_group""]",2.0,False,extra_trees was selected only from this outer fold's training data; this component was excluded.
1480969,ASXL2,f656d0513b52b92852888dc0743e1014304149a3523c74e4fd9b8ec8b2095208,moved_toward_benign,0.29925904844329276,moved_toward_benign,True,extra_trees,moved_toward_pathogenic,moved_toward_benign,True,moved_toward_pathogenic,review_pending,human_review_not_completed,not_reviewed,"[""vcv_missing"",""v8_v7_disagreement"",""possible_related_component_group""]",2.0,False,extra_trees was selected only from this outer fold's training data; this component was excluded.
1928681,NFE2L2,cc7e8ae0450f732930a36b5bdd731598bfc44da3d2fb1565d1f55382a2b1ba3b,moved_toward_benign,0.7257063427883503,moved_toward_pathogenic,False,extra_trees,moved_toward_pathogenic,moved_toward_benign,True,moved_toward_pathogenic,review_pending,human_review_not_completed,not_reviewed,"[""vcv_missing"",""v8_v7_disagreement"",""possible_related_component_group""]",1.0,False,extra_trees was selected only from this outer fold's training data; this component was excluded.
1354065,ASXL2,f656d0513b52b92852888dc0743e1014304149a3523c74e4fd9b8ec8b2095208,moved_toward_benign,0.25621482936093853,moved_toward_benign,True,extra_trees,moved_toward_pathogenic,moved_toward_benign,True,moved_toward_pathogenic,review_pending,human_review_not_completed,not_reviewed,"[""vcv_missing"",""v8_v7_disagreement"",""possible_related_component_group""]",2.0,False,extra_trees was selected only from this outer fold's training data; this component was excluded.
1486840,RAB11A,67f3ad07133767ecb4c79b47ff71d612e6880923a9e096312aab898ff9eca152,moved_toward_benign,0.4401351759890177,moved_toward_benign,True,extra_trees,moved_toward_pathogenic,moved_toward_benign,True,moved_toward_pathogenic,review_pending,human_review_not_completed,not_reviewed,"[""vcv_missing"",""v8_v7_disagreement"",""possible_related_component_group""]",2.0,False,extra_trees was selected only from this outer fold's training data; this component was excluded.
1504575,UBR1,b99a939a9a98b03e70bd4686406201f9132e891006465f98160ca4bce7e44284,moved_toward_benign,0.4392045047320363,moved_toward_benign,True,extra_trees,moved_toward_benign,moved_toward_benign,True,moved_toward_pathogenic,review_pending,human_review_not_completed,not_reviewed,"[""vcv_missing"",""v8_v7_disagreement"",""possible_related_component_group""]",2.0,False,extra_trees was selected only from this outer fold's training data; this component was excluded.
1361293,SOX9,e235894692b885aee30fa91e932042e540bc094e808657ec451b887687046476,moved_toward_benign,0.46654965763902084,moved_toward_pathogenic,False,random_forest,moved_toward_benign,moved_toward_benign,True,moved_toward_pathogenic,review_pending,human_review_not_completed,not_reviewed,"[""vcv_missing"",""v8_v7_disagreement"",""possible_related_component_group""]",2.0,False,random_forest was selected only from this outer fold's training data; this component was excluded.
2230521,TBC1D20,77f87b9a09792e86beb46b1a625ad2970f15f4119d95f9a06bda2fde5d9df789,moved_toward_benign,0.5519364127320934,moved_toward_pathogenic,False,extra_trees,moved_toward_pathogenic,moved_toward_benign,True,moved_toward_pathogenic,review_pending,human_review_not_completed,not_reviewed,"[""vcv_missing"",""v8_v7_disagreement""]",2.0,False,extra_trees was selected only from this outer fold's training data; this component was excluded.
2534486,POU3F3,d997f8929fffb5782ad7a8d3b32101039c213c2a7f822d5db48258623af91c4e,moved_toward_benign,0.2885410318807738,moved_toward_benign,True,extra_trees,moved_toward_benign,moved_toward_benign,True,moved_toward_pathogenic,review_pending,human_review_not_completed,not_reviewed,"[""vcv_missing"",""v8_v7_disagreement"",""possible_related_component_group""]",2.0,False,extra_trees was selected only from this outer fold's training data; this component was excluded.
2489661,SIX5,db01a065c36fb6233ec2216ad3c657b9eb87f94043262f67f056f561004ad2b4,moved_toward_benign,0.18493868537762922,moved_toward_benign,True,extra_trees,moved_toward_pathogenic,moved_toward_benign,True,moved_toward_pathogenic,review_pending,human_review_not_completed,not_reviewed,"[""vcv_missing"",""v8_v7_disagreement"",""possible_related_component_group""]",2.0,False,extra_trees was selected only from this outer fold's training data; this component was excluded.
2635736,NRP2,e4a73f2c93486b261b36db5566c7227525d68e425a54849493f099726cfff3b3,moved_toward_benign,0.5575037325494485,moved_toward_pathogenic,False,extra_trees,moved_toward_pathogenic,moved_toward_benign,True,moved_toward_pathogenic,review_pending,human_review_not_completed,not_reviewed,"[""vcv_missing"",""v8_v7_disagreement""]",2.0,False,extra_trees was selected only from this outer fold's training data; this component was excluded.
2358538,WDR4,4985b1df2dee43e9952c9695246e9076fdc4adb9c2294c1861cc454d7eefa111,moved_toward_benign,0.5559814336965817,moved_toward_pathogenic,False,extra_trees,moved_toward_pathogenic,moved_toward_benign,True,moved_toward_pathogenic,review_pending,human_review_not_completed,not_reviewed,"[""vcv_missing"",""v8_v7_disagreement""]",2.0,False,extra_trees was selected only from this outer fold's training data; this component was excluded.
2374287,PSMD12,515d771198960bd6ef57819c827c1ff8ca222e964bfa8183d98db1a82af643c1,moved_toward_benign,0.5707674290100125,moved_toward_pathogenic,False,extra_trees,moved_toward_pathogenic,moved_toward_benign,True,moved_toward_pathogenic,review_pending,human_review_not_completed,not_reviewed,"[""vcv_missing"",""v8_v7_disagreement""]",2.0,False,extra_trees was selected only from this outer fold's training data; this component was excluded.
1789882,MLH3,4fd8596bf3788a90388746656b1375c40ede95be0b7601cc0fbf891286c55125,moved_toward_benign,0.48191916189189565,moved_toward_pathogenic,False,extra_trees,moved_toward_benign,moved_toward_benign,True,moved_toward_pathogenic,review_pending,human_review_not_completed,not_reviewed,"[""vcv_missing"",""v8_v7_disagreement"",""possible_related_component_group""]",2.0,False,extra_trees was selected only from this outer fold's training data; this component was excluded.
2634496,PLXNA3,022eeb7dd92f4419e2c5d21197d753ec82a0c4ace209e819babb4e501326c756,moved_toward_benign,0.43105286571759643,moved_toward_benign,True,extra_trees,moved_toward_benign,moved_toward_benign,True,moved_toward_pathogenic,review_pending,human_review_not_completed,not_reviewed,"[""vcv_missing"",""v8_v7_disagreement"",""possible_related_component_group""]",2.0,False,extra_trees was selected only from this outer fold's training data; this component was excluded.
2144392,FGFR3,462987dc4842c9fdba27dd2d1930c6eb60cebaac9d3e22a55d096248c8a07da8,moved_toward_benign,0.5033698818511838,moved_toward_pathogenic,False,extra_trees,moved_toward_pathogenic,moved_toward_benign,True,moved_toward_pathogenic,review_pending,human_review_not_completed,not_reviewed,"[""vcv_missing"",""v8_v7_disagreement"",""possible_related_component_group""]",2.0,False,extra_trees was selected only from this outer fold's training data; this component was excluded.
2165251,TECTA,48bfbc47fa45f1a85421d80afbac405013c064a2a68c5005720e06759e830aad,moved_toward_benign,0.2033795789679887,moved_toward_benign,True,extra_trees,moved_toward_pathogenic,moved_toward_benign,True,moved_toward_pathogenic,review_pending,human_review_not_completed,not_reviewed,"[""vcv_missing"",""v8_v7_disagreement"",""possible_related_component_group""]",2.0,False,extra_trees was selected only from this outer fold's training data; this component was excluded.
2628758,ADCY3,41dce4a9b56a42ee6b68c4ec44af6fd5d4880be7323b971133a4ee059d41abc4,moved_toward_benign,0.4915701061403653,moved_toward_pathogenic,False,extra_trees,moved_toward_benign,moved_toward_benign,True,moved_toward_pathogenic,review_pending,human_review_not_completed,not_reviewed,"[""vcv_missing"",""v8_v7_disagreement""]",2.0,False,extra_trees was selected only from this outer fold's training data; this component was excluded.
2398873,DHX30,1d723c54dd96f4de0012fab4b3255e7e0bf4d6692f9a94751f7b244d4df3c89d,moved_toward_benign,0.4131289754699416,moved_toward_benign,True,random_forest,moved_toward_benign,moved_toward_benign,True,moved_toward_pathogenic,review_pending,human_review_not_completed,not_reviewed,"[""vcv_missing"",""v8_v7_disagreement"",""possible_related_component_group""]",2.0,False,random_forest was selected only from this outer fold's training data; this component was excluded.
2660560,SHROOM4,e418372b3d3e1e7ee4852ab4c88edd534cd9bbcc235e705e44c8dd1040bd2e6e,moved_toward_benign,0.47103051859141076,moved_toward_pathogenic,False,extra_trees,moved_toward_benign,moved_toward_benign,True,moved_toward_pathogenic,review_pending,human_review_not_completed,not_reviewed,"[""vcv_missing"",""v8_v7_disagreement""]",2.0,False,extra_trees was selected only from this outer fold's training data; this component was excluded.
1983897,NFE2L2,cc7e8ae0450f732930a36b5bdd731598bfc44da3d2fb1565d1f55382a2b1ba3b,moved_toward_benign,0.503479627910953,moved_toward_pathogenic,False,extra_trees,moved_toward_pathogenic,moved_toward_benign,True,moved_toward_pathogenic,review_pending,human_review_not_completed,not_reviewed,"[""vcv_missing"",""v8_v7_disagreement"",""possible_related_component_group""]",2.0,False,extra_trees was selected only from this outer fold's training data; this component was excluded.
1694545,WDR26,32b2b4929556c146cf9e5cd51b3575d09c6c9bd607329ac2bb6c6c3c484fbe37,moved_toward_benign,0.5438416952135546,moved_toward_pathogenic,False,extra_trees,moved_toward_benign,moved_toward_benign,True,moved_toward_pathogenic,review_pending,human_review_not_completed,not_reviewed,"[""vcv_missing"",""v8_v7_disagreement""]",2.0,False,extra_trees was selected only from this outer fold's training data; this component was excluded.
2010398,NFE2L2,cc7e8ae0450f732930a36b5bdd731598bfc44da3d2fb1565d1f55382a2b1ba3b,moved_toward_benign,0.26883468554310225,moved_toward_benign,True,extra_trees,moved_toward_benign,moved_toward_benign,True,moved_toward_pathogenic,review_pending,human_review_not_completed,not_reviewed,"[""vcv_missing"",""v8_v7_disagreement"",""possible_related_component_group""]",2.0,False,extra_trees was selected only from this outer fold's training data; this component was excluded.
2187196,RBM10,6a14e1e88a189480357ecdb3e3d3321a4c67b4fc702ee2a52dd6672b75180692,moved_toward_benign,0.17054883970448967,moved_toward_benign,True,extra_trees,moved_toward_pathogenic,moved_toward_benign,True,moved_toward_pathogenic,review_pending,human_review_not_completed,not_reviewed,"[""vcv_missing"",""v8_v7_disagreement"",""possible_related_component_group""]",2.0,False,extra_trees was selected only from this outer fold's training data; this component was excluded.
1925971,SOX11,7c80947d3dfe281be394b8dcd2236d6ccf301b9b2cce7499cee5a10fbc3c7aed,moved_toward_benign,0.1731380625010842,moved_toward_benign,True,extra_trees,moved_toward_pathogenic,moved_toward_benign,True,moved_toward_pathogenic,review_pending,human_review_not_completed,not_reviewed,"[""vcv_missing"",""v8_v7_disagreement"",""possible_related_component_group""]",2.0,False,extra_trees was selected only from this outer fold's training data; this component was excluded.
2248272,GANAB,7246bc35e950fb944a8b6744871d3919d16638d18d8197517b3b64c7bc677aa5,moved_toward_benign,0.2391287548187272,moved_toward_benign,True,extra_trees,moved_toward_pathogenic,moved_toward_benign,True,moved_toward_pathogenic,review_pending,human_review_not_completed,not_reviewed,"[""vcv_missing"",""v8_v7_disagreement""]",2.0,False,extra_trees was selected only from this outer fold's training data; this component was excluded.
2625023,SCN2B,7bbee68c10c7de72c44a83102c50853d34883e77214f1ec2b365f18dc9d500ed,moved_toward_benign,0.49537481994802457,moved_toward_pathogenic,False,extra_trees,moved_toward_pathogenic,moved_toward_benign,True,moved_toward_pathogenic,review_pending,human_review_not_completed,not_reviewed,"[""vcv_missing"",""v8_v7_disagreement""]",2.0,False,extra_trees was selected only from this outer fold's training data; this component was excluded.
2034753,DEAF1,64e70227660fea274a85870ad8106a80618886197bc210e85fed73a292f59afb,moved_toward_pathogenic,0.8708485310013964,moved_toward_pathogenic,True,extra_trees,moved_toward_pathogenic,moved_toward_pathogenic,True,moved_toward_benign,review_pending,human_review_not_completed,not_reviewed,"[""vcv_missing"",""v8_v7_disagreement"",""possible_related_component_group""]",2.0,False,extra_trees was selected only from this outer fold's training data; this component was excluded.
2150757,SOX9,e235894692b885aee30fa91e932042e540bc094e808657ec451b887687046476,moved_toward_benign,0.5497830154650595,moved_toward_pathogenic,False,random_forest,moved_toward_pathogenic,moved_toward_benign,True,moved_toward_pathogenic,review_pending,human_review_not_completed,not_reviewed,"[""vcv_missing"",""v8_v7_disagreement"",""possible_related_component_group""]",2.0,False,random_forest was selected only from this outer fold's training data; this component was excluded.
2148596,ERCC6,76cebef133ef4432e656899ee466e0b05f2f6ee431f6a625b4cfd734cf8aec3c,moved_toward_benign,0.5075301072627283,moved_toward_pathogenic,False,random_forest,moved_toward_benign,moved_toward_benign,True,moved_toward_pathogenic,review_pending,human_review_not_completed,not_reviewed,"[""vcv_missing"",""v8_v7_disagreement"",""possible_related_component_group""]",2.0,False,random_forest was selected only from this outer fold's training data; this component was excluded.
2069159,RAD51,d9a96dd8950e10244db56c7b4c60302b406e397af461092930c38e39348d1647,moved_toward_benign,0.488603829894831,moved_toward_pathogenic,False,extra_trees,moved_toward_benign,moved_toward_benign,True,moved_toward_pathogenic,review_pending,human_review_not_completed,not_reviewed,"[""vcv_missing"",""v8_v7_disagreement""]",2.0,False,extra_trees was selected only from this outer fold's training data; this component was excluded.
2228504,GLI2,40abbd5964bd2e2219307a48b903ab4cf2c90e83e49a336c82924ac948122b53,moved_toward_benign,0.49107009204579166,moved_toward_pathogenic,False,random_forest,moved_toward_benign,moved_toward_benign,True,moved_toward_pathogenic,review_pending,human_review_not_completed,not_reviewed,"[""vcv_missing"",""v8_v7_disagreement"",""possible_related_component_group""]",2.0,False,random_forest was selected only from this outer fold's training data; this component was excluded.
2578652,EIF3F,034e7dd517cec898f0f089754735e9d7f2ff252c6c4206017bb1262282c82368,moved_toward_benign,0.5160214740102919,moved_toward_pathogenic,False,extra_trees,moved_toward_pathogenic,moved_toward_benign,True,moved_toward_pathogenic,review_pending,human_review_not_completed,not_reviewed,"[""vcv_missing"",""v8_v7_disagreement""]",2.0,False,extra_trees was selected only from this outer fold's training data; this component was excluded.
2388225,PTPN4,8cbe45b0538e258648d337f31c38cb2db183e9f38c1b9ce678da099e7a0d694c,moved_toward_benign,0.47406738000065063,moved_toward_pathogenic,False,random_forest,moved_toward_benign,moved_toward_benign,True,moved_toward_pathogenic,review_pending,human_review_not_completed,not_reviewed,"[""vcv_missing"",""v8_v7_disagreement""]",2.0,False,random_forest was selected only from this outer fold's training data; this component was excluded.
2138780,AVPR2,080354065684b2f8b9c222e7f346f70344d68f554737e9343271da7a817c9ea4,moved_toward_pathogenic,0.7474993384697628,moved_toward_pathogenic,True,extra_trees,moved_toward_pathogenic,moved_toward_pathogenic,True,moved_toward_benign,review_pending,human_review_not_completed,not_reviewed,"[""vcv_missing"",""v8_v7_disagreement""]",2.0,False,extra_trees was selected only from this outer fold's training data; this component was excluded.
2138308,CALM3,b538b651d75ad35fa72961c25894a87ba711a75ef326cc23055c9714f9da0579,moved_toward_pathogenic,0.6338782341861692,moved_toward_pathogenic,True,extra_trees,moved_toward_benign,moved_toward_pathogenic,True,moved_toward_benign,review_pending,human_review_not_completed,not_reviewed,"[""vcv_missing"",""v8_v7_disagreement""]",2.0,False,extra_trees was selected only from this outer fold's training data; this component was excluded.
2159554,GPR143,8cc5d8538080e9e70e0fbaf5762a6c4e45d2af728c19a346a2ae862227b7ad91,moved_toward_pathogenic,0.7798382574061021,moved_toward_pathogenic,True,extra_trees,moved_toward_pathogenic,moved_toward_pathogenic,True,moved_toward_benign,review_pending,human_review_not_completed,not_reviewed,"[""vcv_missing"",""v8_v7_disagreement"",""possible_related_component_group""]",2.0,False,extra_trees was selected only from this outer fold's training data; this component was excluded.
1449976,GHRHR,3dc43e86e5ca89fa2237473bede66fe94c7719ca16144581bc1f45260cda9346,moved_toward_pathogenic,0.6174322629431482,moved_toward_pathogenic,True,extra_trees,moved_toward_pathogenic,moved_toward_pathogenic,True,moved_toward_benign,review_pending,human_review_not_completed,not_reviewed,"[""vcv_missing"",""v8_v7_disagreement"",""possible_related_component_group""]",2.0,False,extra_trees was selected only from this outer fold's training data; this component was excluded.
1705688,GREB1L,9662ff83fcd57cd49a3fcb0d1ac501b597ea30086cc8b15dc46d61ca5f874bf2,moved_toward_pathogenic,0.6160065001961034,moved_toward_pathogenic,True,extra_trees,moved_toward_pathogenic,moved_toward_pathogenic,True,moved_toward_benign,review_pending,human_review_not_completed,not_reviewed,"[""vcv_missing"",""v8_v7_disagreement"",""possible_related_component_group""]",2.0,False,extra_trees was selected only from this outer fold's training data; this component was excluded.
2020840,KCNJ2,feba12e07be796543e3b0a6d747b9006c3d6fa0aa94c1c9ed46f23ce71fa66ca,moved_toward_pathogenic,0.7368873469540135,moved_toward_pathogenic,True,extra_trees,moved_toward_pathogenic,moved_toward_pathogenic,True,moved_toward_benign,review_pending,human_review_not_completed,not_reviewed,"[""vcv_missing"",""v8_v7_disagreement"",""possible_related_component_group""]",2.0,False,extra_trees was selected only from this outer fold's training data; this component was excluded.
1511645,NDP,e48ffd0b5aa6620f79890a21a36f7949bb55f15208ffe9d120df27609c034993,moved_toward_pathogenic,0.5057610187107131,moved_toward_pathogenic,True,random_forest,moved_toward_pathogenic,moved_toward_pathogenic,True,moved_toward_benign,review_pending,human_review_not_completed,not_reviewed,"[""vcv_missing"",""v8_v7_disagreement"",""possible_related_component_group""]",2.0,False,random_forest was selected only from this outer fold's training data; this component was excluded.
2443508,PCDH12,90e2a81359ebdea96c880452eb39142d264eb6d5d9faa3c588f8d49e035afdbd,moved_toward_pathogenic,0.612003605728546,moved_toward_pathogenic,True,extra_trees,moved_toward_pathogenic,moved_toward_pathogenic,True,moved_toward_benign,review_pending,human_review_not_completed,not_reviewed,"[""vcv_missing"",""v8_v7_disagreement"",""possible_related_component_group""]",2.0,False,extra_trees was selected only from this outer fold's training data; this component was excluded.
2115096,YME1L1,740746cbf9ec73fabad3e13e8db7fd762171bdf28f3eec3b3eed17cc85ff1d05,moved_toward_benign,0.013966344971314437,moved_toward_benign,True,extra_trees,moved_toward_benign,moved_toward_benign,True,moved_toward_benign,review_pending,human_review_not_completed,not_reviewed,"[""vcv_missing"",""possible_related_component_group""]",0.0,False,extra_trees was selected only from this outer fold's training data; this component was excluded.
2064501,APOA1,7eb7ec3ee042ecd37b96c647704a6e2dfb4d4236d32ed358ea73938d1c1a6dd1,moved_toward_benign,0.06782549831784779,moved_toward_benign,True,random_forest,moved_toward_benign,moved_toward_benign,True,moved_toward_benign,review_pending,human_review_not_completed,not_reviewed,"[""vcv_missing""]",0.0,False,random_forest was selected only from this outer fold's training data; this component was excluded.
1501217,NFIA,0149f3d41240d4efdf7a5a01fbe7fd2ce5bff59cb03757f921c510eb27cb0831,moved_toward_benign,0.013067754980893959,moved_toward_benign,True,extra_trees,moved_toward_benign,moved_toward_benign,True,moved_toward_benign,review_pending,human_review_not_completed,not_reviewed,"[""vcv_missing"",""possible_related_component_group""]",0.0,False,extra_trees was selected only from this outer fold's training data; this component was excluded.
1522922,NFIA,0149f3d41240d4efdf7a5a01fbe7fd2ce5bff59cb03757f921c510eb27cb0831,moved_toward_benign,0.013067754980893959,moved_toward_benign,True,extra_trees,moved_toward_benign,moved_toward_benign,True,moved_toward_benign,review_pending,human_review_not_completed,not_reviewed,"[""vcv_missing"",""possible_related_component_group""]",0.0,False,extra_trees was selected only from this outer fold's training data; this component was excluded.
1424085,WNT1,312d9cc32c0bc8c105f482782210b6eddf98ba466486e9c4f705ef70c13e2713,moved_toward_pathogenic,0.9681229488529817,moved_toward_pathogenic,True,extra_trees,moved_toward_pathogenic,moved_toward_pathogenic,True,moved_toward_pathogenic,review_pending,human_review_not_completed,not_reviewed,"[""vcv_missing""]",5.0,True,extra_trees was selected only from this outer fold's training data; this component was excluded.
2633740,KSR2,98a001742977edec2ad70aec79962c88622b0c046a34d0fd842184b236aca2fc,moved_toward_benign,0.1164532115116686,moved_toward_benign,True,extra_trees,moved_toward_benign,moved_toward_benign,True,moved_toward_benign,review_pending,human_review_not_completed,not_reviewed,"[""vcv_missing""]",-2.0,True,extra_trees was selected only from this outer fold's training data; this component was excluded.
2582870,SLC30A10,a31c7eaf033a5a0ea397306d7c8f047fc01265228a874287713f497d693ee00c,moved_toward_benign,0.07102733535476256,moved_toward_benign,True,extra_trees,moved_toward_benign,moved_toward_benign,True,moved_toward_benign,review_pending,human_review_not_completed,not_reviewed,"[""vcv_missing"",""possible_related_component_group""]",-2.0,True,extra_trees was selected only from this outer fold's training data; this component was excluded.
1805124,SORD,ee72f79f5eeed936cf6168917eebf5703967d750ea9ed4efdebe71d90b338182,moved_toward_pathogenic,0.9793884419409551,moved_toward_pathogenic,True,extra_trees,moved_toward_pathogenic,moved_toward_pathogenic,True,moved_toward_pathogenic,review_pending,human_review_not_completed,not_reviewed,"[""vcv_missing""]",5.0,True,extra_trees was selected only from this outer fold's training data; this component was excluded.
1367461,"covers 24 genes, none of which curated to show dosage sensitivity",1c529e263244f701049412377bbfe10dbad91c0b14969e1bc61f4ffb76e5f64e,moved_toward_pathogenic,0.9510353789851798,moved_toward_pathogenic,True,extra_trees,moved_toward_pathogenic,moved_toward_pathogenic,True,moved_toward_pathogenic,review_pending,human_review_not_completed,not_reviewed,"[""vcv_missing"",""consequence_missing_or_unrecognized"",""possible_related_component_group""]",1.0,False,extra_trees was selected only from this outer fold's training data; this component was excluded.
2634199,PLXNA3,022eeb7dd92f4419e2c5d21197d753ec82a0c4ace209e819babb4e501326c756,moved_toward_benign,0.05602735915983757,moved_toward_benign,True,extra_trees,moved_toward_benign,moved_toward_benign,True,moved_toward_benign,review_pending,human_review_not_completed,not_reviewed,"[""vcv_missing"",""possible_related_component_group""]",-2.0,True,extra_trees was selected only from this outer fold's training data; this component was excluded.
1515881,KIDINS220,94cda2fade4a2cecd2e69c84168409d5f9fdd276fdcc37ff714bd5c627e3c1ec,moved_toward_benign,0.09621662589324696,moved_toward_benign,True,extra_trees,moved_toward_benign,moved_toward_benign,True,moved_toward_benign,review_pending,human_review_not_completed,not_reviewed,"[""vcv_missing"",""possible_related_component_group""]",-1.0,False,extra_trees was selected only from this outer fold's training data; this component was excluded.
2179498,PEX16,c7698580533a220dffb6a82f47a3594b99b63128559074df525f3d812484e297,moved_toward_benign,0.04063623790458336,moved_toward_benign,True,extra_trees,moved_toward_benign,moved_toward_benign,True,moved_toward_benign,review_pending,human_review_not_completed,not_reviewed,"[""vcv_missing"",""possible_related_component_group""]",-2.0,True,extra_trees was selected only from this outer fold's training data; this component was excluded.
2059210,TSR2,e9e6221adf31c533f9aeb7acbcbe0d8a17bcb6b91b250bba3d7793252fa95463,moved_toward_benign,0.049736109950574606,moved_toward_benign,True,extra_trees,moved_toward_benign,moved_toward_benign,True,moved_toward_benign,review_pending,human_review_not_completed,not_reviewed,"[""vcv_missing"",""possible_related_component_group""]",-2.0,True,extra_trees was selected only from this outer fold's training data; this component was excluded.
2122619,SIL1,847972d3270017ad1e075accd7db19db7046e715301dde3b63dbac55debc35fe,moved_toward_benign,0.03955005055962163,moved_toward_benign,True,extra_trees,moved_toward_benign,moved_toward_benign,True,moved_toward_benign,review_pending,human_review_not_completed,not_reviewed,"[""vcv_missing""]",-2.0,True,extra_trees was selected only from this outer fold's training data; this component was excluded.
2085942,CLTC,0d8d6033ef9c2272edb96c2bbb21dbbbc9968f4d01b835a8b01dd982181e5e73,moved_toward_benign,0.03955005055962163,moved_toward_benign,True,extra_trees,moved_toward_benign,moved_toward_benign,True,moved_toward_benign,review_pending,human_review_not_completed,not_reviewed,"[""vcv_missing"",""possible_related_component_group""]",-2.0,True,extra_trees was selected only from this outer fold's training data; this component was excluded.
2031963,IKZF1,50ec669e149ab88403ec71c4ef5fd269d8c8ad71c65ef206361d9dccb1d62bb8,moved_toward_benign,0.02513269682845417,moved_toward_benign,True,random_forest,moved_toward_benign,moved_toward_benign,True,moved_toward_benign,review_pending,human_review_not_completed,not_reviewed,"[""vcv_missing"",""possible_related_component_group""]",-2.0,True,random_forest was selected only from this outer fold's training data; this component was excluded.
1972006,SLC10A2,c457e4bb258830b29aca11e330e48c83f9b34e68008752075beb98fe2ef0ae13,moved_toward_benign,0.02513269682845417,moved_toward_benign,True,random_forest,moved_toward_benign,moved_toward_benign,True,moved_toward_benign,review_pending,human_review_not_completed,not_reviewed,"[""vcv_missing""]",-2.0,True,random_forest was selected only from this outer fold's training data; this component was excluded.
1946406,ITGA6,84ddfebc65c3047280ff5d8792f5a02f249101efe4376c40c4fb9daa48be71fd,moved_toward_benign,0.04063623790458336,moved_toward_benign,True,extra_trees,moved_toward_benign,moved_toward_benign,True,moved_toward_benign,review_pending,human_review_not_completed,not_reviewed,"[""vcv_missing""]",-2.0,True,extra_trees was selected only from this outer fold's training data; this component was excluded.
2164603,COX4I2,5c297c1f020298479ab984a1740e9bf40b43f7b3beff6f551d78fc49e5818d79,moved_toward_benign,0.006666683801889778,moved_toward_benign,True,extra_trees,moved_toward_benign,moved_toward_benign,True,moved_toward_benign,review_pending,human_review_not_completed,not_reviewed,"[""vcv_missing""]",-2.0,True,extra_trees was selected only from this outer fold's training data; this component was excluded.
2037889,DNA2,b61330780101a3e534e4ccecf1d695e4dc2135c9693740b7efe6b787c721ee2b,moved_toward_benign,0.049736109950574606,moved_toward_benign,True,extra_trees,moved_toward_benign,moved_toward_benign,True,moved_toward_benign,review_pending,human_review_not_completed,not_reviewed,"[""vcv_missing"",""possible_related_component_group""]",-2.0,True,extra_trees was selected only from this outer fold's training data; this component was excluded.
1983018,DVL3,8478873613cf6e0fc2e759e161bc7f44ce70e68d23df0caaa589ddb97d33d7f5,moved_toward_benign,0.04054592919600169,moved_toward_benign,True,extra_trees,moved_toward_benign,moved_toward_benign,True,moved_toward_benign,review_pending,human_review_not_completed,not_reviewed,"[""vcv_missing"",""possible_related_component_group""]",-2.0,True,extra_trees was selected only from this outer fold's training data; this component was excluded.
2055756,VPS11,8d05018cf1e3a37505e6905b05c65eed279346068e6a2ec2eee1b671a7610155,moved_toward_benign,0.03730183689652783,moved_toward_benign,True,extra_trees,moved_toward_benign,moved_toward_benign,True,moved_toward_benign,review_pending,human_review_not_completed,not_reviewed,"[""vcv_missing"",""possible_related_component_group""]",-2.0,True,extra_trees was selected only from this outer fold's training data; this component was excluded.
2088507,ARHGEF1,3ce96a243ebbd8a05e61fa087cb25e1f88a93f58bc76b4f81d24afa6b68f9ae1,moved_toward_benign,0.04054592919600169,moved_toward_benign,True,extra_trees,moved_toward_benign,moved_toward_benign,True,moved_toward_benign,review_pending,human_review_not_completed,not_reviewed,"[""vcv_missing"",""possible_related_component_group""]",-2.0,True,extra_trees was selected only from this outer fold's training data; this component was excluded.
1970334,VPS11,8d05018cf1e3a37505e6905b05c65eed279346068e6a2ec2eee1b671a7610155,moved_toward_benign,0.03742898901689741,moved_toward_benign,True,extra_trees,moved_toward_benign,moved_toward_benign,True,moved_toward_benign,review_pending,human_review_not_completed,not_reviewed,"[""vcv_missing"",""possible_related_component_group""]",-2.0,True,extra_trees was selected only from this outer fold's training data; this component was excluded.
2020360,ERCC6,76cebef133ef4432e656899ee466e0b05f2f6ee431f6a625b4cfd734cf8aec3c,moved_toward_benign,0.02513269682845417,moved_toward_benign,True,random_forest,moved_toward_benign,moved_toward_benign,True,moved_toward_benign,review_pending,human_review_not_completed,not_reviewed,"[""vcv_missing"",""possible_related_component_group""]",-2.0,True,random_forest was selected only from this outer fold's training data; this component was excluded.
2184014,VPS11,8d05018cf1e3a37505e6905b05c65eed279346068e6a2ec2eee1b671a7610155,moved_toward_benign,0.03742898901689741,moved_toward_benign,True,extra_trees,moved_toward_benign,moved_toward_benign,True,moved_toward_benign,review_pending,human_review_not_completed,not_reviewed,"[""vcv_missing"",""possible_related_component_group""]",-2.0,True,extra_trees was selected only from this outer fold's training data; this component was excluded.
2173039,RPL15,1f4d6f54ca48098c82ee34e410ca2248ae85be32e258893e70acd7b29491bccc,moved_toward_benign,0.03742898901689741,moved_toward_benign,True,extra_trees,moved_toward_benign,moved_toward_benign,True,moved_toward_benign,review_pending,human_review_not_completed,not_reviewed,"[""vcv_missing""]",-2.0,True,extra_trees was selected only from this outer fold's training data; this component was excluded.
2173993,MAST1,1b144921be2dc6ca7aa1b05c979ac9cdce4f4c6bfa8b85a497aef0d24e702d90,moved_toward_benign,0.04942807075594276,moved_toward_benign,True,extra_trees,moved_toward_benign,moved_toward_benign,True,moved_toward_benign,review_pending,human_review_not_completed,not_reviewed,"[""vcv_missing"",""possible_related_component_group""]",-2.0,True,extra_trees was selected only from this outer fold's training data; this component was excluded.
2084867,VPS13D,ec1daac1072790f023adf9f00162570b5ba448171e57456bb01a4ed4c5942ac4,moved_toward_benign,0.006507270703146412,moved_toward_benign,True,extra_trees,moved_toward_benign,moved_toward_benign,True,moved_toward_benign,review_pending,human_review_not_completed,not_reviewed,"[""vcv_missing"",""possible_related_component_group""]",-2.0,True,extra_trees was selected only from this outer fold's training data; this component was excluded.
2020766,TMPRSS3,394430d441e68bdea464f8e00a2225ff2224012edb991b4e857d7efd9557cdf3,moved_toward_benign,0.04054592919600169,moved_toward_benign,True,extra_trees,moved_toward_benign,moved_toward_benign,True,moved_toward_benign,review_pending,human_review_not_completed,not_reviewed,"[""vcv_missing""]",-2.0,True,extra_trees was selected only from this outer fold's training data; this component was excluded.
2071322,RPL27,d18e757efbf212cb413645f679a47851c058644f40a66caf503e8eb19674f3d5,moved_toward_benign,0.03798704797047933,moved_toward_benign,True,extra_trees,moved_toward_benign,moved_toward_benign,True,moved_toward_benign,review_pending,human_review_not_completed,not_reviewed,"[""vcv_missing"",""possible_related_component_group""]",-2.0,True,extra_trees was selected only from this outer fold's training data; this component was excluded.
2144826,ATRN,b5523974857390232b9f29670c9e6417d879597d50629ef34bc1667af7b7507a,moved_toward_benign,0.04942807075594276,moved_toward_benign,True,extra_trees,moved_toward_benign,moved_toward_benign,True,moved_toward_benign,review_pending,human_review_not_completed,not_reviewed,"[""vcv_missing""]",-2.0,True,extra_trees was selected only from this outer fold's training data; this component was excluded.
2162109,SLCO5A1,23265ea5cc0366940ba86deae7de58b59add9a5ce1e236f4231370579dd29bcf,moved_toward_benign,0.036359846976876734,moved_toward_benign,True,extra_trees,moved_toward_benign,moved_toward_benign,True,moved_toward_benign,review_pending,human_review_not_completed,not_reviewed,"[""vcv_missing""]",-2.0,True,extra_trees was selected only from this outer fold's training data; this component was excluded.
1403789,PEX16,c7698580533a220dffb6a82f47a3594b99b63128559074df525f3d812484e297,moved_toward_benign,0.04054592919600169,moved_toward_benign,True,extra_trees,moved_toward_benign,moved_toward_benign,True,moved_toward_benign,review_pending,human_review_not_completed,not_reviewed,"[""vcv_missing"",""possible_related_component_group""]",-2.0,True,extra_trees was selected only from this outer fold's training data; this component was excluded.
1506450,PDE2A,248072d661f78fa331525d86f065cb2602110931079f589fd9dc2b9fca9cd4c2,moved_toward_benign,0.036359846976876734,moved_toward_benign,True,extra_trees,moved_toward_benign,moved_toward_benign,True,moved_toward_benign,review_pending,human_review_not_completed,not_reviewed,"[""vcv_missing""]",-2.0,True,extra_trees was selected only from this outer fold's training data; this component was excluded.
1901613,VPS11,8d05018cf1e3a37505e6905b05c65eed279346068e6a2ec2eee1b671a7610155,moved_toward_benign,0.036359846976876734,moved_toward_benign,True,extra_trees,moved_toward_benign,moved_toward_benign,True,moved_toward_benign,review_pending,human_review_not_completed,not_reviewed,"[""vcv_missing"",""possible_related_component_group""]",-2.0,True,extra_trees was selected only from this outer fold's training data; this component was excluded.
1433803,MAPKAPK3,b0989d23c9dd96927641f30eb257c44367f725d3c45c88fd6673a591e1f894ea,moved_toward_benign,0.036359846976876734,moved_toward_benign,True,extra_trees,moved_toward_benign,moved_toward_benign,True,moved_toward_benign,review_pending,human_review_not_completed,not_reviewed,"[""vcv_missing"",""possible_related_component_group""]",-2.0,True,extra_trees was selected only from this outer fold's training data; this component was excluded.
2168919,TNS2,3d8c0601d69006b505e717aad4e3feee7de84b8e89edeac7a73c68b5b969181d,moved_toward_benign,0.04933509886789577,moved_toward_benign,True,extra_trees,moved_toward_benign,moved_toward_benign,True,moved_toward_benign,review_pending,human_review_not_completed,not_reviewed,"[""vcv_missing""]",-2.0,True,extra_trees was selected only from this outer fold's training data; this component was excluded.
1461637,CD320,55b775ac211aaecd37015035c179c4dfa7992273c56af251ddd4bc7ea1fb7f23,moved_toward_benign,0.025218225350410677,moved_toward_benign,True,random_forest,moved_toward_benign,moved_toward_benign,True,moved_toward_benign,review_pending,human_review_not_completed,not_reviewed,"[""vcv_missing""]",-2.0,True,random_forest was selected only from this outer fold's training data; this component was excluded.
2634492,TP53I3,e21dc863c1f3178f1e90a046ce8b5ca7c3e26bf172f23825c2c2daf8df52e303,moved_toward_benign,0.025218225350410677,moved_toward_benign,True,random_forest,moved_toward_benign,moved_toward_benign,True,moved_toward_benign,review_pending,human_review_not_completed,not_reviewed,"[""vcv_missing""]",-2.0,True,random_forest was selected only from this outer fold's training data; this component was excluded.
1899589,PLAA,4bf5c17f003282ff9b2ed4766a783f65919fb2c5719c7e30fc6dd24682ab95e9,moved_toward_benign,0.005798521907953824,moved_toward_benign,True,extra_trees,moved_toward_benign,moved_toward_benign,True,moved_toward_benign,review_pending,human_review_not_completed,not_reviewed,"[""vcv_missing"",""possible_related_component_group""]",-2.0,True,extra_trees was selected only from this outer fold's training data; this component was excluded.
2013560,ITPA,a6bf4a542cff60b9fef9d67834922032f78ccaba92474bb80eaa6ed5a6c78ae6,moved_toward_benign,0.040657653880658014,moved_toward_benign,True,extra_trees,moved_toward_benign,moved_toward_benign,True,moved_toward_benign,review_pending,human_review_not_completed,not_reviewed,"[""vcv_missing"",""possible_related_component_group""]",-2.0,True,extra_trees was selected only from this outer fold's training data; this component was excluded.
1356273,NPC2,3bc641e8ddbe934d5d6816e869c2a6c1d87543f1014bd44df40a0540de177a67,moved_toward_benign,0.03635832290912117,moved_toward_benign,True,extra_trees,moved_toward_benign,moved_toward_benign,True,moved_toward_benign,review_pending,human_review_not_completed,not_reviewed,"[""vcv_missing"",""possible_related_component_group""]",-2.0,True,extra_trees was selected only from this outer fold's training data; this component was excluded.
1970819,SPPL2A,3746c77bafef1ba5eebf5e297fa70c8eb0ac561b044fe35c423a3f3210891c37,moved_toward_benign,0.04933509886789577,moved_toward_benign,True,extra_trees,moved_toward_benign,moved_toward_benign,True,moved_toward_benign,review_pending,human_review_not_completed,not_reviewed,"[""vcv_missing""]",-2.0,True,extra_trees was selected only from this outer fold's training data; this component was excluded.
2168173,SPAG1,cac47b8fdcd3106dede98d245cc66159f678d8c9fd851f195eb6f9c9b412d987,moved_toward_benign,0.005798521907953824,moved_toward_benign,True,extra_trees,moved_toward_benign,moved_toward_benign,True,moved_toward_benign,review_pending,human_review_not_completed,not_reviewed,"[""vcv_missing"",""possible_related_component_group""]",-2.0,True,extra_trees was selected only from this outer fold's training data; this component was excluded.
1449141,MTHFD1,8d739e82fe045a4198e1cff1ecc935ace9a638a57151e79b37e0abc617f85282,moved_toward_benign,0.0404354515500125,moved_toward_benign,True,extra_trees,moved_toward_benign,moved_toward_benign,True,moved_toward_benign,review_pending,human_review_not_completed,not_reviewed,"[""vcv_missing"",""possible_related_component_group""]",-2.0,True,extra_trees was selected only from this outer fold's training data; this component was excluded.
2081224,C7,f167717fb2ed36e774225dd5b609cd208e028ba12cfc08946de444227e4e80d2,moved_toward_benign,0.04933509886789577,moved_toward_benign,True,extra_trees,moved_toward_benign,moved_toward_benign,True,moved_toward_benign,review_pending,human_review_not_completed,not_reviewed,"[""vcv_missing"",""possible_related_component_group""]",-2.0,True,extra_trees was selected only from this outer fold's training data; this component was excluded.
2161650,CHMP1A,8cb90ae5eb21ec008cc893888409d9a14af02066fa5cf281ec8bd99055663314,moved_toward_benign,0.04933509886789577,moved_toward_benign,True,extra_trees,moved_toward_benign,moved_toward_benign,True,moved_toward_benign,review_pending,human_review_not_completed,not_reviewed,"[""vcv_missing""]",-2.0,True,extra_trees was selected only from this outer fold's training data; this component was excluded.
2107887,PRUNE1,f2215d7e0fc885b4427e8293ad8052f882179305126516b6eb259ce557da10eb,moved_toward_benign,0.007269732095380125,moved_toward_benign,True,extra_trees,moved_toward_benign,moved_toward_benign,True,moved_toward_benign,review_pending,human_review_not_completed,not_reviewed,"[""vcv_missing""]",-2.0,True,extra_trees was selected only from this outer fold's training data; this component was excluded.
2104445,IKZF1,50ec669e149ab88403ec71c4ef5fd269d8c8ad71c65ef206361d9dccb1d62bb8,moved_toward_benign,0.025218225350410677,moved_toward_benign,True,random_forest,moved_toward_benign,moved_toward_benign,True,moved_toward_benign,review_pending,human_review_not_completed,not_reviewed,"[""vcv_missing"",""possible_related_component_group""]",-2.0,True,random_forest was selected only from this outer fold's training data; this component was excluded.
1990495,BCAP31,f80a9dcba7de0ea46080249ffc62723b6b93371ad430a1cf92e8ad87624e4c60,moved_toward_benign,0.053342833035292185,moved_toward_benign,True,extra_trees,moved_toward_benign,moved_toward_benign,True,moved_toward_benign,review_pending,human_review_not_completed,not_reviewed,"[""vcv_missing"",""possible_related_component_group""]",-2.0,True,extra_trees was selected only from this outer fold's training data; this component was excluded.
2023443,TYRP1,b7501fefe971bb7ec1ea7ce824166db274f98bb995f136954b0fb25abc2b5aac,moved_toward_benign,0.03744847960050048,moved_toward_benign,True,extra_trees,moved_toward_benign,moved_toward_benign,True,moved_toward_benign,review_pending,human_review_not_completed,not_reviewed,"[""vcv_missing"",""possible_related_component_group""]",-2.0,True,extra_trees was selected only from this outer fold's training data; this component was excluded.
1506838,CLPB,f36605e696944089e1bbcf18995ee9d8f9fa6a2cd97d60c18f480025f81c797f,moved_toward_benign,0.023928516397821915,moved_toward_benign,True,random_forest,moved_toward_benign,moved_toward_benign,True,moved_toward_benign,review_pending,human_review_not_completed,not_reviewed,"[""vcv_missing""]",-2.0,True,random_forest was selected only from this outer fold's training data; this component was excluded.
2022603,TBCK,e3853b5796e166bff6ed0e64ff44dfe6b4a803cbe64a8f97e5efb516044fd8ba,moved_toward_benign,0.03744847960050048,moved_toward_benign,True,extra_trees,moved_toward_benign,moved_toward_benign,True,moved_toward_benign,review_pending,human_review_not_completed,not_reviewed,"[""vcv_missing"",""possible_related_component_group""]",-2.0,True,extra_trees was selected only from this outer fold's training data; this component was excluded.
1930038,NDUFAF1,eecca16797af500352275d8c3b68a69ff287a0e30dd8b1237f693fa139629fe7,moved_toward_benign,0.023928516397821915,moved_toward_benign,True,random_forest,moved_toward_benign,moved_toward_benign,True,moved_toward_benign,review_pending,human_review_not_completed,not_reviewed,"[""vcv_missing""]",-2.0,True,random_forest was selected only from this outer fold's training data; this component was excluded.
2166320,ASXL1,3e68404a1b5b0ab7d529b65d9b2035ef9a4db19c5a62e028393c8a4f8dab504c,moved_toward_benign,0.023928516397821915,moved_toward_benign,True,random_forest,moved_toward_benign,moved_toward_benign,True,moved_toward_benign,review_pending,human_review_not_completed,not_reviewed,"[""vcv_missing"",""possible_related_component_group""]",-2.0,True,random_forest was selected only from this outer fold's training data; this component was excluded.
2065202,VPS11,8d05018cf1e3a37505e6905b05c65eed279346068e6a2ec2eee1b671a7610155,moved_toward_benign,0.03635832290912117,moved_toward_benign,True,extra_trees,moved_toward_benign,moved_toward_benign,True,moved_toward_benign,review_pending,human_review_not_completed,not_reviewed,"[""vcv_missing"",""possible_related_component_group""]",-2.0,True,extra_trees was selected only from this outer fold's training data; this component was excluded.
1910799,ANK3,ce18b8f73d0dc80c32ed503f16b94bda3ca181c15294018a263a97d3e9a88025,moved_toward_benign,0.04933509886789577,moved_toward_benign,True,extra_trees,moved_toward_benign,moved_toward_benign,True,moved_toward_benign,review_pending,human_review_not_completed,not_reviewed,"[""vcv_missing""]",-2.0,True,extra_trees was selected only from this outer fold's training data; this component was excluded.
2119999,UNC93B1,0c86eb2ffe20c6667d02db692d3d83de5ae6902828021fd5366dcfe87f3c4161,moved_toward_benign,0.03706830776677322,moved_toward_benign,True,extra_trees,moved_toward_benign,moved_toward_benign,True,moved_toward_benign,review_pending,human_review_not_completed,not_reviewed,"[""vcv_missing"",""possible_related_component_group""]",-2.0,True,extra_trees was selected only from this outer fold's training data; this component was excluded.
1971001,IKZF1,50ec669e149ab88403ec71c4ef5fd269d8c8ad71c65ef206361d9dccb1d62bb8,moved_toward_benign,0.023928516397821915,moved_toward_benign,True,random_forest,moved_toward_benign,moved_toward_benign,True,moved_toward_benign,review_pending,human_review_not_completed,not_reviewed,"[""vcv_missing"",""possible_related_component_group""]",-2.0,True,random_forest was selected only from this outer fold's training data; this component was excluded.
1900448,CDC42,b117f2a7a6a9cb9cfcbd0ea204e43517abe2b57973e235826b7b0e3034fba2cf,moved_toward_benign,0.04920098389566153,moved_toward_benign,True,extra_trees,moved_toward_benign,moved_toward_benign,True,moved_toward_benign,review_pending,human_review_not_completed,not_reviewed,"[""vcv_missing""]",-2.0,True,extra_trees was selected only from this outer fold's training data; this component was excluded.
1943467,FDX2,5b4c4d13b1178f2a757d652c3f9c0c3140e6a07d00d11fad15d02f5254815881,moved_toward_benign,0.023928516397821915,moved_toward_benign,True,random_forest,moved_toward_benign,moved_toward_benign,True,moved_toward_benign,review_pending,human_review_not_completed,not_reviewed,"[""vcv_missing"",""possible_related_component_group""]",-2.0,True,random_forest was selected only from this outer fold's training data; this component was excluded.
1988271,VPS11,8d05018cf1e3a37505e6905b05c65eed279346068e6a2ec2eee1b671a7610155,moved_toward_benign,0.03635832290912117,moved_toward_benign,True,extra_trees,moved_toward_benign,moved_toward_benign,True,moved_toward_benign,review_pending,human_review_not_completed,not_reviewed,"[""vcv_missing"",""possible_related_component_group""]",-2.0,True,extra_trees was selected only from this outer fold's training data; this component was excluded.
1897480,VPS11,8d05018cf1e3a37505e6905b05c65eed279346068e6a2ec2eee1b671a7610155,moved_toward_benign,0.03635832290912117,moved_toward_benign,True,extra_trees,moved_toward_benign,moved_toward_benign,True,moved_toward_benign,review_pending,human_review_not_completed,not_reviewed,"[""vcv_missing"",""possible_related_component_group""]",-2.0,True,extra_trees was selected only from this outer fold's training data; this component was excluded.
1973847,DHX37,1c21d114a2216ea8dcfda3c5a055bd19d7dd16c8682b6cd5c7b2bab0d3258dc0,moved_toward_benign,0.03706830776677322,moved_toward_benign,True,extra_trees,moved_toward_benign,moved_toward_benign,True,moved_toward_benign,review_pending,human_review_not_completed,not_reviewed,"[""vcv_missing"",""possible_related_component_group""]",-2.0,True,extra_trees was selected only from this outer fold's training data; this component was excluded.
2098835,IKZF1,50ec669e149ab88403ec71c4ef5fd269d8c8ad71c65ef206361d9dccb1d62bb8,moved_toward_benign,0.023928516397821915,moved_toward_benign,True,random_forest,moved_toward_benign,moved_toward_benign,True,moved_toward_benign,review_pending,human_review_not_completed,not_reviewed,"[""vcv_missing"",""possible_related_component_group""]",-2.0,True,random_forest was selected only from this outer fold's training data; this component was excluded.
2178643,SLC25A32,bc34773c0adef145e45133b0e8143ba0b91ec0e32ec348e07bc8efd19a9596fa,moved_toward_benign,0.0369565830821169,moved_toward_benign,True,extra_trees,moved_toward_benign,moved_toward_benign,True,moved_toward_benign,review_pending,human_review_not_completed,not_reviewed,"[""vcv_missing"",""possible_related_component_group""]",-2.0,True,extra_trees was selected only from this outer fold's training data; this component was excluded.
1977585,IKZF1,50ec669e149ab88403ec71c4ef5fd269d8c8ad71c65ef206361d9dccb1d62bb8,moved_toward_benign,0.023928516397821915,moved_toward_benign,True,random_forest,moved_toward_benign,moved_toward_benign,True,moved_toward_benign,review_pending,human_review_not_completed,not_reviewed,"[""vcv_missing"",""possible_related_component_group""]",-2.0,True,random_forest was selected only from this outer fold's training data; this component was excluded.
2093305,LAGE3,a1eba58886d70f92c494db3eab1bf857da0efd8000f38eaa784ccb21e260506f,moved_toward_benign,0.0369565830821169,moved_toward_benign,True,extra_trees,moved_toward_benign,moved_toward_benign,True,moved_toward_benign,review_pending,human_review_not_completed,not_reviewed,"[""vcv_missing""]",-2.0,True,extra_trees was selected only from this outer fold's training data; this component was excluded.
1916036,NKX6-2,260d75337dd0e97e74346eafdada930864c13e2918838ac6daf859a35d862885,moved_toward_benign,0.023928516397821915,moved_toward_benign,True,random_forest,moved_toward_benign,moved_toward_benign,True,moved_toward_benign,review_pending,human_review_not_completed,not_reviewed,"[""vcv_missing"",""possible_related_component_group""]",-2.0,True,random_forest was selected only from this outer fold's training data; this component was excluded.
2154547,MAOA,0b0c109c40fdb030d3e00a9e1ab70d6d10640be68df7ce5223344b21eca64998,moved_toward_benign,0.0055172425317130645,moved_toward_benign,True,extra_trees,moved_toward_benign,moved_toward_benign,True,moved_toward_benign,review_pending,human_review_not_completed,not_reviewed,"[""vcv_missing""]",-2.0,True,extra_trees was selected only from this outer fold's training data; this component was excluded.
1979963,IFT88,1e34669ded88ae2e91b748a63386d31ce359bdaf903713eaa614005962f494f5,moved_toward_benign,0.04920098389566153,moved_toward_benign,True,extra_trees,moved_toward_benign,moved_toward_benign,True,moved_toward_benign,review_pending,human_review_not_completed,not_reviewed,"[""vcv_missing"",""possible_related_component_group""]",-2.0,True,extra_trees was selected only from this outer fold's training data; this component was excluded.
2007343,NDUFA12,fcd2ab23bbfac0902bba74ee8eaefcbb9185debb727229cf774bfd7c44a0bcc0,moved_toward_benign,0.0369565830821169,moved_toward_benign,True,extra_trees,moved_toward_benign,moved_toward_benign,True,moved_toward_benign,review_pending,human_review_not_completed,not_reviewed,"[""vcv_missing"",""possible_related_component_group""]",-2.0,True,extra_trees was selected only from this outer fold's training data; this component was excluded.
1972043,IKZF1,50ec669e149ab88403ec71c4ef5fd269d8c8ad71c65ef206361d9dccb1d62bb8,moved_toward_benign,0.023928516397821915,moved_toward_benign,True,random_forest,moved_toward_benign,moved_toward_benign,True,moved_toward_benign,review_pending,human_review_not_completed,not_reviewed,"[""vcv_missing"",""possible_related_component_group""]",-2.0,True,random_forest was selected only from this outer fold's training data; this component was excluded.
2182059,SULF1,91ddf9f7ce766f55b31db10570e127b6331ea20a2e0d67c0540903376c53912b,moved_toward_benign,0.04920098389566153,moved_toward_benign,True,extra_trees,moved_toward_benign,moved_toward_benign,True,moved_toward_benign,review_pending,human_review_not_completed,not_reviewed,"[""vcv_missing"",""possible_related_component_group""]",-2.0,True,extra_trees was selected only from this outer fold's training data; this component was excluded.
2070302,CTSK,901919e557357635b2d54c8f5dcd614782c2c7a465f3d06cc5a90bbc4b52dcfd,moved_toward_benign,0.023928516397821915,moved_toward_benign,True,random_forest,moved_toward_benign,moved_toward_benign,True,moved_toward_benign,review_pending,human_review_not_completed,not_reviewed,"[""vcv_missing""]",-2.0,True,random_forest was selected only from this outer fold's training data; this component was excluded.
1953501,HTT,5e82ebd126e11a263f9d21c9beaeeae763a6b4ce431cfc35fa60a1865ded0381,moved_toward_benign,0.005480178323177528,moved_toward_benign,True,extra_trees,moved_toward_benign,moved_toward_benign,True,moved_toward_benign,review_pending,human_review_not_completed,not_reviewed,"[""vcv_missing"",""possible_related_component_group""]",-2.0,True,extra_trees was selected only from this outer fold's training data; this component was excluded.
2175733,ADAMTSL4,44f53dc89b86f314e1710106c1df9090d107d4cc8d41a27d8bbe8623bfcc4b1d,moved_toward_benign,0.023928516397821915,moved_toward_benign,True,random_forest,moved_toward_benign,moved_toward_benign,True,moved_toward_benign,review_pending,human_review_not_completed,not_reviewed,"[""vcv_missing"",""possible_related_component_group""]",-2.0,True,random_forest was selected only from this outer fold's training data; this component was excluded.
2414264,GATAD2B,0bd1f8a08f8938e9ca7d7ea9ce56896b7f658466b9e0dfa71f892f4b56e0ee91,moved_toward_benign,0.005480178323177528,moved_toward_benign,True,extra_trees,moved_toward_benign,moved_toward_benign,True,moved_toward_benign,review_pending,human_review_not_completed,not_reviewed,"[""vcv_missing""]",-2.0,True,extra_trees was selected only from this outer fold's training data; this component was excluded.
1926329,VPS11,8d05018cf1e3a37505e6905b05c65eed279346068e6a2ec2eee1b671a7610155,moved_toward_benign,0.03635832290912117,moved_toward_benign,True,extra_trees,moved_toward_benign,moved_toward_benign,True,moved_toward_benign,review_pending,human_review_not_completed,not_reviewed,"[""vcv_missing"",""possible_related_component_group""]",-2.0,True,extra_trees was selected only from this outer fold's training data; this component was excluded.
2034724,IKZF1,50ec669e149ab88403ec71c4ef5fd269d8c8ad71c65ef206361d9dccb1d62bb8,moved_toward_benign,0.023928516397821915,moved_toward_benign,True,random_forest,moved_toward_benign,moved_toward_benign,True,moved_toward_benign,review_pending,human_review_not_completed,not_reviewed,"[""vcv_missing"",""possible_related_component_group""]",-2.0,True,random_forest was selected only from this outer fold's training data; this component was excluded.
2177766,IDH2,76ca71c04d9e24a9349c470fff3b1b2cbfe81501ee5204c7448873b5f240e851,moved_toward_benign,0.005480178323177528,moved_toward_benign,True,extra_trees,moved_toward_benign,moved_toward_benign,True,moved_toward_benign,review_pending,human_review_not_completed,not_reviewed,"[""vcv_missing""]",-2.0,True,extra_trees was selected only from this outer fold's training data; this component was excluded.
1940346,TNFSF11,ad6c93cfd8b7686ae521f8d92c1eb1627842f5a4d013482047797a09ca979eac,moved_toward_benign,0.04920098389566153,moved_toward_benign,True,extra_trees,moved_toward_benign,moved_toward_benign,True,moved_toward_benign,review_pending,human_review_not_completed,not_reviewed,"[""vcv_missing""]",-2.0,True,extra_trees was selected only from this outer fold's training data; this component was excluded.
1948448,SCP2,05cf37c342914ce120a87094d47c7b416b4e841356529213f0aed9bcc3109adc,moved_toward_benign,0.04920098389566153,moved_toward_benign,True,extra_trees,moved_toward_benign,moved_toward_benign,True,moved_toward_benign,review_pending,human_review_not_completed,not_reviewed,"[""vcv_missing"",""possible_related_component_group""]",-2.0,True,extra_trees was selected only from this outer fold's training data; this component was excluded.
1908464,SLC25A32,bc34773c0adef145e45133b0e8143ba0b91ec0e32ec348e07bc8efd19a9596fa,moved_toward_benign,0.0369565830821169,moved_toward_benign,True,extra_trees,moved_toward_benign,moved_toward_benign,True,moved_toward_benign,review_pending,human_review_not_completed,not_reviewed,"[""vcv_missing"",""possible_related_component_group""]",-2.0,True,extra_trees was selected only from this outer fold's training data; this component was excluded.
2099646,C6,90fce73cb7c144cf09bf1f8c6719765172f384716c0574b2c5c1248e921fc8a1,moved_toward_benign,0.023928516397821915,moved_toward_benign,True,random_forest,moved_toward_benign,moved_toward_benign,True,moved_toward_benign,review_pending,human_review_not_completed,not_reviewed,"[""vcv_missing""]",-2.0,True,random_forest was selected only from this outer fold's training data; this component was excluded.
2172543,TMPRSS15,6303aeafae0e4835316db6fe34d3d5f37c9b80db1c77908402b142ea91f02986,moved_toward_benign,0.005446028679939671,moved_toward_benign,True,extra_trees,moved_toward_benign,moved_toward_benign,True,moved_toward_benign,review_pending,human_review_not_completed,not_reviewed,"[""vcv_missing"",""possible_related_component_group""]",-2.0,True,extra_trees was selected only from this outer fold's training data; this component was excluded.
1907297,FGFR3,462987dc4842c9fdba27dd2d1930c6eb60cebaac9d3e22a55d096248c8a07da8,moved_toward_benign,0.0369565830821169,moved_toward_benign,True,extra_trees,moved_toward_benign,moved_toward_benign,True,moved_toward_benign,review_pending,human_review_not_completed,not_reviewed,"[""vcv_missing"",""possible_related_component_group""]",-2.0,True,extra_trees was selected only from this outer fold's training data; this component was excluded.
1944652,PET100,6d6c1ff8fa175a29c4dc2bf21ac39445f329b78cd21b3d5cb57e95a3be6119e4,moved_toward_benign,0.0369565830821169,moved_toward_benign,True,extra_trees,moved_toward_benign,moved_toward_benign,True,moved_toward_benign,review_pending,human_review_not_completed,not_reviewed,"[""vcv_missing""]",-2.0,True,extra_trees was selected only from this outer fold's training data; this component was excluded.
2084134,EPS8L2,2b5f87f3708ae9f3253ba02b2a2f1c4ecdba42c02910dcf1e4a25696a6f80e6e,moved_toward_benign,0.023928516397821915,moved_toward_benign,True,random_forest,moved_toward_benign,moved_toward_benign,True,moved_toward_benign,review_pending,human_review_not_completed,not_reviewed,"[""vcv_missing""]",-2.0,True,random_forest was selected only from this outer fold's training data; this component was excluded.
2148511,CYP27A1,7b30044692fe3914571b2a0c2c8a7fadc3efd901b8614709691433cc9d06803e,moved_toward_benign,0.005446028679939671,moved_toward_benign,True,extra_trees,moved_toward_benign,moved_toward_benign,True,moved_toward_benign,review_pending,human_review_not_completed,not_reviewed,"[""vcv_missing"",""possible_related_component_group""]",-2.0,True,extra_trees was selected only from this outer fold's training data; this component was excluded.
2069993,LCT,8b1d5583838eed23512f78db573e09e0ee15d5d5f213439edeb3b021242f83b2,moved_toward_benign,0.005446028679939671,moved_toward_benign,True,extra_trees,moved_toward_benign,moved_toward_benign,True,moved_toward_benign,review_pending,human_review_not_completed,not_reviewed,"[""vcv_missing""]",-2.0,True,extra_trees was selected only from this outer fold's training data; this component was excluded.
1997254,ARHGEF1,3ce96a243ebbd8a05e61fa087cb25e1f88a93f58bc76b4f81d24afa6b68f9ae1,moved_toward_benign,0.0369565830821169,moved_toward_benign,True,extra_trees,moved_toward_benign,moved_toward_benign,True,moved_toward_benign,review_pending,human_review_not_completed,not_reviewed,"[""vcv_missing"",""possible_related_component_group""]",-2.0,True,extra_trees was selected only from this outer fold's training data; this component was excluded.
2050441,ALDOA,4de4c0643275532005e3cf10c0df69aeac680facc21a2c633faa426a597ba66d,moved_toward_benign,0.023928516397821915,moved_toward_benign,True,random_forest,moved_toward_benign,moved_toward_benign,True,moved_toward_benign,review_pending,human_review_not_completed,not_reviewed,"[""vcv_missing"",""possible_related_component_group""]",-2.0,True,random_forest was selected only from this outer fold's training data; this component was excluded.
2160167,BRD4,746f2f834cd163826c40a19ba15c6fb41e709b374ffca2c8685d7c98281f3912,moved_toward_benign,0.04904716146143875,moved_toward_benign,True,extra_trees,moved_toward_benign,moved_toward_benign,True,moved_toward_benign,review_pending,human_review_not_completed,not_reviewed,"[""vcv_missing""]",-2.0,True,extra_trees was selected only from this outer fold's training data; this component was excluded.
2070616,CFH,8d519a14c074d08ffd2d05ada80c1d84ea0d1551c9c16d1735d0b6c923593a3a,moved_toward_benign,0.005446028679939671,moved_toward_benign,True,extra_trees,moved_toward_benign,moved_toward_benign,True,moved_toward_benign,review_pending,human_review_not_completed,not_reviewed,"[""vcv_missing"",""possible_related_component_group""]",-2.0,True,extra_trees was selected only from this outer fold's training data; this component was excluded.
2063908,HAND1,9677c662df15379be632a9ab7c6675c50593bb68a11007ea420dc5335a88aeb7,moved_toward_benign,0.03627894023384993,moved_toward_benign,True,extra_trees,moved_toward_benign,moved_toward_benign,True,moved_toward_benign,review_pending,human_review_not_completed,not_reviewed,"[""vcv_missing"",""possible_related_component_group""]",-2.0,True,extra_trees was selected only from this outer fold's training data; this component was excluded.
2203268,TBCK,e3853b5796e166bff6ed0e64ff44dfe6b4a803cbe64a8f97e5efb516044fd8ba,moved_toward_benign,0.0369565830821169,moved_toward_benign,True,extra_trees,moved_toward_benign,moved_toward_benign,True,moved_toward_benign,review_pending,human_review_not_completed,not_reviewed,"[""vcv_missing"",""possible_related_component_group""]",-2.0,True,extra_trees was selected only from this outer fold's training data; this component was excluded.
1439221,DEAF1,64e70227660fea274a85870ad8106a80618886197bc210e85fed73a292f59afb,moved_toward_benign,0.03627894023384993,moved_toward_benign,True,extra_trees,moved_toward_benign,moved_toward_benign,True,moved_toward_benign,review_pending,human_review_not_completed,not_reviewed,"[""vcv_missing"",""possible_related_component_group""]",-2.0,True,extra_trees was selected only from this outer fold's training data; this component was excluded.
1913570,RGR,cd92833be76199e825d0ce8170339326a5cd9940cfe33494de9b6ac18116ca87,moved_toward_benign,0.023928516397821915,moved_toward_benign,True,random_forest,moved_toward_benign,moved_toward_benign,True,moved_toward_benign,review_pending,human_review_not_completed,not_reviewed,"[""vcv_missing""]",-2.0,True,random_forest was selected only from this outer fold's training data; this component was excluded.
1971305,RPL18,4328ff8c1238de512093e4a1f73e2859c3fbadfb9f8a4ede079c7c5567baf960,moved_toward_benign,0.00541545330211326,moved_toward_benign,True,extra_trees,moved_toward_benign,moved_toward_benign,True,moved_toward_benign,review_pending,human_review_not_completed,not_reviewed,"[""vcv_missing""]",-2.0,True,extra_trees was selected only from this outer fold's training data; this component was excluded.
2173729,CD3D,5253e381d05ab75f052ed245508b0bf733e4a08d21bbfe25c937857d72266e7a,moved_toward_benign,0.023928516397821915,moved_toward_benign,True,random_forest,moved_toward_benign,moved_toward_benign,True,moved_toward_benign,review_pending,human_review_not_completed,not_reviewed,"[""vcv_missing""]",-2.0,True,random_forest was selected only from this outer fold's training data; this component was excluded.
2176508,CTDP1,7387dc12d1fa86ae8f77d331a623b3c4f6860a66ca3bbd594ba8c42981aa2850,moved_toward_benign,0.03627894023384993,moved_toward_benign,True,extra_trees,moved_toward_benign,moved_toward_benign,True,moved_toward_benign,review_pending,human_review_not_completed,not_reviewed,"[""vcv_missing"",""possible_related_component_group""]",-2.0,True,extra_trees was selected only from this outer fold's training data; this component was excluded.
2192598,DENND5A,1fe0cc6658871619d6d7e6538c799f325240792f5b601886968d592e6e9de4be,moved_toward_benign,0.023928516397821915,moved_toward_benign,True,random_forest,moved_toward_benign,moved_toward_benign,True,moved_toward_benign,review_pending,human_review_not_completed,not_reviewed,"[""vcv_missing"",""possible_related_component_group""]",-2.0,True,random_forest was selected only from this outer fold's training data; this component was excluded.
1972188,IKZF1,50ec669e149ab88403ec71c4ef5fd269d8c8ad71c65ef206361d9dccb1d62bb8,moved_toward_benign,0.023928516397821915,moved_toward_benign,True,random_forest,moved_toward_benign,moved_toward_benign,True,moved_toward_benign,review_pending,human_review_not_completed,not_reviewed,"[""vcv_missing"",""possible_related_component_group""]",-2.0,True,random_forest was selected only from this outer fold's training data; this component was excluded.
2074285,DGAT1,8f3861789a621e7d4a46e8c803b5306522decd2628c22b4a19721f319ccdea63,moved_toward_benign,0.04904716146143875,moved_toward_benign,True,extra_trees,moved_toward_benign,moved_toward_benign,True,moved_toward_benign,review_pending,human_review_not_completed,not_reviewed,"[""vcv_missing"",""possible_related_component_group""]",-2.0,True,extra_trees was selected only from this outer fold's training data; this component was excluded.
1945611,GREB1L,9662ff83fcd57cd49a3fcb0d1ac501b597ea30086cc8b15dc46d61ca5f874bf2,moved_toward_benign,0.037126514539605505,moved_toward_benign,True,extra_trees,moved_toward_benign,moved_toward_benign,True,moved_toward_benign,review_pending,human_review_not_completed,not_reviewed,"[""vcv_missing"",""possible_related_component_group""]",-2.0,True,extra_trees was selected only from this outer fold's training data; this component was excluded.
1991742,RAD21,286dea696da6790b0d0fa742581651805e5a70052140ccd236c2e3474b5d3829,moved_toward_benign,0.03627894023384993,moved_toward_benign,True,extra_trees,moved_toward_benign,moved_toward_benign,True,moved_toward_benign,review_pending,human_review_not_completed,not_reviewed,"[""vcv_missing"",""possible_related_component_group""]",-2.0,True,extra_trees was selected only from this outer fold's training data; this component was excluded.
1970696,HTT,5e82ebd126e11a263f9d21c9beaeeae763a6b4ce431cfc35fa60a1865ded0381,moved_toward_benign,0.00541545330211326,moved_toward_benign,True,extra_trees,moved_toward_benign,moved_toward_benign,True,moved_toward_benign,review_pending,human_review_not_completed,not_reviewed,"[""vcv_missing"",""possible_related_component_group""]",-2.0,True,extra_trees was selected only from this outer fold's training data; this component was excluded.
1923485,UNC93B1,0c86eb2ffe20c6667d02db692d3d83de5ae6902828021fd5366dcfe87f3c4161,moved_toward_benign,0.037126514539605505,moved_toward_benign,True,extra_trees,moved_toward_benign,moved_toward_benign,True,moved_toward_benign,review_pending,human_review_not_completed,not_reviewed,"[""vcv_missing"",""possible_related_component_group""]",-2.0,True,extra_trees was selected only from this outer fold's training data; this component was excluded.
2163361,CDK5RAP2,88c476421bce35e4d4d9a41c8c5c15019906ed3666feffd839224fee9bb7df5f,moved_toward_benign,0.03627894023384993,moved_toward_benign,True,extra_trees,moved_toward_benign,moved_toward_benign,True,moved_toward_benign,review_pending,human_review_not_completed,not_reviewed,"[""vcv_missing"",""possible_related_component_group""]",-2.0,True,extra_trees was selected only from this outer fold's training data; this component was excluded.
2082192,IKZF1,50ec669e149ab88403ec71c4ef5fd269d8c8ad71c65ef206361d9dccb1d62bb8,moved_toward_benign,0.023928516397821915,moved_toward_benign,True,random_forest,moved_toward_benign,moved_toward_benign,True,moved_toward_benign,review_pending,human_review_not_completed,not_reviewed,"[""vcv_missing"",""possible_related_component_group""]",-2.0,True,random_forest was selected only from this outer fold's training data; this component was excluded.
1897272,HMCN1,26144d54d9619fa86962dd08f8ce978e2b293eaab9b07e008daad88a13969926,moved_toward_benign,0.04904716146143875,moved_toward_benign,True,extra_trees,moved_toward_benign,moved_toward_benign,True,moved_toward_benign,review_pending,human_review_not_completed,not_reviewed,"[""vcv_missing"",""possible_related_component_group""]",-2.0,True,extra_trees was selected only from this outer fold's training data; this component was excluded.
1933990,CCNQ,9602491c95dfb21feff4c291a5a5c5603ecb6e9bbec3eda13938c3213c2c1f17,moved_toward_benign,0.023928516397821915,moved_toward_benign,True,random_forest,moved_toward_benign,moved_toward_benign,True,moved_toward_benign,review_pending,human_review_not_completed,not_reviewed,"[""vcv_missing"",""possible_related_component_group""]",-2.0,True,random_forest was selected only from this outer fold's training data; this component was excluded.
2419380,ANXA11,780b4cb3e389f3558ea031f5bed628ad12599dce068ee13531b099195c26ed24,moved_toward_benign,0.023928516397821915,moved_toward_benign,True,random_forest,moved_toward_benign,moved_toward_benign,True,moved_toward_benign,review_pending,human_review_not_completed,not_reviewed,"[""vcv_missing"",""possible_related_component_group""]",-2.0,True,random_forest was selected only from this outer fold's training data; this component was excluded.
1921283,VPS11,8d05018cf1e3a37505e6905b05c65eed279346068e6a2ec2eee1b671a7610155,moved_toward_benign,0.03627894023384993,moved_toward_benign,True,extra_trees,moved_toward_benign,moved_toward_benign,True,moved_toward_benign,review_pending,human_review_not_completed,not_reviewed,"[""vcv_missing"",""possible_related_component_group""]",-2.0,True,extra_trees was selected only from this outer fold's training data; this component was excluded.
2140972,UNC93B1,0c86eb2ffe20c6667d02db692d3d83de5ae6902828021fd5366dcfe87f3c4161,moved_toward_benign,0.03714786178361966,moved_toward_benign,True,extra_trees,moved_toward_benign,moved_toward_benign,True,moved_toward_benign,review_pending,human_review_not_completed,not_reviewed,"[""vcv_missing"",""possible_related_component_group""]",-2.0,True,extra_trees was selected only from this outer fold's training data; this component was excluded.
2414293,GRID2,a157478eec88e8707ec70287c9ebf4ed6aeb57fcd32de2587e7d5430da690a8e,moved_toward_benign,0.03714786178361966,moved_toward_benign,True,extra_trees,moved_toward_benign,moved_toward_benign,True,moved_toward_benign,review_pending,human_review_not_completed,not_reviewed,"[""vcv_missing""]",-2.0,True,extra_trees was selected only from this outer fold's training data; this component was excluded.
2068820,VPS11,8d05018cf1e3a37505e6905b05c65eed279346068e6a2ec2eee1b671a7610155,moved_toward_benign,0.03627894023384993,moved_toward_benign,True,extra_trees,moved_toward_benign,moved_toward_benign,True,moved_toward_benign,review_pending,human_review_not_completed,not_reviewed,"[""vcv_missing"",""possible_related_component_group""]",-2.0,True,extra_trees was selected only from this outer fold's training data; this component was excluded.
1960634,MPDZ,15ff9c426183800ae857adc866d424d8168f22daafe1cca23e5270ba8cb9e8a5,moved_toward_benign,0.005628562473783469,moved_toward_benign,True,extra_trees,moved_toward_benign,moved_toward_benign,True,moved_toward_benign,review_pending,human_review_not_completed,not_reviewed,"[""vcv_missing"",""possible_related_component_group""]",-2.0,True,extra_trees was selected only from this outer fold's training data; this component was excluded.
2105194,UNC93B1,0c86eb2ffe20c6667d02db692d3d83de5ae6902828021fd5366dcfe87f3c4161,moved_toward_benign,0.03714786178361966,moved_toward_benign,True,extra_trees,moved_toward_benign,moved_toward_benign,True,moved_toward_benign,review_pending,human_review_not_completed,not_reviewed,"[""vcv_missing"",""possible_related_component_group""]",-2.0,True,extra_trees was selected only from this outer fold's training data; this component was excluded.
2105544,UNC93B1,0c86eb2ffe20c6667d02db692d3d83de5ae6902828021fd5366dcfe87f3c4161,moved_toward_benign,0.03714786178361966,moved_toward_benign,True,extra_trees,moved_toward_benign,moved_toward_benign,True,moved_toward_benign,review_pending,human_review_not_completed,not_reviewed,"[""vcv_missing"",""possible_related_component_group""]",-2.0,True,extra_trees was selected only from this outer fold's training data; this component was excluded.
2101775,NPC2,3bc641e8ddbe934d5d6816e869c2a6c1d87543f1014bd44df40a0540de177a67,moved_toward_benign,0.036313367551923534,moved_toward_benign,True,extra_trees,moved_toward_benign,moved_toward_benign,True,moved_toward_benign,review_pending,human_review_not_completed,not_reviewed,"[""vcv_missing"",""possible_related_component_group""]",-2.0,True,extra_trees was selected only from this outer fold's training data; this component was excluded.
1904887,NDUFS8,c3fe5e30d7236485bf03a90f22af77dc711eeb5954c413b7327781c0b0f83a64,moved_toward_benign,0.005603431092643259,moved_toward_benign,True,extra_trees,moved_toward_benign,moved_toward_benign,True,moved_toward_benign,review_pending,human_review_not_completed,not_reviewed,"[""vcv_missing"",""possible_related_component_group""]",-2.0,True,extra_trees was selected only from this outer fold's training data; this component was excluded.
2098545,DMXL2,14d199a03baa5a7b45de4019f285b9ee15d1fed332c7ae79ff1d2cca7085403e,moved_toward_benign,0.03714786178361966,moved_toward_benign,True,extra_trees,moved_toward_benign,moved_toward_benign,True,moved_toward_benign,review_pending,human_review_not_completed,not_reviewed,"[""vcv_missing"",""possible_related_component_group""]",-2.0,True,extra_trees was selected only from this outer fold's training data; this component was excluded.
1350364,UGT1A1,3f1003fd8f08df3647101e68092653a51f5a365a1fbb7e2fdba64fad35432c2a,moved_toward_benign,0.005603431092643259,moved_toward_benign,True,extra_trees,moved_toward_benign,moved_toward_benign,True,moved_toward_benign,review_pending,human_review_not_completed,not_reviewed,"[""vcv_missing"",""possible_related_component_group""]",-2.0,True,extra_trees was selected only from this outer fold's training data; this component was excluded.
1901127,ERBIN,c6750b613407d67c845d796a86c12f47603aedba65299f05b42f8c6ba36ae55a,moved_toward_benign,0.029126836201433647,moved_toward_benign,True,random_forest,moved_toward_benign,moved_toward_benign,True,moved_toward_benign,review_pending,human_review_not_completed,not_reviewed,"[""vcv_missing"",""possible_related_component_group""]",-2.0,True,random_forest was selected only from this outer fold's training data; this component was excluded.
1933862,NFIA,0149f3d41240d4efdf7a5a01fbe7fd2ce5bff59cb03757f921c510eb27cb0831,moved_toward_benign,0.027573540446253708,moved_toward_benign,True,extra_trees,moved_toward_benign,moved_toward_benign,True,moved_toward_benign,review_pending,human_review_not_completed,not_reviewed,"[""vcv_missing"",""possible_related_component_group""]",-2.0,True,extra_trees was selected only from this outer fold's training data; this component was excluded.
1985406,IL23R,4eedc4dd2bef6dcd11ca7aae7c5d4906ba594060065cbf168b4c3ac5fde7f34f,moved_toward_benign,0.027573540446253708,moved_toward_benign,True,extra_trees,moved_toward_benign,moved_toward_benign,True,moved_toward_benign,review_pending,human_review_not_completed,not_reviewed,"[""vcv_missing"",""possible_related_component_group""]",-2.0,True,extra_trees was selected only from this outer fold's training data; this component was excluded.
1484871,ZNF341,c8be61fc35aff1085179109b8997a0ec8ba5d0c1e2190cb0ee7499ceeede855b,moved_toward_benign,0.005603431092643259,moved_toward_benign,True,extra_trees,moved_toward_benign,moved_toward_benign,True,moved_toward_benign,review_pending,human_review_not_completed,not_reviewed,"[""vcv_missing""]",-2.0,True,extra_trees was selected only from this outer fold's training data; this component was excluded.
1927647,TTPA,710ffb420195c224c7bd59817179a2e30521954af8e74df8376f89e77915c7ac,moved_toward_benign,0.04943879144646981,moved_toward_benign,True,extra_trees,moved_toward_benign,moved_toward_benign,True,moved_toward_benign,review_pending,human_review_not_completed,not_reviewed,"[""vcv_missing""]",-2.0,True,extra_trees was selected only from this outer fold's training data; this component was excluded.
1369795,FTO,f5795a7919fb7880ef6ee1dd571078049a2a51528bf8cc9a1ae76d08c8c31c9f,moved_toward_benign,0.04943879144646981,moved_toward_benign,True,extra_trees,moved_toward_benign,moved_toward_benign,True,moved_toward_benign,review_pending,human_review_not_completed,not_reviewed,"[""vcv_missing""]",-2.0,True,extra_trees was selected only from this outer fold's training data; this component was excluded.
1899972,SCO1,b800d7577b6eadecae0ec13408f6a04209a590e785ed31ada82c937eace05c0e,moved_toward_benign,0.024126836201433646,moved_toward_benign,True,random_forest,moved_toward_benign,moved_toward_benign,True,moved_toward_benign,review_pending,human_review_not_completed,not_reviewed,"[""vcv_missing""]",-2.0,True,random_forest was selected only from this outer fold's training data; this component was excluded.
2160846,KCNA1,27ff3754632a1ac5887a9164a868a6e2cb9e334b7be3b632a896a6ea374edc19,moved_toward_benign,0.005603431092643259,moved_toward_benign,True,extra_trees,moved_toward_benign,moved_toward_benign,True,moved_toward_benign,review_pending,human_review_not_completed,not_reviewed,"[""vcv_missing"",""possible_related_component_group""]",-2.0,True,extra_trees was selected only from this outer fold's training data; this component was excluded.
2087296,CTDP1,7387dc12d1fa86ae8f77d331a623b3c4f6860a66ca3bbd594ba8c42981aa2850,moved_toward_benign,0.036380884333377474,moved_toward_benign,True,extra_trees,moved_toward_benign,moved_toward_benign,True,moved_toward_benign,review_pending,human_review_not_completed,not_reviewed,"[""vcv_missing"",""possible_related_component_group""]",-2.0,True,extra_trees was selected only from this outer fold's training data; this component was excluded.
2094922,HACE1,6232e5fcc12d84191c43c79b9304b25a8aa42789aecf4e9cdc0fb379e95aadba,moved_toward_benign,0.036380884333377474,moved_toward_benign,True,extra_trees,moved_toward_benign,moved_toward_benign,True,moved_toward_benign,review_pending,human_review_not_completed,not_reviewed,"[""vcv_missing"",""possible_related_component_group""]",-2.0,True,extra_trees was selected only from this outer fold's training data; this component was excluded.
1499276,CLTC,0d8d6033ef9c2272edb96c2bbb21dbbbc9968f4d01b835a8b01dd982181e5e73,moved_toward_benign,0.03627894023384993,moved_toward_benign,True,extra_trees,moved_toward_benign,moved_toward_benign,True,moved_toward_benign,review_pending,human_review_not_completed,not_reviewed,"[""vcv_missing"",""possible_related_component_group""]",-2.0,True,extra_trees was selected only from this outer fold's training data; this component was excluded.
1444187,PDP1,1e42552b65672178741cc2460269aba9f6d80540ce65b4d1567ad76e9c881fac,moved_toward_benign,0.03627894023384993,moved_toward_benign,True,extra_trees,moved_toward_benign,moved_toward_benign,True,moved_toward_benign,review_pending,human_review_not_completed,not_reviewed,"[""vcv_missing""]",-2.0,True,extra_trees was selected only from this outer fold's training data; this component was excluded.
1524482,OGT,e43b9e2b4a11fc53eb7c21290a3de56f274735ede32283425e87253855a4bae8,moved_toward_benign,0.037126514539605505,moved_toward_benign,True,extra_trees,moved_toward_benign,moved_toward_benign,True,moved_toward_benign,review_pending,human_review_not_completed,not_reviewed,"[""vcv_missing""]",-2.0,True,extra_trees was selected only from this outer fold's training data; this component was excluded.
1935969,GHSR,76bf5ae21148180ef42e4124bab236ebc9d4e45af2745f23eae83c271898ac51,moved_toward_benign,0.037126514539605505,moved_toward_benign,True,extra_trees,moved_toward_benign,moved_toward_benign,True,moved_toward_benign,review_pending,human_review_not_completed,not_reviewed,"[""vcv_missing""]",-2.0,True,extra_trees was selected only from this outer fold's training data; this component was excluded.
1965741,TOP2B,bb2f3a50c2b86b8254480491ee25d4c1c67c9b59ab8d158fb3e0887870f64d8b,moved_toward_benign,0.037126514539605505,moved_toward_benign,True,extra_trees,moved_toward_benign,moved_toward_benign,True,moved_toward_benign,review_pending,human_review_not_completed,not_reviewed,"[""vcv_missing"",""possible_related_component_group""]",-2.0,True,extra_trees was selected only from this outer fold's training data; this component was excluded.
2055142,ARHGEF1,3ce96a243ebbd8a05e61fa087cb25e1f88a93f58bc76b4f81d24afa6b68f9ae1,moved_toward_benign,0.037126514539605505,moved_toward_benign,True,extra_trees,moved_toward_benign,moved_toward_benign,True,moved_toward_benign,review_pending,human_review_not_completed,not_reviewed,"[""vcv_missing"",""possible_related_component_group""]",-2.0,True,extra_trees was selected only from this outer fold's training data; this component was excluded.
1950993,CYP27A1,7b30044692fe3914571b2a0c2c8a7fadc3efd901b8614709691433cc9d06803e,moved_toward_benign,0.005603431092643259,moved_toward_benign,True,extra_trees,moved_toward_benign,moved_toward_benign,True,moved_toward_benign,review_pending,human_review_not_completed,not_reviewed,"[""vcv_missing"",""possible_related_component_group""]",-2.0,True,extra_trees was selected only from this outer fold's training data; this component was excluded.
2159297,DYNC2I2,5a0642f8d38de293220d4b152cce386c6afbeec944044c963dbfe3bf94284cdc,moved_toward_benign,0.03719397280235288,moved_toward_benign,True,extra_trees,moved_toward_benign,moved_toward_benign,True,moved_toward_benign,review_pending,human_review_not_completed,not_reviewed,"[""vcv_missing""]",-2.0,True,extra_trees was selected only from this outer fold's training data; this component was excluded.
1970839,TECTA,48bfbc47fa45f1a85421d80afbac405013c064a2a68c5005720e06759e830aad,moved_toward_benign,0.005603431092643259,moved_toward_benign,True,extra_trees,moved_toward_benign,moved_toward_benign,True,moved_toward_benign,review_pending,human_review_not_completed,not_reviewed,"[""vcv_missing"",""possible_related_component_group""]",-2.0,True,extra_trees was selected only from this outer fold's training data; this component was excluded.
1935539,HEPACAM,3cda7d4fe8db6fc8869ea70703e6b0433feb4acf1660b62b507067d9a02a7438,moved_toward_benign,0.027241158648242437,moved_toward_benign,True,random_forest,moved_toward_benign,moved_toward_benign,True,moved_toward_benign,review_pending,human_review_not_completed,not_reviewed,"[""vcv_missing"",""possible_related_component_group""]",-2.0,True,random_forest was selected only from this outer fold's training data; this component was excluded.
2090346,REL,a5ff31a786131881f751fe03b831f88fe35cc272bcf9e6dc440b60412a1c0525,moved_toward_benign,0.005603431092643259,moved_toward_benign,True,extra_trees,moved_toward_benign,moved_toward_benign,True,moved_toward_benign,review_pending,human_review_not_completed,not_reviewed,"[""vcv_missing""]",-2.0,True,extra_trees was selected only from this outer fold's training data; this component was excluded.
1449752,MPDZ,15ff9c426183800ae857adc866d424d8168f22daafe1cca23e5270ba8cb9e8a5,moved_toward_benign,0.005603431092643259,moved_toward_benign,True,extra_trees,moved_toward_benign,moved_toward_benign,True,moved_toward_benign,review_pending,human_review_not_completed,not_reviewed,"[""vcv_missing"",""possible_related_component_group""]",-2.0,True,extra_trees was selected only from this outer fold's training data; this component was excluded.
2060115,GRIP1,a010f1d8c9ab7da4a2baa5309d989036255bc114a08dc91ddd8b9fb358af4929,moved_toward_benign,0.04982759458384988,moved_toward_benign,True,extra_trees,moved_toward_benign,moved_toward_benign,True,moved_toward_benign,review_pending,human_review_not_completed,not_reviewed,"[""vcv_missing""]",-2.0,True,extra_trees was selected only from this outer fold's training data; this component was excluded.
2037049,FBXO7,d61ec220d09606d372769ff525a93ca141174e48de556f76dc7c71fb3160bdb4,moved_toward_benign,0.037126514539605505,moved_toward_benign,True,extra_trees,moved_toward_benign,moved_toward_benign,True,moved_toward_benign,review_pending,human_review_not_completed,not_reviewed,"[""vcv_missing""]",-2.0,True,extra_trees was selected only from this outer fold's training data; this component was excluded.
2187929,TMEM132E,479d7b6fae99817e846a7c180c2b55e0f7ed85e3e4505895902c4a04ba5bb6dc,moved_toward_benign,0.03708914926532511,moved_toward_benign,True,extra_trees,moved_toward_benign,moved_toward_benign,True,moved_toward_benign,review_pending,human_review_not_completed,not_reviewed,"[""vcv_missing"",""possible_related_component_group""]",-2.0,True,extra_trees was selected only from this outer fold's training data; this component was excluded.
1477671,DGAT1,8f3861789a621e7d4a46e8c803b5306522decd2628c22b4a19721f319ccdea63,moved_toward_benign,0.06276920888937894,moved_toward_benign,True,extra_trees,moved_toward_benign,moved_toward_benign,True,moved_toward_benign,review_pending,human_review_not_completed,not_reviewed,"[""vcv_missing"",""possible_related_component_group""]",-2.0,True,extra_trees was selected only from this outer fold's training data; this component was excluded.
1506618,YME1L1,740746cbf9ec73fabad3e13e8db7fd762171bdf28f3eec3b3eed17cc85ff1d05,moved_toward_benign,0.06601897103512123,moved_toward_benign,True,extra_trees,moved_toward_benign,moved_toward_benign,True,moved_toward_benign,review_pending,human_review_not_completed,not_reviewed,"[""vcv_missing"",""possible_related_component_group""]",-2.0,True,extra_trees was selected only from this outer fold's training data; this component was excluded.
2076820,SLIT2,df5f1c0399e920456f45732d14d92677ab0697a34d4ab614e15f3e705e430f40,moved_toward_benign,0.06276920888937894,moved_toward_benign,True,extra_trees,moved_toward_benign,moved_toward_benign,True,moved_toward_benign,review_pending,human_review_not_completed,not_reviewed,"[""vcv_missing""]",-2.0,True,extra_trees was selected only from this outer fold's training data; this component was excluded.
1451010,LOXL3,239e35012c9f105dbeb791b817c1843fc996c4fecf36b97c0c0b6cda5c34d99c,moved_toward_benign,0.03895023627496105,moved_toward_benign,True,extra_trees,moved_toward_benign,moved_toward_benign,True,moved_toward_benign,review_pending,human_review_not_completed,not_reviewed,"[""vcv_missing"",""possible_related_component_group""]",-2.0,True,extra_trees was selected only from this outer fold's training data; this component was excluded.
2071473,SLC24A5,4547463f108392cf54b39c87dff2a0f02a0a390bdc973e06221665171eb6d189,moved_toward_benign,0.05766029563173289,moved_toward_benign,True,extra_trees,moved_toward_benign,moved_toward_benign,True,moved_toward_benign,review_pending,human_review_not_completed,not_reviewed,"[""vcv_missing"",""possible_related_component_group""]",-2.0,True,extra_trees was selected only from this outer fold's training data; this component was excluded.
1422954,COQ4,6ce9d09feb37535741f38300f6219c0e869b129508a36dfc57b9314c556c9d1c,moved_toward_benign,0.005544287490817379,moved_toward_benign,True,extra_trees,moved_toward_benign,moved_toward_benign,True,moved_toward_benign,review_pending,human_review_not_completed,not_reviewed,"[""vcv_missing""]",-2.0,True,extra_trees was selected only from this outer fold's training data; this component was excluded.
1498320,NKX6-2,260d75337dd0e97e74346eafdada930864c13e2918838ac6daf859a35d862885,moved_toward_benign,0.026674324416741974,moved_toward_benign,True,random_forest,moved_toward_benign,moved_toward_benign,True,moved_toward_benign,review_pending,human_review_not_completed,not_reviewed,"[""vcv_missing"",""possible_related_component_group""]",-2.0,True,random_forest was selected only from this outer fold's training data; this component was excluded.
2170623,ERCC6,76cebef133ef4432e656899ee466e0b05f2f6ee431f6a625b4cfd734cf8aec3c,moved_toward_benign,0.026674324416741974,moved_toward_benign,True,random_forest,moved_toward_benign,moved_toward_benign,True,moved_toward_benign,review_pending,human_review_not_completed,not_reviewed,"[""vcv_missing"",""possible_related_component_group""]",-2.0,True,random_forest was selected only from this outer fold's training data; this component was excluded.
1360465,CARD8,17ce5ab310550e5bad62ef6e83bc9e9828fcb9765eefb70dbaddaf6fb341e598,moved_toward_benign,0.03999650064134159,moved_toward_benign,True,extra_trees,moved_toward_benign,moved_toward_benign,True,moved_toward_benign,review_pending,human_review_not_completed,not_reviewed,"[""vcv_missing""]",-2.0,True,extra_trees was selected only from this outer fold's training data; this component was excluded.
1447025,DMXL2,14d199a03baa5a7b45de4019f285b9ee15d1fed332c7ae79ff1d2cca7085403e,moved_toward_benign,0.03999650064134159,moved_toward_benign,True,extra_trees,moved_toward_benign,moved_toward_benign,True,moved_toward_benign,review_pending,human_review_not_completed,not_reviewed,"[""vcv_missing"",""possible_related_component_group""]",-2.0,True,extra_trees was selected only from this outer fold's training data; this component was excluded.
1940277,KLHL7,3fcda356148ded9d9f16abf7e73dd4303807c1a3992b7a7e78142afcd929c236,moved_toward_benign,0.04977500866925913,moved_toward_benign,True,extra_trees,moved_toward_benign,moved_toward_benign,True,moved_toward_benign,review_pending,human_review_not_completed,not_reviewed,"[""vcv_missing""]",-2.0,True,extra_trees was selected only from this outer fold's training data; this component was excluded.
2156669,TBX6,fa6046eefde09905d439fd4572b777a066642929fe28e988c2d55bbd5ee8abf0,moved_toward_benign,0.026674324416741974,moved_toward_benign,True,random_forest,moved_toward_benign,moved_toward_benign,True,moved_toward_benign,review_pending,human_review_not_completed,not_reviewed,"[""vcv_missing""]",-2.0,True,random_forest was selected only from this outer fold's training data; this component was excluded.
2066384,TRAF3,92506b117b3143141a7d67b64199c98c5d51bcdcf4e0e54c72947248010c0c4f,moved_toward_benign,0.037663923598491245,moved_toward_benign,True,extra_trees,moved_toward_benign,moved_toward_benign,True,moved_toward_benign,review_pending,human_review_not_completed,not_reviewed,"[""vcv_missing""]",-2.0,True,extra_trees was selected only from this outer fold's training data; this component was excluded.
2195890,ALDH1A3,9bf70b69a57be0b0b403dcc2c8c723069e95c9eba0320666b773bbbe18b5028c,moved_toward_benign,0.04977500866925913,moved_toward_benign,True,extra_trees,moved_toward_benign,moved_toward_benign,True,moved_toward_benign,review_pending,human_review_not_completed,not_reviewed,"[""vcv_missing"",""possible_related_component_group""]",-2.0,True,extra_trees was selected only from this outer fold's training data; this component was excluded.
2419611,VCL,13206c86bda7a59173745eeb804150dedddbc2df3ea0162a92832efad3464583,moved_toward_benign,0.037663923598491245,moved_toward_benign,True,extra_trees,moved_toward_benign,moved_toward_benign,True,moved_toward_benign,review_pending,human_review_not_completed,not_reviewed,"[""vcv_missing"",""possible_related_component_group""]",-2.0,True,extra_trees was selected only from this outer fold's training data; this component was excluded.
2161387,HPS4,0293dccfbde7731f360043ce864e207930c60c064622c523ae8a451b9e305101,moved_toward_benign,0.04001343967839811,moved_toward_benign,True,extra_trees,moved_toward_benign,moved_toward_benign,True,moved_toward_benign,review_pending,human_review_not_completed,not_reviewed,"[""vcv_missing"",""possible_related_component_group""]",-2.0,True,extra_trees was selected only from this outer fold's training data; this component was excluded.
2179027,SIGMAR1,95f90528b7f49d076c68b32babf71f93d62a9497a1a0fc17beeb195bea20c1f4,moved_toward_benign,0.04001343967839811,moved_toward_benign,True,extra_trees,moved_toward_benign,moved_toward_benign,True,moved_toward_benign,review_pending,human_review_not_completed,not_reviewed,"[""vcv_missing""]",-2.0,True,extra_trees was selected only from this outer fold's training data; this component was excluded.
2070709,DNAH9,c089a159273d9c4bfb1b813e809f14b2663464947ed86f29166d4aa021509a88,moved_toward_benign,0.026674324416741974,moved_toward_benign,True,random_forest,moved_toward_benign,moved_toward_benign,True,moved_toward_benign,review_pending,human_review_not_completed,not_reviewed,"[""vcv_missing"",""possible_related_component_group""]",-2.0,True,random_forest was selected only from this outer fold's training data; this component was excluded.
2070968,ITPA,a6bf4a542cff60b9fef9d67834922032f78ccaba92474bb80eaa6ed5a6c78ae6,moved_toward_benign,0.04001343967839811,moved_toward_benign,True,extra_trees,moved_toward_benign,moved_toward_benign,True,moved_toward_benign,review_pending,human_review_not_completed,not_reviewed,"[""vcv_missing"",""possible_related_component_group""]",-2.0,True,extra_trees was selected only from this outer fold's training data; this component was excluded.
1930545,SCP2,05cf37c342914ce120a87094d47c7b416b4e841356529213f0aed9bcc3109adc,moved_toward_benign,0.049219985148519135,moved_toward_benign,True,extra_trees,moved_toward_benign,moved_toward_benign,True,moved_toward_benign,review_pending,human_review_not_completed,not_reviewed,"[""vcv_missing"",""possible_related_component_group""]",-2.0,True,extra_trees was selected only from this outer fold's training data; this component was excluded.
1936670,GFER,4e6685273255adb66ce8a775fe3d9afda6bed808d15301fc15ffd9344cc622e1,moved_toward_benign,0.026674324416741974,moved_toward_benign,True,random_forest,moved_toward_benign,moved_toward_benign,True,moved_toward_benign,review_pending,human_review_not_completed,not_reviewed,"[""vcv_missing""]",-2.0,True,random_forest was selected only from this outer fold's training data; this component was excluded.
2196963,SLC25A3,b081cde671bf238a96b373c12711aec84bbfa3be02fcd3f81ad164c96b895957,moved_toward_benign,0.03700324570407308,moved_toward_benign,True,extra_trees,moved_toward_benign,moved_toward_benign,True,moved_toward_benign,review_pending,human_review_not_completed,not_reviewed,"[""vcv_missing""]",-2.0,True,extra_trees was selected only from this outer fold's training data; this component was excluded.
2059448,BGN,9602491c95dfb21feff4c291a5a5c5603ecb6e9bbec3eda13938c3213c2c1f17,moved_toward_benign,0.026674324416741974,moved_toward_benign,True,random_forest,moved_toward_benign,moved_toward_benign,True,moved_toward_benign,review_pending,human_review_not_completed,not_reviewed,"[""vcv_missing"",""possible_related_component_group""]",-2.0,True,random_forest was selected only from this outer fold's training data; this component was excluded.
2059931,RNF168,4bc93ac7efe2375103ff95393416bbb49e548b80a0537a438e048b24eb82d560,moved_toward_benign,0.04001343967839811,moved_toward_benign,True,extra_trees,moved_toward_benign,moved_toward_benign,True,moved_toward_benign,review_pending,human_review_not_completed,not_reviewed,"[""vcv_missing"",""possible_related_component_group""]",-2.0,True,extra_trees was selected only from this outer fold's training data; this component was excluded.
2150422,DNA2,b61330780101a3e534e4ccecf1d695e4dc2135c9693740b7efe6b787c721ee2b,moved_toward_benign,0.049051354820362825,moved_toward_benign,True,extra_trees,moved_toward_benign,moved_toward_benign,True,moved_toward_benign,review_pending,human_review_not_completed,not_reviewed,"[""vcv_missing"",""possible_related_component_group""]",-2.0,True,extra_trees was selected only from this outer fold's training data; this component was excluded.
1911548,OBSL1,a305b113f157540ab2f3f2f938192b31dafee9ebe1570bc29dd5ee982caf51cf,moved_toward_benign,0.04001343967839811,moved_toward_benign,True,extra_trees,moved_toward_benign,moved_toward_benign,True,moved_toward_benign,review_pending,human_review_not_completed,not_reviewed,"[""vcv_missing"",""possible_related_component_group""]",-2.0,True,extra_trees was selected only from this outer fold's training data; this component was excluded.
2057776,CLPP,4c2458c79aa032e16bf5f7f34088bdbd3d1b8aaa63914e83d1728dd7bc8c5ac4,moved_toward_benign,0.049051354820362825,moved_toward_benign,True,extra_trees,moved_toward_benign,moved_toward_benign,True,moved_toward_benign,review_pending,human_review_not_completed,not_reviewed,"[""vcv_missing"",""possible_related_component_group""]",-2.0,True,extra_trees was selected only from this outer fold's training data; this component was excluded.
2059040,SLC13A3,008bc24b3365063b8c0b5e84b987ee6147543239102c780b4969683ffe74ca91,moved_toward_benign,0.04001343967839811,moved_toward_benign,True,extra_trees,moved_toward_benign,moved_toward_benign,True,moved_toward_benign,review_pending,human_review_not_completed,not_reviewed,"[""vcv_missing"",""possible_related_component_group""]",-2.0,True,extra_trees was selected only from this outer fold's training data; this component was excluded.
2157605,EFEMP2,a3c5f74c95c806a900ab04594fab98eaeabcc759b7e0f23d45d799ce916cd7fe,moved_toward_benign,0.026674324416741974,moved_toward_benign,True,random_forest,moved_toward_benign,moved_toward_benign,True,moved_toward_benign,review_pending,human_review_not_completed,not_reviewed,"[""vcv_missing"",""possible_related_component_group""]",-2.0,True,random_forest was selected only from this outer fold's training data; this component was excluded.
2054062,CLTC,0d8d6033ef9c2272edb96c2bbb21dbbbc9968f4d01b835a8b01dd982181e5e73,moved_toward_benign,0.03803211096478023,moved_toward_benign,True,extra_trees,moved_toward_benign,moved_toward_benign,True,moved_toward_benign,review_pending,human_review_not_completed,not_reviewed,"[""vcv_missing"",""possible_related_component_group""]",-2.0,True,extra_trees was selected only from this outer fold's training data; this component was excluded.
2054672,MPDZ,15ff9c426183800ae857adc866d424d8168f22daafe1cca23e5270ba8cb9e8a5,moved_toward_benign,0.005544287490817379,moved_toward_benign,True,extra_trees,moved_toward_benign,moved_toward_benign,True,moved_toward_benign,review_pending,human_review_not_completed,not_reviewed,"[""vcv_missing"",""possible_related_component_group""]",-2.0,True,extra_trees was selected only from this outer fold's training data; this component was excluded.
2055041,PPCS,d195f7407231df7fadc0198acaaacc3cfd2a3b391103aacc59b947b707c352da,moved_toward_benign,0.049051354820362825,moved_toward_benign,True,extra_trees,moved_toward_benign,moved_toward_benign,True,moved_toward_benign,review_pending,human_review_not_completed,not_reviewed,"[""vcv_missing"",""possible_related_component_group""]",-2.0,True,extra_trees was selected only from this outer fold's training data; this component was excluded.
1978258,PFN1,4f506c3a73003c42f01f8a8a9fe84de894d8a1fa5b382a17af28b43c210262d3,moved_toward_benign,0.04001343967839811,moved_toward_benign,True,extra_trees,moved_toward_benign,moved_toward_benign,True,moved_toward_benign,review_pending,human_review_not_completed,not_reviewed,"[""vcv_missing""]",-2.0,True,extra_trees was selected only from this outer fold's training data; this component was excluded.
2052233,DNASE1L3,a46c09a3c9531925631fb325642b087eede91bf51d2e44be86915843f8cf25c3,moved_toward_benign,0.026674324416741974,moved_toward_benign,True,random_forest,moved_toward_benign,moved_toward_benign,True,moved_toward_benign,review_pending,human_review_not_completed,not_reviewed,"[""vcv_missing"",""possible_related_component_group""]",-2.0,True,random_forest was selected only from this outer fold's training data; this component was excluded.
2163192,GYG1,c35b8d45aa2ffa8c681f5fe3546d62ebd51c2b45249e17ee682e5dac90e4acc3,moved_toward_benign,0.04001343967839811,moved_toward_benign,True,extra_trees,moved_toward_benign,moved_toward_benign,True,moved_toward_benign,review_pending,human_review_not_completed,not_reviewed,"[""vcv_missing""]",-2.0,True,extra_trees was selected only from this outer fold's training data; this component was excluded.
1921663,LRRK1,9bf70b69a57be0b0b403dcc2c8c723069e95c9eba0320666b773bbbe18b5028c,moved_toward_benign,0.049051354820362825,moved_toward_benign,True,extra_trees,moved_toward_benign,moved_toward_benign,True,moved_toward_benign,review_pending,human_review_not_completed,not_reviewed,"[""vcv_missing"",""possible_related_component_group""]",-2.0,True,extra_trees was selected only from this outer fold's training data; this component was excluded.
1364406,PEX13,b88f97bc03ee41c03b2de8a131a0a6571adc534f7852494c969eac20812681e9,moved_toward_benign,0.040497452982509986,moved_toward_benign,True,extra_trees,moved_toward_benign,moved_toward_benign,True,moved_toward_benign,review_pending,human_review_not_completed,not_reviewed,"[""vcv_missing"",""possible_related_component_group""]",-2.0,True,extra_trees was selected only from this outer fold's training data; this component was excluded.
1415664,TBX3,772fdd1bfc7b2a2e5472d4331fb106860c4eba45da6a7e972fafaa6fc09f1a5d,moved_toward_benign,0.040497452982509986,moved_toward_benign,True,extra_trees,moved_toward_benign,moved_toward_benign,True,moved_toward_benign,review_pending,human_review_not_completed,not_reviewed,"[""vcv_missing"",""possible_related_component_group""]",-2.0,True,extra_trees was selected only from this outer fold's training data; this component was excluded.
2044052,HMCN1,26144d54d9619fa86962dd08f8ce978e2b293eaab9b07e008daad88a13969926,moved_toward_benign,0.05599500822775859,moved_toward_benign,True,extra_trees,moved_toward_benign,moved_toward_benign,True,moved_toward_benign,review_pending,human_review_not_completed,not_reviewed,"[""vcv_missing"",""possible_related_component_group""]",-2.0,True,extra_trees was selected only from this outer fold's training data; this component was excluded.
2160818,GHRHR,3dc43e86e5ca89fa2237473bede66fe94c7719ca16144581bc1f45260cda9346,moved_toward_benign,0.08116248990308467,moved_toward_benign,True,extra_trees,moved_toward_benign,moved_toward_benign,True,moved_toward_benign,review_pending,human_review_not_completed,not_reviewed,"[""vcv_missing"",""possible_related_component_group""]",-2.0,True,extra_trees was selected only from this outer fold's training data; this component was excluded.
1934179,CASZ1,4342da67c1fea113d747242df7008683b36f42c9ba4f2b18e4b04beb29df8b71,moved_toward_benign,0.02944205340707978,moved_toward_benign,True,random_forest,moved_toward_benign,moved_toward_benign,True,moved_toward_benign,review_pending,human_review_not_completed,not_reviewed,"[""vcv_missing"",""possible_related_component_group""]",-2.0,True,random_forest was selected only from this outer fold's training data; this component was excluded.
2420786,SLC44A4,592494d2b1b44f0ddd39e2e17dab770fedda4e71484d61bd72a1a59acc6b6c3a,moved_toward_benign,0.049051354820362825,moved_toward_benign,True,extra_trees,moved_toward_benign,moved_toward_benign,True,moved_toward_benign,review_pending,human_review_not_completed,not_reviewed,"[""vcv_missing"",""possible_related_component_group""]",-2.0,True,extra_trees was selected only from this outer fold's training data; this component was excluded.
1432429,TMEM132E,479d7b6fae99817e846a7c180c2b55e0f7ed85e3e4505895902c4a04ba5bb6dc,moved_toward_benign,0.03737722718539341,moved_toward_benign,True,extra_trees,moved_toward_benign,moved_toward_benign,True,moved_toward_benign,review_pending,human_review_not_completed,not_reviewed,"[""vcv_missing"",""possible_related_component_group""]",-2.0,True,extra_trees was selected only from this outer fold's training data; this component was excluded.
2037498,APC2,a74cf71ce0b35418b2ec30c07af03d06dc1029819e4ea855d22e8ae57ed33622,moved_toward_benign,0.049051354820362825,moved_toward_benign,True,extra_trees,moved_toward_benign,moved_toward_benign,True,moved_toward_benign,review_pending,human_review_not_completed,not_reviewed,"[""vcv_missing""]",-2.0,True,extra_trees was selected only from this outer fold's training data; this component was excluded.
2178243,LAMA1,0c22327c8f1eb5cc72eb37394a1df18dd6d40a0d159c0421a0daab035da0a143,moved_toward_benign,0.03737722718539341,moved_toward_benign,True,extra_trees,moved_toward_benign,moved_toward_benign,True,moved_toward_benign,review_pending,human_review_not_completed,not_reviewed,"[""vcv_missing"",""possible_related_component_group""]",-2.0,True,extra_trees was selected only from this outer fold's training data; this component was excluded.
1400064,NTRK2,1b08944dbbc27fc316c2d9743a9709917bf9e969e31059087f007c3d048e7a4b,moved_toward_benign,0.02944205340707978,moved_toward_benign,True,random_forest,moved_toward_benign,moved_toward_benign,True,moved_toward_benign,review_pending,human_review_not_completed,not_reviewed,"[""vcv_missing"",""possible_related_component_group""]",-2.0,True,random_forest was selected only from this outer fold's training data; this component was excluded.
1394415,UGT1A1,3f1003fd8f08df3647101e68092653a51f5a365a1fbb7e2fdba64fad35432c2a,moved_toward_benign,0.005900283722184919,moved_toward_benign,True,extra_trees,moved_toward_benign,moved_toward_benign,True,moved_toward_benign,review_pending,human_review_not_completed,not_reviewed,"[""vcv_missing"",""possible_related_component_group""]",-2.0,True,extra_trees was selected only from this outer fold's training data; this component was excluded.
1461382,AARS2,53e5803f1b646cbc814f99c6fe286a85caa05bcc30fa91483f621c4c2e4b6680,moved_toward_benign,0.04012718403760961,moved_toward_benign,True,extra_trees,moved_toward_benign,moved_toward_benign,True,moved_toward_benign,review_pending,human_review_not_completed,not_reviewed,"[""vcv_missing""]",-2.0,True,extra_trees was selected only from this outer fold's training data; this component was excluded.
1465577,SLC6A9,1d62d2d0b6389e0a27e1527d65653915a1bc69dcaae9c87b015b559c892e71b0,moved_toward_benign,0.02944205340707978,moved_toward_benign,True,random_forest,moved_toward_benign,moved_toward_benign,True,moved_toward_benign,review_pending,human_review_not_completed,not_reviewed,"[""vcv_missing""]",-2.0,True,random_forest was selected only from this outer fold's training data; this component was excluded.
1357930,HIBCH,8f1fc0665ac85464808fb81236ed7e505ba5cf989f78297a082f54770adc423d,moved_toward_benign,0.008000826519218794,moved_toward_benign,True,extra_trees,moved_toward_benign,moved_toward_benign,True,moved_toward_benign,review_pending,human_review_not_completed,not_reviewed,"[""vcv_missing""]",-2.0,True,extra_trees was selected only from this outer fold's training data; this component was excluded.
1391370,POLG2,3e37ce83084f70c657c11c51958205cad70f5daa5cd9db0fdbf53c62b78ab11a,moved_toward_benign,0.008000826519218794,moved_toward_benign,True,extra_trees,moved_toward_benign,moved_toward_benign,True,moved_toward_benign,review_pending,human_review_not_completed,not_reviewed,"[""vcv_missing""]",-2.0,True,extra_trees was selected only from this outer fold's training data; this component was excluded.
1391817,GLUL,baa5dc2d3f640d88a2a30fa4ca1560d88e4837f5783984ba76b4fc0fbcbf5877,moved_toward_benign,0.04073699273124445,moved_toward_benign,True,extra_trees,moved_toward_benign,moved_toward_benign,True,moved_toward_benign,review_pending,human_review_not_completed,not_reviewed,"[""vcv_missing""]",-2.0,True,extra_trees was selected only from this outer fold's training data; this component was excluded.
1397087,FBLN1,93c82c161fb1b5ff65ebcf0adc1c6fa639cbb298bf844b2ee9f81ac20476d30b,moved_toward_benign,0.04073699273124445,moved_toward_benign,True,extra_trees,moved_toward_benign,moved_toward_benign,True,moved_toward_benign,review_pending,human_review_not_completed,not_reviewed,"[""vcv_missing""]",-2.0,True,extra_trees was selected only from this outer fold's training data; this component was excluded.
1409094,EIF2B2,3b37edd4103a2465abd80c43e7da4b1b54ca5c3bd04835543ea2fe190ebef357,moved_toward_benign,0.008000826519218794,moved_toward_benign,True,extra_trees,moved_toward_benign,moved_toward_benign,True,moved_toward_benign,review_pending,human_review_not_completed,not_reviewed,"[""vcv_missing""]",-2.0,True,extra_trees was selected only from this outer fold's training data; this component was excluded.
1496106,PCDH12,90e2a81359ebdea96c880452eb39142d264eb6d5d9faa3c588f8d49e035afdbd,moved_toward_benign,0.036517327687805114,moved_toward_benign,True,extra_trees,moved_toward_benign,moved_toward_benign,True,moved_toward_benign,review_pending,human_review_not_completed,not_reviewed,"[""vcv_missing"",""possible_related_component_group""]",-2.0,True,extra_trees was selected only from this outer fold's training data; this component was excluded.
1681279,MYORG,aa67b40c50678a93316bc37d8c40eb999855de4bf1c97556a55a15416214c88f,moved_toward_benign,0.02966932613435251,moved_toward_benign,True,random_forest,moved_toward_benign,moved_toward_benign,True,moved_toward_benign,review_pending,human_review_not_completed,not_reviewed,"[""vcv_missing""]",-2.0,True,random_forest was selected only from this outer fold's training data; this component was excluded.
1991087,ATP8A2,321fadf24a9e46d754275ac7aa1e7bce9c4bf438ce01e636997f9332900eca11,moved_toward_benign,0.04980857933670053,moved_toward_benign,True,extra_trees,moved_toward_benign,moved_toward_benign,True,moved_toward_benign,review_pending,human_review_not_completed,not_reviewed,"[""vcv_missing"",""possible_related_component_group""]",-2.0,True,extra_trees was selected only from this outer fold's training data; this component was excluded.
1507563,CLCN6,d4c8997e91d1f571e0ff6ad7d039b19adf05994168adf4edf8c56cee70420a40,moved_toward_benign,0.005619327468961583,moved_toward_benign,True,extra_trees,moved_toward_benign,moved_toward_benign,True,moved_toward_benign,review_pending,human_review_not_completed,not_reviewed,"[""vcv_missing"",""possible_related_component_group""]",-2.0,True,extra_trees was selected only from this outer fold's training data; this component was excluded.
1365048,ACE,bd006b42bb31cb6dc9663fefe9cd340819340e395704bbed6e0e800baf5697af,moved_toward_benign,0.03635521786680582,moved_toward_benign,True,extra_trees,moved_toward_benign,moved_toward_benign,True,moved_toward_benign,review_pending,human_review_not_completed,not_reviewed,"[""vcv_missing""]",-2.0,True,extra_trees was selected only from this outer fold's training data; this component was excluded.
1682037,MESD,66456d7ca3513975f6743b21fcf1b12469e3c1535153714767c6aae62c284fb0,moved_toward_benign,0.03635521786680582,moved_toward_benign,True,extra_trees,moved_toward_benign,moved_toward_benign,True,moved_toward_benign,review_pending,human_review_not_completed,not_reviewed,"[""vcv_missing""]",-2.0,True,extra_trees was selected only from this outer fold's training data; this component was excluded.
1435463,TBX3,772fdd1bfc7b2a2e5472d4331fb106860c4eba45da6a7e972fafaa6fc09f1a5d,moved_toward_benign,0.036097705740106185,moved_toward_benign,True,extra_trees,moved_toward_benign,moved_toward_benign,True,moved_toward_benign,review_pending,human_review_not_completed,not_reviewed,"[""vcv_missing"",""possible_related_component_group""]",-2.0,True,extra_trees was selected only from this outer fold's training data; this component was excluded.
1423938,GTPBP3,2bb61eda2a0d0a17a186158bc165c48dd516b19e030841b8d68cf88d72267625,moved_toward_benign,0.04001343967839811,moved_toward_benign,True,extra_trees,moved_toward_benign,moved_toward_benign,True,moved_toward_benign,review_pending,human_review_not_completed,not_reviewed,"[""vcv_missing""]",-2.0,True,extra_trees was selected only from this outer fold's training data; this component was excluded.
1429658,AP3B2,e9c37968c9def264dac99d0d162378ce7ff7fa0e9cb4f8d9a4f61f83aaa80ba6,moved_toward_benign,0.02520424933683583,moved_toward_benign,True,random_forest,moved_toward_benign,moved_toward_benign,True,moved_toward_benign,review_pending,human_review_not_completed,not_reviewed,"[""vcv_missing"",""possible_related_component_group""]",-2.0,True,random_forest was selected only from this outer fold's training data; this component was excluded.
1374528,RPS26,60bd57c6e4bb7412b02e6ba9333f6707a9c54eea1fb5c0ae50e864f6eb831eda,moved_toward_benign,0.04001343967839811,moved_toward_benign,True,extra_trees,moved_toward_benign,moved_toward_benign,True,moved_toward_benign,review_pending,human_review_not_completed,not_reviewed,"[""vcv_missing""]",-2.0,True,extra_trees was selected only from this outer fold's training data; this component was excluded.
1393255,CREB3L1,0e827a8a7a12a7c5afd02a31d127eb7497f98aa9415ebf0c2e7b8dde12b784c7,moved_toward_benign,0.005518238171794124,moved_toward_benign,True,extra_trees,moved_toward_benign,moved_toward_benign,True,moved_toward_benign,review_pending,human_review_not_completed,not_reviewed,"[""vcv_missing"",""possible_related_component_group""]",-2.0,True,extra_trees was selected only from this outer fold's training data; this component was excluded.
1478446,ADAMTSL4,44f53dc89b86f314e1710106c1df9090d107d4cc8d41a27d8bbe8623bfcc4b1d,moved_toward_benign,0.02520424933683583,moved_toward_benign,True,random_forest,moved_toward_benign,moved_toward_benign,True,moved_toward_benign,review_pending,human_review_not_completed,not_reviewed,"[""vcv_missing"",""possible_related_component_group""]",-2.0,True,random_forest was selected only from this outer fold's training data; this component was excluded.
1399299,TBC1D7,8f990f3b4187ddc40037674a148383955beeb6a38d9e3905fbefbce74edfb344,moved_toward_benign,0.005518238171794124,moved_toward_benign,True,extra_trees,moved_toward_benign,moved_toward_benign,True,moved_toward_benign,review_pending,human_review_not_completed,not_reviewed,"[""vcv_missing""]",-2.0,True,extra_trees was selected only from this outer fold's training data; this component was excluded.
1392447,B3GAT3,d28fef7b4cb3be181cfb074879763ee7b13c08c3899244bead43030ff2fa2c12,moved_toward_benign,0.049051354820362825,moved_toward_benign,True,extra_trees,moved_toward_benign,moved_toward_benign,True,moved_toward_benign,review_pending,human_review_not_completed,not_reviewed,"[""vcv_missing"",""possible_related_component_group""]",-2.0,True,extra_trees was selected only from this outer fold's training data; this component was excluded.
1429238,NDUFA12,fcd2ab23bbfac0902bba74ee8eaefcbb9185debb727229cf774bfd7c44a0bcc0,moved_toward_benign,0.04001343967839811,moved_toward_benign,True,extra_trees,moved_toward_benign,moved_toward_benign,True,moved_toward_benign,review_pending,human_review_not_completed,not_reviewed,"[""vcv_missing"",""possible_related_component_group""]",-2.0,True,extra_trees was selected only from this outer fold's training data; this component was excluded.
1346420,GHRHR,3dc43e86e5ca89fa2237473bede66fe94c7719ca16144581bc1f45260cda9346,moved_toward_benign,0.049051354820362825,moved_toward_benign,True,extra_trees,moved_toward_benign,moved_toward_benign,True,moved_toward_benign,review_pending,human_review_not_completed,not_reviewed,"[""vcv_missing"",""possible_related_component_group""]",-2.0,True,extra_trees was selected only from this outer fold's training data; this component was excluded.
1463842,PEX11B,609cfe3a086fd63a9cc905885a43249a436a1a78068d9ae2fb403f92a8f492fc,moved_toward_benign,0.02520424933683583,moved_toward_benign,True,random_forest,moved_toward_benign,moved_toward_benign,True,moved_toward_benign,review_pending,human_review_not_completed,not_reviewed,"[""vcv_missing""]",-2.0,True,random_forest was selected only from this outer fold's training data; this component was excluded.
1410194,DBH,bf019b6322822fd4a664300f27e999839904b47ce77411d398e533ad9a8121c7,moved_toward_benign,0.02520424933683583,moved_toward_benign,True,random_forest,moved_toward_benign,moved_toward_benign,True,moved_toward_benign,review_pending,human_review_not_completed,not_reviewed,"[""vcv_missing""]",-2.0,True,random_forest was selected only from this outer fold's training data; this component was excluded.
1391231,ERBIN,c6750b613407d67c845d796a86c12f47603aedba65299f05b42f8c6ba36ae55a,moved_toward_benign,0.02520424933683583,moved_toward_benign,True,random_forest,moved_toward_benign,moved_toward_benign,True,moved_toward_benign,review_pending,human_review_not_completed,not_reviewed,"[""vcv_missing"",""possible_related_component_group""]",-2.0,True,random_forest was selected only from this outer fold's training data; this component was excluded.
1366043,HMCN1,26144d54d9619fa86962dd08f8ce978e2b293eaab9b07e008daad88a13969926,moved_toward_benign,0.049051354820362825,moved_toward_benign,True,extra_trees,moved_toward_benign,moved_toward_benign,True,moved_toward_benign,review_pending,human_review_not_completed,not_reviewed,"[""vcv_missing"",""possible_related_component_group""]",-2.0,True,extra_trees was selected only from this outer fold's training data; this component was excluded.
1448944,STAT4,7da5985efa2855e34744f4a34dc01b46b0d5723b7888b3095d21c46d8f6c2dc7,moved_toward_benign,0.005518238171794124,moved_toward_benign,True,extra_trees,moved_toward_benign,moved_toward_benign,True,moved_toward_benign,review_pending,human_review_not_completed,not_reviewed,"[""vcv_missing"",""possible_related_component_group""]",-2.0,True,extra_trees was selected only from this outer fold's training data; this component was excluded.
1450684,DGAT1,8f3861789a621e7d4a46e8c803b5306522decd2628c22b4a19721f319ccdea63,moved_toward_benign,0.049051354820362825,moved_toward_benign,True,extra_trees,moved_toward_benign,moved_toward_benign,True,moved_toward_benign,review_pending,human_review_not_completed,not_reviewed,"[""vcv_missing"",""possible_related_component_group""]",-2.0,True,extra_trees was selected only from this outer fold's training data; this component was excluded.
1514424,MPDZ,15ff9c426183800ae857adc866d424d8168f22daafe1cca23e5270ba8cb9e8a5,moved_toward_benign,0.005518238171794124,moved_toward_benign,True,extra_trees,moved_toward_benign,moved_toward_benign,True,moved_toward_benign,review_pending,human_review_not_completed,not_reviewed,"[""vcv_missing"",""possible_related_component_group""]",-2.0,True,extra_trees was selected only from this outer fold's training data; this component was excluded.
1389538,MICU1,6b8768d597031035167f9f180014fd9163a78f05aa18a90ecc136e394b241b80,moved_toward_benign,0.03989208628027771,moved_toward_benign,True,extra_trees,moved_toward_benign,moved_toward_benign,True,moved_toward_benign,review_pending,human_review_not_completed,not_reviewed,"[""vcv_missing"",""possible_related_component_group""]",-2.0,True,extra_trees was selected only from this outer fold's training data; this component was excluded.
1488120,NPR2,c072b1f43ef71e93e4e43170bcc99b3624982886af28cb4e370fbbcd63ccec8e,moved_toward_benign,0.02520424933683583,moved_toward_benign,True,random_forest,moved_toward_benign,moved_toward_benign,True,moved_toward_benign,review_pending,human_review_not_completed,not_reviewed,"[""vcv_missing"",""possible_related_component_group""]",-2.0,True,random_forest was selected only from this outer fold's training data; this component was excluded.
1498488,CYP27A1,7b30044692fe3914571b2a0c2c8a7fadc3efd901b8614709691433cc9d06803e,moved_toward_benign,0.005518238171794124,moved_toward_benign,True,extra_trees,moved_toward_benign,moved_toward_benign,True,moved_toward_benign,review_pending,human_review_not_completed,not_reviewed,"[""vcv_missing"",""possible_related_component_group""]",-2.0,True,extra_trees was selected only from this outer fold's training data; this component was excluded.
1430775,PDE8B,ee490ade39fc33b319182e9e8fcc980e9712bbfc58cf6d9e44094a54e8a29819,moved_toward_benign,0.005518238171794124,moved_toward_benign,True,extra_trees,moved_toward_benign,moved_toward_benign,True,moved_toward_benign,review_pending,human_review_not_completed,not_reviewed,"[""vcv_missing""]",-2.0,True,extra_trees was selected only from this outer fold's training data; this component was excluded.
1387395,RASA2,2b6bf887f33c7d8dd7f87c345d5ce082f32914d36281f65e5697da0c63ccaadf,moved_toward_benign,0.048809371724148044,moved_toward_benign,True,extra_trees,moved_toward_benign,moved_toward_benign,True,moved_toward_benign,review_pending,human_review_not_completed,not_reviewed,"[""vcv_missing"",""possible_related_component_group""]",-2.0,True,extra_trees was selected only from this outer fold's training data; this component was excluded.
1410603,PLXNA2,96ae66e5de51bc1015b7e125724e5088db1b1e82a92729bd6512e0c45cc1377d,moved_toward_benign,0.03989208628027771,moved_toward_benign,True,extra_trees,moved_toward_benign,moved_toward_benign,True,moved_toward_benign,review_pending,human_review_not_completed,not_reviewed,"[""vcv_missing"",""possible_related_component_group""]",-2.0,True,extra_trees was selected only from this outer fold's training data; this component was excluded.
1468277,TFRC,9f604ba7f5da7daa4a751bffc0491f2e388fe42113de825bcd3fdbb2fde71141,moved_toward_benign,0.02520424933683583,moved_toward_benign,True,random_forest,moved_toward_benign,moved_toward_benign,True,moved_toward_benign,review_pending,human_review_not_completed,not_reviewed,"[""vcv_missing"",""possible_related_component_group""]",-2.0,True,random_forest was selected only from this outer fold's training data; this component was excluded.
1468856,B3GAT3,d28fef7b4cb3be181cfb074879763ee7b13c08c3899244bead43030ff2fa2c12,moved_toward_benign,0.048809371724148044,moved_toward_benign,True,extra_trees,moved_toward_benign,moved_toward_benign,True,moved_toward_benign,review_pending,human_review_not_completed,not_reviewed,"[""vcv_missing"",""possible_related_component_group""]",-2.0,True,extra_trees was selected only from this outer fold's training data; this component was excluded.
1362737,SORL1,a9322a1fd319d446c11490ec70867c3122ea883c076047392866cb51d98d8301,moved_toward_benign,0.02520424933683583,moved_toward_benign,True,random_forest,moved_toward_benign,moved_toward_benign,True,moved_toward_benign,review_pending,human_review_not_completed,not_reviewed,"[""vcv_missing""]",-2.0,True,random_forest was selected only from this outer fold's training data; this component was excluded.
1407147,HPS4,0293dccfbde7731f360043ce864e207930c60c064622c523ae8a451b9e305101,moved_toward_benign,0.03989208628027771,moved_toward_benign,True,extra_trees,moved_toward_benign,moved_toward_benign,True,moved_toward_benign,review_pending,human_review_not_completed,not_reviewed,"[""vcv_missing"",""possible_related_component_group""]",-2.0,True,extra_trees was selected only from this outer fold's training data; this component was excluded.
1407794,DNAJC6,d4a7c54fefb03b7e05a6badcf216a264e410f90b973254bf5448128438a21264,moved_toward_benign,0.048809371724148044,moved_toward_benign,True,extra_trees,moved_toward_benign,moved_toward_benign,True,moved_toward_benign,review_pending,human_review_not_completed,not_reviewed,"[""vcv_missing""]",-2.0,True,extra_trees was selected only from this outer fold's training data; this component was excluded.
1416682,ARHGEF1,3ce96a243ebbd8a05e61fa087cb25e1f88a93f58bc76b4f81d24afa6b68f9ae1,moved_toward_benign,0.03989208628027771,moved_toward_benign,True,extra_trees,moved_toward_benign,moved_toward_benign,True,moved_toward_benign,review_pending,human_review_not_completed,not_reviewed,"[""vcv_missing"",""possible_related_component_group""]",-2.0,True,extra_trees was selected only from this outer fold's training data; this component was excluded.
1441176,MYO15A,13c51c40afc54476d48070cab382e50bc330576cd548549d569649784edfcb76,moved_toward_benign,0.005518238171794124,moved_toward_benign,True,extra_trees,moved_toward_benign,moved_toward_benign,True,moved_toward_benign,review_pending,human_review_not_completed,not_reviewed,"[""vcv_missing"",""possible_related_component_group""]",-2.0,True,extra_trees was selected only from this outer fold's training data; this component was excluded.
1442648,PINK1,56c1fb46edde606cbd04486d6242625e4c26a4a29d89795ff84baef986e2bd02,moved_toward_benign,0.048809371724148044,moved_toward_benign,True,extra_trees,moved_toward_benign,moved_toward_benign,True,moved_toward_benign,review_pending,human_review_not_completed,not_reviewed,"[""vcv_missing"",""possible_related_component_group""]",-2.0,True,extra_trees was selected only from this outer fold's training data; this component was excluded.
1443140,WDR35,8e33340e58ab2fc991ec45c064d9518de1daecc0598a443910f24a3dbbdffcae,moved_toward_benign,0.005518238171794124,moved_toward_benign,True,extra_trees,moved_toward_benign,moved_toward_benign,True,moved_toward_benign,review_pending,human_review_not_completed,not_reviewed,"[""vcv_missing"",""possible_related_component_group""]",-2.0,True,extra_trees was selected only from this outer fold's training data; this component was excluded.
1444444,VPS13D,ec1daac1072790f023adf9f00162570b5ba448171e57456bb01a4ed4c5942ac4,moved_toward_benign,0.005518238171794124,moved_toward_benign,True,extra_trees,moved_toward_benign,moved_toward_benign,True,moved_toward_benign,review_pending,human_review_not_completed,not_reviewed,"[""vcv_missing"",""possible_related_component_group""]",-2.0,True,extra_trees was selected only from this outer fold's training data; this component was excluded.
1471798,SLC13A3,008bc24b3365063b8c0b5e84b987ee6147543239102c780b4969683ffe74ca91,moved_toward_benign,0.03989208628027771,moved_toward_benign,True,extra_trees,moved_toward_benign,moved_toward_benign,True,moved_toward_benign,review_pending,human_review_not_completed,not_reviewed,"[""vcv_missing"",""possible_related_component_group""]",-2.0,True,extra_trees was selected only from this outer fold's training data; this component was excluded.
1682761,ODAD3,e6c4efc839fe19d201e1769314d76f5bb6a8ec7ce6065ca6d9da9bf9c4480ee5,moved_toward_benign,0.02520424933683583,moved_toward_benign,True,random_forest,moved_toward_benign,moved_toward_benign,True,moved_toward_benign,review_pending,human_review_not_completed,not_reviewed,"[""vcv_missing""]",-2.0,True,random_forest was selected only from this outer fold's training data; this component was excluded.
1394198,TUBB3,44dac912eafb122038fe118edfa8eb8c8a8b8de3c8f1bd254b6b4e7473cb6406,moved_toward_benign,0.03989208628027771,moved_toward_benign,True,extra_trees,moved_toward_benign,moved_toward_benign,True,moved_toward_benign,review_pending,human_review_not_completed,not_reviewed,"[""vcv_missing"",""possible_related_component_group""]",-2.0,True,extra_trees was selected only from this outer fold's training data; this component was excluded.
1385711,SLC16A2,816c07ec45b72f5c630b8d127633952035e863f714a8692818e316cc80972ac0,moved_toward_benign,0.02520424933683583,moved_toward_benign,True,random_forest,moved_toward_benign,moved_toward_benign,True,moved_toward_benign,review_pending,human_review_not_completed,not_reviewed,"[""vcv_missing""]",-2.0,True,random_forest was selected only from this outer fold's training data; this component was excluded.
1385480,WDR35,8e33340e58ab2fc991ec45c064d9518de1daecc0598a443910f24a3dbbdffcae,moved_toward_benign,0.005518238171794124,moved_toward_benign,True,extra_trees,moved_toward_benign,moved_toward_benign,True,moved_toward_benign,review_pending,human_review_not_completed,not_reviewed,"[""vcv_missing"",""possible_related_component_group""]",-2.0,True,extra_trees was selected only from this outer fold's training data; this component was excluded.
1480035,LEMD3,2bc04ff777fa436f946cb6b7a6ee86c15df6bb34285e57b515fae4be3aeb5fcf,moved_toward_benign,0.02520424933683583,moved_toward_benign,True,random_forest,moved_toward_benign,moved_toward_benign,True,moved_toward_benign,review_pending,human_review_not_completed,not_reviewed,"[""vcv_missing""]",-2.0,True,random_forest was selected only from this outer fold's training data; this component was excluded.
1405230,PKD2,f53cc297a0486afb4b9015062984ba4ac59c3e7ec997ac555a9aa4ac26544898,moved_toward_benign,0.048836971735430765,moved_toward_benign,True,extra_trees,moved_toward_benign,moved_toward_benign,True,moved_toward_benign,review_pending,human_review_not_completed,not_reviewed,"[""vcv_missing"",""possible_related_component_group""]",-2.0,True,extra_trees was selected only from this outer fold's training data; this component was excluded.
1463023,SOX9,e235894692b885aee30fa91e932042e540bc094e808657ec451b887687046476,moved_toward_benign,0.02520424933683583,moved_toward_benign,True,random_forest,moved_toward_benign,moved_toward_benign,True,moved_toward_benign,review_pending,human_review_not_completed,not_reviewed,"[""vcv_missing"",""possible_related_component_group""]",-2.0,True,random_forest was selected only from this outer fold's training data; this component was excluded.
1491354,ASPM,650ac8a6c1b38439ff9f7b49f518c2d6b3f9166dd16c443ca6d024e0abebb3e2,moved_toward_benign,0.005518238171794124,moved_toward_benign,True,extra_trees,moved_toward_benign,moved_toward_benign,True,moved_toward_benign,review_pending,human_review_not_completed,not_reviewed,"[""vcv_missing"",""possible_related_component_group""]",-2.0,True,extra_trees was selected only from this outer fold's training data; this component was excluded.
1398052,TSFM,b0b8b32a03727c538d6261c9230f5fe8b3a6238bf21ab1d33ab37be3311789c0,moved_toward_benign,0.048836971735430765,moved_toward_benign,True,extra_trees,moved_toward_benign,moved_toward_benign,True,moved_toward_benign,review_pending,human_review_not_completed,not_reviewed,"[""vcv_missing""]",-2.0,True,extra_trees was selected only from this outer fold's training data; this component was excluded.
1490801,NLRC4,96273056ec6284b5299c866850db39b8174a7737ebe426da17ae2376f9e8b2e3,moved_toward_benign,0.02520424933683583,moved_toward_benign,True,random_forest,moved_toward_benign,moved_toward_benign,True,moved_toward_benign,review_pending,human_review_not_completed,not_reviewed,"[""vcv_missing"",""possible_related_component_group""]",-2.0,True,random_forest was selected only from this outer fold's training data; this component was excluded.
1370663,C1QB,45b24879b7b3e3f159bf05ddc355739b04db544d15ff3abc7f273f54987d7772,moved_toward_benign,0.036191464807823356,moved_toward_benign,True,extra_trees,moved_toward_benign,moved_toward_benign,True,moved_toward_benign,review_pending,human_review_not_completed,not_reviewed,"[""vcv_missing""]",-2.0,True,extra_trees was selected only from this outer fold's training data; this component was excluded.
1360441,MESP2,bbdf6cbb305510f7a24871d2c1137ed9df85e1a654571b221c8843c1243dcd8f,moved_toward_benign,0.02520424933683583,moved_toward_benign,True,random_forest,moved_toward_benign,moved_toward_benign,True,moved_toward_benign,review_pending,human_review_not_completed,not_reviewed,"[""vcv_missing""]",-2.0,True,random_forest was selected only from this outer fold's training data; this component was excluded.
1422421,SOX9,e235894692b885aee30fa91e932042e540bc094e808657ec451b887687046476,moved_toward_benign,0.02520424933683583,moved_toward_benign,True,random_forest,moved_toward_benign,moved_toward_benign,True,moved_toward_benign,review_pending,human_review_not_completed,not_reviewed,"[""vcv_missing"",""possible_related_component_group""]",-2.0,True,random_forest was selected only from this outer fold's training data; this component was excluded.
1430101,PROKR2,d728a29f11504d47177100d858f13d839659fb59947c957e421856360e1ad714,moved_toward_benign,0.036191464807823356,moved_toward_benign,True,extra_trees,moved_toward_benign,moved_toward_benign,True,moved_toward_benign,review_pending,human_review_not_completed,not_reviewed,"[""vcv_missing""]",-2.0,True,extra_trees was selected only from this outer fold's training data; this component was excluded.
1470624,SLCO2A1,9c6d70211eebad466d288d8152f31c6a3f9336843b8eea4318eca7b8ebf54a8f,moved_toward_benign,0.04891827781298379,moved_toward_benign,True,extra_trees,moved_toward_benign,moved_toward_benign,True,moved_toward_benign,review_pending,human_review_not_completed,not_reviewed,"[""vcv_missing"",""possible_related_component_group""]",-2.0,True,extra_trees was selected only from this outer fold's training data; this component was excluded.
1494573,RASA2,2b6bf887f33c7d8dd7f87c345d5ce082f32914d36281f65e5697da0c63ccaadf,moved_toward_benign,0.04891827781298379,moved_toward_benign,True,extra_trees,moved_toward_benign,moved_toward_benign,True,moved_toward_benign,review_pending,human_review_not_completed,not_reviewed,"[""vcv_missing"",""possible_related_component_group""]",-2.0,True,extra_trees was selected only from this outer fold's training data; this component was excluded.
1437292,KCNA1,27ff3754632a1ac5887a9164a868a6e2cb9e334b7be3b632a896a6ea374edc19,moved_toward_benign,0.005518238171794124,moved_toward_benign,True,extra_trees,moved_toward_benign,moved_toward_benign,True,moved_toward_benign,review_pending,human_review_not_completed,not_reviewed,"[""vcv_missing"",""possible_related_component_group""]",-2.0,True,extra_trees was selected only from this outer fold's training data; this component was excluded.
1498684,SPAG1,cac47b8fdcd3106dede98d245cc66159f678d8c9fd851f195eb6f9c9b412d987,moved_toward_benign,0.005518238171794124,moved_toward_benign,True,extra_trees,moved_toward_benign,moved_toward_benign,True,moved_toward_benign,review_pending,human_review_not_completed,not_reviewed,"[""vcv_missing"",""possible_related_component_group""]",-2.0,True,extra_trees was selected only from this outer fold's training data; this component was excluded.
1424566,GPAA1,f29ad1d7ecb015bade5734303c4eaa409d3648ae38c1f12ba3526e27947b5b5e,moved_toward_benign,0.04891827781298379,moved_toward_benign,True,extra_trees,moved_toward_benign,moved_toward_benign,True,moved_toward_benign,review_pending,human_review_not_completed,not_reviewed,"[""vcv_missing"",""possible_related_component_group""]",-2.0,True,extra_trees was selected only from this outer fold's training data; this component was excluded.
1426775,IL6ST,edd504edd7d2034cbce2d5a7770ee89e0d509b56aa9f0a2fd5d39b567f9036bf,moved_toward_benign,0.02520424933683583,moved_toward_benign,True,random_forest,moved_toward_benign,moved_toward_benign,True,moved_toward_benign,review_pending,human_review_not_completed,not_reviewed,"[""vcv_missing""]",-2.0,True,random_forest was selected only from this outer fold's training data; this component was excluded.
1398380,FAM20A,3a606ce3e961c6249f4f7dcb21b6932ec99bb260c8f5b7486656969f51224f1f,moved_toward_benign,0.04943372458017409,moved_toward_benign,True,extra_trees,moved_toward_benign,moved_toward_benign,True,moved_toward_benign,review_pending,human_review_not_completed,not_reviewed,"[""vcv_missing""]",-2.0,True,extra_trees was selected only from this outer fold's training data; this component was excluded.
1492758,DNASE1L3,a46c09a3c9531925631fb325642b087eede91bf51d2e44be86915843f8cf25c3,moved_toward_benign,0.02520424933683583,moved_toward_benign,True,random_forest,moved_toward_benign,moved_toward_benign,True,moved_toward_benign,review_pending,human_review_not_completed,not_reviewed,"[""vcv_missing"",""possible_related_component_group""]",-2.0,True,random_forest was selected only from this outer fold's training data; this component was excluded.
1385469,SULF1,91ddf9f7ce766f55b31db10570e127b6331ea20a2e0d67c0540903376c53912b,moved_toward_benign,0.04943372458017409,moved_toward_benign,True,extra_trees,moved_toward_benign,moved_toward_benign,True,moved_toward_benign,review_pending,human_review_not_completed,not_reviewed,"[""vcv_missing"",""possible_related_component_group""]",-2.0,True,extra_trees was selected only from this outer fold's training data; this component was excluded.
1415234,SNX10,e13d97e49683f04c8f19a946531e539610293fc0c0b0bd38beab1b0b8fd6e752,moved_toward_benign,0.07424952692024502,moved_toward_benign,True,extra_trees,moved_toward_benign,moved_toward_benign,True,moved_toward_benign,review_pending,human_review_not_completed,not_reviewed,"[""vcv_missing"",""possible_related_component_group""]",-2.0,True,extra_trees was selected only from this outer fold's training data; this component was excluded.
1347918,POLR3A,26be345c7af2fc8b08f966a4193e22673e989054afb11b70a0bb2d8074d2fad6,moved_toward_benign,0.025358205954263014,moved_toward_benign,True,random_forest,moved_toward_benign,moved_toward_benign,True,moved_toward_benign,review_pending,human_review_not_completed,not_reviewed,"[""vcv_missing"",""possible_related_component_group""]",-2.0,True,random_forest was selected only from this outer fold's training data; this component was excluded.
1372351,HTRA2,ece999bf2736303885da0757b1b8b7d8f2d6ead848df0e2b301e6a0eb086f5fa,moved_toward_benign,0.03624231891227724,moved_toward_benign,True,extra_trees,moved_toward_benign,moved_toward_benign,True,moved_toward_benign,review_pending,human_review_not_completed,not_reviewed,"[""vcv_missing""]",-2.0,True,extra_trees was selected only from this outer fold's training data; this component was excluded.
1439154,EXOSC3,657ef54b7141b2b301bbc6fac84b57b2db7a58ef49e4e65bf50a9a120e561e0b,moved_toward_benign,0.04913023478699368,moved_toward_benign,True,extra_trees,moved_toward_benign,moved_toward_benign,True,moved_toward_benign,review_pending,human_review_not_completed,not_reviewed,"[""vcv_missing""]",-2.0,True,extra_trees was selected only from this outer fold's training data; this component was excluded.
1511084,CCM2,282b42e79661c3b8fe42090d21b106154c9ca11a1b3e118c2baa94f0df4c81f5,moved_toward_benign,0.03624231891227724,moved_toward_benign,True,extra_trees,moved_toward_benign,moved_toward_benign,True,moved_toward_benign,review_pending,human_review_not_completed,not_reviewed,"[""vcv_missing""]",-2.0,True,extra_trees was selected only from this outer fold's training data; this component was excluded.
1512863,PALM,d0a60d14dfe244f081cac2593f2c1fc83f570822bc8d2dcb7ee5835e312ceef6,moved_toward_benign,0.04913023478699368,moved_toward_benign,True,extra_trees,moved_toward_benign,moved_toward_benign,True,moved_toward_benign,review_pending,human_review_not_completed,not_reviewed,"[""vcv_missing"",""possible_related_component_group""]",-2.0,True,extra_trees was selected only from this outer fold's training data; this component was excluded.
1361480,HTT,5e82ebd126e11a263f9d21c9beaeeae763a6b4ce431cfc35fa60a1865ded0381,moved_toward_benign,0.005375337802847101,moved_toward_benign,True,extra_trees,moved_toward_benign,moved_toward_benign,True,moved_toward_benign,review_pending,human_review_not_completed,not_reviewed,"[""vcv_missing"",""possible_related_component_group""]",-2.0,True,extra_trees was selected only from this outer fold's training data; this component was excluded.
1397927,SLC35D1,6ce483da4494f7683e5d7c34b4319c570f412dcd172f1b785d7735ccb1ef5639,moved_toward_benign,0.040023578523595046,moved_toward_benign,True,extra_trees,moved_toward_benign,moved_toward_benign,True,moved_toward_benign,review_pending,human_review_not_completed,not_reviewed,"[""vcv_missing""]",-2.0,True,extra_trees was selected only from this outer fold's training data; this component was excluded.
1400819,PLXNA2,96ae66e5de51bc1015b7e125724e5088db1b1e82a92729bd6512e0c45cc1377d,moved_toward_benign,0.040023578523595046,moved_toward_benign,True,extra_trees,moved_toward_benign,moved_toward_benign,True,moved_toward_benign,review_pending,human_review_not_completed,not_reviewed,"[""vcv_missing"",""possible_related_component_group""]",-2.0,True,extra_trees was selected only from this outer fold's training data; this component was excluded.
1417457,PRICKLE2,2963ccbaf5d3d660d3654064eff5091d5c8748e83e65084ad263e66e8ae2a1ad,moved_toward_benign,0.040023578523595046,moved_toward_benign,True,extra_trees,moved_toward_benign,moved_toward_benign,True,moved_toward_benign,review_pending,human_review_not_completed,not_reviewed,"[""vcv_missing"",""possible_related_component_group""]",-2.0,True,extra_trees was selected only from this outer fold's training data; this component was excluded.
1425906,CAD,b2c48022f83bafa76feb835a87049b428cec6340646dd277d86b6fb47d5baa94,moved_toward_benign,0.04913023478699368,moved_toward_benign,True,extra_trees,moved_toward_benign,moved_toward_benign,True,moved_toward_benign,review_pending,human_review_not_completed,not_reviewed,"[""vcv_missing""]",-2.0,True,extra_trees was selected only from this outer fold's training data; this component was excluded.
1449121,HTT,5e82ebd126e11a263f9d21c9beaeeae763a6b4ce431cfc35fa60a1865ded0381,moved_toward_benign,0.005375337802847101,moved_toward_benign,True,extra_trees,moved_toward_benign,moved_toward_benign,True,moved_toward_benign,review_pending,human_review_not_completed,not_reviewed,"[""vcv_missing"",""possible_related_component_group""]",-2.0,True,extra_trees was selected only from this outer fold's training data; this component was excluded.
1476399,CD55,ad9e35a54e22b51f5bebbb1ae5615b06d1262edf422c21ac3d37e1c046759cc5,moved_toward_benign,0.03624231891227724,moved_toward_benign,True,extra_trees,moved_toward_benign,moved_toward_benign,True,moved_toward_benign,review_pending,human_review_not_completed,not_reviewed,"[""vcv_missing""]",-2.0,True,extra_trees was selected only from this outer fold's training data; this component was excluded.
1478215,GDF1,e3f514fd82a0db2deca2165bd8d5a956fbbe9b698d77644b29deb185409f7853,moved_toward_benign,0.04913023478699368,moved_toward_benign,True,extra_trees,moved_toward_benign,moved_toward_benign,True,moved_toward_benign,review_pending,human_review_not_completed,not_reviewed,"[""vcv_missing"",""possible_related_component_group""]",-2.0,True,extra_trees was selected only from this outer fold's training data; this component was excluded.
1484541,SNIP1,a7ef18b923421cb4800cf5cb2d3362ab4d9a36c7cb4ef26bf1c1cbe6d27e8c5c,moved_toward_benign,0.03624231891227724,moved_toward_benign,True,extra_trees,moved_toward_benign,moved_toward_benign,True,moved_toward_benign,review_pending,human_review_not_completed,not_reviewed,"[""vcv_missing""]",-2.0,True,extra_trees was selected only from this outer fold's training data; this component was excluded.
1496834,WDR35,8e33340e58ab2fc991ec45c064d9518de1daecc0598a443910f24a3dbbdffcae,moved_toward_benign,0.005375337802847101,moved_toward_benign,True,extra_trees,moved_toward_benign,moved_toward_benign,True,moved_toward_benign,review_pending,human_review_not_completed,not_reviewed,"[""vcv_missing"",""possible_related_component_group""]",-2.0,True,extra_trees was selected only from this outer fold's training data; this component was excluded.
1501969,ASPM,650ac8a6c1b38439ff9f7b49f518c2d6b3f9166dd16c443ca6d024e0abebb3e2,moved_toward_benign,0.005375337802847101,moved_toward_benign,True,extra_trees,moved_toward_benign,moved_toward_benign,True,moved_toward_benign,review_pending,human_review_not_completed,not_reviewed,"[""vcv_missing"",""possible_related_component_group""]",-2.0,True,extra_trees was selected only from this outer fold's training data; this component was excluded.
1506317,GMPPA,fea2da02adbe85af4e389097e22d6e949a958180d91753c4f9ba18e7a9fea13b,moved_toward_benign,0.040023578523595046,moved_toward_benign,True,extra_trees,moved_toward_benign,moved_toward_benign,True,moved_toward_benign,review_pending,human_review_not_completed,not_reviewed,"[""vcv_missing""]",-2.0,True,extra_trees was selected only from this outer fold's training data; this component was excluded.
1506479,C7,f167717fb2ed36e774225dd5b609cd208e028ba12cfc08946de444227e4e80d2,moved_toward_benign,0.04913023478699368,moved_toward_benign,True,extra_trees,moved_toward_benign,moved_toward_benign,True,moved_toward_benign,review_pending,human_review_not_completed,not_reviewed,"[""vcv_missing"",""possible_related_component_group""]",-2.0,True,extra_trees was selected only from this outer fold's training data; this component was excluded.
1516119,OBSL1,a305b113f157540ab2f3f2f938192b31dafee9ebe1570bc29dd5ee982caf51cf,moved_toward_benign,0.040023578523595046,moved_toward_benign,True,extra_trees,moved_toward_benign,moved_toward_benign,True,moved_toward_benign,review_pending,human_review_not_completed,not_reviewed,"[""vcv_missing"",""possible_related_component_group""]",-2.0,True,extra_trees was selected only from this outer fold's training data; this component was excluded.
1523509,LIPG,67d5eebb257acfcf3d692ff108fa81fb917aeb425fdc63711d2c8ed3b4871052,moved_toward_benign,0.03624231891227724,moved_toward_benign,True,extra_trees,moved_toward_benign,moved_toward_benign,True,moved_toward_benign,review_pending,human_review_not_completed,not_reviewed,"[""vcv_missing""]",-2.0,True,extra_trees was selected only from this outer fold's training data; this component was excluded.
2156666,SLC25A21,f6c5f5e4f1994ad1e2d6cc6608ac62bf3c9ac9ac506d632adf2deb24da80a3c1,moved_toward_benign,0.03624231891227724,moved_toward_benign,True,extra_trees,moved_toward_benign,moved_toward_benign,True,moved_toward_benign,review_pending,human_review_not_completed,not_reviewed,"[""vcv_missing""]",-2.0,True,extra_trees was selected only from this outer fold's training data; this component was excluded.
1351108,FGFR1,894257b15c046dc65499fc6c12cb666b5ed477335732d63828ab510c03ae36a7,moved_toward_benign,0.025358205954263014,moved_toward_benign,True,random_forest,moved_toward_benign,moved_toward_benign,True,moved_toward_benign,review_pending,human_review_not_completed,not_reviewed,"[""vcv_missing"",""possible_related_component_group""]",-2.0,True,random_forest was selected only from this outer fold's training data; this component was excluded.
1354829,CAV1,83d4d67f89a4333cc68e419131ce237bcf6a2c5df06a061e093ccd9cddc34ffa,moved_toward_benign,0.036210070942803256,moved_toward_benign,True,extra_trees,moved_toward_benign,moved_toward_benign,True,moved_toward_benign,review_pending,human_review_not_completed,not_reviewed,"[""vcv_missing""]",-2.0,True,extra_trees was selected only from this outer fold's training data; this component was excluded.
1364710,UNG,47fb4c823ca78ba6f6694f2baed2daf57eca5dc8569a38f1597805ab6a478a25,moved_toward_benign,0.04913023478699368,moved_toward_benign,True,extra_trees,moved_toward_benign,moved_toward_benign,True,moved_toward_benign,review_pending,human_review_not_completed,not_reviewed,"[""vcv_missing""]",-2.0,True,extra_trees was selected only from this outer fold's training data; this component was excluded.
1379781,CEP135,3322edd076db77e1733ea72abacfba25f7cf310fd215a50421a2328dbf4639a3,moved_toward_benign,0.005307153325552975,moved_toward_benign,True,extra_trees,moved_toward_benign,moved_toward_benign,True,moved_toward_benign,review_pending,human_review_not_completed,not_reviewed,"[""vcv_missing""]",-2.0,True,extra_trees was selected only from this outer fold's training data; this component was excluded.
1384190,DEAF1,64e70227660fea274a85870ad8106a80618886197bc210e85fed73a292f59afb,moved_toward_benign,0.036210070942803256,moved_toward_benign,True,extra_trees,moved_toward_benign,moved_toward_benign,True,moved_toward_benign,review_pending,human_review_not_completed,not_reviewed,"[""vcv_missing"",""possible_related_component_group""]",-2.0,True,extra_trees was selected only from this outer fold's training data; this component was excluded.
1396634,ADAMTSL4,44f53dc89b86f314e1710106c1df9090d107d4cc8d41a27d8bbe8623bfcc4b1d,moved_toward_benign,0.025358205954263014,moved_toward_benign,True,random_forest,moved_toward_benign,moved_toward_benign,True,moved_toward_benign,review_pending,human_review_not_completed,not_reviewed,"[""vcv_missing"",""possible_related_component_group""]",-2.0,True,random_forest was selected only from this outer fold's training data; this component was excluded.
1486770,PAPSS2,a4a11ade0379a655233e94678602b3787c930033e15657477497ebeb99eaff04,moved_toward_benign,0.025358205954263014,moved_toward_benign,True,random_forest,moved_toward_benign,moved_toward_benign,True,moved_toward_benign,review_pending,human_review_not_completed,not_reviewed,"[""vcv_missing""]",-2.0,True,random_forest was selected only from this outer fold's training data; this component was excluded.
1496676,CTF1,8779fd7ad0a4af61ae2ab8d7df2888528a4f16c9ffc29b7294f0ced3e7ead018,moved_toward_benign,0.040023578523595046,moved_toward_benign,True,extra_trees,moved_toward_benign,moved_toward_benign,True,moved_toward_benign,review_pending,human_review_not_completed,not_reviewed,"[""vcv_missing"",""possible_related_component_group""]",-2.0,True,extra_trees was selected only from this outer fold's training data; this component was excluded.
1504012,TLR3,215f857a90ee7a7eaebbe674661ffb09f407a3cdbe72ef14c092e8e8a880859a,moved_toward_benign,0.036210070942803256,moved_toward_benign,True,extra_trees,moved_toward_benign,moved_toward_benign,True,moved_toward_benign,review_pending,human_review_not_completed,not_reviewed,"[""vcv_missing""]",-2.0,True,extra_trees was selected only from this outer fold's training data; this component was excluded.
1510103,TOP2B,bb2f3a50c2b86b8254480491ee25d4c1c67c9b59ab8d158fb3e0887870f64d8b,moved_toward_benign,0.040023578523595046,moved_toward_benign,True,extra_trees,moved_toward_benign,moved_toward_benign,True,moved_toward_benign,review_pending,human_review_not_completed,not_reviewed,"[""vcv_missing"",""possible_related_component_group""]",-2.0,True,extra_trees was selected only from this outer fold's training data; this component was excluded.
1519128,TYROBP,458e05613ef47b6b0147e5224ca3cdf63686371c33b8a3538515ea0cf71dcdcb,moved_toward_benign,0.005307153325552975,moved_toward_benign,True,extra_trees,moved_toward_benign,moved_toward_benign,True,moved_toward_benign,review_pending,human_review_not_completed,not_reviewed,"[""vcv_missing""]",-2.0,True,extra_trees was selected only from this outer fold's training data; this component was excluded.
1394379,CFAP52,b2b766c5231c996a4a6a3a64b3089af67cf82a813cd717ad919477b0ff456b34,moved_toward_benign,0.040023578523595046,moved_toward_benign,True,extra_trees,moved_toward_benign,moved_toward_benign,True,moved_toward_benign,review_pending,human_review_not_completed,not_reviewed,"[""vcv_missing"",""possible_related_component_group""]",-2.0,True,extra_trees was selected only from this outer fold's training data; this component was excluded.
1421371,EFL1,c3807d3e800fe2ec9070725f2b0df384ff01e021400c93b6700922b1e7d5f4c4,moved_toward_benign,0.025358205954263014,moved_toward_benign,True,random_forest,moved_toward_benign,moved_toward_benign,True,moved_toward_benign,review_pending,human_review_not_completed,not_reviewed,"[""vcv_missing"",""possible_related_component_group""]",-2.0,True,random_forest was selected only from this outer fold's training data; this component was excluded.
1428715,PEX16,c7698580533a220dffb6a82f47a3594b99b63128559074df525f3d812484e297,moved_toward_benign,0.040023578523595046,moved_toward_benign,True,extra_trees,moved_toward_benign,moved_toward_benign,True,moved_toward_benign,review_pending,human_review_not_completed,not_reviewed,"[""vcv_missing"",""possible_related_component_group""]",-2.0,True,extra_trees was selected only from this outer fold's training data; this component was excluded.
1471149,CEACAM16,43003aaa5e99badaf3d1a9f0cea7f7617dccf27da311e3f80a0e7742860888f4,moved_toward_benign,0.04913023478699368,moved_toward_benign,True,extra_trees,moved_toward_benign,moved_toward_benign,True,moved_toward_benign,review_pending,human_review_not_completed,not_reviewed,"[""vcv_missing""]",-2.0,True,extra_trees was selected only from this outer fold's training data; this component was excluded.
1359027,IFT80,f18d8c908ff09d856754a50a0ad4d235607b65fa967f941f91cdaf27876d2d18,moved_toward_benign,0.025358205954263014,moved_toward_benign,True,random_forest,moved_toward_benign,moved_toward_benign,True,moved_toward_benign,review_pending,human_review_not_completed,not_reviewed,"[""vcv_missing""]",-2.0,True,random_forest was selected only from this outer fold's training data; this component was excluded.
1516073,SUCO,b0f1cfa48ee0c07d2b4248700f79db23f995ab5d2befa7e150510a05837fedab,moved_toward_benign,0.036210070942803256,moved_toward_benign,True,extra_trees,moved_toward_benign,moved_toward_benign,True,moved_toward_benign,review_pending,human_review_not_completed,not_reviewed,"[""vcv_missing""]",-2.0,True,extra_trees was selected only from this outer fold's training data; this component was excluded.
1346886,GPR88,09c2b2d2f1d4dfef3b0b8bd868f4ee569a26396189a4ff11708937612b3fbe8b,moved_toward_benign,0.036210070942803256,moved_toward_benign,True,extra_trees,moved_toward_benign,moved_toward_benign,True,moved_toward_benign,review_pending,human_review_not_completed,not_reviewed,"[""vcv_missing""]",-2.0,True,extra_trees was selected only from this outer fold's training data; this component was excluded.
1400186,NPR2,c072b1f43ef71e93e4e43170bcc99b3624982886af28cb4e370fbbcd63ccec8e,moved_toward_benign,0.025358205954263014,moved_toward_benign,True,random_forest,moved_toward_benign,moved_toward_benign,True,moved_toward_benign,review_pending,human_review_not_completed,not_reviewed,"[""vcv_missing"",""possible_related_component_group""]",-2.0,True,random_forest was selected only from this outer fold's training data; this component was excluded.
1402973,FASLG,c074a29d2e7d42f44d8c4990a2e87d3808b6e363070d5142d5e0ec7b4aee7b5f,moved_toward_benign,0.040023578523595046,moved_toward_benign,True,extra_trees,moved_toward_benign,moved_toward_benign,True,moved_toward_benign,review_pending,human_review_not_completed,not_reviewed,"[""vcv_missing""]",-2.0,True,extra_trees was selected only from this outer fold's training data; this component was excluded.
1434976,DMP1,a708719de768e7ebc86fc365b3520d764fbf67f4bfbbbfa4a5e45253a30648bd,moved_toward_benign,0.036210070942803256,moved_toward_benign,True,extra_trees,moved_toward_benign,moved_toward_benign,True,moved_toward_benign,review_pending,human_review_not_completed,not_reviewed,"[""vcv_missing""]",-2.0,True,extra_trees was selected only from this outer fold's training data; this component was excluded.
1487283,ANKH,0d73367ab110e97366738c8f298db0728c9d1be0d7bfd3ab1b86f74666ca9ce6,moved_toward_benign,0.005227885786569413,moved_toward_benign,True,extra_trees,moved_toward_benign,moved_toward_benign,True,moved_toward_benign,review_pending,human_review_not_completed,not_reviewed,"[""vcv_missing""]",-2.0,True,extra_trees was selected only from this outer fold's training data; this component was excluded.
1488534,MPDZ,15ff9c426183800ae857adc866d424d8168f22daafe1cca23e5270ba8cb9e8a5,moved_toward_benign,0.005227885786569413,moved_toward_benign,True,extra_trees,moved_toward_benign,moved_toward_benign,True,moved_toward_benign,review_pending,human_review_not_completed,not_reviewed,"[""vcv_missing"",""possible_related_component_group""]",-2.0,True,extra_trees was selected only from this outer fold's training data; this component was excluded.
1374793,SLC39A13,99cc55b5efad90dd99f3450c9186c079d12643ada1ccf378f5915c139d95e366,moved_toward_benign,0.04913023478699368,moved_toward_benign,True,extra_trees,moved_toward_benign,moved_toward_benign,True,moved_toward_benign,review_pending,human_review_not_completed,not_reviewed,"[""vcv_missing""]",-2.0,True,extra_trees was selected only from this outer fold's training data; this component was excluded.
1418950,GUF1,92434f40d9a3180cf76c12fddfa84e756d66b0954702d8daaffe2bf6a3adc787,moved_toward_benign,0.025358205954263014,moved_toward_benign,True,random_forest,moved_toward_benign,moved_toward_benign,True,moved_toward_benign,review_pending,human_review_not_completed,not_reviewed,"[""vcv_missing""]",-2.0,True,random_forest was selected only from this outer fold's training data; this component was excluded.
1426698,COL27A1,e225b3ef9d6d7253b80f2700ba0de24a3bf0241527bbda75027cd4e05e485bf0,moved_toward_benign,0.036210070942803256,moved_toward_benign,True,extra_trees,moved_toward_benign,moved_toward_benign,True,moved_toward_benign,review_pending,human_review_not_completed,not_reviewed,"[""vcv_missing"",""possible_related_component_group""]",-2.0,True,extra_trees was selected only from this outer fold's training data; this component was excluded.
1445058,PEX3,506fc8a729e30632de3283726e5a8d8b9aeb453e13e267265c75b893c74c765b,moved_toward_benign,0.025358205954263014,moved_toward_benign,True,random_forest,moved_toward_benign,moved_toward_benign,True,moved_toward_benign,review_pending,human_review_not_completed,not_reviewed,"[""vcv_missing""]",-2.0,True,random_forest was selected only from this outer fold's training data; this component was excluded.
1515169,CLCN6,d4c8997e91d1f571e0ff6ad7d039b19adf05994168adf4edf8c56cee70420a40,moved_toward_benign,0.005227885786569413,moved_toward_benign,True,extra_trees,moved_toward_benign,moved_toward_benign,True,moved_toward_benign,review_pending,human_review_not_completed,not_reviewed,"[""vcv_missing"",""possible_related_component_group""]",-2.0,True,extra_trees was selected only from this outer fold's training data; this component was excluded.
1356192,CCDC65,e2f76d2b55f9637e7217f46a6b3fa793bd5b71aaeab7fd42783dcc66ff3c6255,moved_toward_benign,0.025358205954263014,moved_toward_benign,True,random_forest,moved_toward_benign,moved_toward_benign,True,moved_toward_benign,review_pending,human_review_not_completed,not_reviewed,"[""vcv_missing""]",-2.0,True,random_forest was selected only from this outer fold's training data; this component was excluded.
1399283,C7,f167717fb2ed36e774225dd5b609cd208e028ba12cfc08946de444227e4e80d2,moved_toward_benign,0.04913023478699368,moved_toward_benign,True,extra_trees,moved_toward_benign,moved_toward_benign,True,moved_toward_benign,review_pending,human_review_not_completed,not_reviewed,"[""vcv_missing"",""possible_related_component_group""]",-2.0,True,extra_trees was selected only from this outer fold's training data; this component was excluded.
1429476,PRICKLE2,2963ccbaf5d3d660d3654064eff5091d5c8748e83e65084ad263e66e8ae2a1ad,moved_toward_benign,0.03989208628027771,moved_toward_benign,True,extra_trees,moved_toward_benign,moved_toward_benign,True,moved_toward_benign,review_pending,human_review_not_completed,not_reviewed,"[""vcv_missing"",""possible_related_component_group""]",-2.0,True,extra_trees was selected only from this outer fold's training data; this component was excluded.
1504861,NKX6-2,260d75337dd0e97e74346eafdada930864c13e2918838ac6daf859a35d862885,moved_toward_benign,0.025358205954263014,moved_toward_benign,True,random_forest,moved_toward_benign,moved_toward_benign,True,moved_toward_benign,review_pending,human_review_not_completed,not_reviewed,"[""vcv_missing"",""possible_related_component_group""]",-2.0,True,random_forest was selected only from this outer fold's training data; this component was excluded.
1377514,FGF23,219167d4add956eab917f44ebd788bf7ba544b6c41ac9b9850b4194634ccfc33,moved_toward_benign,0.04913023478699368,moved_toward_benign,True,extra_trees,moved_toward_benign,moved_toward_benign,True,moved_toward_benign,review_pending,human_review_not_completed,not_reviewed,"[""vcv_missing""]",-2.0,True,extra_trees was selected only from this outer fold's training data; this component was excluded.
1359550,CFH,8d519a14c074d08ffd2d05ada80c1d84ea0d1551c9c16d1735d0b6c923593a3a,moved_toward_benign,0.005227885786569413,moved_toward_benign,True,extra_trees,moved_toward_benign,moved_toward_benign,True,moved_toward_benign,review_pending,human_review_not_completed,not_reviewed,"[""vcv_missing"",""possible_related_component_group""]",-2.0,True,extra_trees was selected only from this outer fold's training data; this component was excluded.
1441123,PGAP1,1d3e02ae16ee3dcab1d5dfd006a06673774cafbf2f9ed6d056585ea8866fb2f6,moved_toward_benign,0.025358205954263014,moved_toward_benign,True,random_forest,moved_toward_benign,moved_toward_benign,True,moved_toward_benign,review_pending,human_review_not_completed,not_reviewed,"[""vcv_missing""]",-2.0,True,random_forest was selected only from this outer fold's training data; this component was excluded.
1488763,SLC34A3,e75761f50b21435f11a96bb902eba24483bbb00ebbd5458ad86880ba9880fddd,moved_toward_benign,0.025358205954263014,moved_toward_benign,True,random_forest,moved_toward_benign,moved_toward_benign,True,moved_toward_benign,review_pending,human_review_not_completed,not_reviewed,"[""vcv_missing""]",-2.0,True,random_forest was selected only from this outer fold's training data; this component was excluded.
1420260,GLI2,40abbd5964bd2e2219307a48b903ab4cf2c90e83e49a336c82924ac948122b53,moved_toward_benign,0.025358205954263014,moved_toward_benign,True,random_forest,moved_toward_benign,moved_toward_benign,True,moved_toward_benign,review_pending,human_review_not_completed,not_reviewed,"[""vcv_missing"",""possible_related_component_group""]",-2.0,True,random_forest was selected only from this outer fold's training data; this component was excluded.
1348917,DGAT1,8f3861789a621e7d4a46e8c803b5306522decd2628c22b4a19721f319ccdea63,moved_toward_benign,0.04907627124772147,moved_toward_benign,True,extra_trees,moved_toward_benign,moved_toward_benign,True,moved_toward_benign,review_pending,human_review_not_completed,not_reviewed,"[""vcv_missing"",""possible_related_component_group""]",-2.0,True,extra_trees was selected only from this outer fold's training data; this component was excluded.
1370410,ERBIN,c6750b613407d67c845d796a86c12f47603aedba65299f05b42f8c6ba36ae55a,moved_toward_benign,0.025358205954263014,moved_toward_benign,True,random_forest,moved_toward_benign,moved_toward_benign,True,moved_toward_benign,review_pending,human_review_not_completed,not_reviewed,"[""vcv_missing"",""possible_related_component_group""]",-2.0,True,random_forest was selected only from this outer fold's training data; this component was excluded.
1376024,UNC119,c55f8f24a1d984d8b602038c86655fc75c26d2cdb11659eb3af2f012541a9726,moved_toward_benign,0.005227885786569413,moved_toward_benign,True,extra_trees,moved_toward_benign,moved_toward_benign,True,moved_toward_benign,review_pending,human_review_not_completed,not_reviewed,"[""vcv_missing""]",-2.0,True,extra_trees was selected only from this outer fold's training data; this component was excluded.
1490649,CASZ1,4342da67c1fea113d747242df7008683b36f42c9ba4f2b18e4b04beb29df8b71,moved_toward_benign,0.025358205954263014,moved_toward_benign,True,random_forest,moved_toward_benign,moved_toward_benign,True,moved_toward_benign,review_pending,human_review_not_completed,not_reviewed,"[""vcv_missing"",""possible_related_component_group""]",-2.0,True,random_forest was selected only from this outer fold's training data; this component was excluded.
1513720,EDNRA,1cb73aabb5269c2689094d4cec6d881826d5312a5b1ebdab3303b3a3c835601d,moved_toward_benign,0.005227885786569413,moved_toward_benign,True,extra_trees,moved_toward_benign,moved_toward_benign,True,moved_toward_benign,review_pending,human_review_not_completed,not_reviewed,"[""vcv_missing""]",-2.0,True,extra_trees was selected only from this outer fold's training data; this component was excluded.
1413167,KL,db5f1a085a445a011e36f2e5014265ae744db959b05c5097464d6982589f26f4,moved_toward_benign,0.03989208628027771,moved_toward_benign,True,extra_trees,moved_toward_benign,moved_toward_benign,True,moved_toward_benign,review_pending,human_review_not_completed,not_reviewed,"[""vcv_missing""]",-2.0,True,extra_trees was selected only from this outer fold's training data; this component was excluded.
1366179,SLC4A1,3df1fe359493bf3d4c6025276848dad5eb71051196dc65e0e1e9a3f82b0792c5,moved_toward_benign,0.005227885786569413,moved_toward_benign,True,extra_trees,moved_toward_benign,moved_toward_benign,True,moved_toward_benign,review_pending,human_review_not_completed,not_reviewed,"[""vcv_missing""]",-2.0,True,extra_trees was selected only from this outer fold's training data; this component was excluded.
1366858,ROR2,29ce51a1d45af69928eaef01af324351ecefbfacce4fcf3dd6332c37f7f529fe,moved_toward_benign,0.04907627124772147,moved_toward_benign,True,extra_trees,moved_toward_benign,moved_toward_benign,True,moved_toward_benign,review_pending,human_review_not_completed,not_reviewed,"[""vcv_missing"",""possible_related_component_group""]",-2.0,True,extra_trees was selected only from this outer fold's training data; this component was excluded.
1370469,TNNC1,00cc8560a68ee035aef095fccecef9827f37deb7801b0e97265ced1063215f19,moved_toward_benign,0.03615921683834937,moved_toward_benign,True,extra_trees,moved_toward_benign,moved_toward_benign,True,moved_toward_benign,review_pending,human_review_not_completed,not_reviewed,"[""vcv_missing"",""possible_related_component_group""]",-2.0,True,extra_trees was selected only from this outer fold's training data; this component was excluded.
1396667,MAPKAPK3,b0989d23c9dd96927641f30eb257c44367f725d3c45c88fd6673a591e1f894ea,moved_toward_benign,0.03615921683834937,moved_toward_benign,True,extra_trees,moved_toward_benign,moved_toward_benign,True,moved_toward_benign,review_pending,human_review_not_completed,not_reviewed,"[""vcv_missing"",""possible_related_component_group""]",-2.0,True,extra_trees was selected only from this outer fold's training data; this component was excluded.
1406878,BBS4,bff24edd3f063d91c46eb46b509db10f4ed4a50ff0bb14f8e2b4ec92a86b9d88,moved_toward_benign,0.005227885786569413,moved_toward_benign,True,extra_trees,moved_toward_benign,moved_toward_benign,True,moved_toward_benign,review_pending,human_review_not_completed,not_reviewed,"[""vcv_missing"",""possible_related_component_group""]",-2.0,True,extra_trees was selected only from this outer fold's training data; this component was excluded.
1439204,RP1L1,2b60f22b78a681683b56cc7bf59154f16797dd65fcfcbc517f23885e2680d03c,moved_toward_benign,0.03615921683834937,moved_toward_benign,True,extra_trees,moved_toward_benign,moved_toward_benign,True,moved_toward_benign,review_pending,human_review_not_completed,not_reviewed,"[""vcv_missing"",""possible_related_component_group""]",-2.0,True,extra_trees was selected only from this outer fold's training data; this component was excluded.
1450785,ADCY1,15e8e4bf527e2da3d90336e2b9c164ef0c18c76ebdc434c4cd8bcd36d2c008ea,moved_toward_benign,0.025358205954263014,moved_toward_benign,True,random_forest,moved_toward_benign,moved_toward_benign,True,moved_toward_benign,review_pending,human_review_not_completed,not_reviewed,"[""vcv_missing""]",-2.0,True,random_forest was selected only from this outer fold's training data; this component was excluded.
1464907,GDF1,e3f514fd82a0db2deca2165bd8d5a956fbbe9b698d77644b29deb185409f7853,moved_toward_benign,0.04907627124772147,moved_toward_benign,True,extra_trees,moved_toward_benign,moved_toward_benign,True,moved_toward_benign,review_pending,human_review_not_completed,not_reviewed,"[""vcv_missing"",""possible_related_component_group""]",-2.0,True,extra_trees was selected only from this outer fold's training data; this component was excluded.
1467956,PALM,d0a60d14dfe244f081cac2593f2c1fc83f570822bc8d2dcb7ee5835e312ceef6,moved_toward_benign,0.04907627124772147,moved_toward_benign,True,extra_trees,moved_toward_benign,moved_toward_benign,True,moved_toward_benign,review_pending,human_review_not_completed,not_reviewed,"[""vcv_missing"",""possible_related_component_group""]",-2.0,True,extra_trees was selected only from this outer fold's training data; this component was excluded.
1473941,MMP2,e0cc5a412e141313e50ba81bf343f78088890a4bcdcbd5d2696f7b41bdfe2abd,moved_toward_benign,0.04907627124772147,moved_toward_benign,True,extra_trees,moved_toward_benign,moved_toward_benign,True,moved_toward_benign,review_pending,human_review_not_completed,not_reviewed,"[""vcv_missing""]",-2.0,True,extra_trees was selected only from this outer fold's training data; this component was excluded.
1475621,BBS4,bff24edd3f063d91c46eb46b509db10f4ed4a50ff0bb14f8e2b4ec92a86b9d88,moved_toward_benign,0.005227885786569413,moved_toward_benign,True,extra_trees,moved_toward_benign,moved_toward_benign,True,moved_toward_benign,review_pending,human_review_not_completed,not_reviewed,"[""vcv_missing"",""possible_related_component_group""]",-2.0,True,extra_trees was selected only from this outer fold's training data; this component was excluded.
1502536,DGAT1,8f3861789a621e7d4a46e8c803b5306522decd2628c22b4a19721f319ccdea63,moved_toward_benign,0.04907627124772147,moved_toward_benign,True,extra_trees,moved_toward_benign,moved_toward_benign,True,moved_toward_benign,review_pending,human_review_not_completed,not_reviewed,"[""vcv_missing"",""possible_related_component_group""]",-2.0,True,extra_trees was selected only from this outer fold's training data; this component was excluded.
1504857,ICOSLG,00ec5042a2b69489663c92953fa0478b76f9f6b0f9e6bed42bd44b8f65212c49,moved_toward_benign,0.03615921683834937,moved_toward_benign,True,extra_trees,moved_toward_benign,moved_toward_benign,True,moved_toward_benign,review_pending,human_review_not_completed,not_reviewed,"[""vcv_missing""]",-2.0,True,extra_trees was selected only from this outer fold's training data; this component was excluded.
1515595,TK2,3ff4109ef69ef8d03466da375339497d759093a851e00d89925854bc7bcef09d,moved_toward_benign,0.03989208628027771,moved_toward_benign,True,extra_trees,moved_toward_benign,moved_toward_benign,True,moved_toward_benign,review_pending,human_review_not_completed,not_reviewed,"[""vcv_missing"",""possible_related_component_group""]",-2.0,True,extra_trees was selected only from this outer fold's training data; this component was excluded.
1518135,TK2,3ff4109ef69ef8d03466da375339497d759093a851e00d89925854bc7bcef09d,moved_toward_benign,0.03989208628027771,moved_toward_benign,True,extra_trees,moved_toward_benign,moved_toward_benign,True,moved_toward_benign,review_pending,human_review_not_completed,not_reviewed,"[""vcv_missing"",""possible_related_component_group""]",-2.0,True,extra_trees was selected only from this outer fold's training data; this component was excluded.
1680647,DYNC2I1,db0837a44789cec223338592205544952f23856117fc38d85ca4a1c9a589b53d,moved_toward_benign,0.03615921683834937,moved_toward_benign,True,extra_trees,moved_toward_benign,moved_toward_benign,True,moved_toward_benign,review_pending,human_review_not_completed,not_reviewed,"[""vcv_missing"",""possible_related_component_group""]",-2.0,True,extra_trees was selected only from this outer fold's training data; this component was excluded.
1683188,ARSL,b82884d52a49c70add33ad265e44ff1056ba81581a40d401fc17cc0c2d1dd62d,moved_toward_benign,0.005227885786569413,moved_toward_benign,True,extra_trees,moved_toward_benign,moved_toward_benign,True,moved_toward_benign,review_pending,human_review_not_completed,not_reviewed,"[""vcv_missing""]",-2.0,True,extra_trees was selected only from this outer fold's training data; this component was excluded.
1436119,SLC33A1,56d2ecd61775d329aef96534af3b1cf51f93f96469a4d0bc0f3f8c9633764cf6,moved_toward_benign,0.04907627124772147,moved_toward_benign,True,extra_trees,moved_toward_benign,moved_toward_benign,True,moved_toward_benign,review_pending,human_review_not_completed,not_reviewed,"[""vcv_missing""]",-2.0,True,extra_trees was selected only from this outer fold's training data; this component was excluded.
2436376,SPTA1,3498e73f4c08a59891b2edd3758dc49e10dc77ebdbf5b209af808f2ec38dc83d,moved_toward_benign,0.005227885786569413,moved_toward_benign,True,extra_trees,moved_toward_benign,moved_toward_benign,True,moved_toward_benign,review_pending,human_review_not_completed,not_reviewed,"[""vcv_missing"",""possible_related_component_group""]",-2.0,True,extra_trees was selected only from this outer fold's training data; this component was excluded.
1486264,PPP3CA,d9a6130b5aeb9e9112f68e0ab5d3c12d7b8167f23597e61c5f9dcf3af06c9b05,moved_toward_benign,0.025327171162497567,moved_toward_benign,True,random_forest,moved_toward_benign,moved_toward_benign,True,moved_toward_benign,review_pending,human_review_not_completed,not_reviewed,"[""vcv_missing"",""possible_related_component_group""]",-2.0,True,random_forest was selected only from this outer fold's training data; this component was excluded.
1372659,POLR3A,26be345c7af2fc8b08f966a4193e22673e989054afb11b70a0bb2d8074d2fad6,moved_toward_benign,0.02824628672766462,moved_toward_benign,True,random_forest,moved_toward_benign,moved_toward_benign,True,moved_toward_benign,review_pending,human_review_not_completed,not_reviewed,"[""vcv_missing"",""possible_related_component_group""]",-2.0,True,random_forest was selected only from this outer fold's training data; this component was excluded.
1510243,PARK7,fdd1adda7ee5b1b440632d6ab4eb7c57b480fc4808d0cac60539aac985d4b0ba,moved_toward_benign,0.02824628672766462,moved_toward_benign,True,random_forest,moved_toward_benign,moved_toward_benign,True,moved_toward_benign,review_pending,human_review_not_completed,not_reviewed,"[""vcv_missing""]",-2.0,True,random_forest was selected only from this outer fold's training data; this component was excluded.
1424022,P4HB,f9ccd3285d81cdb3f20962456ecadaaaa6063d51ecff1d0018351d3dc8a80aff,moved_toward_benign,0.04907627124772147,moved_toward_benign,True,extra_trees,moved_toward_benign,moved_toward_benign,True,moved_toward_benign,review_pending,human_review_not_completed,not_reviewed,"[""vcv_missing"",""possible_related_component_group""]",-2.0,True,extra_trees was selected only from this outer fold's training data; this component was excluded.
1384223,C1S,06bf65c963d93e594bc08e0c6b82fe8ee7b5e1f16e326e7b340c5850d787826e,moved_toward_pathogenic,0.9672551391127143,moved_toward_pathogenic,True,extra_trees,moved_toward_pathogenic,moved_toward_pathogenic,True,moved_toward_pathogenic,review_pending,human_review_not_completed,not_reviewed,"[""vcv_missing"",""possible_related_component_group""]",5.0,True,extra_trees was selected only from this outer fold's training data; this component was excluded.
2165476,B4GALT7,b731a6472f90125fc315e7f455c4d69c3731c06457eef8cdfdba0691a8943bd7,moved_toward_pathogenic,0.9898026013976573,moved_toward_pathogenic,True,random_forest,moved_toward_pathogenic,moved_toward_pathogenic,True,moved_toward_pathogenic,review_pending,human_review_not_completed,not_reviewed,"[""vcv_missing"",""possible_related_component_group""]",5.0,True,random_forest was selected only from this outer fold's training data; this component was excluded.
1344492,EMILIN1,41b571546a97b9a2ad689e85f983672c564f496457f15978245e29a2e54ae8de,moved_toward_pathogenic,0.9869562918849469,moved_toward_pathogenic,True,random_forest,moved_toward_pathogenic,moved_toward_pathogenic,True,moved_toward_pathogenic,review_pending,human_review_not_completed,not_reviewed,"[""vcv_missing""]",5.0,True,random_forest was selected only from this outer fold's training data; this component was excluded.
1775090,OPTN,c76f2b13ddfc00b0bfb0cc98d3a84283fb3d4cac81c357d6269be5f404c75804,moved_toward_pathogenic,0.9489106249571944,moved_toward_pathogenic,True,random_forest,moved_toward_pathogenic,moved_toward_pathogenic,True,moved_toward_pathogenic,review_pending,human_review_not_completed,not_reviewed,"[""vcv_missing""]",5.0,True,random_forest was selected only from this outer fold's training data; this component was excluded.
2504572,SV2A,a6faa991a8769100c8ca91759f92952294ce95be54706023d50399c2dd72c0d3,moved_toward_pathogenic,0.9554229937458152,moved_toward_pathogenic,True,extra_trees,moved_toward_pathogenic,moved_toward_pathogenic,True,moved_toward_pathogenic,review_pending,human_review_not_completed,not_reviewed,"[""vcv_missing""]",5.0,True,extra_trees was selected only from this outer fold's training data; this component was excluded.
2433092,KDM6B,f07a95df44309ce323b2a985fef3c73d9335d7c031119b57b754c5b7be0782f0,moved_toward_pathogenic,0.9245814211851168,moved_toward_pathogenic,True,extra_trees,moved_toward_pathogenic,moved_toward_pathogenic,True,moved_toward_pathogenic,review_pending,human_review_not_completed,not_reviewed,"[""vcv_missing""]",5.0,True,extra_trees was selected only from this outer fold's training data; this component was excluded.
1354563,B4GALT7,b731a6472f90125fc315e7f455c4d69c3731c06457eef8cdfdba0691a8943bd7,moved_toward_pathogenic,0.9447192796042329,moved_toward_pathogenic,True,random_forest,moved_toward_pathogenic,moved_toward_pathogenic,True,moved_toward_pathogenic,review_pending,human_review_not_completed,not_reviewed,"[""vcv_missing"",""possible_related_component_group""]",5.0,True,random_forest was selected only from this outer fold's training data; this component was excluded.
1480008,KCNJ2,feba12e07be796543e3b0a6d747b9006c3d6fa0aa94c1c9ed46f23ce71fa66ca,moved_toward_pathogenic,0.9048295026438004,moved_toward_pathogenic,True,extra_trees,moved_toward_pathogenic,moved_toward_pathogenic,True,moved_toward_pathogenic,review_pending,human_review_not_completed,not_reviewed,"[""vcv_missing"",""possible_related_component_group""]",5.0,True,extra_trees was selected only from this outer fold's training data; this component was excluded.
1483962,OSGEP,34e124ee84093201cacea25801d775578f29269980b1baa6173c08b99ea28c2c,moved_toward_pathogenic,0.9242772662452474,moved_toward_pathogenic,True,extra_trees,moved_toward_pathogenic,moved_toward_pathogenic,True,moved_toward_pathogenic,review_pending,human_review_not_completed,not_reviewed,"[""vcv_missing"",""possible_related_component_group""]",5.0,True,extra_trees was selected only from this outer fold's training data; this component was excluded.
2096399,EPRS1,a31c7eaf033a5a0ea397306d7c8f047fc01265228a874287713f497d693ee00c,moved_toward_pathogenic,0.9442058555195633,moved_toward_pathogenic,True,extra_trees,moved_toward_pathogenic,moved_toward_pathogenic,True,moved_toward_pathogenic,review_pending,human_review_not_completed,not_reviewed,"[""vcv_missing"",""possible_related_component_group""]",5.0,True,extra_trees was selected only from this outer fold's training data; this component was excluded.
1939145,C1S,06bf65c963d93e594bc08e0c6b82fe8ee7b5e1f16e326e7b340c5850d787826e,moved_toward_pathogenic,0.9570237308217139,moved_toward_pathogenic,True,extra_trees,moved_toward_pathogenic,moved_toward_pathogenic,True,moved_toward_pathogenic,review_pending,human_review_not_completed,not_reviewed,"[""vcv_missing"",""possible_related_component_group""]",5.0,True,extra_trees was selected only from this outer fold's training data; this component was excluded.
1379064,OSGEP,34e124ee84093201cacea25801d775578f29269980b1baa6173c08b99ea28c2c,moved_toward_pathogenic,0.9245915239411243,moved_toward_pathogenic,True,extra_trees,moved_toward_pathogenic,moved_toward_pathogenic,True,moved_toward_pathogenic,review_pending,human_review_not_completed,not_reviewed,"[""vcv_missing"",""possible_related_component_group""]",5.0,True,extra_trees was selected only from this outer fold's training data; this component was excluded.
1363175,SLC18A2,80d2208a4e7f11d134cb221b97570e9bf2cada36c8b074c10b3561f626b98ba6,moved_toward_pathogenic,0.902903318415833,moved_toward_pathogenic,True,extra_trees,moved_toward_pathogenic,moved_toward_pathogenic,True,moved_toward_pathogenic,review_pending,human_review_not_completed,not_reviewed,"[""vcv_missing"",""possible_related_component_group""]",5.0,True,extra_trees was selected only from this outer fold's training data; this component was excluded.
1396222,DRAM2,295eed6c09aa96db6d0ec977540f382a650a7499f82aaca453419b979d387171,moved_toward_pathogenic,0.9242912926477925,moved_toward_pathogenic,True,extra_trees,moved_toward_pathogenic,moved_toward_pathogenic,True,moved_toward_pathogenic,review_pending,human_review_not_completed,not_reviewed,"[""vcv_missing"",""possible_related_component_group""]",5.0,True,extra_trees was selected only from this outer fold's training data; this component was excluded.
2080661,C1S,06bf65c963d93e594bc08e0c6b82fe8ee7b5e1f16e326e7b340c5850d787826e,moved_toward_pathogenic,0.9658536773807493,moved_toward_pathogenic,True,extra_trees,moved_toward_pathogenic,moved_toward_pathogenic,True,moved_toward_pathogenic,review_pending,human_review_not_completed,not_reviewed,"[""vcv_missing"",""possible_related_component_group""]",5.0,True,extra_trees was selected only from this outer fold's training data; this component was excluded.
1723033,ARFGEF1,c6fe1a63b9b4e4860d98029ba50d5f640135fd57c7afb23a07a27289ba464316,moved_toward_pathogenic,0.9765912389596426,moved_toward_pathogenic,True,extra_trees,moved_toward_pathogenic,moved_toward_pathogenic,True,moved_toward_pathogenic,review_pending,human_review_not_completed,not_reviewed,"[""vcv_missing"",""possible_related_component_group""]",5.0,True,extra_trees was selected only from this outer fold's training data; this component was excluded.
2003959,ETV6,eb09422ab73c4c841d7e5340d95e47aaa383eff8b96ee08bbe5b9943a1f274c5,moved_toward_pathogenic,0.9696415529749,moved_toward_pathogenic,True,extra_trees,moved_toward_pathogenic,moved_toward_pathogenic,True,moved_toward_pathogenic,review_pending,human_review_not_completed,not_reviewed,"[""vcv_missing"",""possible_related_component_group""]",5.0,True,extra_trees was selected only from this outer fold's training data; this component was excluded.
2114849,DISP1,4a33ed4d9851445cc31e7e47df51cf1b7f4abb08e8ee57a56d069741d6b3280a,moved_toward_pathogenic,0.9044739868986608,moved_toward_pathogenic,True,extra_trees,moved_toward_pathogenic,moved_toward_pathogenic,True,moved_toward_pathogenic,review_pending,human_review_not_completed,not_reviewed,"[""vcv_missing""]",5.0,True,extra_trees was selected only from this outer fold's training data; this component was excluded.
1712157,DHX30,1d723c54dd96f4de0012fab4b3255e7e0bf4d6692f9a94751f7b244d4df3c89d,moved_toward_pathogenic,0.9572054849161126,moved_toward_pathogenic,True,random_forest,moved_toward_pathogenic,moved_toward_pathogenic,True,moved_toward_pathogenic,review_pending,human_review_not_completed,not_reviewed,"[""vcv_missing"",""possible_related_component_group""]",5.0,True,random_forest was selected only from this outer fold's training data; this component was excluded.
1980342,BCAT2,494c6e670d01dc6f862b6c9948ec682fdd54978768bd9d84cb1905d0dcec5c66,moved_toward_pathogenic,0.9637889891772804,moved_toward_pathogenic,True,extra_trees,moved_toward_pathogenic,moved_toward_pathogenic,True,moved_toward_pathogenic,review_pending,human_review_not_completed,not_reviewed,"[""vcv_missing""]",5.0,True,extra_trees was selected only from this outer fold's training data; this component was excluded.
1380167,UCHL1,abd305c041a982d6795846bee42f5238e02351ed3e7f9ff5151d1f470cd4f081,moved_toward_pathogenic,0.9024362456328301,moved_toward_pathogenic,True,extra_trees,moved_toward_pathogenic,moved_toward_pathogenic,True,moved_toward_pathogenic,review_pending,human_review_not_completed,not_reviewed,"[""vcv_missing"",""possible_related_component_group""]",5.0,True,extra_trees was selected only from this outer fold's training data; this component was excluded.
2185994,MBTPS1,df5f0d0b1bae35e637a17b963312826484eb7001d3a12f30a18ad9af66f5c154,moved_toward_pathogenic,0.97383187734897,moved_toward_pathogenic,True,extra_trees,moved_toward_pathogenic,moved_toward_pathogenic,True,moved_toward_pathogenic,review_pending,human_review_not_completed,not_reviewed,"[""vcv_missing""]",5.0,True,extra_trees was selected only from this outer fold's training data; this component was excluded.
2086911,PNLIP,db0bf0c6bfd0a12aed4550bddc07b0d96eac8ea25892a2df53439e57dc583505,moved_toward_pathogenic,0.9044939786189536,moved_toward_pathogenic,True,extra_trees,moved_toward_pathogenic,moved_toward_pathogenic,True,moved_toward_pathogenic,review_pending,human_review_not_completed,not_reviewed,"[""vcv_missing"",""possible_related_component_group""]",5.0,True,extra_trees was selected only from this outer fold's training data; this component was excluded.
1993367,COG1,28ea10cc6f6017acb112a6246878e05e5b8bb61d2a23dc978a636396d4a95e7b,moved_toward_pathogenic,0.9044158230881152,moved_toward_pathogenic,True,extra_trees,moved_toward_pathogenic,moved_toward_pathogenic,True,moved_toward_pathogenic,review_pending,human_review_not_completed,not_reviewed,"[""vcv_missing"",""possible_related_component_group""]",5.0,True,extra_trees was selected only from this outer fold's training data; this component was excluded.
2195938,COG1,28ea10cc6f6017acb112a6246878e05e5b8bb61d2a23dc978a636396d4a95e7b,moved_toward_pathogenic,0.9033777556062731,moved_toward_pathogenic,True,extra_trees,moved_toward_pathogenic,moved_toward_pathogenic,True,moved_toward_pathogenic,review_pending,human_review_not_completed,not_reviewed,"[""vcv_missing"",""possible_related_component_group""]",5.0,True,extra_trees was selected only from this outer fold's training data; this component was excluded.
1397948,BBS4,bff24edd3f063d91c46eb46b509db10f4ed4a50ff0bb14f8e2b4ec92a86b9d88,moved_toward_pathogenic,0.7753168572143967,moved_toward_pathogenic,True,extra_trees,moved_toward_pathogenic,moved_toward_pathogenic,True,moved_toward_pathogenic,review_pending,human_review_not_completed,not_reviewed,"[""vcv_missing"",""possible_related_component_group""]",6.0,True,extra_trees was selected only from this outer fold's training data; this component was excluded.
1946821,FOXRED1,473ad82fd1e52e7f494e2ad68c3e1d8dea9cada000d116ba3dd3285fe441393a,moved_toward_pathogenic,0.9309823115726692,moved_toward_pathogenic,True,extra_trees,moved_toward_pathogenic,moved_toward_pathogenic,True,moved_toward_pathogenic,review_pending,human_review_not_completed,not_reviewed,"[""vcv_missing"",""possible_related_component_group""]",5.0,True,extra_trees was selected only from this outer fold's training data; this component was excluded.
1809826,CAPRIN1,36020c7916c2b2d50efcbfa6573be52fa994cebfa80fa28c0370734f6dec21da,moved_toward_pathogenic,0.9579769315544763,moved_toward_pathogenic,True,random_forest,moved_toward_pathogenic,moved_toward_pathogenic,True,moved_toward_pathogenic,review_pending,human_review_not_completed,not_reviewed,"[""vcv_missing""]",5.0,True,random_forest was selected only from this outer fold's training data; this component was excluded.
1363920,C1S,06bf65c963d93e594bc08e0c6b82fe8ee7b5e1f16e326e7b340c5850d787826e,moved_toward_pathogenic,0.9620562506041445,moved_toward_pathogenic,True,extra_trees,moved_toward_pathogenic,moved_toward_pathogenic,True,moved_toward_pathogenic,review_pending,human_review_not_completed,not_reviewed,"[""vcv_missing"",""possible_related_component_group""]",5.0,True,extra_trees was selected only from this outer fold's training data; this component was excluded.
2015221,C1S,06bf65c963d93e594bc08e0c6b82fe8ee7b5e1f16e326e7b340c5850d787826e,moved_toward_pathogenic,0.9620562506041445,moved_toward_pathogenic,True,extra_trees,moved_toward_pathogenic,moved_toward_pathogenic,True,moved_toward_pathogenic,review_pending,human_review_not_completed,not_reviewed,"[""vcv_missing"",""possible_related_component_group""]",5.0,True,extra_trees was selected only from this outer fold's training data; this component was excluded.
2054643,TBC1D32,8f476966912d051dae8d39e70c316c0d44da62eb856fa514a0aa521d11a359b3,moved_toward_pathogenic,0.9026621133233677,moved_toward_pathogenic,True,extra_trees,moved_toward_pathogenic,moved_toward_pathogenic,True,moved_toward_pathogenic,review_pending,human_review_not_completed,not_reviewed,"[""vcv_missing"",""possible_related_component_group""]",5.0,True,extra_trees was selected only from this outer fold's training data; this component was excluded.
2024847,CD40,1d17b9df88f33ff16b3a2ee62b7a44ea6d4fc164d803a3382532258a57a3452b,moved_toward_pathogenic,0.9667898510975428,moved_toward_pathogenic,True,extra_trees,moved_toward_pathogenic,moved_toward_pathogenic,True,moved_toward_pathogenic,review_pending,human_review_not_completed,not_reviewed,"[""vcv_missing"",""possible_related_component_group""]",5.0,True,extra_trees was selected only from this outer fold's training data; this component was excluded.
1927535,TELO2,cf880572f529ceb84fb79fb7f4ea8050f0f44f29354eb1d444ecba6572f8359a,moved_toward_pathogenic,0.9667898510975428,moved_toward_pathogenic,True,extra_trees,moved_toward_pathogenic,moved_toward_pathogenic,True,moved_toward_pathogenic,review_pending,human_review_not_completed,not_reviewed,"[""vcv_missing"",""possible_related_component_group""]",5.0,True,extra_trees was selected only from this outer fold's training data; this component was excluded.
2029255,PNLIP,db0bf0c6bfd0a12aed4550bddc07b0d96eac8ea25892a2df53439e57dc583505,moved_toward_pathogenic,0.9055371386824685,moved_toward_pathogenic,True,extra_trees,moved_toward_pathogenic,moved_toward_pathogenic,True,moved_toward_pathogenic,review_pending,human_review_not_completed,not_reviewed,"[""vcv_missing"",""possible_related_component_group""]",5.0,True,extra_trees was selected only from this outer fold's training data; this component was excluded.
1486555,DRAM2,295eed6c09aa96db6d0ec977540f382a650a7499f82aaca453419b979d387171,moved_toward_pathogenic,0.9248946254921883,moved_toward_pathogenic,True,extra_trees,moved_toward_pathogenic,moved_toward_pathogenic,True,moved_toward_pathogenic,review_pending,human_review_not_completed,not_reviewed,"[""vcv_missing"",""possible_related_component_group""]",5.0,True,extra_trees was selected only from this outer fold's training data; this component was excluded.
1954560,MMAA,c882a15e1752ffd9f7e1af31ef0158e208960a0f8c99722322b13523605824db,moved_toward_pathogenic,0.9249555874248465,moved_toward_pathogenic,True,extra_trees,moved_toward_pathogenic,moved_toward_pathogenic,True,moved_toward_pathogenic,review_pending,human_review_not_completed,not_reviewed,"[""vcv_missing""]",5.0,True,extra_trees was selected only from this outer fold's training data; this component was excluded.
1958560,DZIP1L,d8a01585843290dc584512d791897ceab0064d99442acf1818de3a6b10fc6333,moved_toward_pathogenic,0.9055371386824685,moved_toward_pathogenic,True,extra_trees,moved_toward_pathogenic,moved_toward_pathogenic,True,moved_toward_pathogenic,review_pending,human_review_not_completed,not_reviewed,"[""vcv_missing""]",5.0,True,extra_trees was selected only from this outer fold's training data; this component was excluded.
1377473,TBC1D32,8f476966912d051dae8d39e70c316c0d44da62eb856fa514a0aa521d11a359b3,moved_toward_pathogenic,0.9025161684574815,moved_toward_pathogenic,True,extra_trees,moved_toward_pathogenic,moved_toward_pathogenic,True,moved_toward_pathogenic,review_pending,human_review_not_completed,not_reviewed,"[""vcv_missing"",""possible_related_component_group""]",5.0,True,extra_trees was selected only from this outer fold's training data; this component was excluded.
2027635,COG1,28ea10cc6f6017acb112a6246878e05e5b8bb61d2a23dc978a636396d4a95e7b,moved_toward_pathogenic,0.9056373544688253,moved_toward_pathogenic,True,extra_trees,moved_toward_pathogenic,moved_toward_pathogenic,True,moved_toward_pathogenic,review_pending,human_review_not_completed,not_reviewed,"[""vcv_missing"",""possible_related_component_group""]",5.0,True,extra_trees was selected only from this outer fold's training data; this component was excluded.
2507214,NANS,bb1307900e64ca979b4126780e63b8d4ab6e8dbd2e0b3528915a4799b9255e1a,moved_toward_pathogenic,0.9673433920365143,moved_toward_pathogenic,True,extra_trees,moved_toward_pathogenic,moved_toward_pathogenic,True,moved_toward_pathogenic,review_pending,human_review_not_completed,not_reviewed,"[""vcv_missing""]",5.0,True,extra_trees was selected only from this outer fold's training data; this component was excluded.
2475601,MSL2,0c091ecf3248f4857c5d73dceab0ee5ec657de22b70be84674aaceecc924be85,moved_toward_pathogenic,0.9027360179592498,moved_toward_pathogenic,True,extra_trees,moved_toward_pathogenic,moved_toward_pathogenic,True,moved_toward_pathogenic,review_pending,human_review_not_completed,not_reviewed,"[""vcv_missing""]",5.0,True,extra_trees was selected only from this outer fold's training data; this component was excluded.
1447591,UCHL1,abd305c041a982d6795846bee42f5238e02351ed3e7f9ff5151d1f470cd4f081,moved_toward_pathogenic,0.9850849482179035,moved_toward_pathogenic,True,extra_trees,moved_toward_pathogenic,moved_toward_pathogenic,True,moved_toward_pathogenic,review_pending,human_review_not_completed,not_reviewed,"[""vcv_missing"",""possible_related_component_group""]",5.0,True,extra_trees was selected only from this outer fold's training data; this component was excluded.
1406837,B4GALT7,b731a6472f90125fc315e7f455c4d69c3731c06457eef8cdfdba0691a8943bd7,moved_toward_pathogenic,0.9954436596204452,moved_toward_pathogenic,True,random_forest,moved_toward_pathogenic,moved_toward_pathogenic,True,moved_toward_pathogenic,review_pending,human_review_not_completed,not_reviewed,"[""vcv_missing"",""possible_related_component_group""]",5.0,True,random_forest was selected only from this outer fold's training data; this component was excluded.
1377327,ALOXE3,a2ef6f4b194a85d740eaa6b6249db10685a69d6274b70333903524de4a8010b0,moved_toward_pathogenic,0.9867913488141166,moved_toward_pathogenic,True,extra_trees,moved_toward_pathogenic,moved_toward_pathogenic,True,moved_toward_pathogenic,review_pending,human_review_not_completed,not_reviewed,"[""vcv_missing""]",5.0,True,extra_trees was selected only from this outer fold's training data; this component was excluded.
1480682,COG1,28ea10cc6f6017acb112a6246878e05e5b8bb61d2a23dc978a636396d4a95e7b,moved_toward_pathogenic,0.9828734815206803,moved_toward_pathogenic,True,extra_trees,moved_toward_pathogenic,moved_toward_pathogenic,True,moved_toward_pathogenic,review_pending,human_review_not_completed,not_reviewed,"[""vcv_missing"",""possible_related_component_group""]",5.0,True,extra_trees was selected only from this outer fold's training data; this component was excluded.
2060871,SLC18A2,80d2208a4e7f11d134cb221b97570e9bf2cada36c8b074c10b3561f626b98ba6,moved_toward_pathogenic,0.9850849482179035,moved_toward_pathogenic,True,extra_trees,moved_toward_pathogenic,moved_toward_pathogenic,True,moved_toward_pathogenic,review_pending,human_review_not_completed,not_reviewed,"[""vcv_missing"",""possible_related_component_group""]",5.0,True,extra_trees was selected only from this outer fold's training data; this component was excluded.
1463255,PRKCSH,86b8ebc8e8a202024c963d90b27ec2bf074e898f66c5571fb7b783c2fbbc3fb9,moved_toward_benign,0.12551726454528958,moved_toward_benign,True,extra_trees,moved_toward_benign,moved_toward_benign,True,moved_toward_benign,review_pending,human_review_not_completed,not_reviewed,"[""vcv_missing""]",0.0,False,extra_trees was selected only from this outer fold's training data; this component was excluded.
1675625,CETP,01bb625585ab1f510aa5baf8519dfab5327d2b7ed56b0aa04c1b7efe1b41043b,moved_toward_pathogenic,0.9828734815206803,moved_toward_pathogenic,True,extra_trees,moved_toward_pathogenic,moved_toward_pathogenic,True,moved_toward_pathogenic,review_pending,human_review_not_completed,not_reviewed,"[""vcv_missing""]",5.0,True,extra_trees was selected only from this outer fold's training data; this component was excluded.
1369670,NKX6-2,260d75337dd0e97e74346eafdada930864c13e2918838ac6daf859a35d862885,moved_toward_pathogenic,0.9981513971396483,moved_toward_pathogenic,True,random_forest,moved_toward_pathogenic,moved_toward_pathogenic,True,moved_toward_pathogenic,review_pending,human_review_not_completed,not_reviewed,"[""vcv_missing"",""possible_related_component_group""]",5.0,True,random_forest was selected only from this outer fold's training data; this component was excluded.
2045104,ITPA,a6bf4a542cff60b9fef9d67834922032f78ccaba92474bb80eaa6ed5a6c78ae6,moved_toward_pathogenic,0.9858254943231549,moved_toward_pathogenic,True,extra_trees,moved_toward_pathogenic,moved_toward_pathogenic,True,moved_toward_pathogenic,review_pending,human_review_not_completed,not_reviewed,"[""vcv_missing"",""possible_related_component_group""]",5.0,True,extra_trees was selected only from this outer fold's training data; this component was excluded.
2183112,CD40,1d17b9df88f33ff16b3a2ee62b7a44ea6d4fc164d803a3382532258a57a3452b,moved_toward_pathogenic,0.9861407959151864,moved_toward_pathogenic,True,extra_trees,moved_toward_pathogenic,moved_toward_pathogenic,True,moved_toward_pathogenic,review_pending,human_review_not_completed,not_reviewed,"[""vcv_missing"",""possible_related_component_group""]",5.0,True,extra_trees was selected only from this outer fold's training data; this component was excluded.
2076101,DNAJB13,91a0604aff8cdc56f31202d85b86a11bd73ccf0be32173f3cc00bd2a13ab22c6,moved_toward_pathogenic,0.9981513971396483,moved_toward_pathogenic,True,random_forest,moved_toward_pathogenic,moved_toward_pathogenic,True,moved_toward_pathogenic,review_pending,human_review_not_completed,not_reviewed,"[""vcv_missing"",""possible_related_component_group""]",5.0,True,random_forest was selected only from this outer fold's training data; this component was excluded.
2170396,COL27A1,e225b3ef9d6d7253b80f2700ba0de24a3bf0241527bbda75027cd4e05e485bf0,moved_toward_benign,0.12923856285979465,moved_toward_benign,True,extra_trees,moved_toward_benign,moved_toward_benign,True,moved_toward_benign,review_pending,human_review_not_completed,not_reviewed,"[""vcv_missing"",""possible_related_component_group""]",0.0,False,extra_trees was selected only from this outer fold's training data; this component was excluded.
2004610,COG7,b977fe258e52daa1253e26206f2518531bf7ed66a21d310147a6192e046ba398,moved_toward_pathogenic,0.9858485371103707,moved_toward_pathogenic,True,extra_trees,moved_toward_pathogenic,moved_toward_pathogenic,True,moved_toward_pathogenic,review_pending,human_review_not_completed,not_reviewed,"[""vcv_missing"",""possible_related_component_group""]",5.0,True,extra_trees was selected only from this outer fold's training data; this component was excluded.
1914495,CXCR2,f9ce5a0733085ef6b73840444ef5d7b49173d78575fdf5c06be771c07f954b68,moved_toward_pathogenic,0.9861407959151864,moved_toward_pathogenic,True,extra_trees,moved_toward_pathogenic,moved_toward_pathogenic,True,moved_toward_pathogenic,review_pending,human_review_not_completed,not_reviewed,"[""vcv_missing""]",5.0,True,extra_trees was selected only from this outer fold's training data; this component was excluded.
2008415,C1S,06bf65c963d93e594bc08e0c6b82fe8ee7b5e1f16e326e7b340c5850d787826e,moved_toward_pathogenic,0.9861407959151864,moved_toward_pathogenic,True,extra_trees,moved_toward_pathogenic,moved_toward_pathogenic,True,moved_toward_pathogenic,review_pending,human_review_not_completed,not_reviewed,"[""vcv_missing"",""possible_related_component_group""]",5.0,True,extra_trees was selected only from this outer fold's training data; this component was excluded.
2415008,MPV17,d3f59198f70f0224cee51ef193310b02b855768e4b7ff090aa9ad75503a09aa8,moved_toward_pathogenic,0.9858485371103707,moved_toward_pathogenic,True,extra_trees,moved_toward_pathogenic,moved_toward_pathogenic,True,moved_toward_pathogenic,review_pending,human_review_not_completed,not_reviewed,"[""vcv_missing""]",5.0,True,extra_trees was selected only from this outer fold's training data; this component was excluded.
2140434,TBC1D32,8f476966912d051dae8d39e70c316c0d44da62eb856fa514a0aa521d11a359b3,moved_toward_pathogenic,0.9850849482179035,moved_toward_pathogenic,True,extra_trees,moved_toward_pathogenic,moved_toward_pathogenic,True,moved_toward_pathogenic,review_pending,human_review_not_completed,not_reviewed,"[""vcv_missing"",""possible_related_component_group""]",5.0,True,extra_trees was selected only from this outer fold's training data; this component was excluded.
2024104,CNNM2,d6c9b9cc3c79e96af5435bb24255cdfd294e5ef8375c68eab129d522bdf3ffe1,moved_toward_pathogenic,0.9861407959151864,moved_toward_pathogenic,True,extra_trees,moved_toward_pathogenic,moved_toward_pathogenic,True,moved_toward_pathogenic,review_pending,human_review_not_completed,not_reviewed,"[""vcv_missing""]",5.0,True,extra_trees was selected only from this outer fold's training data; this component was excluded.
2077160,ALDOA,4de4c0643275532005e3cf10c0df69aeac680facc21a2c633faa426a597ba66d,moved_toward_pathogenic,0.9987459259343009,moved_toward_pathogenic,True,random_forest,moved_toward_pathogenic,moved_toward_pathogenic,True,moved_toward_pathogenic,review_pending,human_review_not_completed,not_reviewed,"[""vcv_missing"",""possible_related_component_group""]",5.0,True,random_forest was selected only from this outer fold's training data; this component was excluded.
1917255,ZEB1,e67a073fa2996ba6c44b91c919c46e9cde3cea95a7677a190005ec0c5a90af18,moved_toward_benign,0.14726738923165897,moved_toward_benign,True,extra_trees,moved_toward_benign,moved_toward_benign,True,moved_toward_benign,review_pending,human_review_not_completed,not_reviewed,"[""vcv_missing""]",0.0,False,extra_trees was selected only from this outer fold's training data; this component was excluded.
1677019,RASA2,2b6bf887f33c7d8dd7f87c345d5ce082f32914d36281f65e5697da0c63ccaadf,moved_toward_benign,0.3376769933891655,moved_toward_benign,True,extra_trees,moved_toward_benign,moved_toward_benign,True,moved_toward_benign,review_pending,human_review_not_completed,not_reviewed,"[""vcv_missing"",""possible_related_component_group""]",0.0,False,extra_trees was selected only from this outer fold's training data; this component was excluded.
2634784,NR0B2,fd54d97c75e1a9276a7a80304a63aaeef6cf4ea39c78461100192beb0c359333,moved_toward_pathogenic,0.8936899714463413,moved_toward_pathogenic,True,extra_trees,moved_toward_pathogenic,moved_toward_pathogenic,True,moved_toward_pathogenic,review_pending,human_review_not_completed,not_reviewed,"[""vcv_missing""]",5.0,True,extra_trees was selected only from this outer fold's training data; this component was excluded.
2571911,ZBTB7A,e46ee35067770203335fe873efb28cd56909de0f89355f52222b39a1ce5e0c40,moved_toward_pathogenic,0.9807775364806175,moved_toward_pathogenic,True,random_forest,moved_toward_pathogenic,moved_toward_pathogenic,True,moved_toward_pathogenic,review_pending,human_review_not_completed,not_reviewed,"[""vcv_missing""]",5.0,True,random_forest was selected only from this outer fold's training data; this component was excluded.
1922474,EXOC6B,c6fa6b1892905a0a51d350d87ce7c79e814a7eb9a210028ba7f428b4fbf795bd,moved_toward_benign,0.21259192300668947,moved_toward_benign,True,random_forest,moved_toward_benign,moved_toward_benign,True,moved_toward_benign,review_pending,human_review_not_completed,not_reviewed,"[""vcv_missing"",""possible_related_component_group""]",0.0,False,random_forest was selected only from this outer fold's training data; this component was excluded.
2630166,AIMP1,52ac516511b258eee1e69131442362f4dbc3478b702544db5d402eff3e690a95,moved_toward_pathogenic,0.9832418618567792,moved_toward_pathogenic,True,extra_trees,moved_toward_pathogenic,moved_toward_pathogenic,True,moved_toward_pathogenic,review_pending,human_review_not_completed,not_reviewed,"[""vcv_missing""]",5.0,True,extra_trees was selected only from this outer fold's training data; this component was excluded.
2443296,USP45,9499139f4e138342206a926b9c2cc06478a7905636fe4a8e9539216fabcff215,moved_toward_pathogenic,0.9426482078548396,moved_toward_pathogenic,True,random_forest,moved_toward_pathogenic,moved_toward_pathogenic,True,moved_toward_pathogenic,review_pending,human_review_not_completed,not_reviewed,"[""vcv_missing""]",4.0,True,random_forest was selected only from this outer fold's training data; this component was excluded.
2035436,ETV6,eb09422ab73c4c841d7e5340d95e47aaa383eff8b96ee08bbe5b9943a1f274c5,moved_toward_pathogenic,0.9103024344038099,moved_toward_pathogenic,True,extra_trees,moved_toward_pathogenic,moved_toward_pathogenic,True,moved_toward_pathogenic,review_pending,human_review_not_completed,not_reviewed,"[""vcv_missing"",""possible_related_component_group""]",4.0,True,extra_trees was selected only from this outer fold's training data; this component was excluded.
1806275,PKD2,f53cc297a0486afb4b9015062984ba4ac59c3e7ec997ac555a9aa4ac26544898,moved_toward_pathogenic,0.9357022884784023,moved_toward_pathogenic,True,extra_trees,moved_toward_pathogenic,moved_toward_pathogenic,True,moved_toward_pathogenic,review_pending,human_review_not_completed,not_reviewed,"[""vcv_missing"",""possible_related_component_group""]",4.0,True,extra_trees was selected only from this outer fold's training data; this component was excluded.
1806290,KRT6A,ffdc8f371730bd2b4434082429749acab348d41f9544ee9619a505c53c941362,moved_toward_pathogenic,0.8995141693542315,moved_toward_pathogenic,True,extra_trees,moved_toward_pathogenic,moved_toward_pathogenic,True,moved_toward_pathogenic,review_pending,human_review_not_completed,not_reviewed,"[""vcv_missing""]",4.0,True,extra_trees was selected only from this outer fold's training data; this component was excluded.
1684583,IFNAR2,dd16c3f894a1a1ff6df564bd7fc7e916c3f7026d4b3d56e04a680ac4098ac641,moved_toward_benign,0.10010957346409191,moved_toward_benign,True,extra_trees,moved_toward_benign,moved_toward_benign,True,moved_toward_benign,review_pending,human_review_not_completed,not_reviewed,"[""vcv_missing""]",-1.0,False,extra_trees was selected only from this outer fold's training data; this component was excluded.
1443577,CFAP52,b2b766c5231c996a4a6a3a64b3089af67cf82a813cd717ad919477b0ff456b34,moved_toward_pathogenic,0.9084061952512734,moved_toward_pathogenic,True,extra_trees,moved_toward_pathogenic,moved_toward_pathogenic,True,moved_toward_pathogenic,review_pending,human_review_not_completed,not_reviewed,"[""vcv_missing"",""possible_related_component_group""]",4.0,True,extra_trees was selected only from this outer fold's training data; this component was excluded.
1478485,BGN,9602491c95dfb21feff4c291a5a5c5603ecb6e9bbec3eda13938c3213c2c1f17,moved_toward_pathogenic,0.9424025387350443,moved_toward_pathogenic,True,random_forest,moved_toward_pathogenic,moved_toward_pathogenic,True,moved_toward_pathogenic,review_pending,human_review_not_completed,not_reviewed,"[""vcv_missing"",""possible_related_component_group""]",4.0,True,random_forest was selected only from this outer fold's training data; this component was excluded.
1378529,EXOC6B,c6fa6b1892905a0a51d350d87ce7c79e814a7eb9a210028ba7f428b4fbf795bd,moved_toward_pathogenic,0.9519677561263487,moved_toward_pathogenic,True,random_forest,moved_toward_pathogenic,moved_toward_pathogenic,True,moved_toward_pathogenic,review_pending,human_review_not_completed,not_reviewed,"[""vcv_missing"",""possible_related_component_group""]",4.0,True,random_forest was selected only from this outer fold's training data; this component was excluded.
1445694,UCHL1,abd305c041a982d6795846bee42f5238e02351ed3e7f9ff5151d1f470cd4f081,moved_toward_pathogenic,0.9420405850997193,moved_toward_pathogenic,True,extra_trees,moved_toward_pathogenic,moved_toward_pathogenic,True,moved_toward_pathogenic,review_pending,human_review_not_completed,not_reviewed,"[""vcv_missing"",""possible_related_component_group""]",4.0,True,extra_trees was selected only from this outer fold's training data; this component was excluded.
1463811,PDHB,91f2db7dc9fbdcda30fd659383e79c881dd42348d36c47800a7fc19a746b6d27,moved_toward_pathogenic,0.9422326035599656,moved_toward_pathogenic,True,extra_trees,moved_toward_pathogenic,moved_toward_pathogenic,True,moved_toward_pathogenic,review_pending,human_review_not_completed,not_reviewed,"[""vcv_missing""]",4.0,True,extra_trees was selected only from this outer fold's training data; this component was excluded.
1912446,LARS1,161c66370773195521f6aaaca9f9983b96e5c26849fcbd9a98f707e4e3d8016d,moved_toward_pathogenic,0.9421787765691585,moved_toward_pathogenic,True,extra_trees,moved_toward_pathogenic,moved_toward_pathogenic,True,moved_toward_pathogenic,review_pending,human_review_not_completed,not_reviewed,"[""vcv_missing""]",4.0,True,extra_trees was selected only from this outer fold's training data; this component was excluded.
2064958,B4GALT7,b731a6472f90125fc315e7f455c4d69c3731c06457eef8cdfdba0691a8943bd7,moved_toward_pathogenic,0.9518395509981435,moved_toward_pathogenic,True,random_forest,moved_toward_pathogenic,moved_toward_pathogenic,True,moved_toward_pathogenic,review_pending,human_review_not_completed,not_reviewed,"[""vcv_missing"",""possible_related_component_group""]",4.0,True,random_forest was selected only from this outer fold's training data; this component was excluded.
1915207,CYP27A1,7b30044692fe3914571b2a0c2c8a7fadc3efd901b8614709691433cc9d06803e,moved_toward_pathogenic,0.9665450908271914,moved_toward_pathogenic,True,extra_trees,moved_toward_pathogenic,moved_toward_pathogenic,True,moved_toward_pathogenic,review_pending,human_review_not_completed,not_reviewed,"[""vcv_missing"",""possible_related_component_group""]",4.0,True,extra_trees was selected only from this outer fold's training data; this component was excluded.
1897669,PEX13,b88f97bc03ee41c03b2de8a131a0a6571adc534f7852494c969eac20812681e9,moved_toward_pathogenic,0.9058252913218808,moved_toward_pathogenic,True,extra_trees,moved_toward_pathogenic,moved_toward_pathogenic,True,moved_toward_pathogenic,review_pending,human_review_not_completed,not_reviewed,"[""vcv_missing"",""possible_related_component_group""]",4.0,True,extra_trees was selected only from this outer fold's training data; this component was excluded.
1446036,ATIC,8f1c98e97d3daf9ee9364b91baa1876de7711dee5a7d6c17ae7cc1be634629cd,moved_toward_pathogenic,0.9665450908271914,moved_toward_pathogenic,True,extra_trees,moved_toward_pathogenic,moved_toward_pathogenic,True,moved_toward_pathogenic,review_pending,human_review_not_completed,not_reviewed,"[""vcv_missing"",""possible_related_component_group""]",4.0,True,extra_trees was selected only from this outer fold's training data; this component was excluded.
1461350,DRAM2,295eed6c09aa96db6d0ec977540f382a650a7499f82aaca453419b979d387171,moved_toward_pathogenic,0.9767825873259761,moved_toward_pathogenic,True,extra_trees,moved_toward_pathogenic,moved_toward_pathogenic,True,moved_toward_pathogenic,review_pending,human_review_not_completed,not_reviewed,"[""vcv_missing"",""possible_related_component_group""]",5.0,True,extra_trees was selected only from this outer fold's training data; this component was excluded.
2002672,OSGEP,34e124ee84093201cacea25801d775578f29269980b1baa6173c08b99ea28c2c,moved_toward_pathogenic,0.9140167388394808,moved_toward_pathogenic,True,extra_trees,moved_toward_pathogenic,moved_toward_pathogenic,True,moved_toward_pathogenic,review_pending,human_review_not_completed,not_reviewed,"[""vcv_missing"",""possible_related_component_group""]",4.0,True,extra_trees was selected only from this outer fold's training data; this component was excluded.
2017623,ROBO1,e983115dc19babe1c99f9636307e37be4ae37888cd68988a92152d8a96d4e1e0,moved_toward_pathogenic,0.9045749581283755,moved_toward_pathogenic,True,extra_trees,moved_toward_pathogenic,moved_toward_pathogenic,True,moved_toward_pathogenic,review_pending,human_review_not_completed,not_reviewed,"[""vcv_missing""]",4.0,True,extra_trees was selected only from this outer fold's training data; this component was excluded.
2056320,NTRK2,1b08944dbbc27fc316c2d9743a9709917bf9e969e31059087f007c3d048e7a4b,moved_toward_pathogenic,0.9518395509981435,moved_toward_pathogenic,True,random_forest,moved_toward_pathogenic,moved_toward_pathogenic,True,moved_toward_pathogenic,review_pending,human_review_not_completed,not_reviewed,"[""vcv_missing"",""possible_related_component_group""]",4.0,True,random_forest was selected only from this outer fold's training data; this component was excluded.
2109236,PNLIP,db0bf0c6bfd0a12aed4550bddc07b0d96eac8ea25892a2df53439e57dc583505,moved_toward_pathogenic,0.9045749581283755,moved_toward_pathogenic,True,extra_trees,moved_toward_pathogenic,moved_toward_pathogenic,True,moved_toward_pathogenic,review_pending,human_review_not_completed,not_reviewed,"[""vcv_missing"",""possible_related_component_group""]",4.0,True,extra_trees was selected only from this outer fold's training data; this component was excluded.
2179225,B4GALT7,b731a6472f90125fc315e7f455c4d69c3731c06457eef8cdfdba0691a8943bd7,moved_toward_pathogenic,0.9518395509981435,moved_toward_pathogenic,True,random_forest,moved_toward_pathogenic,moved_toward_pathogenic,True,moved_toward_pathogenic,review_pending,human_review_not_completed,not_reviewed,"[""vcv_missing"",""possible_related_component_group""]",4.0,True,random_forest was selected only from this outer fold's training data; this component was excluded.
1388087,NTRK2,1b08944dbbc27fc316c2d9743a9709917bf9e969e31059087f007c3d048e7a4b,moved_toward_pathogenic,0.9518395509981435,moved_toward_pathogenic,True,random_forest,moved_toward_pathogenic,moved_toward_pathogenic,True,moved_toward_pathogenic,review_pending,human_review_not_completed,not_reviewed,"[""vcv_missing"",""possible_related_component_group""]",4.0,True,random_forest was selected only from this outer fold's training data; this component was excluded.
1982013,NDUFS7,50bd6bf3f8783e95c03cb83eb8981d7065b4ca4901efc737793a78c5e039233f,moved_toward_pathogenic,0.9518395509981435,moved_toward_pathogenic,True,random_forest,moved_toward_pathogenic,moved_toward_pathogenic,True,moved_toward_pathogenic,review_pending,human_review_not_completed,not_reviewed,"[""vcv_missing""]",4.0,True,random_forest was selected only from this outer fold's training data; this component was excluded.
2579538,DHX9,30af38363da6342509cafe28c5458124f837229b6cba08e1492ce20b87f5fcd5,moved_toward_pathogenic,0.9028312421285959,moved_toward_pathogenic,True,extra_trees,moved_toward_pathogenic,moved_toward_pathogenic,True,moved_toward_pathogenic,review_pending,human_review_not_completed,not_reviewed,"[""vcv_missing""]",4.0,True,extra_trees was selected only from this outer fold's training data; this component was excluded.
1510429,ETV6,eb09422ab73c4c841d7e5340d95e47aaa383eff8b96ee08bbe5b9943a1f274c5,moved_toward_pathogenic,0.9028312421285959,moved_toward_pathogenic,True,extra_trees,moved_toward_pathogenic,moved_toward_pathogenic,True,moved_toward_pathogenic,review_pending,human_review_not_completed,not_reviewed,"[""vcv_missing"",""possible_related_component_group""]",4.0,True,extra_trees was selected only from this outer fold's training data; this component was excluded.
2103874,TELO2,cf880572f529ceb84fb79fb7f4ea8050f0f44f29354eb1d444ecba6572f8359a,moved_toward_pathogenic,0.946472528942531,moved_toward_pathogenic,True,extra_trees,moved_toward_pathogenic,moved_toward_pathogenic,True,moved_toward_pathogenic,review_pending,human_review_not_completed,not_reviewed,"[""vcv_missing"",""possible_related_component_group""]",5.0,True,extra_trees was selected only from this outer fold's training data; this component was excluded.
1879779,TAFAZZIN,7985ba40728acafdaec94650fe0a2656a09968dc5e7b288e6ec37d84f38f2044,moved_toward_pathogenic,0.9028312421285959,moved_toward_pathogenic,True,extra_trees,moved_toward_pathogenic,moved_toward_pathogenic,True,moved_toward_pathogenic,review_pending,human_review_not_completed,not_reviewed,"[""vcv_missing"",""possible_related_component_group""]",4.0,True,extra_trees was selected only from this outer fold's training data; this component was excluded.
2074442,CLDN14,780b4b997bdfe670ae501f57255512669e1f37891a2cf7f0016fe5334121d781,moved_toward_pathogenic,0.9844846770961166,moved_toward_pathogenic,True,random_forest,moved_toward_pathogenic,moved_toward_pathogenic,True,moved_toward_pathogenic,review_pending,human_review_not_completed,not_reviewed,"[""vcv_missing""]",5.0,True,random_forest was selected only from this outer fold's training data; this component was excluded.
1502151,RNF168,4bc93ac7efe2375103ff95393416bbb49e548b80a0537a438e048b24eb82d560,moved_toward_pathogenic,0.977696771186351,moved_toward_pathogenic,True,extra_trees,moved_toward_pathogenic,moved_toward_pathogenic,True,moved_toward_pathogenic,review_pending,human_review_not_completed,not_reviewed,"[""vcv_missing"",""possible_related_component_group""]",5.0,True,extra_trees was selected only from this outer fold's training data; this component was excluded.
2635926,TBC1D8B,f2340160b57900f5a75df2ad2eff45cb9cb8d08362cbb5e2d74bc1b6e432b881,moved_toward_benign,0.15267904471164181,moved_toward_benign,True,extra_trees,moved_toward_benign,moved_toward_benign,True,moved_toward_benign,review_pending,human_review_not_completed,not_reviewed,"[""vcv_missing""]",0.0,False,extra_trees was selected only from this outer fold's training data; this component was excluded.
2501099,SYNE4,dd13d59ac2dfffd0dcbc14dd49696c111783b6bc135034d46b36068aa099bf75,moved_toward_pathogenic,0.9410200554213114,moved_toward_pathogenic,True,random_forest,moved_toward_pathogenic,moved_toward_pathogenic,True,moved_toward_pathogenic,review_pending,human_review_not_completed,not_reviewed,"[""vcv_missing""]",4.0,True,random_forest was selected only from this outer fold's training data; this component was excluded.
2030965,NDP,e48ffd0b5aa6620f79890a21a36f7949bb55f15208ffe9d120df27609c034993,moved_toward_pathogenic,0.9819159017434227,moved_toward_pathogenic,True,random_forest,moved_toward_pathogenic,moved_toward_pathogenic,True,moved_toward_pathogenic,review_pending,human_review_not_completed,not_reviewed,"[""vcv_missing"",""possible_related_component_group""]",5.0,True,random_forest was selected only from this outer fold's training data; this component was excluded.
2577206,TGM6,8d69a197ddc880433a499c5a269c46c486e65225770ced575c812a8a0b2480ac,moved_toward_benign,0.05059901464996057,moved_toward_benign,True,extra_trees,moved_toward_benign,moved_toward_benign,True,moved_toward_benign,review_pending,human_review_not_completed,not_reviewed,"[""vcv_missing""]",0.0,False,extra_trees was selected only from this outer fold's training data; this component was excluded.
2058503,TBXAS1,cee0ab46783f17c6139c58ccc6130702b4a9baa4f2b86c9577b88f09f5a53a37,moved_toward_pathogenic,0.9400148295467087,moved_toward_pathogenic,True,extra_trees,moved_toward_pathogenic,moved_toward_pathogenic,True,moved_toward_pathogenic,review_pending,human_review_not_completed,not_reviewed,"[""vcv_missing"",""possible_related_component_group""]",5.0,True,extra_trees was selected only from this outer fold's training data; this component was excluded.
2015550,TELO2,cf880572f529ceb84fb79fb7f4ea8050f0f44f29354eb1d444ecba6572f8359a,moved_toward_pathogenic,0.9327615547113957,moved_toward_pathogenic,True,extra_trees,moved_toward_pathogenic,moved_toward_pathogenic,True,moved_toward_pathogenic,review_pending,human_review_not_completed,not_reviewed,"[""vcv_missing"",""possible_related_component_group""]",5.0,True,extra_trees was selected only from this outer fold's training data; this component was excluded.
1900445,IFT88,1e34669ded88ae2e91b748a63386d31ce359bdaf903713eaa614005962f494f5,moved_toward_benign,0.13958188668101024,moved_toward_benign,True,extra_trees,moved_toward_benign,moved_toward_benign,True,moved_toward_benign,review_pending,human_review_not_completed,not_reviewed,"[""vcv_missing"",""possible_related_component_group""]",0.0,False,extra_trees was selected only from this outer fold's training data; this component was excluded.
1966220,C1S,06bf65c963d93e594bc08e0c6b82fe8ee7b5e1f16e326e7b340c5850d787826e,moved_toward_pathogenic,0.9436529633931631,moved_toward_pathogenic,True,extra_trees,moved_toward_pathogenic,moved_toward_pathogenic,True,moved_toward_pathogenic,review_pending,human_review_not_completed,not_reviewed,"[""vcv_missing"",""possible_related_component_group""]",5.0,True,extra_trees was selected only from this outer fold's training data; this component was excluded.
2634439,KIDINS220,94cda2fade4a2cecd2e69c84168409d5f9fdd276fdcc37ff714bd5c627e3c1ec,moved_toward_benign,0.06315862371271741,moved_toward_benign,True,extra_trees,moved_toward_benign,moved_toward_benign,True,moved_toward_benign,review_pending,human_review_not_completed,not_reviewed,"[""vcv_missing"",""possible_related_component_group""]",0.0,False,extra_trees was selected only from this outer fold's training data; this component was excluded.
2503858,DNAJC19,44a6776d4ceeabe737f30f8d1a1a84b6c4de11373d66c5152979a78ccd5ea627,moved_toward_benign,0.15647373976200812,moved_toward_benign,True,extra_trees,moved_toward_benign,moved_toward_benign,True,moved_toward_benign,review_pending,human_review_not_completed,not_reviewed,"[""vcv_missing""]",0.0,False,extra_trees was selected only from this outer fold's training data; this component was excluded.
1498431,RUSC2,2cf03e725a758b7ab4ac4f0b6d158d59894448171d4b2390e2692d9f7fb19497,moved_toward_benign,0.1385210028504217,moved_toward_benign,True,extra_trees,moved_toward_benign,moved_toward_benign,True,moved_toward_benign,review_pending,human_review_not_completed,not_reviewed,"[""vcv_missing"",""possible_related_component_group""]",0.0,False,extra_trees was selected only from this outer fold's training data; this component was excluded.
1395371,ADAMTS10,970cf3a9fd721f63cf5b01342f158659e250878d264a4e821c8d3a9662d0357c,moved_toward_benign,0.13621051673495338,moved_toward_benign,True,extra_trees,moved_toward_benign,moved_toward_benign,True,moved_toward_benign,review_pending,human_review_not_completed,not_reviewed,"[""vcv_missing"",""possible_related_component_group""]",0.0,False,extra_trees was selected only from this outer fold's training data; this component was excluded.
2634100,BBIP1,65d20c9d000136d687e6bc5d0c7c729337643287fd581513dc68fb7e369b9fa5,moved_toward_benign,0.15552190123052526,moved_toward_benign,True,extra_trees,moved_toward_benign,moved_toward_benign,True,moved_toward_benign,review_pending,human_review_not_completed,not_reviewed,"[""vcv_missing""]",0.0,False,extra_trees was selected only from this outer fold's training data; this component was excluded.
1478462,NOP10,6a3ee1388912e38ba17d49948d100d6d077f171054c9b76bc19ed0bad9e00894,moved_toward_benign,0.13878261528390212,moved_toward_benign,True,extra_trees,moved_toward_benign,moved_toward_benign,True,moved_toward_benign,review_pending,human_review_not_completed,not_reviewed,"[""vcv_missing""]",0.0,False,extra_trees was selected only from this outer fold's training data; this component was excluded.
1519521,TIMM50,218577ce7b019e678d0b5b2d16b00296a306e98ae01fd74e1678c2844c748e38,moved_toward_benign,0.056883500630981486,moved_toward_benign,True,random_forest,moved_toward_benign,moved_toward_benign,True,moved_toward_benign,review_pending,human_review_not_completed,not_reviewed,"[""vcv_missing""]",0.0,False,random_forest was selected only from this outer fold's training data; this component was excluded.
1475682,HAX1,b8eafd29b4c86cea054e5199cde65d9e264d4238d3f9ffa96015b8efd1d708ee,moved_toward_benign,0.056883500630981486,moved_toward_benign,True,random_forest,moved_toward_benign,moved_toward_benign,True,moved_toward_benign,review_pending,human_review_not_completed,not_reviewed,"[""vcv_missing"",""possible_related_component_group""]",0.0,False,random_forest was selected only from this outer fold's training data; this component was excluded.
1489526,DGAT1,8f3861789a621e7d4a46e8c803b5306522decd2628c22b4a19721f319ccdea63,moved_toward_benign,0.1407656529874001,moved_toward_benign,True,extra_trees,moved_toward_benign,moved_toward_benign,True,moved_toward_benign,review_pending,human_review_not_completed,not_reviewed,"[""vcv_missing"",""possible_related_component_group""]",0.0,False,extra_trees was selected only from this outer fold's training data; this component was excluded.
2445689,MAPT,ca38a1de082c431a59a0398100f62d9759134153f8bb5b16c4daecc77e502e77,moved_toward_benign,0.0457230899039613,moved_toward_benign,True,extra_trees,moved_toward_benign,moved_toward_benign,True,moved_toward_benign,review_pending,human_review_not_completed,not_reviewed,"[""vcv_missing""]",0.0,False,extra_trees was selected only from this outer fold's training data; this component was excluded.
2062181,SLC24A5,4547463f108392cf54b39c87dff2a0f02a0a390bdc973e06221665171eb6d189,moved_toward_benign,0.1584725959745079,moved_toward_benign,True,extra_trees,moved_toward_benign,moved_toward_benign,True,moved_toward_benign,review_pending,human_review_not_completed,not_reviewed,"[""vcv_missing"",""possible_related_component_group""]",0.0,False,extra_trees was selected only from this outer fold's training data; this component was excluded.
2132862,ATIC,8f1c98e97d3daf9ee9364b91baa1876de7711dee5a7d6c17ae7cc1be634629cd,moved_toward_pathogenic,0.9155512815601361,moved_toward_pathogenic,True,extra_trees,moved_toward_pathogenic,moved_toward_pathogenic,True,moved_toward_pathogenic,review_pending,human_review_not_completed,not_reviewed,"[""vcv_missing"",""possible_related_component_group""]",4.0,True,extra_trees was selected only from this outer fold's training data; this component was excluded.
1878215,SPTBN4,bae7d21c82cb89301fbb3c59859dac386deb734cb9c37bc868ee85c618d9b0fa,moved_toward_benign,0.048451459154123515,moved_toward_benign,True,extra_trees,moved_toward_benign,moved_toward_benign,True,moved_toward_benign,review_pending,human_review_not_completed,not_reviewed,"[""vcv_missing""]",0.0,False,extra_trees was selected only from this outer fold's training data; this component was excluded.
2641489,KCNQ1OT1,5858f5bcd60c938b2c1b88a2e299409275c4bd0edf3b3ed7a89c92a38c1e1754,moved_toward_benign,0.048451459154123515,moved_toward_benign,True,extra_trees,moved_toward_benign,moved_toward_benign,True,moved_toward_benign,review_pending,human_review_not_completed,not_reviewed,"[""vcv_missing""]",0.0,False,extra_trees was selected only from this outer fold's training data; this component was excluded.
1922718,NDUFS1,dcfe75556b31d8fa2d3e160eda37c93a8da214890b26da43a4d272072cb34d0f,moved_toward_benign,0.17616624063935327,moved_toward_benign,True,random_forest,moved_toward_benign,moved_toward_benign,True,moved_toward_benign,review_pending,human_review_not_completed,not_reviewed,"[""vcv_missing""]",0.0,False,random_forest was selected only from this outer fold's training data; this component was excluded.
1379185,ASXL2,f656d0513b52b92852888dc0743e1014304149a3523c74e4fd9b8ec8b2095208,moved_toward_benign,0.07267704320201605,moved_toward_benign,True,extra_trees,moved_toward_benign,moved_toward_benign,True,moved_toward_benign,review_pending,human_review_not_completed,not_reviewed,"[""vcv_missing"",""possible_related_component_group""]",0.0,False,extra_trees was selected only from this outer fold's training data; this component was excluded.
1987259,GCLC,254a26cd5130cca6d2b21fc2f9d94ddcdda80fe494ada37b2af3869b6c146e21,moved_toward_benign,0.15651155436838513,moved_toward_benign,True,extra_trees,moved_toward_benign,moved_toward_benign,True,moved_toward_benign,review_pending,human_review_not_completed,not_reviewed,"[""vcv_missing""]",0.0,False,extra_trees was selected only from this outer fold's training data; this component was excluded.
1991205,SIX5,db01a065c36fb6233ec2216ad3c657b9eb87f94043262f67f056f561004ad2b4,moved_toward_benign,0.05654884127256498,moved_toward_benign,True,extra_trees,moved_toward_benign,moved_toward_benign,True,moved_toward_benign,review_pending,human_review_not_completed,not_reviewed,"[""vcv_missing"",""possible_related_component_group""]",0.0,False,extra_trees was selected only from this outer fold's training data; this component was excluded.
1948346,CFH,8d519a14c074d08ffd2d05ada80c1d84ea0d1551c9c16d1735d0b6c923593a3a,moved_toward_benign,0.0536752533002986,moved_toward_benign,True,extra_trees,moved_toward_benign,moved_toward_benign,True,moved_toward_benign,review_pending,human_review_not_completed,not_reviewed,"[""vcv_missing"",""possible_related_component_group""]",0.0,False,extra_trees was selected only from this outer fold's training data; this component was excluded.
1485930,MPDZ,15ff9c426183800ae857adc866d424d8168f22daafe1cca23e5270ba8cb9e8a5,moved_toward_benign,0.04617454847208155,moved_toward_benign,True,extra_trees,moved_toward_benign,moved_toward_benign,True,moved_toward_benign,review_pending,human_review_not_completed,not_reviewed,"[""vcv_missing"",""possible_related_component_group""]",0.0,False,extra_trees was selected only from this outer fold's training data; this component was excluded.
1902247,MEOX1,a5a6ae6e3812c70840e4937c6487b0fbd32552474f1431648d324d47b60da7db,moved_toward_benign,0.15608070194159002,moved_toward_benign,True,extra_trees,moved_toward_benign,moved_toward_benign,True,moved_toward_benign,review_pending,human_review_not_completed,not_reviewed,"[""vcv_missing""]",0.0,False,extra_trees was selected only from this outer fold's training data; this component was excluded.
1923458,PLAA,4bf5c17f003282ff9b2ed4766a783f65919fb2c5719c7e30fc6dd24682ab95e9,moved_toward_benign,0.04617454847208155,moved_toward_benign,True,extra_trees,moved_toward_benign,moved_toward_benign,True,moved_toward_benign,review_pending,human_review_not_completed,not_reviewed,"[""vcv_missing"",""possible_related_component_group""]",0.0,False,extra_trees was selected only from this outer fold's training data; this component was excluded.
2055493,CLTC,0d8d6033ef9c2272edb96c2bbb21dbbbc9968f4d01b835a8b01dd982181e5e73,moved_toward_benign,0.15651155436838513,moved_toward_benign,True,extra_trees,moved_toward_benign,moved_toward_benign,True,moved_toward_benign,review_pending,human_review_not_completed,not_reviewed,"[""vcv_missing"",""possible_related_component_group""]",0.0,False,extra_trees was selected only from this outer fold's training data; this component was excluded.
1487874,TBCK,e3853b5796e166bff6ed0e64ff44dfe6b4a803cbe64a8f97e5efb516044fd8ba,moved_toward_benign,0.15608070194159002,moved_toward_benign,True,extra_trees,moved_toward_benign,moved_toward_benign,True,moved_toward_benign,review_pending,human_review_not_completed,not_reviewed,"[""vcv_missing"",""possible_related_component_group""]",0.0,False,extra_trees was selected only from this outer fold's training data; this component was excluded.
2199093,NUP205,171b76a6526bf68590405d0386d98d8bd89a031e5fa73f73720c9fd4045cf7cf,moved_toward_benign,0.13290361609134974,moved_toward_benign,True,random_forest,moved_toward_benign,moved_toward_benign,True,moved_toward_benign,review_pending,human_review_not_completed,not_reviewed,"[""vcv_missing""]",0.0,False,random_forest was selected only from this outer fold's training data; this component was excluded.
2034472,ACACA,bf682231643a97b22151c8515db107a3c94af6a762ed658f5d35349cec08d4e9,moved_toward_benign,0.13290361609134974,moved_toward_benign,True,random_forest,moved_toward_benign,moved_toward_benign,True,moved_toward_benign,review_pending,human_review_not_completed,not_reviewed,"[""vcv_missing"",""possible_related_component_group""]",0.0,False,random_forest was selected only from this outer fold's training data; this component was excluded.
1371593,RMND1,f35aa971009f8af16f69843f6cca78847138191b1946f71d5b8a39cdf0c6127f,moved_toward_benign,0.04390440238316818,moved_toward_benign,True,extra_trees,moved_toward_benign,moved_toward_benign,True,moved_toward_benign,review_pending,human_review_not_completed,not_reviewed,"[""vcv_missing""]",0.0,False,extra_trees was selected only from this outer fold's training data; this component was excluded.
1482690,EFL1,c3807d3e800fe2ec9070725f2b0df384ff01e021400c93b6700922b1e7d5f4c4,moved_toward_benign,0.13127003690878197,moved_toward_benign,True,random_forest,moved_toward_benign,moved_toward_benign,True,moved_toward_benign,review_pending,human_review_not_completed,not_reviewed,"[""vcv_missing"",""possible_related_component_group""]",0.0,False,random_forest was selected only from this outer fold's training data; this component was excluded.
1905794,IFT88,1e34669ded88ae2e91b748a63386d31ce359bdaf903713eaa614005962f494f5,moved_toward_benign,0.14830725650633644,moved_toward_benign,True,extra_trees,moved_toward_benign,moved_toward_benign,True,moved_toward_benign,review_pending,human_review_not_completed,not_reviewed,"[""vcv_missing"",""possible_related_component_group""]",0.0,False,extra_trees was selected only from this outer fold's training data; this component was excluded.
2132291,POMP,0b2f66c94be56d1740fe3442e470e0885eaa7b38c4eb9cbcc4c75ad1d3f9fb47,moved_toward_benign,0.14830725650633644,moved_toward_benign,True,extra_trees,moved_toward_benign,moved_toward_benign,True,moved_toward_benign,review_pending,human_review_not_completed,not_reviewed,"[""vcv_missing"",""possible_related_component_group""]",0.0,False,extra_trees was selected only from this outer fold's training data; this component was excluded.
1974498,TSR2,e9e6221adf31c533f9aeb7acbcbe0d8a17bcb6b91b250bba3d7793252fa95463,moved_toward_benign,0.14830725650633644,moved_toward_benign,True,extra_trees,moved_toward_benign,moved_toward_benign,True,moved_toward_benign,review_pending,human_review_not_completed,not_reviewed,"[""vcv_missing"",""possible_related_component_group""]",0.0,False,extra_trees was selected only from this outer fold's training data; this component was excluded.
2032971,ERBIN,c6750b613407d67c845d796a86c12f47603aedba65299f05b42f8c6ba36ae55a,moved_toward_benign,0.13127003690878197,moved_toward_benign,True,random_forest,moved_toward_benign,moved_toward_benign,True,moved_toward_benign,review_pending,human_review_not_completed,not_reviewed,"[""vcv_missing"",""possible_related_component_group""]",0.0,False,random_forest was selected only from this outer fold's training data; this component was excluded.
1921118,MCM2,4c033829388039c577df849c5f60cf88bc8679d242ebbc748cecbf8064b86abd,moved_toward_benign,0.15419967839086135,moved_toward_benign,True,extra_trees,moved_toward_benign,moved_toward_benign,True,moved_toward_benign,review_pending,human_review_not_completed,not_reviewed,"[""vcv_missing""]",0.0,False,extra_trees was selected only from this outer fold's training data; this component was excluded.
1951838,USP9X,6ad22ad2ce1880ce4748b1478b7865005505afa53f0418c3b13d0e6f37d170f2,moved_toward_benign,0.045125551009693884,moved_toward_benign,True,extra_trees,moved_toward_benign,moved_toward_benign,True,moved_toward_benign,review_pending,human_review_not_completed,not_reviewed,"[""vcv_missing""]",0.0,False,extra_trees was selected only from this outer fold's training data; this component was excluded.
2083777,ANKZF1,4c6501cc2ffd5fc36ffdef96ae7ff0b06edd76fc895ba57733ffa28c3d0345be,moved_toward_benign,0.1565744176263316,moved_toward_benign,True,extra_trees,moved_toward_benign,moved_toward_benign,True,moved_toward_benign,review_pending,human_review_not_completed,not_reviewed,"[""vcv_missing"",""possible_related_component_group""]",0.0,False,extra_trees was selected only from this outer fold's training data; this component was excluded.
2179120,RPS27,c06764f89df0ec061d1f33eb77bf634832d3fd5c774c264e7a019af3ac1b9e87,moved_toward_benign,0.15608070194159002,moved_toward_benign,True,extra_trees,moved_toward_benign,moved_toward_benign,True,moved_toward_benign,review_pending,human_review_not_completed,not_reviewed,"[""vcv_missing"",""possible_related_component_group""]",0.0,False,extra_trees was selected only from this outer fold's training data; this component was excluded.
1414385,TFRC,9f604ba7f5da7daa4a751bffc0491f2e388fe42113de825bcd3fdbb2fde71141,moved_toward_benign,0.13658376239897804,moved_toward_benign,True,random_forest,moved_toward_benign,moved_toward_benign,True,moved_toward_benign,review_pending,human_review_not_completed,not_reviewed,"[""vcv_missing"",""possible_related_component_group""]",0.0,False,random_forest was selected only from this outer fold's training data; this component was excluded.
2140130,IL12RB2,01a82709f82e5d93311b62bd9cc27d73dbe503796fcaeddb3875af744a217f64,moved_toward_benign,0.15608070194159002,moved_toward_benign,True,extra_trees,moved_toward_benign,moved_toward_benign,True,moved_toward_benign,review_pending,human_review_not_completed,not_reviewed,"[""vcv_missing"",""possible_related_component_group""]",0.0,False,extra_trees was selected only from this outer fold's training data; this component was excluded.
1917269,VPS11,8d05018cf1e3a37505e6905b05c65eed279346068e6a2ec2eee1b671a7610155,moved_toward_benign,0.15746826927206833,moved_toward_benign,True,extra_trees,moved_toward_benign,moved_toward_benign,True,moved_toward_benign,review_pending,human_review_not_completed,not_reviewed,"[""vcv_missing"",""possible_related_component_group""]",0.0,False,extra_trees was selected only from this outer fold's training data; this component was excluded.
2021286,RELB,91a087afb8e22d576dd01c81cf4506b1ac2e287b29683d6d166aef7bf68578d7,moved_toward_benign,0.15608070194159002,moved_toward_benign,True,extra_trees,moved_toward_benign,moved_toward_benign,True,moved_toward_benign,review_pending,human_review_not_completed,not_reviewed,"[""vcv_missing""]",0.0,False,extra_trees was selected only from this outer fold's training data; this component was excluded.
1974756,RPS27,c06764f89df0ec061d1f33eb77bf634832d3fd5c774c264e7a019af3ac1b9e87,moved_toward_benign,0.15608070194159002,moved_toward_benign,True,extra_trees,moved_toward_benign,moved_toward_benign,True,moved_toward_benign,review_pending,human_review_not_completed,not_reviewed,"[""vcv_missing"",""possible_related_component_group""]",0.0,False,extra_trees was selected only from this outer fold's training data; this component was excluded.
2028859,PSTPIP1,ee45e4c2c25272c6ced0bd7d1d68ea9c4bc462cb648b19bb7367d76737223c2c,moved_toward_benign,0.12991709573231136,moved_toward_benign,True,random_forest,moved_toward_benign,moved_toward_benign,True,moved_toward_benign,review_pending,human_review_not_completed,not_reviewed,"[""vcv_missing"",""possible_related_component_group""]",0.0,False,random_forest was selected only from this outer fold's training data; this component was excluded.
2120199,LAMA1,0c22327c8f1eb5cc72eb37394a1df18dd6d40a0d159c0421a0daab035da0a143,moved_toward_benign,0.15188991009268013,moved_toward_benign,True,extra_trees,moved_toward_benign,moved_toward_benign,True,moved_toward_benign,review_pending,human_review_not_completed,not_reviewed,"[""vcv_missing"",""possible_related_component_group""]",0.0,False,extra_trees was selected only from this outer fold's training data; this component was excluded.
2023311,LOX,98176654e343c41a3fa5737193054f0cdd5fe03e96faa10362c748dfd33cdb19,moved_toward_benign,0.043924745017938104,moved_toward_benign,True,extra_trees,moved_toward_benign,moved_toward_benign,True,moved_toward_benign,review_pending,human_review_not_completed,not_reviewed,"[""vcv_missing""]",0.0,False,extra_trees was selected only from this outer fold's training data; this component was excluded.
1984521,REEP2,f6ce8e44a408695af533500f1d300dc3bc61752696d788b1679f2f32f4e391e5,moved_toward_benign,0.04293198379322043,moved_toward_benign,True,extra_trees,moved_toward_benign,moved_toward_benign,True,moved_toward_benign,review_pending,human_review_not_completed,not_reviewed,"[""vcv_missing""]",0.0,False,extra_trees was selected only from this outer fold's training data; this component was excluded.
1959923,DVL3,8478873613cf6e0fc2e759e161bc7f44ce70e68d23df0caaa589ddb97d33d7f5,moved_toward_benign,0.15608070194159002,moved_toward_benign,True,extra_trees,moved_toward_benign,moved_toward_benign,True,moved_toward_benign,review_pending,human_review_not_completed,not_reviewed,"[""vcv_missing"",""possible_related_component_group""]",0.0,False,extra_trees was selected only from this outer fold's training data; this component was excluded.
2048052,CIB1,d82965c04b8573875ec266a225c0f830c965143cbd9c9b9135b1a0e6614898e8,moved_toward_benign,0.15608070194159002,moved_toward_benign,True,extra_trees,moved_toward_benign,moved_toward_benign,True,moved_toward_benign,review_pending,human_review_not_completed,not_reviewed,"[""vcv_missing""]",0.0,False,extra_trees was selected only from this outer fold's training data; this component was excluded.
2182285,DENND5A,1fe0cc6658871619d6d7e6538c799f325240792f5b601886968d592e6e9de4be,moved_toward_benign,0.12991709573231136,moved_toward_benign,True,random_forest,moved_toward_benign,moved_toward_benign,True,moved_toward_benign,review_pending,human_review_not_completed,not_reviewed,"[""vcv_missing"",""possible_related_component_group""]",0.0,False,random_forest was selected only from this outer fold's training data; this component was excluded.
1902704,TBCK,e3853b5796e166bff6ed0e64ff44dfe6b4a803cbe64a8f97e5efb516044fd8ba,moved_toward_benign,0.15608070194159002,moved_toward_benign,True,extra_trees,moved_toward_benign,moved_toward_benign,True,moved_toward_benign,review_pending,human_review_not_completed,not_reviewed,"[""vcv_missing"",""possible_related_component_group""]",0.0,False,extra_trees was selected only from this outer fold's training data; this component was excluded.
1992107,MTHFD1,8d739e82fe045a4198e1cff1ecc935ace9a638a57151e79b37e0abc617f85282,moved_toward_benign,0.15608070194159002,moved_toward_benign,True,extra_trees,moved_toward_benign,moved_toward_benign,True,moved_toward_benign,review_pending,human_review_not_completed,not_reviewed,"[""vcv_missing"",""possible_related_component_group""]",0.0,False,extra_trees was selected only from this outer fold's training data; this component was excluded.
1928235,UBR1,b99a939a9a98b03e70bd4686406201f9132e891006465f98160ca4bce7e44284,moved_toward_benign,0.14830725650633644,moved_toward_benign,True,extra_trees,moved_toward_benign,moved_toward_benign,True,moved_toward_benign,review_pending,human_review_not_completed,not_reviewed,"[""vcv_missing"",""possible_related_component_group""]",0.0,False,extra_trees was selected only from this outer fold's training data; this component was excluded.
1901672,HPS4,0293dccfbde7731f360043ce864e207930c60c064622c523ae8a451b9e305101,moved_toward_benign,0.15608070194159002,moved_toward_benign,True,extra_trees,moved_toward_benign,moved_toward_benign,True,moved_toward_benign,review_pending,human_review_not_completed,not_reviewed,"[""vcv_missing"",""possible_related_component_group""]",0.0,False,extra_trees was selected only from this outer fold's training data; this component was excluded.
1967620,AP4B1,a0168958bcb15b3510420dfd1e2608a87f9f14e5b19c0aeae3370b2e37ae876b,moved_toward_benign,0.12991709573231136,moved_toward_benign,True,random_forest,moved_toward_benign,moved_toward_benign,True,moved_toward_benign,review_pending,human_review_not_completed,not_reviewed,"[""vcv_missing""]",0.0,False,random_forest was selected only from this outer fold's training data; this component was excluded.
2024601,BICC1,9c94e297264d2caf5ee044c505ccb4d3b8b8e0d9a899e3cb19aece6538d59223,moved_toward_benign,0.045167768949896166,moved_toward_benign,True,extra_trees,moved_toward_benign,moved_toward_benign,True,moved_toward_benign,review_pending,human_review_not_completed,not_reviewed,"[""vcv_missing""]",0.0,False,extra_trees was selected only from this outer fold's training data; this component was excluded.
1705129,ATP2B3,9602491c95dfb21feff4c291a5a5c5603ecb6e9bbec3eda13938c3213c2c1f17,moved_toward_benign,0.12991709573231136,moved_toward_benign,True,random_forest,moved_toward_benign,moved_toward_benign,True,moved_toward_benign,review_pending,human_review_not_completed,not_reviewed,"[""vcv_missing"",""possible_related_component_group""]",0.0,False,random_forest was selected only from this outer fold's training data; this component was excluded.
1495848,LAMA1,0c22327c8f1eb5cc72eb37394a1df18dd6d40a0d159c0421a0daab035da0a143,moved_toward_benign,0.16182524743231727,moved_toward_benign,True,extra_trees,moved_toward_benign,moved_toward_benign,True,moved_toward_benign,review_pending,human_review_not_completed,not_reviewed,"[""vcv_missing"",""possible_related_component_group""]",0.0,False,extra_trees was selected only from this outer fold's training data; this component was excluded.
2123685,PCBD1,ce1f811314383c7c6c2f94e6ac12e96395ff7f144f7ff39d1f94cda965f47b38,moved_toward_benign,0.14830725650633644,moved_toward_benign,True,extra_trees,moved_toward_benign,moved_toward_benign,True,moved_toward_benign,review_pending,human_review_not_completed,not_reviewed,"[""vcv_missing""]",0.0,False,extra_trees was selected only from this outer fold's training data; this component was excluded.
2183888,COASY,34175a31520616e87ec774285d9e8da30215bec771c3428b7eb9296ef9540b0f,moved_toward_benign,0.15597746507897928,moved_toward_benign,True,extra_trees,moved_toward_benign,moved_toward_benign,True,moved_toward_benign,review_pending,human_review_not_completed,not_reviewed,"[""vcv_missing"",""possible_related_component_group""]",0.0,False,extra_trees was selected only from this outer fold's training data; this component was excluded.
1925804,HMCN1,26144d54d9619fa86962dd08f8ce978e2b293eaab9b07e008daad88a13969926,moved_toward_benign,0.14830725650633644,moved_toward_benign,True,extra_trees,moved_toward_benign,moved_toward_benign,True,moved_toward_benign,review_pending,human_review_not_completed,not_reviewed,"[""vcv_missing"",""possible_related_component_group""]",0.0,False,extra_trees was selected only from this outer fold's training data; this component was excluded.
1485077,ASXL2,f656d0513b52b92852888dc0743e1014304149a3523c74e4fd9b8ec8b2095208,moved_toward_benign,0.04325317865463216,moved_toward_benign,True,extra_trees,moved_toward_benign,moved_toward_benign,True,moved_toward_benign,review_pending,human_review_not_completed,not_reviewed,"[""vcv_missing"",""possible_related_component_group""]",0.0,False,extra_trees was selected only from this outer fold's training data; this component was excluded.
1960018,TAP2,5cc71bd650521933b8bfed9baba6f9ab96afb970509ab47cb698f2ca3fe8483a,moved_toward_benign,0.15445103955924108,moved_toward_benign,True,extra_trees,moved_toward_benign,moved_toward_benign,True,moved_toward_benign,review_pending,human_review_not_completed,not_reviewed,"[""vcv_missing"",""possible_related_component_group""]",0.0,False,extra_trees was selected only from this outer fold's training data; this component was excluded.
1987370,TAP2,5cc71bd650521933b8bfed9baba6f9ab96afb970509ab47cb698f2ca3fe8483a,moved_toward_benign,0.15445103955924108,moved_toward_benign,True,extra_trees,moved_toward_benign,moved_toward_benign,True,moved_toward_benign,review_pending,human_review_not_completed,not_reviewed,"[""vcv_missing"",""possible_related_component_group""]",0.0,False,extra_trees was selected only from this outer fold's training data; this component was excluded.
2094759,DHX37,1c21d114a2216ea8dcfda3c5a055bd19d7dd16c8682b6cd5c7b2bab0d3258dc0,moved_toward_benign,0.15597746507897928,moved_toward_benign,True,extra_trees,moved_toward_benign,moved_toward_benign,True,moved_toward_benign,review_pending,human_review_not_completed,not_reviewed,"[""vcv_missing"",""possible_related_component_group""]",0.0,False,extra_trees was selected only from this outer fold's training data; this component was excluded.
1964127,PPP2R5D,a859edce12dc1f42751f871ed3f46a195e525f9dd7ac05c2aa3f386646cee390,moved_toward_benign,0.12855861445742953,moved_toward_benign,True,random_forest,moved_toward_benign,moved_toward_benign,True,moved_toward_benign,review_pending,human_review_not_completed,not_reviewed,"[""vcv_missing"",""possible_related_component_group""]",0.0,False,random_forest was selected only from this outer fold's training data; this component was excluded.
2037794,NNT,e01d2e058df54c3a40931e44e0d75d1d09f88d343364aed6ca5b3a6004d2e2b4,moved_toward_benign,0.04728496937292306,moved_toward_benign,True,extra_trees,moved_toward_benign,moved_toward_benign,True,moved_toward_benign,review_pending,human_review_not_completed,not_reviewed,"[""vcv_missing""]",0.0,False,extra_trees was selected only from this outer fold's training data; this component was excluded.
1903296,FDX2,5b4c4d13b1178f2a757d652c3f9c0c3140e6a07d00d11fad15d02f5254815881,moved_toward_benign,0.12855861445742953,moved_toward_benign,True,random_forest,moved_toward_benign,moved_toward_benign,True,moved_toward_benign,review_pending,human_review_not_completed,not_reviewed,"[""vcv_missing"",""possible_related_component_group""]",0.0,False,random_forest was selected only from this outer fold's training data; this component was excluded.
1494207,SKIC3,d4ea147ed105b2c5d18299ed99e7464b22b30d0c2460b4d1bafd63f3f293fa48,moved_toward_benign,0.046432514855250906,moved_toward_benign,True,extra_trees,moved_toward_benign,moved_toward_benign,True,moved_toward_benign,review_pending,human_review_not_completed,not_reviewed,"[""vcv_missing"",""possible_related_component_group""]",0.0,False,extra_trees was selected only from this outer fold's training data; this component was excluded.
2078965,UNC93B1,0c86eb2ffe20c6667d02db692d3d83de5ae6902828021fd5366dcfe87f3c4161,moved_toward_benign,0.15597746507897928,moved_toward_benign,True,extra_trees,moved_toward_benign,moved_toward_benign,True,moved_toward_benign,review_pending,human_review_not_completed,not_reviewed,"[""vcv_missing"",""possible_related_component_group""]",0.0,False,extra_trees was selected only from this outer fold's training data; this component was excluded.
2041852,IKZF1,50ec669e149ab88403ec71c4ef5fd269d8c8ad71c65ef206361d9dccb1d62bb8,moved_toward_benign,0.12855861445742953,moved_toward_benign,True,random_forest,moved_toward_benign,moved_toward_benign,True,moved_toward_benign,review_pending,human_review_not_completed,not_reviewed,"[""vcv_missing"",""possible_related_component_group""]",0.0,False,random_forest was selected only from this outer fold's training data; this component was excluded.
1972147,CIT,6253721d64d41816cc3e61fdd19ef826b3e1e53478c7a650b424b214548f97a8,moved_toward_benign,0.1611691904994444,moved_toward_benign,True,extra_trees,moved_toward_benign,moved_toward_benign,True,moved_toward_benign,review_pending,human_review_not_completed,not_reviewed,"[""vcv_missing""]",0.0,False,extra_trees was selected only from this outer fold's training data; this component was excluded.
1977714,RPL27,d18e757efbf212cb413645f679a47851c058644f40a66caf503e8eb19674f3d5,moved_toward_benign,0.1611691904994444,moved_toward_benign,True,extra_trees,moved_toward_benign,moved_toward_benign,True,moved_toward_benign,review_pending,human_review_not_completed,not_reviewed,"[""vcv_missing"",""possible_related_component_group""]",0.0,False,extra_trees was selected only from this outer fold's training data; this component was excluded.
1991295,TELO2,cf880572f529ceb84fb79fb7f4ea8050f0f44f29354eb1d444ecba6572f8359a,moved_toward_benign,0.1434645479518772,moved_toward_benign,True,extra_trees,moved_toward_benign,moved_toward_benign,True,moved_toward_benign,review_pending,human_review_not_completed,not_reviewed,"[""vcv_missing"",""possible_related_component_group""]",0.0,False,extra_trees was selected only from this outer fold's training data; this component was excluded.
2175554,DHX37,1c21d114a2216ea8dcfda3c5a055bd19d7dd16c8682b6cd5c7b2bab0d3258dc0,moved_toward_benign,0.15597746507897928,moved_toward_benign,True,extra_trees,moved_toward_benign,moved_toward_benign,True,moved_toward_benign,review_pending,human_review_not_completed,not_reviewed,"[""vcv_missing"",""possible_related_component_group""]",0.0,False,extra_trees was selected only from this outer fold's training data; this component was excluded.
1909904,TRPM6,7287bfe6eaeb0e57c031d0e48f14b721e89fb0e1df2314ac87ef0ec777f803d8,moved_toward_benign,0.14817955959652074,moved_toward_benign,True,extra_trees,moved_toward_benign,moved_toward_benign,True,moved_toward_benign,review_pending,human_review_not_completed,not_reviewed,"[""vcv_missing""]",0.0,False,extra_trees was selected only from this outer fold's training data; this component was excluded.
2019647,TFRC,9f604ba7f5da7daa4a751bffc0491f2e388fe42113de825bcd3fdbb2fde71141,moved_toward_benign,0.12729701789056286,moved_toward_benign,True,random_forest,moved_toward_benign,moved_toward_benign,True,moved_toward_benign,review_pending,human_review_not_completed,not_reviewed,"[""vcv_missing"",""possible_related_component_group""]",0.0,False,random_forest was selected only from this outer fold's training data; this component was excluded.
2139561,RAB3GAP2,a31c7eaf033a5a0ea397306d7c8f047fc01265228a874287713f497d693ee00c,moved_toward_benign,0.1511523843551533,moved_toward_benign,True,extra_trees,moved_toward_benign,moved_toward_benign,True,moved_toward_benign,review_pending,human_review_not_completed,not_reviewed,"[""vcv_missing"",""possible_related_component_group""]",0.0,False,extra_trees was selected only from this outer fold's training data; this component was excluded.
1913379,TRIT1,59f66c31b016abca33661316f3b21035da63228f2682f64e965f9ff007aa56c8,moved_toward_benign,0.1511523843551533,moved_toward_benign,True,extra_trees,moved_toward_benign,moved_toward_benign,True,moved_toward_benign,review_pending,human_review_not_completed,not_reviewed,"[""vcv_missing""]",0.0,False,extra_trees was selected only from this outer fold's training data; this component was excluded.
1469415,BMP1,e99e8b429123d31069974850ebc54fb0b8cdc33043c78293bd45ddf70cc7d7b9,moved_toward_benign,0.15069965820813555,moved_toward_benign,True,extra_trees,moved_toward_benign,moved_toward_benign,True,moved_toward_benign,review_pending,human_review_not_completed,not_reviewed,"[""vcv_missing"",""possible_related_component_group""]",0.0,False,extra_trees was selected only from this outer fold's training data; this component was excluded.
2018124,AP3B2,e9c37968c9def264dac99d0d162378ce7ff7fa0e9cb4f8d9a4f61f83aaa80ba6,moved_toward_benign,0.12729701789056286,moved_toward_benign,True,random_forest,moved_toward_benign,moved_toward_benign,True,moved_toward_benign,review_pending,human_review_not_completed,not_reviewed,"[""vcv_missing"",""possible_related_component_group""]",0.0,False,random_forest was selected only from this outer fold's training data; this component was excluded.
1470211,VPS11,8d05018cf1e3a37505e6905b05c65eed279346068e6a2ec2eee1b671a7610155,moved_toward_benign,0.15069965820813555,moved_toward_benign,True,extra_trees,moved_toward_benign,moved_toward_benign,True,moved_toward_benign,review_pending,human_review_not_completed,not_reviewed,"[""vcv_missing"",""possible_related_component_group""]",0.0,False,extra_trees was selected only from this outer fold's training data; this component was excluded.
1997562,CFI,d888abb1ec2b353fcf3e67d18c8331a2d0c762f3027b7e9a3be330a0f7cc1c4a,moved_toward_benign,0.12729701789056286,moved_toward_benign,True,random_forest,moved_toward_benign,moved_toward_benign,True,moved_toward_benign,review_pending,human_review_not_completed,not_reviewed,"[""vcv_missing"",""possible_related_component_group""]",0.0,False,random_forest was selected only from this outer fold's training data; this component was excluded.
1955061,UNC45A,69ecc951500d6e8c09a7e84447b5401d77a55e84f84a7c25c55ba63b2a5e67f9,moved_toward_benign,0.042786547328588984,moved_toward_benign,True,extra_trees,moved_toward_benign,moved_toward_benign,True,moved_toward_benign,review_pending,human_review_not_completed,not_reviewed,"[""vcv_missing"",""possible_related_component_group""]",0.0,False,extra_trees was selected only from this outer fold's training data; this component was excluded.
1971799,IKZF1,50ec669e149ab88403ec71c4ef5fd269d8c8ad71c65ef206361d9dccb1d62bb8,moved_toward_benign,0.12729701789056286,moved_toward_benign,True,random_forest,moved_toward_benign,moved_toward_benign,True,moved_toward_benign,review_pending,human_review_not_completed,not_reviewed,"[""vcv_missing"",""possible_related_component_group""]",0.0,False,random_forest was selected only from this outer fold's training data; this component was excluded.
2055421,TAP2,5cc71bd650521933b8bfed9baba6f9ab96afb970509ab47cb698f2ca3fe8483a,moved_toward_benign,0.15069965820813555,moved_toward_benign,True,extra_trees,moved_toward_benign,moved_toward_benign,True,moved_toward_benign,review_pending,human_review_not_completed,not_reviewed,"[""vcv_missing"",""possible_related_component_group""]",0.0,False,extra_trees was selected only from this outer fold's training data; this component was excluded.
1975870,MAST1,1b144921be2dc6ca7aa1b05c979ac9cdce4f4c6bfa8b85a497aef0d24e702d90,moved_toward_benign,0.1478227397127018,moved_toward_benign,True,extra_trees,moved_toward_benign,moved_toward_benign,True,moved_toward_benign,review_pending,human_review_not_completed,not_reviewed,"[""vcv_missing"",""possible_related_component_group""]",0.0,False,extra_trees was selected only from this outer fold's training data; this component was excluded.
1912737,ELOVL5,62036331eb33936a35a9bd7aa59422dfe9956aac18dec02b11fd73fe25477a83,moved_toward_benign,0.15597746507897928,moved_toward_benign,True,extra_trees,moved_toward_benign,moved_toward_benign,True,moved_toward_benign,review_pending,human_review_not_completed,not_reviewed,"[""vcv_missing""]",0.0,False,extra_trees was selected only from this outer fold's training data; this component was excluded.
2068436,COL27A1,e225b3ef9d6d7253b80f2700ba0de24a3bf0241527bbda75027cd4e05e485bf0,moved_toward_benign,0.1522717702750212,moved_toward_benign,True,extra_trees,moved_toward_benign,moved_toward_benign,True,moved_toward_benign,review_pending,human_review_not_completed,not_reviewed,"[""vcv_missing"",""possible_related_component_group""]",0.0,False,extra_trees was selected only from this outer fold's training data; this component was excluded.
2434013,NAA15,c46a5b723ac62fbadc02a9fe93f639d86248fbff3661ed2853b0ac104a9702ff,moved_toward_benign,0.12729701789056286,moved_toward_benign,True,random_forest,moved_toward_benign,moved_toward_benign,True,moved_toward_benign,review_pending,human_review_not_completed,not_reviewed,"[""vcv_missing""]",0.0,False,random_forest was selected only from this outer fold's training data; this component was excluded.
1498932,HPS5,56593ed9d03bfe1cea0ad939d4c4e3f79c3c62e5bd4778333b8bcdceb8c84ca1,moved_toward_benign,0.1478227397127018,moved_toward_benign,True,extra_trees,moved_toward_benign,moved_toward_benign,True,moved_toward_benign,review_pending,human_review_not_completed,not_reviewed,"[""vcv_missing""]",0.0,False,extra_trees was selected only from this outer fold's training data; this component was excluded.
2045841,SLC44A4,592494d2b1b44f0ddd39e2e17dab770fedda4e71484d61bd72a1a59acc6b6c3a,moved_toward_benign,0.1478227397127018,moved_toward_benign,True,extra_trees,moved_toward_benign,moved_toward_benign,True,moved_toward_benign,review_pending,human_review_not_completed,not_reviewed,"[""vcv_missing"",""possible_related_component_group""]",0.0,False,extra_trees was selected only from this outer fold's training data; this component was excluded.
1961768,PLAA,4bf5c17f003282ff9b2ed4766a783f65919fb2c5719c7e30fc6dd24682ab95e9,moved_toward_benign,0.043106936207924586,moved_toward_benign,True,extra_trees,moved_toward_benign,moved_toward_benign,True,moved_toward_benign,review_pending,human_review_not_completed,not_reviewed,"[""vcv_missing"",""possible_related_component_group""]",0.0,False,extra_trees was selected only from this outer fold's training data; this component was excluded.
1910744,NDUFA2,88a04f2f5935288d6c1fae57305e389858522846107b6c038f927e4ece71e943,moved_toward_benign,0.06369917135403685,moved_toward_benign,True,extra_trees,moved_toward_benign,moved_toward_benign,True,moved_toward_benign,review_pending,human_review_not_completed,not_reviewed,"[""vcv_missing""]",0.0,False,extra_trees was selected only from this outer fold's training data; this component was excluded.
1914440,EIF2B5,90745c08c5fa6ea8df5cb520630eb9bc9e18e6eab7a609b9b12f66df9c437115,moved_toward_benign,0.15097896560748758,moved_toward_benign,True,extra_trees,moved_toward_benign,moved_toward_benign,True,moved_toward_benign,review_pending,human_review_not_completed,not_reviewed,"[""vcv_missing""]",0.0,False,extra_trees was selected only from this outer fold's training data; this component was excluded.
1947253,IARS1,46982878ce68eccc5214dbb3c3176d76324f56375b4f7700f125de71a2c766c7,moved_toward_benign,0.15149828130209678,moved_toward_benign,True,extra_trees,moved_toward_benign,moved_toward_benign,True,moved_toward_benign,review_pending,human_review_not_completed,not_reviewed,"[""vcv_missing""]",0.0,False,extra_trees was selected only from this outer fold's training data; this component was excluded.
1978306,COLGALT1,99fc4169a5150b180187aa30bf88599d72062e0e54c0ceb4882b9ab75b6db66f,moved_toward_benign,0.12729701789056286,moved_toward_benign,True,random_forest,moved_toward_benign,moved_toward_benign,True,moved_toward_benign,review_pending,human_review_not_completed,not_reviewed,"[""vcv_missing""]",0.0,False,random_forest was selected only from this outer fold's training data; this component was excluded.
2137430,SLC51B,f1ddc6493506cc1598cf8c75c1fc7d8714a438167ace5e64e000199ddd533d86,moved_toward_benign,0.14784018962702342,moved_toward_benign,True,extra_trees,moved_toward_benign,moved_toward_benign,True,moved_toward_benign,review_pending,human_review_not_completed,not_reviewed,"[""vcv_missing""]",0.0,False,extra_trees was selected only from this outer fold's training data; this component was excluded.
1923499,IL12RB2,01a82709f82e5d93311b62bd9cc27d73dbe503796fcaeddb3875af744a217f64,moved_toward_benign,0.15597746507897928,moved_toward_benign,True,extra_trees,moved_toward_benign,moved_toward_benign,True,moved_toward_benign,review_pending,human_review_not_completed,not_reviewed,"[""vcv_missing"",""possible_related_component_group""]",0.0,False,extra_trees was selected only from this outer fold's training data; this component was excluded.
1944507,TAP2,5cc71bd650521933b8bfed9baba6f9ab96afb970509ab47cb698f2ca3fe8483a,moved_toward_benign,0.15149828130209678,moved_toward_benign,True,extra_trees,moved_toward_benign,moved_toward_benign,True,moved_toward_benign,review_pending,human_review_not_completed,not_reviewed,"[""vcv_missing"",""possible_related_component_group""]",0.0,False,extra_trees was selected only from this outer fold's training data; this component was excluded.
1973866,RPS27,c06764f89df0ec061d1f33eb77bf634832d3fd5c774c264e7a019af3ac1b9e87,moved_toward_benign,0.15597746507897928,moved_toward_benign,True,extra_trees,moved_toward_benign,moved_toward_benign,True,moved_toward_benign,review_pending,human_review_not_completed,not_reviewed,"[""vcv_missing"",""possible_related_component_group""]",0.0,False,extra_trees was selected only from this outer fold's training data; this component was excluded.
1349356,CLDN16,75cff82fa1773b3fd2348a25206c2f5b11cc9f4a452400314d9a9d013cc87776,moved_toward_benign,0.05684093194463343,moved_toward_benign,True,extra_trees,moved_toward_benign,moved_toward_benign,True,moved_toward_benign,review_pending,human_review_not_completed,not_reviewed,"[""vcv_missing""]",0.0,False,extra_trees was selected only from this outer fold's training data; this component was excluded.
2157568,HAX1,b8eafd29b4c86cea054e5199cde65d9e264d4238d3f9ffa96015b8efd1d708ee,moved_toward_benign,0.12729701789056286,moved_toward_benign,True,random_forest,moved_toward_benign,moved_toward_benign,True,moved_toward_benign,review_pending,human_review_not_completed,not_reviewed,"[""vcv_missing"",""possible_related_component_group""]",0.0,False,random_forest was selected only from this outer fold's training data; this component was excluded.
1489514,PPP2R5D,a859edce12dc1f42751f871ed3f46a195e525f9dd7ac05c2aa3f386646cee390,moved_toward_benign,0.12729701789056286,moved_toward_benign,True,random_forest,moved_toward_benign,moved_toward_benign,True,moved_toward_benign,review_pending,human_review_not_completed,not_reviewed,"[""vcv_missing"",""possible_related_component_group""]",0.0,False,random_forest was selected only from this outer fold's training data; this component was excluded.
1940481,SCP2,05cf37c342914ce120a87094d47c7b416b4e841356529213f0aed9bcc3109adc,moved_toward_benign,0.14784018962702342,moved_toward_benign,True,extra_trees,moved_toward_benign,moved_toward_benign,True,moved_toward_benign,review_pending,human_review_not_completed,not_reviewed,"[""vcv_missing"",""possible_related_component_group""]",0.0,False,extra_trees was selected only from this outer fold's training data; this component was excluded.
1908136,COQ7,cc3b37f0f63d5b6f602371f75a66e0a25d32b743377bcab1b1382cd740b498f8,moved_toward_benign,0.15597746507897928,moved_toward_benign,True,extra_trees,moved_toward_benign,moved_toward_benign,True,moved_toward_benign,review_pending,human_review_not_completed,not_reviewed,"[""vcv_missing"",""possible_related_component_group""]",0.0,False,extra_trees was selected only from this outer fold's training data; this component was excluded.
1696373,DLG3,d1172d7c696b2b9ea8818ff5a5dc68e4cdd906c17d6f3bd54aac2dc1668e63e1,moved_toward_benign,0.15597746507897928,moved_toward_benign,True,extra_trees,moved_toward_benign,moved_toward_benign,True,moved_toward_benign,review_pending,human_review_not_completed,not_reviewed,"[""vcv_missing""]",0.0,False,extra_trees was selected only from this outer fold's training data; this component was excluded.
1994446,HMCN1,26144d54d9619fa86962dd08f8ce978e2b293eaab9b07e008daad88a13969926,moved_toward_benign,0.14784018962702342,moved_toward_benign,True,extra_trees,moved_toward_benign,moved_toward_benign,True,moved_toward_benign,review_pending,human_review_not_completed,not_reviewed,"[""vcv_missing"",""possible_related_component_group""]",0.0,False,extra_trees was selected only from this outer fold's training data; this component was excluded.
1925561,KATNB1,1038c9a8ae5f099d57b5b7bf3b82efda1bfa3be8e49a3cd6729402aac19afc90,moved_toward_benign,0.15597746507897928,moved_toward_benign,True,extra_trees,moved_toward_benign,moved_toward_benign,True,moved_toward_benign,review_pending,human_review_not_completed,not_reviewed,"[""vcv_missing""]",0.0,False,extra_trees was selected only from this outer fold's training data; this component was excluded.
1959065,PSTPIP1,ee45e4c2c25272c6ced0bd7d1d68ea9c4bc462cb648b19bb7367d76737223c2c,moved_toward_benign,0.12597727007081502,moved_toward_benign,True,random_forest,moved_toward_benign,moved_toward_benign,True,moved_toward_benign,review_pending,human_review_not_completed,not_reviewed,"[""vcv_missing"",""possible_related_component_group""]",0.0,False,random_forest was selected only from this outer fold's training data; this component was excluded.
2131576,MTPAP,2dd6b3b3fb170e5775235123c5961a66967bf85112e40c04bbab5c417500738a,moved_toward_benign,0.15597746507897928,moved_toward_benign,True,extra_trees,moved_toward_benign,moved_toward_benign,True,moved_toward_benign,review_pending,human_review_not_completed,not_reviewed,"[""vcv_missing""]",0.0,False,extra_trees was selected only from this outer fold's training data; this component was excluded.
2150763,POGLUT1,03780768a3dc0cea346e864125321507a375f7ae5744c4e09d44911f62a8bd8e,moved_toward_benign,0.14784018962702342,moved_toward_benign,True,extra_trees,moved_toward_benign,moved_toward_benign,True,moved_toward_benign,review_pending,human_review_not_completed,not_reviewed,"[""vcv_missing""]",0.0,False,extra_trees was selected only from this outer fold's training data; this component was excluded.
2148824,VPS11,8d05018cf1e3a37505e6905b05c65eed279346068e6a2ec2eee1b671a7610155,moved_toward_benign,0.1523149344660031,moved_toward_benign,True,extra_trees,moved_toward_benign,moved_toward_benign,True,moved_toward_benign,review_pending,human_review_not_completed,not_reviewed,"[""vcv_missing"",""possible_related_component_group""]",0.0,False,extra_trees was selected only from this outer fold's training data; this component was excluded.
2192444,CTF1,8779fd7ad0a4af61ae2ab8d7df2888528a4f16c9ffc29b7294f0ced3e7ead018,moved_toward_benign,0.15597746507897928,moved_toward_benign,True,extra_trees,moved_toward_benign,moved_toward_benign,True,moved_toward_benign,review_pending,human_review_not_completed,not_reviewed,"[""vcv_missing"",""possible_related_component_group""]",0.0,False,extra_trees was selected only from this outer fold's training data; this component was excluded.
1908973,DHCR24,f0763a5ca8fb0185fd6936083b97ff685877b79ba048ab6a6297747141329ed5,moved_toward_benign,0.14784018962702342,moved_toward_benign,True,extra_trees,moved_toward_benign,moved_toward_benign,True,moved_toward_benign,review_pending,human_review_not_completed,not_reviewed,"[""vcv_missing""]",0.0,False,extra_trees was selected only from this outer fold's training data; this component was excluded.
1917968,CREB3L1,0e827a8a7a12a7c5afd02a31d127eb7497f98aa9415ebf0c2e7b8dde12b784c7,moved_toward_benign,0.09492173151781703,moved_toward_benign,True,extra_trees,moved_toward_benign,moved_toward_benign,True,moved_toward_benign,review_pending,human_review_not_completed,not_reviewed,"[""vcv_missing"",""possible_related_component_group""]",0.0,False,extra_trees was selected only from this outer fold's training data; this component was excluded.
1683321,RASA2,2b6bf887f33c7d8dd7f87c345d5ce082f32914d36281f65e5697da0c63ccaadf,moved_toward_benign,0.14784018962702342,moved_toward_benign,True,extra_trees,moved_toward_benign,moved_toward_benign,True,moved_toward_benign,review_pending,human_review_not_completed,not_reviewed,"[""vcv_missing"",""possible_related_component_group""]",0.0,False,extra_trees was selected only from this outer fold's training data; this component was excluded.
2099887,STAG1,3d7265327c9949c9d6330a6d69012044f0d54513412caf2c7743442fdd1eda23,moved_toward_benign,0.15607496895295161,moved_toward_benign,True,extra_trees,moved_toward_benign,moved_toward_benign,True,moved_toward_benign,review_pending,human_review_not_completed,not_reviewed,"[""vcv_missing""]",0.0,False,extra_trees was selected only from this outer fold's training data; this component was excluded.
1983273,CHCHD10,4e52f1ccd8d3377d090d82ef5582ca440c8fee85d64bee9f0a6991bcfcd6a809,moved_toward_benign,0.12597727007081502,moved_toward_benign,True,random_forest,moved_toward_benign,moved_toward_benign,True,moved_toward_benign,review_pending,human_review_not_completed,not_reviewed,"[""vcv_missing""]",0.0,False,random_forest was selected only from this outer fold's training data; this component was excluded.
1895793,DMXL2,14d199a03baa5a7b45de4019f285b9ee15d1fed332c7ae79ff1d2cca7085403e,moved_toward_benign,0.15607496895295161,moved_toward_benign,True,extra_trees,moved_toward_benign,moved_toward_benign,True,moved_toward_benign,review_pending,human_review_not_completed,not_reviewed,"[""vcv_missing"",""possible_related_component_group""]",0.0,False,extra_trees was selected only from this outer fold's training data; this component was excluded.
2120595,UNC93B1,0c86eb2ffe20c6667d02db692d3d83de5ae6902828021fd5366dcfe87f3c4161,moved_toward_benign,0.15607496895295161,moved_toward_benign,True,extra_trees,moved_toward_benign,moved_toward_benign,True,moved_toward_benign,review_pending,human_review_not_completed,not_reviewed,"[""vcv_missing"",""possible_related_component_group""]",0.0,False,extra_trees was selected only from this outer fold's training data; this component was excluded.
2041804,LOXL3,239e35012c9f105dbeb791b817c1843fc996c4fecf36b97c0c0b6cda5c34d99c,moved_toward_benign,0.15254387230774147,moved_toward_benign,True,extra_trees,moved_toward_benign,moved_toward_benign,True,moved_toward_benign,review_pending,human_review_not_completed,not_reviewed,"[""vcv_missing"",""possible_related_component_group""]",0.0,False,extra_trees was selected only from this outer fold's training data; this component was excluded.
2043673,BMP1,e99e8b429123d31069974850ebc54fb0b8cdc33043c78293bd45ddf70cc7d7b9,moved_toward_benign,0.15254387230774147,moved_toward_benign,True,extra_trees,moved_toward_benign,moved_toward_benign,True,moved_toward_benign,review_pending,human_review_not_completed,not_reviewed,"[""vcv_missing"",""possible_related_component_group""]",0.0,False,extra_trees was selected only from this outer fold's training data; this component was excluded.
1927657,EFL1,c3807d3e800fe2ec9070725f2b0df384ff01e021400c93b6700922b1e7d5f4c4,moved_toward_benign,0.12597727007081502,moved_toward_benign,True,random_forest,moved_toward_benign,moved_toward_benign,True,moved_toward_benign,review_pending,human_review_not_completed,not_reviewed,"[""vcv_missing"",""possible_related_component_group""]",0.0,False,random_forest was selected only from this outer fold's training data; this component was excluded.
2053062,RPS10,ec046e65189b82d6f9b84cf9e6723eee87f8b28c37d3486767386f71a8e1556e,moved_toward_benign,0.04429172763342671,moved_toward_benign,True,extra_trees,moved_toward_benign,moved_toward_benign,True,moved_toward_benign,review_pending,human_review_not_completed,not_reviewed,"[""vcv_missing"",""possible_related_component_group""]",0.0,False,extra_trees was selected only from this outer fold's training data; this component was excluded.
2159538,RPL19,9f861ca485d7e31722818ec7d0b4ef0cd80f47a1a272c829bc9b34b0f79466f5,moved_toward_benign,0.04429172763342671,moved_toward_benign,True,extra_trees,moved_toward_benign,moved_toward_benign,True,moved_toward_benign,review_pending,human_review_not_completed,not_reviewed,"[""vcv_missing""]",0.0,False,extra_trees was selected only from this outer fold's training data; this component was excluded.
1962559,UNC93B1,0c86eb2ffe20c6667d02db692d3d83de5ae6902828021fd5366dcfe87f3c4161,moved_toward_benign,0.15607496895295161,moved_toward_benign,True,extra_trees,moved_toward_benign,moved_toward_benign,True,moved_toward_benign,review_pending,human_review_not_completed,not_reviewed,"[""vcv_missing"",""possible_related_component_group""]",0.0,False,extra_trees was selected only from this outer fold's training data; this component was excluded.
2199611,RPS10,ec046e65189b82d6f9b84cf9e6723eee87f8b28c37d3486767386f71a8e1556e,moved_toward_benign,0.08401394750366988,moved_toward_benign,True,extra_trees,moved_toward_benign,moved_toward_benign,True,moved_toward_benign,review_pending,human_review_not_completed,not_reviewed,"[""vcv_missing"",""possible_related_component_group""]",0.0,False,extra_trees was selected only from this outer fold's training data; this component was excluded.
2191100,TAP2,5cc71bd650521933b8bfed9baba6f9ab96afb970509ab47cb698f2ca3fe8483a,moved_toward_benign,0.1573476567928072,moved_toward_benign,True,extra_trees,moved_toward_benign,moved_toward_benign,True,moved_toward_benign,review_pending,human_review_not_completed,not_reviewed,"[""vcv_missing"",""possible_related_component_group""]",0.0,False,extra_trees was selected only from this outer fold's training data; this component was excluded.
1359514,LRRK1,9bf70b69a57be0b0b403dcc2c8c723069e95c9eba0320666b773bbbe18b5028c,moved_toward_benign,0.14834220742079904,moved_toward_benign,True,extra_trees,moved_toward_benign,moved_toward_benign,True,moved_toward_benign,review_pending,human_review_not_completed,not_reviewed,"[""vcv_missing"",""possible_related_component_group""]",0.0,False,extra_trees was selected only from this outer fold's training data; this component was excluded.
2062540,VAV1,f625419378d7b5824bc5bb563f0a50e4e304dee4a336ca23e94c2d2c76f6f29f,moved_toward_benign,0.0509453601028432,moved_toward_benign,True,extra_trees,moved_toward_benign,moved_toward_benign,True,moved_toward_benign,review_pending,human_review_not_completed,not_reviewed,"[""vcv_missing""]",0.0,False,extra_trees was selected only from this outer fold's training data; this component was excluded.
2101377,TAFAZZIN,7985ba40728acafdaec94650fe0a2656a09968dc5e7b288e6ec37d84f38f2044,moved_toward_benign,0.15110214418693219,moved_toward_benign,True,extra_trees,moved_toward_benign,moved_toward_benign,True,moved_toward_benign,review_pending,human_review_not_completed,not_reviewed,"[""vcv_missing"",""possible_related_component_group""]",0.0,False,extra_trees was selected only from this outer fold's training data; this component was excluded.
1915146,FDX2,5b4c4d13b1178f2a757d652c3f9c0c3140e6a07d00d11fad15d02f5254815881,moved_toward_benign,0.12597727007081502,moved_toward_benign,True,random_forest,moved_toward_benign,moved_toward_benign,True,moved_toward_benign,review_pending,human_review_not_completed,not_reviewed,"[""vcv_missing"",""possible_related_component_group""]",0.0,False,random_forest was selected only from this outer fold's training data; this component was excluded.
2036593,MEIS2,9d9cbfdbec913589a527c89b828a021cff0d3b0542445bb6e64aeae6c6a4fb0f,moved_toward_benign,0.15607496895295161,moved_toward_benign,True,extra_trees,moved_toward_benign,moved_toward_benign,True,moved_toward_benign,review_pending,human_review_not_completed,not_reviewed,"[""vcv_missing""]",0.0,False,extra_trees was selected only from this outer fold's training data; this component was excluded.
2148234,NCKAP1L,f531e5ea0dd31ac098dc4e1559f6ae37db79411a90173c36471d82160ca7f025,moved_toward_benign,0.15607496895295161,moved_toward_benign,True,extra_trees,moved_toward_benign,moved_toward_benign,True,moved_toward_benign,review_pending,human_review_not_completed,not_reviewed,"[""vcv_missing""]",0.0,False,extra_trees was selected only from this outer fold's training data; this component was excluded.
1919284,TAFAZZIN,7985ba40728acafdaec94650fe0a2656a09968dc5e7b288e6ec37d84f38f2044,moved_toward_benign,0.15741936952053726,moved_toward_benign,True,extra_trees,moved_toward_benign,moved_toward_benign,True,moved_toward_benign,review_pending,human_review_not_completed,not_reviewed,"[""vcv_missing"",""possible_related_component_group""]",0.0,False,extra_trees was selected only from this outer fold's training data; this component was excluded.
1929886,UNC45A,69ecc951500d6e8c09a7e84447b5401d77a55e84f84a7c25c55ba63b2a5e67f9,moved_toward_benign,0.04607826343084744,moved_toward_benign,True,extra_trees,moved_toward_benign,moved_toward_benign,True,moved_toward_benign,review_pending,human_review_not_completed,not_reviewed,"[""vcv_missing"",""possible_related_component_group""]",0.0,False,extra_trees was selected only from this outer fold's training data; this component was excluded.
1421678,POFUT1,232b414e56b9a698112bfdbef3f6c3f84377880d11250783a2275f50f8c38bcd,moved_toward_benign,0.12597727007081502,moved_toward_benign,True,random_forest,moved_toward_benign,moved_toward_benign,True,moved_toward_benign,review_pending,human_review_not_completed,not_reviewed,"[""vcv_missing""]",0.0,False,random_forest was selected only from this outer fold's training data; this component was excluded.
1505534,PGM3,3c7543ef83bf0464f372f7a8b87490aa9e7cceeaa9ca0dcd68155006a1008235,moved_toward_benign,0.14153280888539288,moved_toward_benign,True,extra_trees,moved_toward_benign,moved_toward_benign,True,moved_toward_benign,review_pending,human_review_not_completed,not_reviewed,"[""vcv_missing""]",0.0,False,extra_trees was selected only from this outer fold's training data; this component was excluded.
1512383,RBBP8,274b114f97707f5005127a1227d4da7761f4d24b09388106dc42a93d3cb36688,moved_toward_benign,0.14834220742079904,moved_toward_benign,True,extra_trees,moved_toward_benign,moved_toward_benign,True,moved_toward_benign,review_pending,human_review_not_completed,not_reviewed,"[""vcv_missing""]",0.0,False,extra_trees was selected only from this outer fold's training data; this component was excluded.
1461071,SKIC3,d4ea147ed105b2c5d18299ed99e7464b22b30d0c2460b4d1bafd63f3f293fa48,moved_toward_benign,0.04607826343084744,moved_toward_benign,True,extra_trees,moved_toward_benign,moved_toward_benign,True,moved_toward_benign,review_pending,human_review_not_completed,not_reviewed,"[""vcv_missing"",""possible_related_component_group""]",0.0,False,extra_trees was selected only from this outer fold's training data; this component was excluded.
1910714,PLOD2,4c86bc4a1267fe572735c2a3110dae9315589cd4afe04e3fbc6a68dd3bb6d55e,moved_toward_benign,0.14834220742079904,moved_toward_benign,True,extra_trees,moved_toward_benign,moved_toward_benign,True,moved_toward_benign,review_pending,human_review_not_completed,not_reviewed,"[""vcv_missing""]",0.0,False,extra_trees was selected only from this outer fold's training data; this component was excluded.
1948005,CLPP,4c2458c79aa032e16bf5f7f34088bdbd3d1b8aaa63914e83d1728dd7bc8c5ac4,moved_toward_benign,0.14834220742079904,moved_toward_benign,True,extra_trees,moved_toward_benign,moved_toward_benign,True,moved_toward_benign,review_pending,human_review_not_completed,not_reviewed,"[""vcv_missing"",""possible_related_component_group""]",0.0,False,extra_trees was selected only from this outer fold's training data; this component was excluded.
2094677,LMOD3,84cce6d6d6aaff0dddb28889ef62069b1761110fa3f0cce8cc972ecd352b7c27,moved_toward_benign,0.04607826343084744,moved_toward_benign,True,extra_trees,moved_toward_benign,moved_toward_benign,True,moved_toward_benign,review_pending,human_review_not_completed,not_reviewed,"[""vcv_missing""]",0.0,False,extra_trees was selected only from this outer fold's training data; this component was excluded.
1421416,SDHAF2,b300343be7939fe54d71419d21d0853fe8ab7335adb5a6cf9e1d740e26539391,moved_toward_benign,0.15607496895295161,moved_toward_benign,True,extra_trees,moved_toward_benign,moved_toward_benign,True,moved_toward_benign,review_pending,human_review_not_completed,not_reviewed,"[""vcv_missing""]",0.0,False,extra_trees was selected only from this outer fold's training data; this component was excluded.
1965530,STX3,a205652894a21c5499211d5667160ae236553dc8e0cdfd71420e7ea9176f0b85,moved_toward_benign,0.14834220742079904,moved_toward_benign,True,extra_trees,moved_toward_benign,moved_toward_benign,True,moved_toward_benign,review_pending,human_review_not_completed,not_reviewed,"[""vcv_missing""]",0.0,False,extra_trees was selected only from this outer fold's training data; this component was excluded.
2048270,ABCC2,83ffe45140122651c40e1b2349a8457c011d9a9276f8ca47078585a799948f37,moved_toward_benign,0.15607496895295161,moved_toward_benign,True,extra_trees,moved_toward_benign,moved_toward_benign,True,moved_toward_benign,review_pending,human_review_not_completed,not_reviewed,"[""vcv_missing""]",0.0,False,extra_trees was selected only from this outer fold's training data; this component was excluded.
1466496,AP2M1,a9474407259a456350889d0ff5fed5891f7eb98a002a72ab2c277c0aeab44923,moved_toward_benign,0.04751158109107187,moved_toward_benign,True,extra_trees,moved_toward_benign,moved_toward_benign,True,moved_toward_benign,review_pending,human_review_not_completed,not_reviewed,"[""vcv_missing""]",0.0,False,extra_trees was selected only from this outer fold's training data; this component was excluded.
1511053,ADAMTS10,970cf3a9fd721f63cf5b01342f158659e250878d264a4e821c8d3a9662d0357c,moved_toward_benign,0.15607496895295161,moved_toward_benign,True,extra_trees,moved_toward_benign,moved_toward_benign,True,moved_toward_benign,review_pending,human_review_not_completed,not_reviewed,"[""vcv_missing"",""possible_related_component_group""]",0.0,False,extra_trees was selected only from this outer fold's training data; this component was excluded.
1953013,HACE1,6232e5fcc12d84191c43c79b9304b25a8aa42789aecf4e9cdc0fb379e95aadba,moved_toward_benign,0.15110214418693219,moved_toward_benign,True,extra_trees,moved_toward_benign,moved_toward_benign,True,moved_toward_benign,review_pending,human_review_not_completed,not_reviewed,"[""vcv_missing"",""possible_related_component_group""]",0.0,False,extra_trees was selected only from this outer fold's training data; this component was excluded.
1444686,NLRC4,96273056ec6284b5299c866850db39b8174a7737ebe426da17ae2376f9e8b2e3,moved_toward_benign,0.12597727007081502,moved_toward_benign,True,random_forest,moved_toward_benign,moved_toward_benign,True,moved_toward_benign,review_pending,human_review_not_completed,not_reviewed,"[""vcv_missing"",""possible_related_component_group""]",0.0,False,random_forest was selected only from this outer fold's training data; this component was excluded.
1468243,GPAA1,f29ad1d7ecb015bade5734303c4eaa409d3648ae38c1f12ba3526e27947b5b5e,moved_toward_benign,0.14834220742079904,moved_toward_benign,True,extra_trees,moved_toward_benign,moved_toward_benign,True,moved_toward_benign,review_pending,human_review_not_completed,not_reviewed,"[""vcv_missing"",""possible_related_component_group""]",0.0,False,extra_trees was selected only from this outer fold's training data; this component was excluded.
1478466,CD40,1d17b9df88f33ff16b3a2ee62b7a44ea6d4fc164d803a3382532258a57a3452b,moved_toward_benign,0.04751158109107187,moved_toward_benign,True,extra_trees,moved_toward_benign,moved_toward_benign,True,moved_toward_benign,review_pending,human_review_not_completed,not_reviewed,"[""vcv_missing"",""possible_related_component_group""]",0.0,False,extra_trees was selected only from this outer fold's training data; this component was excluded.
1430047,TK2,3ff4109ef69ef8d03466da375339497d759093a851e00d89925854bc7bcef09d,moved_toward_benign,0.15607496895295161,moved_toward_benign,True,extra_trees,moved_toward_benign,moved_toward_benign,True,moved_toward_benign,review_pending,human_review_not_completed,not_reviewed,"[""vcv_missing"",""possible_related_component_group""]",0.0,False,extra_trees was selected only from this outer fold's training data; this component was excluded.
1440417,PEX16,c7698580533a220dffb6a82f47a3594b99b63128559074df525f3d812484e297,moved_toward_benign,0.15607496895295161,moved_toward_benign,True,extra_trees,moved_toward_benign,moved_toward_benign,True,moved_toward_benign,review_pending,human_review_not_completed,not_reviewed,"[""vcv_missing"",""possible_related_component_group""]",0.0,False,extra_trees was selected only from this outer fold's training data; this component was excluded.
2080897,IL2RB,610afb0e21d611d7ea94f1b43ee0e3c2fffde0ca78f4f20c14a3080d38903d60,moved_toward_benign,0.15645137146118313,moved_toward_benign,True,extra_trees,moved_toward_benign,moved_toward_benign,True,moved_toward_benign,review_pending,human_review_not_completed,not_reviewed,"[""vcv_missing""]",0.0,False,extra_trees was selected only from this outer fold's training data; this component was excluded.
2151324,NFU1,f88e482e6ad61a4f80c7c4d1ea5e41447aa7d83d73f10061a282773fa50a1562,moved_toward_benign,0.12597727007081502,moved_toward_benign,True,random_forest,moved_toward_benign,moved_toward_benign,True,moved_toward_benign,review_pending,human_review_not_completed,not_reviewed,"[""vcv_missing""]",0.0,False,random_forest was selected only from this outer fold's training data; this component was excluded.
2086205,DYNC2I1,db0837a44789cec223338592205544952f23856117fc38d85ca4a1c9a589b53d,moved_toward_benign,0.15645137146118313,moved_toward_benign,True,extra_trees,moved_toward_benign,moved_toward_benign,True,moved_toward_benign,review_pending,human_review_not_completed,not_reviewed,"[""vcv_missing"",""possible_related_component_group""]",0.0,False,extra_trees was selected only from this outer fold's training data; this component was excluded.
1939521,DEF6,45efb4551419f281b8f9dd82704b786b2fd6dd1de74d70ae63d70a30a03e91ae,moved_toward_benign,0.15762292212255224,moved_toward_benign,True,extra_trees,moved_toward_benign,moved_toward_benign,True,moved_toward_benign,review_pending,human_review_not_completed,not_reviewed,"[""vcv_missing"",""possible_related_component_group""]",0.0,False,extra_trees was selected only from this outer fold's training data; this component was excluded.
1364669,POLR3A,26be345c7af2fc8b08f966a4193e22673e989054afb11b70a0bb2d8074d2fad6,moved_toward_benign,0.12597727007081502,moved_toward_benign,True,random_forest,moved_toward_benign,moved_toward_benign,True,moved_toward_benign,review_pending,human_review_not_completed,not_reviewed,"[""vcv_missing"",""possible_related_component_group""]",0.0,False,random_forest was selected only from this outer fold's training data; this component was excluded.
2161057,PRKRA,f2f41c749187f20d4e525be02fd4efc118d562a41a2bfce5c63b8df3715b80f5,moved_toward_benign,0.15762292212255224,moved_toward_benign,True,extra_trees,moved_toward_benign,moved_toward_benign,True,moved_toward_benign,review_pending,human_review_not_completed,not_reviewed,"[""vcv_missing""]",0.0,False,extra_trees was selected only from this outer fold's training data; this component was excluded.
1977632,HMCN1,26144d54d9619fa86962dd08f8ce978e2b293eaab9b07e008daad88a13969926,moved_toward_benign,0.14834220742079904,moved_toward_benign,True,extra_trees,moved_toward_benign,moved_toward_benign,True,moved_toward_benign,review_pending,human_review_not_completed,not_reviewed,"[""vcv_missing"",""possible_related_component_group""]",0.0,False,extra_trees was selected only from this outer fold's training data; this component was excluded.
1906776,FKBP10,ec671a1ca62f34e69596594b4416920000656d5f45c3f05a61f80eae50829950,moved_toward_benign,0.1537611002591085,moved_toward_benign,True,extra_trees,moved_toward_benign,moved_toward_benign,True,moved_toward_benign,review_pending,human_review_not_completed,not_reviewed,"[""vcv_missing""]",0.0,False,extra_trees was selected only from this outer fold's training data; this component was excluded.
2076876,PEX16,c7698580533a220dffb6a82f47a3594b99b63128559074df525f3d812484e297,moved_toward_benign,0.15771708837128723,moved_toward_benign,True,extra_trees,moved_toward_benign,moved_toward_benign,True,moved_toward_benign,review_pending,human_review_not_completed,not_reviewed,"[""vcv_missing"",""possible_related_component_group""]",0.0,False,extra_trees was selected only from this outer fold's training data; this component was excluded.
1982785,DEF6,45efb4551419f281b8f9dd82704b786b2fd6dd1de74d70ae63d70a30a03e91ae,moved_toward_benign,0.15771708837128723,moved_toward_benign,True,extra_trees,moved_toward_benign,moved_toward_benign,True,moved_toward_benign,review_pending,human_review_not_completed,not_reviewed,"[""vcv_missing"",""possible_related_component_group""]",0.0,False,extra_trees was selected only from this outer fold's training data; this component was excluded.
2070788,ALDH6A1,dc4a131c3ca547f4189c3d97e66d4f589132c666316b57394e82358d2fe52c35,moved_toward_benign,0.12597727007081502,moved_toward_benign,True,random_forest,moved_toward_benign,moved_toward_benign,True,moved_toward_benign,review_pending,human_review_not_completed,not_reviewed,"[""vcv_missing""]",0.0,False,random_forest was selected only from this outer fold's training data; this component was excluded.
1976207,ANXA11,780b4cb3e389f3558ea031f5bed628ad12599dce068ee13531b099195c26ed24,moved_toward_benign,0.12597727007081502,moved_toward_benign,True,random_forest,moved_toward_benign,moved_toward_benign,True,moved_toward_benign,review_pending,human_review_not_completed,not_reviewed,"[""vcv_missing"",""possible_related_component_group""]",0.0,False,random_forest was selected only from this outer fold's training data; this component was excluded.
1465585,TSEN54,d8c3aef83c97236b0fa840f740bba0c68d710feccacd62bbeead495169440600,moved_toward_benign,0.14834220742079904,moved_toward_benign,True,extra_trees,moved_toward_benign,moved_toward_benign,True,moved_toward_benign,review_pending,human_review_not_completed,not_reviewed,"[""vcv_missing"",""possible_related_component_group""]",0.0,False,extra_trees was selected only from this outer fold's training data; this component was excluded.
2080059,COASY,34175a31520616e87ec774285d9e8da30215bec771c3428b7eb9296ef9540b0f,moved_toward_benign,0.15747976154401433,moved_toward_benign,True,extra_trees,moved_toward_benign,moved_toward_benign,True,moved_toward_benign,review_pending,human_review_not_completed,not_reviewed,"[""vcv_missing"",""possible_related_component_group""]",0.0,False,extra_trees was selected only from this outer fold's training data; this component was excluded.
2059894,HTRA1,c715699489c85767822e8523b7649c012de8a3b3028e19984dde230baee8a16a,moved_toward_benign,0.14834220742079904,moved_toward_benign,True,extra_trees,moved_toward_benign,moved_toward_benign,True,moved_toward_benign,review_pending,human_review_not_completed,not_reviewed,"[""vcv_missing"",""possible_related_component_group""]",0.0,False,extra_trees was selected only from this outer fold's training data; this component was excluded.
2056464,CEP120,8ec96ae8ac6ded9d6fb8a4f9608690d28eae8e7bba0ff82a2340e6e46b7e5087,moved_toward_benign,0.14834220742079904,moved_toward_benign,True,extra_trees,moved_toward_benign,moved_toward_benign,True,moved_toward_benign,review_pending,human_review_not_completed,not_reviewed,"[""vcv_missing""]",0.0,False,extra_trees was selected only from this outer fold's training data; this component was excluded.
2148293,LAMB1,05db573d614e577e9a96c90c39aa57f6446a625336142ad33dc7686434538237,moved_toward_benign,0.15080278274221123,moved_toward_benign,True,extra_trees,moved_toward_benign,moved_toward_benign,True,moved_toward_benign,review_pending,human_review_not_completed,not_reviewed,"[""vcv_missing"",""possible_related_component_group""]",0.0,False,extra_trees was selected only from this outer fold's training data; this component was excluded.
1331473,LAMB3,79b7dc68bbc2227b9e5f9c286bcddb59ef13813b6545989356bf39f58c2f1d70,moved_toward_benign,0.15747976154401433,moved_toward_benign,True,extra_trees,moved_toward_benign,moved_toward_benign,True,moved_toward_benign,review_pending,human_review_not_completed,not_reviewed,"[""vcv_missing"",""possible_related_component_group""]",0.0,False,extra_trees was selected only from this outer fold's training data; this component was excluded.
2052525,MRPS23,065e771c9b072778b05ca3ac7e2c763f19ea9db7037f1fd46ba0aef1bee1c9e6,moved_toward_benign,0.14834220742079904,moved_toward_benign,True,extra_trees,moved_toward_benign,moved_toward_benign,True,moved_toward_benign,review_pending,human_review_not_completed,not_reviewed,"[""vcv_missing""]",0.0,False,extra_trees was selected only from this outer fold's training data; this component was excluded.
2157583,PSMB8,5cc71bd650521933b8bfed9baba6f9ab96afb970509ab47cb698f2ca3fe8483a,moved_toward_benign,0.1497677958823478,moved_toward_benign,True,extra_trees,moved_toward_benign,moved_toward_benign,True,moved_toward_benign,review_pending,human_review_not_completed,not_reviewed,"[""vcv_missing"",""possible_related_component_group""]",0.0,False,extra_trees was selected only from this outer fold's training data; this component was excluded.
2051778,GATA5,6bdf7c4847ff36e445eb7e5b754d11dabff19d10a1403c9b5604c41d3369e247,moved_toward_benign,0.0447926355193567,moved_toward_benign,True,extra_trees,moved_toward_benign,moved_toward_benign,True,moved_toward_benign,review_pending,human_review_not_completed,not_reviewed,"[""vcv_missing""]",0.0,False,extra_trees was selected only from this outer fold's training data; this component was excluded.
2052114,PUS1,bfc7291e47a31856f92961ac5524ed8c38eb4c99d2a0567f14314ad518d38165,moved_toward_benign,0.15747976154401433,moved_toward_benign,True,extra_trees,moved_toward_benign,moved_toward_benign,True,moved_toward_benign,review_pending,human_review_not_completed,not_reviewed,"[""vcv_missing""]",0.0,False,extra_trees was selected only from this outer fold's training data; this component was excluded.
1483555,CFD,bdce664245d10adf3418713edb53f739c4836e89f45e73f028f26c13175bd027,moved_toward_benign,0.15747976154401433,moved_toward_benign,True,extra_trees,moved_toward_benign,moved_toward_benign,True,moved_toward_benign,review_pending,human_review_not_completed,not_reviewed,"[""vcv_missing""]",0.0,False,extra_trees was selected only from this outer fold's training data; this component was excluded.
2047990,SLC34A1,db5b2c959afb7728853886764ed7778883486a6e99159dc13338b5c45674d533,moved_toward_benign,0.12597727007081502,moved_toward_benign,True,random_forest,moved_toward_benign,moved_toward_benign,True,moved_toward_benign,review_pending,human_review_not_completed,not_reviewed,"[""vcv_missing"",""possible_related_component_group""]",0.0,False,random_forest was selected only from this outer fold's training data; this component was excluded.
1906455,FOXRED1,473ad82fd1e52e7f494e2ad68c3e1d8dea9cada000d116ba3dd3285fe441393a,moved_toward_benign,0.15747976154401433,moved_toward_benign,True,extra_trees,moved_toward_benign,moved_toward_benign,True,moved_toward_benign,review_pending,human_review_not_completed,not_reviewed,"[""vcv_missing"",""possible_related_component_group""]",0.0,False,extra_trees was selected only from this outer fold's training data; this component was excluded.
1370816,EFEMP2,a3c5f74c95c806a900ab04594fab98eaeabcc759b7e0f23d45d799ce916cd7fe,moved_toward_benign,0.12597727007081502,moved_toward_benign,True,random_forest,moved_toward_benign,moved_toward_benign,True,moved_toward_benign,review_pending,human_review_not_completed,not_reviewed,"[""vcv_missing"",""possible_related_component_group""]",0.0,False,random_forest was selected only from this outer fold's training data; this component was excluded.
1416741,NKX2-5,4b2df152db7fee6a0df1bce90065c35dcb95596dbc7920751ea1143dde8f0acf,moved_toward_benign,0.14834220742079904,moved_toward_benign,True,extra_trees,moved_toward_benign,moved_toward_benign,True,moved_toward_benign,review_pending,human_review_not_completed,not_reviewed,"[""vcv_missing"",""possible_related_component_group""]",0.0,False,extra_trees was selected only from this outer fold's training data; this component was excluded.
2171314,HMCN1,26144d54d9619fa86962dd08f8ce978e2b293eaab9b07e008daad88a13969926,moved_toward_benign,0.14834220742079904,moved_toward_benign,True,extra_trees,moved_toward_benign,moved_toward_benign,True,moved_toward_benign,review_pending,human_review_not_completed,not_reviewed,"[""vcv_missing"",""possible_related_component_group""]",0.0,False,extra_trees was selected only from this outer fold's training data; this component was excluded.
1345608,PYCR2,a6a6606b3928ce5bbd5e63eb8a829d24552e93f8e7b701ae46286f9d687d7fd3,moved_toward_benign,0.049698948661380256,moved_toward_benign,True,extra_trees,moved_toward_benign,moved_toward_benign,True,moved_toward_benign,review_pending,human_review_not_completed,not_reviewed,"[""vcv_missing""]",0.0,False,extra_trees was selected only from this outer fold's training data; this component was excluded.
1476174,PPP3CA,d9a6130b5aeb9e9112f68e0ab5d3c12d7b8167f23597e61c5f9dcf3af06c9b05,moved_toward_benign,0.12232130745379521,moved_toward_benign,True,random_forest,moved_toward_benign,moved_toward_benign,True,moved_toward_benign,review_pending,human_review_not_completed,not_reviewed,"[""vcv_missing"",""possible_related_component_group""]",0.0,False,random_forest was selected only from this outer fold's training data; this component was excluded.
1504354,ADCY5,ba84648170f9aefed295a8aa0b140c14b09744053bb1f5fdae9cf4c44a905b2e,moved_toward_benign,0.049698948661380256,moved_toward_benign,True,extra_trees,moved_toward_benign,moved_toward_benign,True,moved_toward_benign,review_pending,human_review_not_completed,not_reviewed,"[""vcv_missing""]",0.0,False,extra_trees was selected only from this outer fold's training data; this component was excluded.
1680987,EPRS1,a31c7eaf033a5a0ea397306d7c8f047fc01265228a874287713f497d693ee00c,moved_toward_benign,0.154762889801523,moved_toward_benign,True,extra_trees,moved_toward_benign,moved_toward_benign,True,moved_toward_benign,review_pending,human_review_not_completed,not_reviewed,"[""vcv_missing"",""possible_related_component_group""]",0.0,False,extra_trees was selected only from this outer fold's training data; this component was excluded.
1357408,CA2,7af605acd7a666408f6971f6db8c9cc409fb7a000722527df3c4da05a1e991f9,moved_toward_benign,0.154762889801523,moved_toward_benign,True,extra_trees,moved_toward_benign,moved_toward_benign,True,moved_toward_benign,review_pending,human_review_not_completed,not_reviewed,"[""vcv_missing""]",0.0,False,extra_trees was selected only from this outer fold's training data; this component was excluded.
1394974,MTHFD1,8d739e82fe045a4198e1cff1ecc935ace9a638a57151e79b37e0abc617f85282,moved_toward_benign,0.15747976154401433,moved_toward_benign,True,extra_trees,moved_toward_benign,moved_toward_benign,True,moved_toward_benign,review_pending,human_review_not_completed,not_reviewed,"[""vcv_missing"",""possible_related_component_group""]",0.0,False,extra_trees was selected only from this outer fold's training data; this component was excluded.
1994939,WDR62,f0d656b3e87dffae49c8a9ed05abde099df9221c8f52a4d266a3722b5eafa883,moved_toward_benign,0.1499688432387528,moved_toward_benign,True,extra_trees,moved_toward_benign,moved_toward_benign,True,moved_toward_benign,review_pending,human_review_not_completed,not_reviewed,"[""vcv_missing"",""possible_related_component_group""]",0.0,False,extra_trees was selected only from this outer fold's training data; this component was excluded.
1423707,TK2,3ff4109ef69ef8d03466da375339497d759093a851e00d89925854bc7bcef09d,moved_toward_benign,0.15754274212288646,moved_toward_benign,True,extra_trees,moved_toward_benign,moved_toward_benign,True,moved_toward_benign,review_pending,human_review_not_completed,not_reviewed,"[""vcv_missing"",""possible_related_component_group""]",0.0,False,extra_trees was selected only from this outer fold's training data; this component was excluded.
1440322,TNFSF12,f545f5a01189138e1e607eca35434c232ef24209f00a8347d72e8a75e1bb2914,moved_toward_benign,0.04366191861043566,moved_toward_benign,True,extra_trees,moved_toward_benign,moved_toward_benign,True,moved_toward_benign,review_pending,human_review_not_completed,not_reviewed,"[""vcv_missing""]",0.0,False,extra_trees was selected only from this outer fold's training data; this component was excluded.
1365557,SEMA4A,dd9bf4b9cee8677d8f111081320972359d5a6dea3e757e78ce2ae6cfd98baf02,moved_toward_benign,0.14834220742079904,moved_toward_benign,True,extra_trees,moved_toward_benign,moved_toward_benign,True,moved_toward_benign,review_pending,human_review_not_completed,not_reviewed,"[""vcv_missing""]",0.0,False,extra_trees was selected only from this outer fold's training data; this component was excluded.
1424331,PPP3CA,d9a6130b5aeb9e9112f68e0ab5d3c12d7b8167f23597e61c5f9dcf3af06c9b05,moved_toward_benign,0.12232130745379521,moved_toward_benign,True,random_forest,moved_toward_benign,moved_toward_benign,True,moved_toward_benign,review_pending,human_review_not_completed,not_reviewed,"[""vcv_missing"",""possible_related_component_group""]",0.0,False,random_forest was selected only from this outer fold's training data; this component was excluded.
1484892,MICU1,6b8768d597031035167f9f180014fd9163a78f05aa18a90ecc136e394b241b80,moved_toward_benign,0.15754274212288646,moved_toward_benign,True,extra_trees,moved_toward_benign,moved_toward_benign,True,moved_toward_benign,review_pending,human_review_not_completed,not_reviewed,"[""vcv_missing"",""possible_related_component_group""]",0.0,False,extra_trees was selected only from this outer fold's training data; this component was excluded.
1515175,COG8,d873166ecbd55546758ec8ba1b4e75bb49dc052b98cba238606495c13389ba58,moved_toward_benign,0.14834220742079904,moved_toward_benign,True,extra_trees,moved_toward_benign,moved_toward_benign,True,moved_toward_benign,review_pending,human_review_not_completed,not_reviewed,"[""vcv_missing""]",0.0,False,extra_trees was selected only from this outer fold's training data; this component was excluded.
1496392,ASCC1,ed6a2e694c12013e1d9fbab162f7826c84bd8008f3c94743d5a7ce2edd46948e,moved_toward_benign,0.14834220742079904,moved_toward_benign,True,extra_trees,moved_toward_benign,moved_toward_benign,True,moved_toward_benign,review_pending,human_review_not_completed,not_reviewed,"[""vcv_missing""]",0.0,False,extra_trees was selected only from this outer fold's training data; this component was excluded.
1388200,RUSC2,2cf03e725a758b7ab4ac4f0b6d158d59894448171d4b2390e2692d9f7fb19497,moved_toward_benign,0.15754274212288646,moved_toward_benign,True,extra_trees,moved_toward_benign,moved_toward_benign,True,moved_toward_benign,review_pending,human_review_not_completed,not_reviewed,"[""vcv_missing"",""possible_related_component_group""]",0.0,False,extra_trees was selected only from this outer fold's training data; this component was excluded.
1435185,DNAJC21,1025f2d1e3a5a84a70f8836cc7277999177ea7eb9ae0a18b5d37b624b31c5bd2,moved_toward_benign,0.14834220742079904,moved_toward_benign,True,extra_trees,moved_toward_benign,moved_toward_benign,True,moved_toward_benign,review_pending,human_review_not_completed,not_reviewed,"[""vcv_missing"",""possible_related_component_group""]",0.0,False,extra_trees was selected only from this outer fold's training data; this component was excluded.
1513725,PDLIM3,10c9d6a7029cfaf98ce8171c01a361bf9afd799a2b2803fe47e9d7b8acc98d57,moved_toward_benign,0.14834220742079904,moved_toward_benign,True,extra_trees,moved_toward_benign,moved_toward_benign,True,moved_toward_benign,review_pending,human_review_not_completed,not_reviewed,"[""vcv_missing"",""possible_related_component_group""]",0.0,False,extra_trees was selected only from this outer fold's training data; this component was excluded.
1356959,PALM,d0a60d14dfe244f081cac2593f2c1fc83f570822bc8d2dcb7ee5835e312ceef6,moved_toward_benign,0.14834220742079904,moved_toward_benign,True,extra_trees,moved_toward_benign,moved_toward_benign,True,moved_toward_benign,review_pending,human_review_not_completed,not_reviewed,"[""vcv_missing"",""possible_related_component_group""]",0.0,False,extra_trees was selected only from this outer fold's training data; this component was excluded.
1355576,PLTP,5ff2c532185c12021494a24d6740585ea613ae10ce6c76e604f3e5bf813a6411,moved_toward_benign,0.04169206118835031,moved_toward_benign,True,extra_trees,moved_toward_benign,moved_toward_benign,True,moved_toward_benign,review_pending,human_review_not_completed,not_reviewed,"[""vcv_missing""]",0.0,False,extra_trees was selected only from this outer fold's training data; this component was excluded.
1358800,CBX2,8326171729468083ddc249c0584847b63d41d6440d3d6a770284926db6c7295a,moved_toward_benign,0.14834220742079904,moved_toward_benign,True,extra_trees,moved_toward_benign,moved_toward_benign,True,moved_toward_benign,review_pending,human_review_not_completed,not_reviewed,"[""vcv_missing""]",0.0,False,extra_trees was selected only from this outer fold's training data; this component was excluded.
1371463,GNPAT,838384c16ef32cfdfcfaf617a79ae95d69bcd45f9767e80fd1492a30991a36b7,moved_toward_benign,0.15010095973153903,moved_toward_benign,True,extra_trees,moved_toward_benign,moved_toward_benign,True,moved_toward_benign,review_pending,human_review_not_completed,not_reviewed,"[""vcv_missing""]",0.0,False,extra_trees was selected only from this outer fold's training data; this component was excluded.
1397917,DNA2,b61330780101a3e534e4ccecf1d695e4dc2135c9693740b7efe6b787c721ee2b,moved_toward_benign,0.14834220742079904,moved_toward_benign,True,extra_trees,moved_toward_benign,moved_toward_benign,True,moved_toward_benign,review_pending,human_review_not_completed,not_reviewed,"[""vcv_missing"",""possible_related_component_group""]",0.0,False,extra_trees was selected only from this outer fold's training data; this component was excluded.
1400051,FREM1,cf5c44741a46cb5caec214aa188f979df235bba3d7053d13987861f377e5306f,moved_toward_benign,0.04169206118835031,moved_toward_benign,True,extra_trees,moved_toward_benign,moved_toward_benign,True,moved_toward_benign,review_pending,human_review_not_completed,not_reviewed,"[""vcv_missing""]",0.0,False,extra_trees was selected only from this outer fold's training data; this component was excluded.
1421848,HACE1,6232e5fcc12d84191c43c79b9304b25a8aa42789aecf4e9cdc0fb379e95aadba,moved_toward_benign,0.15010095973153903,moved_toward_benign,True,extra_trees,moved_toward_benign,moved_toward_benign,True,moved_toward_benign,review_pending,human_review_not_completed,not_reviewed,"[""vcv_missing"",""possible_related_component_group""]",0.0,False,extra_trees was selected only from this outer fold's training data; this component was excluded.
1461149,CELSR2,31f7fbaf70620d477f5d9d29ca857a4c67c03c776c2ce6709a204901085d2e2d,moved_toward_benign,0.15287122727636704,moved_toward_benign,True,extra_trees,moved_toward_benign,moved_toward_benign,True,moved_toward_benign,review_pending,human_review_not_completed,not_reviewed,"[""vcv_missing""]",0.0,False,extra_trees was selected only from this outer fold's training data; this component was excluded.
1494480,PPP2CA,b71226c26481a2ac7d1db2b932519e1913869929b59f101bfc092d99bf362312,moved_toward_benign,0.14834220742079904,moved_toward_benign,True,extra_trees,moved_toward_benign,moved_toward_benign,True,moved_toward_benign,review_pending,human_review_not_completed,not_reviewed,"[""vcv_missing""]",0.0,False,extra_trees was selected only from this outer fold's training data; this component was excluded.
1382950,LAMB1,05db573d614e577e9a96c90c39aa57f6446a625336142ad33dc7686434538237,moved_toward_benign,0.1523859268699289,moved_toward_benign,True,extra_trees,moved_toward_benign,moved_toward_benign,True,moved_toward_benign,review_pending,human_review_not_completed,not_reviewed,"[""vcv_missing"",""possible_related_component_group""]",0.0,False,extra_trees was selected only from this outer fold's training data; this component was excluded.
1365832,WDR62,f0d656b3e87dffae49c8a9ed05abde099df9221c8f52a4d266a3722b5eafa883,moved_toward_benign,0.1540706140678276,moved_toward_benign,True,extra_trees,moved_toward_benign,moved_toward_benign,True,moved_toward_benign,review_pending,human_review_not_completed,not_reviewed,"[""vcv_missing"",""possible_related_component_group""]",0.0,False,extra_trees was selected only from this outer fold's training data; this component was excluded.
1516617,VPS11,8d05018cf1e3a37505e6905b05c65eed279346068e6a2ec2eee1b671a7610155,moved_toward_benign,0.1540706140678276,moved_toward_benign,True,extra_trees,moved_toward_benign,moved_toward_benign,True,moved_toward_benign,review_pending,human_review_not_completed,not_reviewed,"[""vcv_missing"",""possible_related_component_group""]",0.0,False,extra_trees was selected only from this outer fold's training data; this component was excluded.
1422782,POMP,0b2f66c94be56d1740fe3442e470e0885eaa7b38c4eb9cbcc4c75ad1d3f9fb47,moved_toward_benign,0.14834220742079904,moved_toward_benign,True,extra_trees,moved_toward_benign,moved_toward_benign,True,moved_toward_benign,review_pending,human_review_not_completed,not_reviewed,"[""vcv_missing"",""possible_related_component_group""]",0.0,False,extra_trees was selected only from this outer fold's training data; this component was excluded.
1516312,COQ7,cc3b37f0f63d5b6f602371f75a66e0a25d32b743377bcab1b1382cd740b498f8,moved_toward_benign,0.1581304771601024,moved_toward_benign,True,extra_trees,moved_toward_benign,moved_toward_benign,True,moved_toward_benign,review_pending,human_review_not_completed,not_reviewed,"[""vcv_missing"",""possible_related_component_group""]",0.0,False,extra_trees was selected only from this outer fold's training data; this component was excluded.
1357882,MCM5,354e0e8e1858d45a1b73d560eae6b5ed1b9d2eb75aee8dee8d55c7e1b6e66c96,moved_toward_benign,0.14834220742079904,moved_toward_benign,True,extra_trees,moved_toward_benign,moved_toward_benign,True,moved_toward_benign,review_pending,human_review_not_completed,not_reviewed,"[""vcv_missing""]",0.0,False,extra_trees was selected only from this outer fold's training data; this component was excluded.
1375379,B3GAT3,d28fef7b4cb3be181cfb074879763ee7b13c08c3899244bead43030ff2fa2c12,moved_toward_benign,0.14834220742079904,moved_toward_benign,True,extra_trees,moved_toward_benign,moved_toward_benign,True,moved_toward_benign,review_pending,human_review_not_completed,not_reviewed,"[""vcv_missing"",""possible_related_component_group""]",0.0,False,extra_trees was selected only from this outer fold's training data; this component was excluded.
1379827,ACOX1,833210fd9774f6b55f3dbcbcccda04960ecc622054dd60bbc403fb380571f581,moved_toward_benign,0.10811951871524701,moved_toward_benign,True,random_forest,moved_toward_benign,moved_toward_benign,True,moved_toward_benign,review_pending,human_review_not_completed,not_reviewed,"[""vcv_missing""]",0.0,False,random_forest was selected only from this outer fold's training data; this component was excluded.
1381119,PPCS,d195f7407231df7fadc0198acaaacc3cfd2a3b391103aacc59b947b707c352da,moved_toward_benign,0.14834220742079904,moved_toward_benign,True,extra_trees,moved_toward_benign,moved_toward_benign,True,moved_toward_benign,review_pending,human_review_not_completed,not_reviewed,"[""vcv_missing"",""possible_related_component_group""]",0.0,False,extra_trees was selected only from this outer fold's training data; this component was excluded.
1384019,DNAJC21,1025f2d1e3a5a84a70f8836cc7277999177ea7eb9ae0a18b5d37b624b31c5bd2,moved_toward_benign,0.14834220742079904,moved_toward_benign,True,extra_trees,moved_toward_benign,moved_toward_benign,True,moved_toward_benign,review_pending,human_review_not_completed,not_reviewed,"[""vcv_missing"",""possible_related_component_group""]",0.0,False,extra_trees was selected only from this outer fold's training data; this component was excluded.
1387085,CLCN6,d4c8997e91d1f571e0ff6ad7d039b19adf05994168adf4edf8c56cee70420a40,moved_toward_benign,0.04567025694097412,moved_toward_benign,True,extra_trees,moved_toward_benign,moved_toward_benign,True,moved_toward_benign,review_pending,human_review_not_completed,not_reviewed,"[""vcv_missing"",""possible_related_component_group""]",0.0,False,extra_trees was selected only from this outer fold's training data; this component was excluded.
1391123,SGCB,16a8cb0da9371211d90e5f62ba10c5440e2f00a8a99f9c2c22347002f9648cd7,moved_toward_benign,0.1581304771601024,moved_toward_benign,True,extra_trees,moved_toward_benign,moved_toward_benign,True,moved_toward_benign,review_pending,human_review_not_completed,not_reviewed,"[""vcv_missing""]",0.0,False,extra_trees was selected only from this outer fold's training data; this component was excluded.
1406229,ZFYVE26,11d22da33f509e13de5ed994b04bb97e8b93d3887a0e7fce5241b06e6b720723,moved_toward_benign,0.15453428594859894,moved_toward_benign,True,extra_trees,moved_toward_benign,moved_toward_benign,True,moved_toward_benign,review_pending,human_review_not_completed,not_reviewed,"[""vcv_missing""]",0.0,False,extra_trees was selected only from this outer fold's training data; this component was excluded.
1461224,GPX4,d7fa901d3f2acc0e854b246ac48322dd781e279acc0770f18b75d18ded38946c,moved_toward_benign,0.1581304771601024,moved_toward_benign,True,extra_trees,moved_toward_benign,moved_toward_benign,True,moved_toward_benign,review_pending,human_review_not_completed,not_reviewed,"[""vcv_missing""]",0.0,False,extra_trees was selected only from this outer fold's training data; this component was excluded.
1464219,RP1L1,2b60f22b78a681683b56cc7bf59154f16797dd65fcfcbc517f23885e2680d03c,moved_toward_benign,0.15453428594859894,moved_toward_benign,True,extra_trees,moved_toward_benign,moved_toward_benign,True,moved_toward_benign,review_pending,human_review_not_completed,not_reviewed,"[""vcv_missing"",""possible_related_component_group""]",0.0,False,extra_trees was selected only from this outer fold's training data; this component was excluded.
1486878,ERBIN,c6750b613407d67c845d796a86c12f47603aedba65299f05b42f8c6ba36ae55a,moved_toward_benign,0.10811951871524701,moved_toward_benign,True,random_forest,moved_toward_benign,moved_toward_benign,True,moved_toward_benign,review_pending,human_review_not_completed,not_reviewed,"[""vcv_missing"",""possible_related_component_group""]",0.0,False,random_forest was selected only from this outer fold's training data; this component was excluded.
1490551,PDLIM3,10c9d6a7029cfaf98ce8171c01a361bf9afd799a2b2803fe47e9d7b8acc98d57,moved_toward_benign,0.14834220742079904,moved_toward_benign,True,extra_trees,moved_toward_benign,moved_toward_benign,True,moved_toward_benign,review_pending,human_review_not_completed,not_reviewed,"[""vcv_missing"",""possible_related_component_group""]",0.0,False,extra_trees was selected only from this outer fold's training data; this component was excluded.
1492580,WDR62,f0d656b3e87dffae49c8a9ed05abde099df9221c8f52a4d266a3722b5eafa883,moved_toward_benign,0.15453428594859894,moved_toward_benign,True,extra_trees,moved_toward_benign,moved_toward_benign,True,moved_toward_benign,review_pending,human_review_not_completed,not_reviewed,"[""vcv_missing"",""possible_related_component_group""]",0.0,False,extra_trees was selected only from this outer fold's training data; this component was excluded.
1494106,KCND3,c8339ed2b283623129d85c18ba81375c54f227b3ec063ebe193c0e456e12840b,moved_toward_benign,0.15453428594859894,moved_toward_benign,True,extra_trees,moved_toward_benign,moved_toward_benign,True,moved_toward_benign,review_pending,human_review_not_completed,not_reviewed,"[""vcv_missing"",""possible_related_component_group""]",0.0,False,extra_trees was selected only from this outer fold's training data; this component was excluded.
1506744,B3GLCT,6dc5e80200983e8e31b36adda7802d096d9933c72fc08bebe7c5aa89a4126df1,moved_toward_benign,0.10811951871524701,moved_toward_benign,True,random_forest,moved_toward_benign,moved_toward_benign,True,moved_toward_benign,review_pending,human_review_not_completed,not_reviewed,"[""vcv_missing"",""possible_related_component_group""]",0.0,False,random_forest was selected only from this outer fold's training data; this component was excluded.
1520051,PPP2R5D,a859edce12dc1f42751f871ed3f46a195e525f9dd7ac05c2aa3f386646cee390,moved_toward_benign,0.10811951871524701,moved_toward_benign,True,random_forest,moved_toward_benign,moved_toward_benign,True,moved_toward_benign,review_pending,human_review_not_completed,not_reviewed,"[""vcv_missing"",""possible_related_component_group""]",0.0,False,random_forest was selected only from this outer fold's training data; this component was excluded.
1365402,HAND1,9677c662df15379be632a9ab7c6675c50593bb68a11007ea420dc5335a88aeb7,moved_toward_benign,0.15351560258232355,moved_toward_benign,True,extra_trees,moved_toward_benign,moved_toward_benign,True,moved_toward_benign,review_pending,human_review_not_completed,not_reviewed,"[""vcv_missing"",""possible_related_component_group""]",0.0,False,extra_trees was selected only from this outer fold's training data; this component was excluded.
1450515,TBCK,e3853b5796e166bff6ed0e64ff44dfe6b4a803cbe64a8f97e5efb516044fd8ba,moved_toward_benign,0.15695774910533658,moved_toward_benign,True,extra_trees,moved_toward_benign,moved_toward_benign,True,moved_toward_benign,review_pending,human_review_not_completed,not_reviewed,"[""vcv_missing"",""possible_related_component_group""]",0.0,False,extra_trees was selected only from this outer fold's training data; this component was excluded.
1518178,SLC34A1,db5b2c959afb7728853886764ed7778883486a6e99159dc13338b5c45674d533,moved_toward_benign,0.10811951871524701,moved_toward_benign,True,random_forest,moved_toward_benign,moved_toward_benign,True,moved_toward_benign,review_pending,human_review_not_completed,not_reviewed,"[""vcv_missing"",""possible_related_component_group""]",0.0,False,random_forest was selected only from this outer fold's training data; this component was excluded.
1362185,RPS10,ec046e65189b82d6f9b84cf9e6723eee87f8b28c37d3486767386f71a8e1556e,moved_toward_benign,0.04377783723530855,moved_toward_benign,True,extra_trees,moved_toward_benign,moved_toward_benign,True,moved_toward_benign,review_pending,human_review_not_completed,not_reviewed,"[""vcv_missing"",""possible_related_component_group""]",0.0,False,extra_trees was selected only from this outer fold's training data; this component was excluded.
1415592,HTT,5e82ebd126e11a263f9d21c9beaeeae763a6b4ce431cfc35fa60a1865ded0381,moved_toward_benign,0.04377783723530855,moved_toward_benign,True,extra_trees,moved_toward_benign,moved_toward_benign,True,moved_toward_benign,review_pending,human_review_not_completed,not_reviewed,"[""vcv_missing"",""possible_related_component_group""]",0.0,False,extra_trees was selected only from this outer fold's training data; this component was excluded.
1416596,HTT,5e82ebd126e11a263f9d21c9beaeeae763a6b4ce431cfc35fa60a1865ded0381,moved_toward_benign,0.04377783723530855,moved_toward_benign,True,extra_trees,moved_toward_benign,moved_toward_benign,True,moved_toward_benign,review_pending,human_review_not_completed,not_reviewed,"[""vcv_missing"",""possible_related_component_group""]",0.0,False,extra_trees was selected only from this outer fold's training data; this component was excluded.
1435501,TNNC1,00cc8560a68ee035aef095fccecef9827f37deb7801b0e97265ced1063215f19,moved_toward_benign,0.15215124191214321,moved_toward_benign,True,extra_trees,moved_toward_benign,moved_toward_benign,True,moved_toward_benign,review_pending,human_review_not_completed,not_reviewed,"[""vcv_missing"",""possible_related_component_group""]",0.0,False,extra_trees was selected only from this outer fold's training data; this component was excluded.
1481727,SNX10,e13d97e49683f04c8f19a946531e539610293fc0c0b0bd38beab1b0b8fd6e752,moved_toward_benign,0.04377783723530855,moved_toward_benign,True,extra_trees,moved_toward_benign,moved_toward_benign,True,moved_toward_benign,review_pending,human_review_not_completed,not_reviewed,"[""vcv_missing"",""possible_related_component_group""]",0.0,False,extra_trees was selected only from this outer fold's training data; this component was excluded.
1523306,LYN,1d3070e3dceba2f59830d9ea98b89bbc2e20e5d10ceb9df6e4e9e930c653a331,moved_toward_benign,0.10795822839266637,moved_toward_benign,True,random_forest,moved_toward_benign,moved_toward_benign,True,moved_toward_benign,review_pending,human_review_not_completed,not_reviewed,"[""vcv_missing""]",0.0,False,random_forest was selected only from this outer fold's training data; this component was excluded.
1411843,SEC61A1,e9a37592be6e6588d2a66939fb4d14602051631f91d82184103af7da866ca3c1,moved_toward_benign,0.14834220742079904,moved_toward_benign,True,extra_trees,moved_toward_benign,moved_toward_benign,True,moved_toward_benign,review_pending,human_review_not_completed,not_reviewed,"[""vcv_missing""]",0.0,False,extra_trees was selected only from this outer fold's training data; this component was excluded.
1478297,ATP8A2,321fadf24a9e46d754275ac7aa1e7bce9c4bf438ce01e636997f9332900eca11,moved_toward_benign,0.14834220742079904,moved_toward_benign,True,extra_trees,moved_toward_benign,moved_toward_benign,True,moved_toward_benign,review_pending,human_review_not_completed,not_reviewed,"[""vcv_missing"",""possible_related_component_group""]",0.0,False,extra_trees was selected only from this outer fold's training data; this component was excluded.
1480226,SKIC2,56a36f65155199a654b4db443bed8a41bfd8e5b440a6172c8fcb52b2d2107845,moved_toward_benign,0.10795822839266637,moved_toward_benign,True,random_forest,moved_toward_benign,moved_toward_benign,True,moved_toward_benign,review_pending,human_review_not_completed,not_reviewed,"[""vcv_missing""]",0.0,False,random_forest was selected only from this outer fold's training data; this component was excluded.
1510554,TGFB3,9b2ea385ca869929f0b49064f6c5a5b1efd74ccfc0f8a7c4806918f455469fac,moved_toward_benign,0.15107720061879612,moved_toward_benign,True,extra_trees,moved_toward_benign,moved_toward_benign,True,moved_toward_benign,review_pending,human_review_not_completed,not_reviewed,"[""vcv_missing""]",0.0,False,extra_trees was selected only from this outer fold's training data; this component was excluded.
1515911,IL23R,4eedc4dd2bef6dcd11ca7aae7c5d4906ba594060065cbf168b4c3ac5fde7f34f,moved_toward_benign,0.042968544321470764,moved_toward_benign,True,extra_trees,moved_toward_benign,moved_toward_benign,True,moved_toward_benign,review_pending,human_review_not_completed,not_reviewed,"[""vcv_missing"",""possible_related_component_group""]",0.0,False,extra_trees was selected only from this outer fold's training data; this component was excluded.
1524701,APOC2,42fb7f90f1ad636ed9e6030c0dda71a4ad6d5b079eefb57d48e2df5a73679c32,moved_toward_benign,0.15107720061879612,moved_toward_benign,True,extra_trees,moved_toward_benign,moved_toward_benign,True,moved_toward_benign,review_pending,human_review_not_completed,not_reviewed,"[""vcv_missing""]",0.0,False,extra_trees was selected only from this outer fold's training data; this component was excluded.
1372461,ASXL1,3e68404a1b5b0ab7d529b65d9b2035ef9a4db19c5a62e028393c8a4f8dab504c,moved_toward_benign,0.10795822839266637,moved_toward_benign,True,random_forest,moved_toward_benign,moved_toward_benign,True,moved_toward_benign,review_pending,human_review_not_completed,not_reviewed,"[""vcv_missing"",""possible_related_component_group""]",0.0,False,random_forest was selected only from this outer fold's training data; this component was excluded.
1475889,HPGD,e9e330aa1ab11d2d5b1c62e8d1f7b8793f48c1480fbfd67f79bb442b8e7aa747,moved_toward_benign,0.15676135596431334,moved_toward_benign,True,extra_trees,moved_toward_benign,moved_toward_benign,True,moved_toward_benign,review_pending,human_review_not_completed,not_reviewed,"[""vcv_missing""]",0.0,False,extra_trees was selected only from this outer fold's training data; this component was excluded.
1450300,RAB3GAP1,8d1609064c8af0bce88fd64b94b64422fd11c64df0320b90056350ba8f6efa4a,moved_toward_benign,0.10795822839266637,moved_toward_benign,True,random_forest,moved_toward_benign,moved_toward_benign,True,moved_toward_benign,review_pending,human_review_not_completed,not_reviewed,"[""vcv_missing""]",0.0,False,random_forest was selected only from this outer fold's training data; this component was excluded.
1480343,TOP3A,7c3728d305f0389929da351f055a0dec933139a87a5346b535b7b338cb314038,moved_toward_benign,0.14834220742079904,moved_toward_benign,True,extra_trees,moved_toward_benign,moved_toward_benign,True,moved_toward_benign,review_pending,human_review_not_completed,not_reviewed,"[""vcv_missing""]",0.0,False,extra_trees was selected only from this outer fold's training data; this component was excluded.
1412623,DGKZ,15a2749a64d99f5748963f78fd9ecc164669fd0827a61dc31ab1d0a34d627267,moved_toward_benign,0.14978776048575418,moved_toward_benign,True,extra_trees,moved_toward_benign,moved_toward_benign,True,moved_toward_benign,review_pending,human_review_not_completed,not_reviewed,"[""vcv_missing""]",0.0,False,extra_trees was selected only from this outer fold's training data; this component was excluded.
1449862,SLCO2A1,9c6d70211eebad466d288d8152f31c6a3f9336843b8eea4318eca7b8ebf54a8f,moved_toward_benign,0.14978776048575418,moved_toward_benign,True,extra_trees,moved_toward_benign,moved_toward_benign,True,moved_toward_benign,review_pending,human_review_not_completed,not_reviewed,"[""vcv_missing"",""possible_related_component_group""]",0.0,False,extra_trees was selected only from this outer fold's training data; this component was excluded.
1480828,CD40,1d17b9df88f33ff16b3a2ee62b7a44ea6d4fc164d803a3382532258a57a3452b,moved_toward_benign,0.04411178197504142,moved_toward_benign,True,extra_trees,moved_toward_benign,moved_toward_benign,True,moved_toward_benign,review_pending,human_review_not_completed,not_reviewed,"[""vcv_missing"",""possible_related_component_group""]",0.0,False,extra_trees was selected only from this outer fold's training data; this component was excluded.
1373750,SLC26A3,889f8d1ee091d130a3a72c8694e925a1932e2500ba64b25374a863da688f8d28,moved_toward_benign,0.15189911955560662,moved_toward_benign,True,extra_trees,moved_toward_benign,moved_toward_benign,True,moved_toward_benign,review_pending,human_review_not_completed,not_reviewed,"[""vcv_missing""]",0.0,False,extra_trees was selected only from this outer fold's training data; this component was excluded.
1434811,WDR35,8e33340e58ab2fc991ec45c064d9518de1daecc0598a443910f24a3dbbdffcae,moved_toward_benign,0.044364534142981436,moved_toward_benign,True,extra_trees,moved_toward_benign,moved_toward_benign,True,moved_toward_benign,review_pending,human_review_not_completed,not_reviewed,"[""vcv_missing"",""possible_related_component_group""]",0.0,False,extra_trees was selected only from this outer fold's training data; this component was excluded.
2048078,COASY,34175a31520616e87ec774285d9e8da30215bec771c3428b7eb9296ef9540b0f,moved_toward_benign,0.15485266555909066,moved_toward_benign,True,extra_trees,moved_toward_benign,moved_toward_benign,True,moved_toward_benign,review_pending,human_review_not_completed,not_reviewed,"[""vcv_missing"",""possible_related_component_group""]",0.0,False,extra_trees was selected only from this outer fold's training data; this component was excluded.
1493671,BMP1,e99e8b429123d31069974850ebc54fb0b8cdc33043c78293bd45ddf70cc7d7b9,moved_toward_benign,0.15121762877857642,moved_toward_benign,True,extra_trees,moved_toward_benign,moved_toward_benign,True,moved_toward_benign,review_pending,human_review_not_completed,not_reviewed,"[""vcv_missing"",""possible_related_component_group""]",0.0,False,extra_trees was selected only from this outer fold's training data; this component was excluded.
1513615,GPIHBP1,fd5a4caec7e8e2a1cbf5f357ade1d996fba3d376dd2e5ca16a9e63c78aa59306,moved_toward_benign,0.14978776048575418,moved_toward_benign,True,extra_trees,moved_toward_benign,moved_toward_benign,True,moved_toward_benign,review_pending,human_review_not_completed,not_reviewed,"[""vcv_missing"",""possible_related_component_group""]",0.0,False,extra_trees was selected only from this outer fold's training data; this component was excluded.
1406923,CTSB,ea8d6fe93610ae8edc45db4615a7a1321be7566b8350b1426dabb0c9b40b3cb1,moved_toward_benign,0.15137463219104108,moved_toward_benign,True,extra_trees,moved_toward_benign,moved_toward_benign,True,moved_toward_benign,review_pending,human_review_not_completed,not_reviewed,"[""vcv_missing""]",0.0,False,extra_trees was selected only from this outer fold's training data; this component was excluded.
1478553,CLTC,0d8d6033ef9c2272edb96c2bbb21dbbbc9968f4d01b835a8b01dd982181e5e73,moved_toward_benign,0.142321464447474,moved_toward_benign,True,extra_trees,moved_toward_benign,moved_toward_benign,True,moved_toward_benign,review_pending,human_review_not_completed,not_reviewed,"[""vcv_missing"",""possible_related_component_group""]",0.0,False,extra_trees was selected only from this outer fold's training data; this component was excluded.
2435371,RARS1,d5746fc4b42d4bfb3ebf116697343876e779fa6d9b5e794464bb32a80586bbd5,moved_toward_benign,0.15932476829244596,moved_toward_benign,True,extra_trees,moved_toward_benign,moved_toward_benign,True,moved_toward_benign,review_pending,human_review_not_completed,not_reviewed,"[""vcv_missing""]",0.0,False,extra_trees was selected only from this outer fold's training data; this component was excluded.
1789337,TXNRD2,8e7b149c58511c2b91695e7010a1427e645da2d783be63bc2cf5b12d9066dbb1,moved_toward_benign,0.19220634218020421,moved_toward_benign,True,random_forest,moved_toward_benign,moved_toward_benign,True,moved_toward_benign,review_pending,human_review_not_completed,not_reviewed,"[""vcv_missing""]",0.0,False,random_forest was selected only from this outer fold's training data; this component was excluded.
1382246,EFL1,c3807d3e800fe2ec9070725f2b0df384ff01e021400c93b6700922b1e7d5f4c4,moved_toward_benign,0.14569899154305113,moved_toward_benign,True,random_forest,moved_toward_benign,moved_toward_benign,True,moved_toward_benign,review_pending,human_review_not_completed,not_reviewed,"[""vcv_missing"",""possible_related_component_group""]",0.0,False,random_forest was selected only from this outer fold's training data; this component was excluded.
2422584,CFI,d888abb1ec2b353fcf3e67d18c8331a2d0c762f3027b7e9a3be330a0f7cc1c4a,moved_toward_pathogenic,0.9742314707179187,moved_toward_pathogenic,True,random_forest,moved_toward_pathogenic,moved_toward_pathogenic,True,moved_toward_pathogenic,review_pending,human_review_not_completed,not_reviewed,"[""vcv_missing"",""consequence_missing_or_unrecognized"",""possible_related_component_group""]",1.0,False,random_forest was selected only from this outer fold's training data; this component was excluded.
2443127,ETV6,eb09422ab73c4c841d7e5340d95e47aaa383eff8b96ee08bbe5b9943a1f274c5,moved_toward_benign,0.5165742454028828,moved_toward_pathogenic,False,extra_trees,moved_toward_pathogenic,moved_toward_benign,True,moved_toward_benign,review_pending,human_review_not_completed,not_reviewed,"[""vcv_missing"",""possible_related_component_group""]",1.0,False,extra_trees was selected only from this outer fold's training data; this component was excluded.
1940577,CD40,1d17b9df88f33ff16b3a2ee62b7a44ea6d4fc164d803a3382532258a57a3452b,moved_toward_benign,0.07262595565214261,moved_toward_benign,True,extra_trees,moved_toward_benign,moved_toward_benign,True,moved_toward_benign,review_pending,human_review_not_completed,not_reviewed,"[""vcv_missing"",""possible_related_component_group""]",0.0,False,extra_trees was selected only from this outer fold's training data; this component was excluded.
2424324,DLAT,1b5bf5b8671bb43d21a6bf28101358289ff31b7025f881364db9bcd457b56011,moved_toward_pathogenic,0.954428048086847,moved_toward_pathogenic,True,extra_trees,moved_toward_pathogenic,moved_toward_pathogenic,True,moved_toward_pathogenic,review_pending,human_review_not_completed,not_reviewed,"[""vcv_missing"",""consequence_missing_or_unrecognized""]",1.0,False,extra_trees was selected only from this outer fold's training data; this component was excluded.
1426789,SLCO2A1,9c6d70211eebad466d288d8152f31c6a3f9336843b8eea4318eca7b8ebf54a8f,moved_toward_benign,0.3349546197067991,moved_toward_benign,True,extra_trees,moved_toward_benign,moved_toward_benign,True,moved_toward_benign,review_pending,human_review_not_completed,not_reviewed,"[""vcv_missing"",""possible_related_component_group""]",2.0,False,extra_trees was selected only from this outer fold's training data; this component was excluded.
1998939,ITSN2,ba5fa41d88cec1030ac4943c0091fbddacbf621c17a0a41f5b552d2eac79405f,moved_toward_benign,0.07382883790200374,moved_toward_benign,True,extra_trees,moved_toward_benign,moved_toward_benign,True,moved_toward_benign,review_pending,human_review_not_completed,not_reviewed,"[""vcv_missing""]",0.0,False,extra_trees was selected only from this outer fold's training data; this component was excluded.
2047237,TMPRSS15,6303aeafae0e4835316db6fe34d3d5f37c9b80db1c77908402b142ea91f02986,moved_toward_benign,0.09515969914146247,moved_toward_benign,True,extra_trees,moved_toward_benign,moved_toward_benign,True,moved_toward_benign,review_pending,human_review_not_completed,not_reviewed,"[""vcv_missing"",""possible_related_component_group""]",0.0,False,extra_trees was selected only from this outer fold's training data; this component was excluded.
2145559,MAST1,1b144921be2dc6ca7aa1b05c979ac9cdce4f4c6bfa8b85a497aef0d24e702d90,moved_toward_benign,0.33340358708912077,moved_toward_benign,True,extra_trees,moved_toward_benign,moved_toward_benign,True,moved_toward_benign,review_pending,human_review_not_completed,not_reviewed,"[""vcv_missing"",""possible_related_component_group""]",2.0,False,extra_trees was selected only from this outer fold's training data; this component was excluded.
2634069,PLXNA3,022eeb7dd92f4419e2c5d21197d753ec82a0c4ace209e819babb4e501326c756,moved_toward_benign,0.29613134784367473,moved_toward_benign,True,extra_trees,moved_toward_benign,moved_toward_benign,True,moved_toward_benign,review_pending,human_review_not_completed,not_reviewed,"[""vcv_missing"",""possible_related_component_group""]",2.0,False,extra_trees was selected only from this outer fold's training data; this component was excluded.
2022114,GNAI3,d15d747a33e08151ed8c626a354d63ac4c598ba1e5c3526e74f7d0211f6ca7d2,moved_toward_benign,0.3508502202489127,moved_toward_benign,True,extra_trees,moved_toward_benign,moved_toward_benign,True,moved_toward_benign,review_pending,human_review_not_completed,not_reviewed,"[""vcv_missing""]",2.0,False,extra_trees was selected only from this outer fold's training data; this component was excluded.
1400493,ASXL2,f656d0513b52b92852888dc0743e1014304149a3523c74e4fd9b8ec8b2095208,moved_toward_benign,0.12415478642857866,moved_toward_benign,True,extra_trees,moved_toward_benign,moved_toward_benign,True,moved_toward_benign,review_pending,human_review_not_completed,not_reviewed,"[""vcv_missing"",""possible_related_component_group""]",2.0,False,extra_trees was selected only from this outer fold's training data; this component was excluded.
2068832,AK7,f1d53c56624fdb6cb75540590c7ad2b65a447f9c3c121d426de430594911dbf2,moved_toward_benign,0.09941684458062347,moved_toward_benign,True,random_forest,moved_toward_benign,moved_toward_benign,True,moved_toward_benign,review_pending,human_review_not_completed,not_reviewed,"[""vcv_missing""]",0.0,False,random_forest was selected only from this outer fold's training data; this component was excluded.
1968186,IER3IP1,4d86747376b5493ced2c23d1d700c52fa750b64c99b85cdc4a2cb24795cbe117,moved_toward_benign,0.2388823542230816,moved_toward_benign,True,extra_trees,moved_toward_benign,moved_toward_benign,True,moved_toward_benign,review_pending,human_review_not_completed,not_reviewed,"[""vcv_missing""]",0.0,False,extra_trees was selected only from this outer fold's training data; this component was excluded.
2076088,MAST1,1b144921be2dc6ca7aa1b05c979ac9cdce4f4c6bfa8b85a497aef0d24e702d90,moved_toward_benign,0.35251734559072184,moved_toward_benign,True,extra_trees,moved_toward_benign,moved_toward_benign,True,moved_toward_benign,review_pending,human_review_not_completed,not_reviewed,"[""vcv_missing"",""possible_related_component_group""]",2.0,False,extra_trees was selected only from this outer fold's training data; this component was excluded.
1525760,CYP27A1,7b30044692fe3914571b2a0c2c8a7fadc3efd901b8614709691433cc9d06803e,moved_toward_benign,0.08611937635663418,moved_toward_benign,True,extra_trees,moved_toward_benign,moved_toward_benign,True,moved_toward_benign,review_pending,human_review_not_completed,not_reviewed,"[""vcv_missing"",""possible_related_component_group""]",0.0,False,extra_trees was selected only from this outer fold's training data; this component was excluded.
1481328,ANKZF1,4c6501cc2ffd5fc36ffdef96ae7ff0b06edd76fc895ba57733ffa28c3d0345be,moved_toward_benign,0.24878900418094113,moved_toward_benign,True,extra_trees,moved_toward_benign,moved_toward_benign,True,moved_toward_benign,review_pending,human_review_not_completed,not_reviewed,"[""vcv_missing"",""possible_related_component_group""]",0.0,False,extra_trees was selected only from this outer fold's training data; this component was excluded.
1693511,NFIL3,29ce51a1d45af69928eaef01af324351ecefbfacce4fcf3dd6332c37f7f529fe,moved_toward_benign,0.46373692539753214,moved_toward_pathogenic,False,extra_trees,moved_toward_benign,moved_toward_benign,True,moved_toward_benign,review_pending,human_review_not_completed,not_reviewed,"[""vcv_missing"",""possible_related_component_group""]",1.0,False,extra_trees was selected only from this outer fold's training data; this component was excluded.
1903975,TBCK,e3853b5796e166bff6ed0e64ff44dfe6b4a803cbe64a8f97e5efb516044fd8ba,moved_toward_benign,0.2517546803415602,moved_toward_benign,True,extra_trees,moved_toward_benign,moved_toward_benign,True,moved_toward_benign,review_pending,human_review_not_completed,not_reviewed,"[""vcv_missing"",""possible_related_component_group""]",0.0,False,extra_trees was selected only from this outer fold's training data; this component was excluded.
1491421,ANKZF1,4c6501cc2ffd5fc36ffdef96ae7ff0b06edd76fc895ba57733ffa28c3d0345be,moved_toward_benign,0.26484146161417826,moved_toward_benign,True,extra_trees,moved_toward_benign,moved_toward_benign,True,moved_toward_benign,review_pending,human_review_not_completed,not_reviewed,"[""vcv_missing"",""possible_related_component_group""]",0.0,False,extra_trees was selected only from this outer fold's training data; this component was excluded.
2033009,SLC25A24,4892d9943cfc7ea489fdff9ea173ca344dcc8dedaef0f4d8260361dc3daf589c,moved_toward_benign,0.400097448299271,moved_toward_benign,True,random_forest,moved_toward_benign,moved_toward_benign,True,moved_toward_benign,review_pending,human_review_not_completed,not_reviewed,"[""vcv_missing""]",2.0,False,random_forest was selected only from this outer fold's training data; this component was excluded.
1419535,COG6,4c409fc27b86b12ef64e876ea8934dfeadc9eb1b5c0547d3648678b40df01beb,moved_toward_benign,0.12001338682101215,moved_toward_benign,True,extra_trees,moved_toward_benign,moved_toward_benign,True,moved_toward_benign,review_pending,human_review_not_completed,not_reviewed,"[""vcv_missing""]",2.0,False,extra_trees was selected only from this outer fold's training data; this component was excluded.
1928009,COQ6,4a3a9b9a55a6eaa19e1d7267cb46e1a3bccda67ed55bc3561517b05194c149f6,moved_toward_benign,0.2610518855612239,moved_toward_benign,True,extra_trees,moved_toward_benign,moved_toward_benign,True,moved_toward_benign,review_pending,human_review_not_completed,not_reviewed,"[""vcv_missing""]",0.0,False,extra_trees was selected only from this outer fold's training data; this component was excluded.
1687542,GPIHBP1,fd5a4caec7e8e2a1cbf5f357ade1d996fba3d376dd2e5ca16a9e63c78aa59306,moved_toward_pathogenic,0.8435500080406052,moved_toward_pathogenic,True,extra_trees,moved_toward_pathogenic,moved_toward_pathogenic,True,moved_toward_pathogenic,review_pending,human_review_not_completed,not_reviewed,"[""vcv_missing"",""possible_related_component_group""]",2.0,False,extra_trees was selected only from this outer fold's training data; this component was excluded.
1977404,HNRNPK,7ce5045ef9451a83267f021d44082b3e489296dcfeb46db47bea77735d4369b9,moved_toward_benign,0.23310494705422324,moved_toward_benign,True,random_forest,moved_toward_benign,moved_toward_benign,True,moved_toward_benign,review_pending,human_review_not_completed,not_reviewed,"[""vcv_missing""]",0.0,False,random_forest was selected only from this outer fold's training data; this component was excluded.
2423204,KRT14,56c4b38a2006932edc42b20bd15d515de670a7ba299077266bc2cfd77b35e606,moved_toward_pathogenic,0.9781944031304518,moved_toward_pathogenic,True,random_forest,moved_toward_pathogenic,moved_toward_pathogenic,True,moved_toward_pathogenic,review_pending,human_review_not_completed,not_reviewed,"[""vcv_missing"",""consequence_missing_or_unrecognized""]",1.0,False,random_forest was selected only from this outer fold's training data; this component was excluded.
1497024,VCL,13206c86bda7a59173745eeb804150dedddbc2df3ea0162a92832efad3464583,moved_toward_benign,0.26997420644075043,moved_toward_benign,True,extra_trees,moved_toward_benign,moved_toward_benign,True,moved_toward_benign,review_pending,human_review_not_completed,not_reviewed,"[""vcv_missing"",""possible_related_component_group""]",0.0,False,extra_trees was selected only from this outer fold's training data; this component was excluded.
1486704,SOX11,7c80947d3dfe281be394b8dcd2236d6ccf301b9b2cce7499cee5a10fbc3c7aed,moved_toward_benign,0.20506134448512758,moved_toward_benign,True,extra_trees,moved_toward_benign,moved_toward_benign,True,moved_toward_benign,review_pending,human_review_not_completed,not_reviewed,"[""vcv_missing"",""possible_related_component_group""]",2.0,False,extra_trees was selected only from this outer fold's training data; this component was excluded.
2061004,THAP11,ee0cf2295eb0c91da6187d8836a13bc8b8d04c9aeb7d6456b61cf79a0fc02dcc,moved_toward_benign,0.5679733049454867,moved_toward_pathogenic,False,extra_trees,moved_toward_pathogenic,moved_toward_benign,True,moved_toward_benign,review_pending,human_review_not_completed,not_reviewed,"[""vcv_missing"",""possible_related_component_group""]",1.0,False,extra_trees was selected only from this outer fold's training data; this component was excluded.
1491110,CLTC,0d8d6033ef9c2272edb96c2bbb21dbbbc9968f4d01b835a8b01dd982181e5e73,moved_toward_benign,0.289167417809475,moved_toward_benign,True,extra_trees,moved_toward_benign,moved_toward_benign,True,moved_toward_benign,review_pending,human_review_not_completed,not_reviewed,"[""vcv_missing"",""possible_related_component_group""]",0.0,False,extra_trees was selected only from this outer fold's training data; this component was excluded.
1426880,NKX2-5,4b2df152db7fee6a0df1bce90065c35dcb95596dbc7920751ea1143dde8f0acf,moved_toward_benign,0.42831524920743297,moved_toward_benign,True,extra_trees,moved_toward_benign,moved_toward_benign,True,moved_toward_benign,review_pending,human_review_not_completed,not_reviewed,"[""vcv_missing"",""possible_related_component_group""]",2.0,False,extra_trees was selected only from this outer fold's training data; this component was excluded.
1904509,CSF2RA,c5016b41462e4573f8e22c18c86ba43795aaa77ae679f7bd0addead25dd4c09b,moved_toward_benign,0.1529863931576536,moved_toward_benign,True,extra_trees,moved_toward_benign,moved_toward_benign,True,moved_toward_benign,review_pending,human_review_not_completed,not_reviewed,"[""vcv_missing"",""possible_related_component_group""]",0.0,False,extra_trees was selected only from this outer fold's training data; this component was excluded.
2039500,MAST1,1b144921be2dc6ca7aa1b05c979ac9cdce4f4c6bfa8b85a497aef0d24e702d90,moved_toward_benign,0.4941596219121602,moved_toward_pathogenic,False,extra_trees,moved_toward_benign,moved_toward_benign,True,moved_toward_benign,review_pending,human_review_not_completed,not_reviewed,"[""vcv_missing"",""possible_related_component_group""]",2.0,False,extra_trees was selected only from this outer fold's training data; this component was excluded.
2179867,CSF2RA,c5016b41462e4573f8e22c18c86ba43795aaa77ae679f7bd0addead25dd4c09b,moved_toward_benign,0.1537611002591085,moved_toward_benign,True,extra_trees,moved_toward_benign,moved_toward_benign,True,moved_toward_benign,review_pending,human_review_not_completed,not_reviewed,"[""vcv_missing"",""possible_related_component_group""]",0.0,False,extra_trees was selected only from this outer fold's training data; this component was excluded.
2058943,CDK5RAP2,88c476421bce35e4d4d9a41c8c5c15019906ed3666feffd839224fee9bb7df5f,moved_toward_benign,0.27803497951121253,moved_toward_benign,True,extra_trees,moved_toward_benign,moved_toward_benign,True,moved_toward_benign,review_pending,human_review_not_completed,not_reviewed,"[""vcv_missing"",""possible_related_component_group""]",0.0,False,extra_trees was selected only from this outer fold's training data; this component was excluded.
1410991,STAT4,7da5985efa2855e34744f4a34dc01b46b0d5723b7888b3095d21c46d8f6c2dc7,moved_toward_benign,0.1749331395792035,moved_toward_benign,True,extra_trees,moved_toward_pathogenic,moved_toward_benign,True,moved_toward_benign,review_pending,human_review_not_completed,not_reviewed,"[""vcv_missing"",""possible_related_component_group""]",2.0,False,extra_trees was selected only from this outer fold's training data; this component was excluded.
2062828,TELO2,cf880572f529ceb84fb79fb7f4ea8050f0f44f29354eb1d444ecba6572f8359a,moved_toward_benign,0.20932340131390245,moved_toward_benign,True,extra_trees,moved_toward_pathogenic,moved_toward_benign,True,moved_toward_benign,review_pending,human_review_not_completed,not_reviewed,"[""vcv_missing"",""possible_related_component_group""]",2.0,False,extra_trees was selected only from this outer fold's training data; this component was excluded.
2650673,ODC1,dd3efa6b3d49c2a3d005a9ffe79821a4c266a0f3e2aac80b8a3eacbd6b3443df,moved_toward_benign,0.42796174860939656,moved_toward_benign,True,random_forest,moved_toward_pathogenic,moved_toward_benign,True,moved_toward_benign,review_pending,human_review_not_completed,not_reviewed,"[""vcv_missing""]",2.0,False,random_forest was selected only from this outer fold's training data; this component was excluded.
1943761,ARCN1,9ddd37faa3f947ceeb457a6dca33ac826aa0435530026c492272de9a526d6938,moved_toward_benign,0.5152355385508001,moved_toward_pathogenic,False,extra_trees,moved_toward_benign,moved_toward_benign,True,moved_toward_benign,review_pending,human_review_not_completed,not_reviewed,"[""vcv_missing"",""possible_related_component_group""]",2.0,False,extra_trees was selected only from this outer fold's training data; this component was excluded.
2159371,ERCC6,76cebef133ef4432e656899ee466e0b05f2f6ee431f6a625b4cfd734cf8aec3c,moved_toward_benign,0.4481452554901663,moved_toward_benign,True,random_forest,moved_toward_pathogenic,moved_toward_benign,True,moved_toward_benign,review_pending,human_review_not_completed,not_reviewed,"[""vcv_missing"",""possible_related_component_group""]",2.0,False,random_forest was selected only from this outer fold's training data; this component was excluded.
1372480,DVL3,8478873613cf6e0fc2e759e161bc7f44ce70e68d23df0caaa589ddb97d33d7f5,moved_toward_benign,0.42900898790420877,moved_toward_benign,True,extra_trees,moved_toward_benign,moved_toward_benign,True,moved_toward_benign,review_pending,human_review_not_completed,not_reviewed,"[""vcv_missing"",""possible_related_component_group""]",2.0,False,extra_trees was selected only from this outer fold's training data; this component was excluded.
1720411,ASXL2,f656d0513b52b92852888dc0743e1014304149a3523c74e4fd9b8ec8b2095208,moved_toward_benign,0.1464755663195785,moved_toward_benign,True,extra_trees,moved_toward_pathogenic,moved_toward_benign,True,moved_toward_benign,review_pending,human_review_not_completed,not_reviewed,"[""vcv_missing"",""possible_related_component_group""]",2.0,False,extra_trees was selected only from this outer fold's training data; this component was excluded.
2146919,ASXL2,f656d0513b52b92852888dc0743e1014304149a3523c74e4fd9b8ec8b2095208,moved_toward_benign,0.15249401868242285,moved_toward_benign,True,extra_trees,moved_toward_pathogenic,moved_toward_benign,True,moved_toward_benign,review_pending,human_review_not_completed,not_reviewed,"[""vcv_missing"",""possible_related_component_group""]",2.0,False,extra_trees was selected only from this outer fold's training data; this component was excluded.
1470537,NFE2L2,cc7e8ae0450f732930a36b5bdd731598bfc44da3d2fb1565d1f55382a2b1ba3b,moved_toward_benign,0.41366232949441184,moved_toward_benign,True,extra_trees,moved_toward_benign,moved_toward_benign,True,moved_toward_benign,review_pending,human_review_not_completed,not_reviewed,"[""vcv_missing"",""possible_related_component_group""]",2.0,False,extra_trees was selected only from this outer fold's training data; this component was excluded.
2196524,RAB11A,67f3ad07133767ecb4c79b47ff71d612e6880923a9e096312aab898ff9eca152,moved_toward_benign,0.42338471883824297,moved_toward_benign,True,extra_trees,moved_toward_benign,moved_toward_benign,True,moved_toward_benign,review_pending,human_review_not_completed,not_reviewed,"[""vcv_missing"",""possible_related_component_group""]",2.0,False,extra_trees was selected only from this outer fold's training data; this component was excluded.
2052081,DLD,9920629c0b807ee771df3c370f8849e3d4674032c1d31e06faebbd3ccb904aa3,moved_toward_benign,0.39262449637849145,moved_toward_benign,True,random_forest,moved_toward_pathogenic,moved_toward_benign,True,moved_toward_benign,review_pending,human_review_not_completed,not_reviewed,"[""vcv_missing""]",2.0,False,random_forest was selected only from this outer fold's training data; this component was excluded.
2058035,FGD1,5bc0ad3e7b4bcee69f80c5ba7fcc5bbaebf429f6633049ae02ff13741cf9eb1e,moved_toward_benign,0.3061710891237215,moved_toward_benign,True,extra_trees,moved_toward_pathogenic,moved_toward_benign,True,moved_toward_benign,review_pending,human_review_not_completed,not_reviewed,"[""vcv_missing"",""possible_related_component_group""]",2.0,False,extra_trees was selected only from this outer fold's training data; this component was excluded.
2415982,TBXAS1,cee0ab46783f17c6139c58ccc6130702b4a9baa4f2b86c9577b88f09f5a53a37,moved_toward_pathogenic,0.7517740940326683,moved_toward_pathogenic,True,extra_trees,moved_toward_pathogenic,moved_toward_pathogenic,True,moved_toward_pathogenic,review_pending,human_review_not_completed,not_reviewed,"[""vcv_missing"",""consequence_missing_or_unrecognized"",""possible_related_component_group""]",1.0,False,extra_trees was selected only from this outer fold's training data; this component was excluded.
1715192,TUBB3,44dac912eafb122038fe118edfa8eb8c8a8b8de3c8f1bd254b6b4e7473cb6406,moved_toward_benign,0.5562299430474366,moved_toward_pathogenic,False,extra_trees,moved_toward_pathogenic,moved_toward_benign,True,moved_toward_benign,review_pending,human_review_not_completed,not_reviewed,"[""vcv_missing"",""possible_related_component_group""]",2.0,False,extra_trees was selected only from this outer fold's training data; this component was excluded.
1932138,GREB1L,9662ff83fcd57cd49a3fcb0d1ac501b597ea30086cc8b15dc46d61ca5f874bf2,moved_toward_benign,0.49167200967139907,moved_toward_pathogenic,False,extra_trees,moved_toward_pathogenic,moved_toward_benign,True,moved_toward_benign,review_pending,human_review_not_completed,not_reviewed,"[""vcv_missing"",""possible_related_component_group""]",2.0,False,extra_trees was selected only from this outer fold's training data; this component was excluded.
1806181,KCNQ4,8a001a49db5abc660041174e293178171d03e74b15248c2b98b9a055e1a40284,moved_toward_pathogenic,0.889514687171319,moved_toward_pathogenic,True,extra_trees,moved_toward_pathogenic,moved_toward_pathogenic,True,moved_toward_pathogenic,review_pending,human_review_not_completed,not_reviewed,"[""vcv_missing""]",2.0,False,extra_trees was selected only from this outer fold's training data; this component was excluded.
2137876,ASPA,b42117428b277c30ac5526d948cee8d157ff688f530fff934833221c23703a55,moved_toward_pathogenic,0.785845353549513,moved_toward_pathogenic,True,extra_trees,moved_toward_pathogenic,moved_toward_pathogenic,True,moved_toward_pathogenic,review_pending,human_review_not_completed,not_reviewed,"[""vcv_missing""]",3.0,True,extra_trees was selected only from this outer fold's training data; this component was excluded.
2041965,SLCO2A1,9c6d70211eebad466d288d8152f31c6a3f9336843b8eea4318eca7b8ebf54a8f,moved_toward_benign,0.5359019865114102,moved_toward_pathogenic,False,extra_trees,moved_toward_benign,moved_toward_benign,True,moved_toward_benign,review_pending,human_review_not_completed,not_reviewed,"[""vcv_missing"",""possible_related_component_group""]",2.0,False,extra_trees was selected only from this outer fold's training data; this component was excluded.
2628998,PLXNA3,022eeb7dd92f4419e2c5d21197d753ec82a0c4ace209e819babb4e501326c756,moved_toward_benign,0.5473613749787036,moved_toward_pathogenic,False,extra_trees,moved_toward_pathogenic,moved_toward_benign,True,moved_toward_benign,review_pending,human_review_not_completed,not_reviewed,"[""vcv_missing"",""possible_related_component_group""]",2.0,False,extra_trees was selected only from this outer fold's training data; this component was excluded.
1957761,DVL3,8478873613cf6e0fc2e759e161bc7f44ce70e68d23df0caaa589ddb97d33d7f5,moved_toward_benign,0.534089041230984,moved_toward_pathogenic,False,extra_trees,moved_toward_benign,moved_toward_benign,True,moved_toward_benign,review_pending,human_review_not_completed,not_reviewed,"[""vcv_missing"",""possible_related_component_group""]",2.0,False,extra_trees was selected only from this outer fold's training data; this component was excluded.
2188941,GREB1L,9662ff83fcd57cd49a3fcb0d1ac501b597ea30086cc8b15dc46d61ca5f874bf2,moved_toward_benign,0.534089041230984,moved_toward_pathogenic,False,extra_trees,moved_toward_benign,moved_toward_benign,True,moved_toward_benign,review_pending,human_review_not_completed,not_reviewed,"[""vcv_missing"",""possible_related_component_group""]",2.0,False,extra_trees was selected only from this outer fold's training data; this component was excluded.
2150417,ASXL2,f656d0513b52b92852888dc0743e1014304149a3523c74e4fd9b8ec8b2095208,moved_toward_benign,0.17535188692542036,moved_toward_benign,True,extra_trees,moved_toward_benign,moved_toward_benign,True,moved_toward_benign,review_pending,human_review_not_completed,not_reviewed,"[""vcv_missing"",""possible_related_component_group""]",2.0,False,extra_trees was selected only from this outer fold's training data; this component was excluded.
2128382,PNPO,1e8fd952eab2338d5155121c3600224931ba2c0d71942dc5970c7f3c60b62a19,moved_toward_pathogenic,0.7695756710690764,moved_toward_pathogenic,True,random_forest,moved_toward_pathogenic,moved_toward_pathogenic,True,moved_toward_pathogenic,review_pending,human_review_not_completed,not_reviewed,"[""vcv_missing"",""possible_related_component_group""]",1.0,False,random_forest was selected only from this outer fold's training data; this component was excluded.
2175587,ITGB4,cda69805551b651bb26cdc5260226e2f24cb2f5adc97788fef835cebe12f1ef5,moved_toward_benign,0.3567050561666691,moved_toward_benign,True,random_forest,moved_toward_benign,moved_toward_benign,True,moved_toward_benign,review_pending,human_review_not_completed,not_reviewed,"[""vcv_missing"",""possible_related_component_group""]",2.0,False,random_forest was selected only from this outer fold's training data; this component was excluded.
1974976,PINK1,56c1fb46edde606cbd04486d6242625e4c26a4a29d89795ff84baef986e2bd02,moved_toward_benign,0.5519592375660334,moved_toward_pathogenic,False,extra_trees,moved_toward_pathogenic,moved_toward_benign,True,moved_toward_benign,review_pending,human_review_not_completed,not_reviewed,"[""vcv_missing"",""possible_related_component_group""]",2.0,False,extra_trees was selected only from this outer fold's training data; this component was excluded.
1435182,ERCC6,76cebef133ef4432e656899ee466e0b05f2f6ee431f6a625b4cfd734cf8aec3c,moved_toward_benign,0.4275429824153534,moved_toward_benign,True,random_forest,moved_toward_benign,moved_toward_benign,True,moved_toward_benign,review_pending,human_review_not_completed,not_reviewed,"[""vcv_missing"",""possible_related_component_group""]",2.0,False,random_forest was selected only from this outer fold's training data; this component was excluded.
1896623,FANCF,b6df5085bd677048ad4272b01098b9359329d17e6ef95d31de7e171022d202f1,moved_toward_benign,0.4734965948084073,moved_toward_pathogenic,False,extra_trees,moved_toward_pathogenic,moved_toward_benign,True,moved_toward_benign,review_pending,human_review_not_completed,not_reviewed,"[""vcv_missing""]",2.0,False,extra_trees was selected only from this outer fold's training data; this component was excluded.
1719093,TUBB3,44dac912eafb122038fe118edfa8eb8c8a8b8de3c8f1bd254b6b4e7473cb6406,moved_toward_benign,0.47806997270842216,moved_toward_pathogenic,False,extra_trees,moved_toward_pathogenic,moved_toward_benign,True,moved_toward_benign,review_pending,human_review_not_completed,not_reviewed,"[""vcv_missing"",""possible_related_component_group""]",2.0,False,extra_trees was selected only from this outer fold's training data; this component was excluded.
1350810,SLCO2A1,9c6d70211eebad466d288d8152f31c6a3f9336843b8eea4318eca7b8ebf54a8f,moved_toward_pathogenic,0.8060441496190623,moved_toward_pathogenic,True,extra_trees,moved_toward_pathogenic,moved_toward_pathogenic,True,moved_toward_pathogenic,review_pending,human_review_not_completed,not_reviewed,"[""vcv_missing"",""possible_related_component_group""]",2.0,False,extra_trees was selected only from this outer fold's training data; this component was excluded.
1926525,DNAH9,c089a159273d9c4bfb1b813e809f14b2663464947ed86f29166d4aa021509a88,moved_toward_pathogenic,0.8242236294313271,moved_toward_pathogenic,True,random_forest,moved_toward_pathogenic,moved_toward_pathogenic,True,moved_toward_pathogenic,review_pending,human_review_not_completed,not_reviewed,"[""vcv_missing"",""possible_related_component_group""]",2.0,False,random_forest was selected only from this outer fold's training data; this component was excluded.
1400896,SLC2A2,85cbc08f7c168909eb35139cf5a9f650325a448ec4c819434a31b82f09cfeecb,moved_toward_pathogenic,0.5619608155901031,moved_toward_pathogenic,True,extra_trees,moved_toward_pathogenic,moved_toward_pathogenic,True,moved_toward_pathogenic,review_pending,human_review_not_completed,not_reviewed,"[""vcv_missing""]",2.0,False,extra_trees was selected only from this outer fold's training data; this component was excluded.
1499473,DBT,c9787fcc9acdd0baa3f721f5b1368b0220e5d85fad59832a08bffdfe2b00c8b0,moved_toward_pathogenic,0.9207185135476504,moved_toward_pathogenic,True,random_forest,moved_toward_pathogenic,moved_toward_pathogenic,True,moved_toward_pathogenic,review_pending,human_review_not_completed,not_reviewed,"[""vcv_missing""]",2.0,False,random_forest was selected only from this outer fold's training data; this component was excluded.
2506170,GPR143,8cc5d8538080e9e70e0fbaf5762a6c4e45d2af728c19a346a2ae862227b7ad91,moved_toward_pathogenic,0.827639833744888,moved_toward_pathogenic,True,extra_trees,moved_toward_pathogenic,moved_toward_pathogenic,True,moved_toward_pathogenic,review_pending,human_review_not_completed,not_reviewed,"[""vcv_missing"",""possible_related_component_group""]",2.0,False,extra_trees was selected only from this outer fold's training data; this component was excluded.
2505705,BRSK2,292bae56eefe90bfc37ee74e6684700ab2b47c70359e8c602da8ae675aeab08a,moved_toward_pathogenic,0.7890885041731356,moved_toward_pathogenic,True,random_forest,moved_toward_pathogenic,moved_toward_pathogenic,True,moved_toward_pathogenic,review_pending,human_review_not_completed,not_reviewed,"[""vcv_missing""]",2.0,False,random_forest was selected only from this outer fold's training data; this component was excluded.
1526709,subset of 79 genes: APP:ITSN1:SON,e07dcab015d4a49af271f07c556fb231d6093998272988eba9cc0d24b6376b73,moved_toward_pathogenic,0.7858245086747767,moved_toward_pathogenic,True,extra_trees,moved_toward_pathogenic,moved_toward_pathogenic,True,moved_toward_pathogenic,review_pending,human_review_not_completed,not_reviewed,"[""vcv_missing"",""consequence_missing_or_unrecognized""]",1.0,False,extra_trees was selected only from this outer fold's training data; this component was excluded.
1806500,BRWD3,aa9f18e01b3b6c441d953847b2dccc44a5196b57693011805f263d0c407accb0,moved_toward_pathogenic,0.748886904714156,moved_toward_pathogenic,True,extra_trees,moved_toward_pathogenic,moved_toward_pathogenic,True,moved_toward_pathogenic,review_pending,human_review_not_completed,not_reviewed,"[""vcv_missing""]",2.0,False,extra_trees was selected only from this outer fold's training data; this component was excluded.
2631113,CA5A,5bfb93235f0b9a9e96d09c34fc779da17e24d37a36fddf5b7298fdf220578e43,moved_toward_pathogenic,0.8935241920268605,moved_toward_pathogenic,True,extra_trees,moved_toward_pathogenic,moved_toward_pathogenic,True,moved_toward_pathogenic,review_pending,human_review_not_completed,not_reviewed,"[""vcv_missing""]",2.0,False,extra_trees was selected only from this outer fold's training data; this component was excluded.
1431339,ASNS,460ee380a73f20441faf7b93c4629ae9fcf428a87a06a0d77917cddff4b0efd1,moved_toward_pathogenic,0.7549198151827613,moved_toward_pathogenic,True,extra_trees,moved_toward_pathogenic,moved_toward_pathogenic,True,moved_toward_pathogenic,review_pending,human_review_not_completed,not_reviewed,"[""vcv_missing""]",2.0,False,extra_trees was selected only from this outer fold's training data; this component was excluded.
2136157,WNT10B,0e30b9464b075b65aebb93a3f75a7d5f9c597346d0552f9499b48f93281598cc,moved_toward_pathogenic,0.5734859991403828,moved_toward_pathogenic,True,extra_trees,moved_toward_pathogenic,moved_toward_pathogenic,True,moved_toward_pathogenic,review_pending,human_review_not_completed,not_reviewed,"[""vcv_missing""]",2.0,False,extra_trees was selected only from this outer fold's training data; this component was excluded.
2444243,RRM1,9af46d459f9936a92a7c02f5dc47dbd41e160b86293c9243435f8ded47c005cf,moved_toward_pathogenic,0.6711400562420279,moved_toward_pathogenic,True,extra_trees,moved_toward_pathogenic,moved_toward_pathogenic,True,moved_toward_pathogenic,review_pending,human_review_not_completed,not_reviewed,"[""vcv_missing""]",2.0,False,extra_trees was selected only from this outer fold's training data; this component was excluded.
2629824,TUBB3,44dac912eafb122038fe118edfa8eb8c8a8b8de3c8f1bd254b6b4e7473cb6406,moved_toward_pathogenic,0.7285649028935554,moved_toward_pathogenic,True,extra_trees,moved_toward_benign,moved_toward_pathogenic,True,moved_toward_pathogenic,review_pending,human_review_not_completed,not_reviewed,"[""vcv_missing"",""possible_related_component_group""]",2.0,False,extra_trees was selected only from this outer fold's training data; this component was excluded.
1507015,PEPD,3d6d2f041c23b33f8e32fd026da6021f5352134b3b35a8f77a31f55c125e32b5,moved_toward_pathogenic,0.7437680669580302,moved_toward_pathogenic,True,extra_trees,moved_toward_pathogenic,moved_toward_pathogenic,True,moved_toward_pathogenic,review_pending,human_review_not_completed,not_reviewed,"[""vcv_missing"",""possible_related_component_group""]",2.0,False,extra_trees was selected only from this outer fold's training data; this component was excluded.
1526223,ABCA12,e8b4bc344337315924d6ec163f4fdbe04823223ae9cad2742a9f0c05337fa1af,moved_toward_pathogenic,0.7809822180089904,moved_toward_pathogenic,True,extra_trees,moved_toward_pathogenic,moved_toward_pathogenic,True,moved_toward_pathogenic,review_pending,human_review_not_completed,not_reviewed,"[""vcv_missing"",""possible_related_component_group""]",2.0,False,extra_trees was selected only from this outer fold's training data; this component was excluded.
2077519,UCHL1,abd305c041a982d6795846bee42f5238e02351ed3e7f9ff5151d1f470cd4f081,moved_toward_pathogenic,0.6178153277388814,moved_toward_pathogenic,True,extra_trees,moved_toward_pathogenic,moved_toward_pathogenic,True,moved_toward_pathogenic,review_pending,human_review_not_completed,not_reviewed,"[""vcv_missing"",""possible_related_component_group""]",1.0,False,extra_trees was selected only from this outer fold's training data; this component was excluded.
1527743,"covers 13 genes, none of which curated to show dosage sensitivity",1c529e263244f701049412377bbfe10dbad91c0b14969e1bc61f4ffb76e5f64e,moved_toward_pathogenic,0.9173721421362516,moved_toward_pathogenic,True,extra_trees,moved_toward_pathogenic,moved_toward_pathogenic,True,moved_toward_pathogenic,review_pending,human_review_not_completed,not_reviewed,"[""vcv_missing"",""consequence_missing_or_unrecognized"",""possible_related_component_group""]",1.0,False,extra_trees was selected only from this outer fold's training data; this component was excluded.
2217472,KAT8,8bdfec180240926d6b4e36a4af08adb8b8f439fbf0283f3a406fc17e43a8bb08,moved_toward_pathogenic,0.6639228482912114,moved_toward_pathogenic,True,extra_trees,moved_toward_pathogenic,moved_toward_pathogenic,True,moved_toward_pathogenic,review_pending,human_review_not_completed,not_reviewed,"[""vcv_missing""]",2.0,False,extra_trees was selected only from this outer fold's training data; this component was excluded.
1398773,CYP4F22,5c530fb55057bfcabc3fece0f9d3e682bcf46c579053252e38a70ee0e349663f,moved_toward_pathogenic,0.6832460928379228,moved_toward_pathogenic,True,extra_trees,moved_toward_pathogenic,moved_toward_pathogenic,True,moved_toward_pathogenic,review_pending,human_review_not_completed,not_reviewed,"[""vcv_missing"",""possible_related_component_group""]",2.0,False,extra_trees was selected only from this outer fold's training data; this component was excluded.
1527764,DCLK1;MAB21L1;NBEA,f86ce72b2dfdd98b766da160d2a01097c815aed7102ad31fa1ac9763811f01f4,moved_toward_pathogenic,0.9222073417731788,moved_toward_pathogenic,True,extra_trees,moved_toward_pathogenic,moved_toward_pathogenic,True,moved_toward_pathogenic,review_pending,human_review_not_completed,not_reviewed,"[""vcv_missing"",""consequence_missing_or_unrecognized"",""possible_related_component_group""]",1.0,False,extra_trees was selected only from this outer fold's training data; this component was excluded.
2075981,RARS2,7f3a55ac1fa4730dc2637868ac6681007b444325494140d20be4c3da91a8faaa,moved_toward_pathogenic,0.6481906191248039,moved_toward_pathogenic,True,extra_trees,moved_toward_pathogenic,moved_toward_pathogenic,True,moved_toward_pathogenic,review_pending,human_review_not_completed,not_reviewed,"[""vcv_missing""]",2.0,False,extra_trees was selected only from this outer fold's training data; this component was excluded.
2138063,PNPO,1e8fd952eab2338d5155121c3600224931ba2c0d71942dc5970c7f3c60b62a19,moved_toward_pathogenic,0.7437734002982525,moved_toward_pathogenic,True,random_forest,moved_toward_pathogenic,moved_toward_pathogenic,True,moved_toward_pathogenic,review_pending,human_review_not_completed,not_reviewed,"[""vcv_missing"",""possible_related_component_group""]",2.0,False,random_forest was selected only from this outer fold's training data; this component was excluded.
1376825,NMNAT1,8c05499da995e4c6cff5f375e83c351ae98a1cf0a2d8477f19f8e6b6c690d041,moved_toward_pathogenic,0.78263353288798,moved_toward_pathogenic,True,extra_trees,moved_toward_pathogenic,moved_toward_pathogenic,True,moved_toward_pathogenic,review_pending,human_review_not_completed,not_reviewed,"[""vcv_missing""]",2.0,False,extra_trees was selected only from this outer fold's training data; this component was excluded.
1806071,NDUFS8,c3fe5e30d7236485bf03a90f22af77dc711eeb5954c413b7327781c0b0f83a64,moved_toward_pathogenic,0.3715386292147735,moved_toward_pathogenic,True,extra_trees,moved_toward_pathogenic,moved_toward_pathogenic,True,moved_toward_pathogenic,review_pending,human_review_not_completed,not_reviewed,"[""vcv_missing"",""possible_related_component_group""]",2.0,False,extra_trees was selected only from this outer fold's training data; this component was excluded.
1411978,KCNC2,a47f690da42da041cf6f2162c736d42cf74e62fc87dbd420882384fff3782dd9,moved_toward_pathogenic,0.784682546800606,moved_toward_pathogenic,True,extra_trees,moved_toward_pathogenic,moved_toward_pathogenic,True,moved_toward_pathogenic,review_pending,human_review_not_completed,not_reviewed,"[""vcv_missing""]",2.0,False,extra_trees was selected only from this outer fold's training data; this component was excluded.
1527751,CRYL1;GJB6,8e238841695dc95fa80b3320f1d19168c5cc4ba9cd9697673de5064f9ecb5502,moved_toward_pathogenic,0.7740681537306696,moved_toward_pathogenic,True,extra_trees,moved_toward_pathogenic,moved_toward_pathogenic,True,moved_toward_pathogenic,review_pending,human_review_not_completed,not_reviewed,"[""vcv_missing"",""consequence_missing_or_unrecognized""]",1.0,False,extra_trees was selected only from this outer fold's training data; this component was excluded.
2636260,SRRM2,184c6305f9fd2fea2078a382bba022c9f709ece085f74ecfddf57f69a1323aad,moved_toward_pathogenic,0.35327010544324433,moved_toward_pathogenic,True,extra_trees,moved_toward_pathogenic,moved_toward_pathogenic,True,moved_toward_pathogenic,review_pending,human_review_not_completed,not_reviewed,"[""vcv_missing""]",2.0,False,extra_trees was selected only from this outer fold's training data; this component was excluded.
1526581,CLTC;DHX40;PTRH2;VMP1,0d8d6033ef9c2272edb96c2bbb21dbbbc9968f4d01b835a8b01dd982181e5e73,moved_toward_pathogenic,0.7740681537306696,moved_toward_pathogenic,True,extra_trees,moved_toward_pathogenic,moved_toward_pathogenic,True,moved_toward_pathogenic,review_pending,human_review_not_completed,not_reviewed,"[""vcv_missing"",""consequence_missing_or_unrecognized"",""possible_related_component_group""]",1.0,False,extra_trees was selected only from this outer fold's training data; this component was excluded.
2113880,COG7,b977fe258e52daa1253e26206f2518531bf7ed66a21d310147a6192e046ba398,moved_toward_pathogenic,0.853639541301492,moved_toward_pathogenic,True,extra_trees,moved_toward_pathogenic,moved_toward_pathogenic,True,moved_toward_pathogenic,review_pending,human_review_not_completed,not_reviewed,"[""vcv_missing"",""possible_related_component_group""]",1.0,False,extra_trees was selected only from this outer fold's training data; this component was excluded.
2500761,NUP214,9183ae9552ea3ce981b4c8221cf6c83f518e76a7a5e810cbf69f30080b51a879,moved_toward_pathogenic,0.5594440177535323,moved_toward_pathogenic,True,extra_trees,moved_toward_pathogenic,moved_toward_pathogenic,True,moved_toward_pathogenic,review_pending,human_review_not_completed,not_reviewed,"[""vcv_missing""]",2.0,False,extra_trees was selected only from this outer fold's training data; this component was excluded.
2504571,FEM1C,cec2aacc598ebb2bd9d24d6cee41af795c3d9e07c8104ef0aa8e2be7b9777ef4,moved_toward_pathogenic,0.7028687071362762,moved_toward_pathogenic,True,extra_trees,moved_toward_pathogenic,moved_toward_pathogenic,True,moved_toward_pathogenic,review_pending,human_review_not_completed,not_reviewed,"[""vcv_missing""]",1.0,False,extra_trees was selected only from this outer fold's training data; this component was excluded.
1675234,POU3F3,d997f8929fffb5782ad7a8d3b32101039c213c2a7f822d5db48258623af91c4e,moved_toward_pathogenic,0.21603522853680088,moved_toward_benign,False,extra_trees,moved_toward_pathogenic,moved_toward_pathogenic,True,moved_toward_pathogenic,review_pending,human_review_not_completed,not_reviewed,"[""vcv_missing"",""possible_related_component_group""]",2.0,False,extra_trees was selected only from this outer fold's training data; this component was excluded.
2137940,ALDH3A2,1d0e1a93806b29171d5c2e69e10e1d08ce0b516de0dc896f6c9a1de2e2eda66f,moved_toward_pathogenic,0.7286027803984121,moved_toward_pathogenic,True,extra_trees,moved_toward_benign,moved_toward_pathogenic,True,moved_toward_pathogenic,review_pending,human_review_not_completed,not_reviewed,"[""vcv_missing""]",2.0,False,extra_trees was selected only from this outer fold's training data; this component was excluded.
1411967,KCNA1,27ff3754632a1ac5887a9164a868a6e2cb9e334b7be3b632a896a6ea374edc19,moved_toward_pathogenic,0.2593916140383898,moved_toward_benign,False,extra_trees,moved_toward_benign,moved_toward_pathogenic,True,moved_toward_pathogenic,review_pending,human_review_not_completed,not_reviewed,"[""vcv_missing"",""possible_related_component_group""]",2.0,False,extra_trees was selected only from this outer fold's training data; this component was excluded.
1378408,TAT,7b172cf1ca3270fa2de6c43b4df2f88c2cecd64888e91c9d429d72f86feae5dc,moved_toward_pathogenic,0.5798006229418943,moved_toward_pathogenic,True,random_forest,moved_toward_pathogenic,moved_toward_pathogenic,True,moved_toward_pathogenic,review_pending,human_review_not_completed,not_reviewed,"[""vcv_missing""]",2.0,False,random_forest was selected only from this outer fold's training data; this component was excluded.
1806624,TUBB4B,6979ba2e344ebc6b62a0939175406500555e2a0bac60b82089faea16fec3e080,moved_toward_pathogenic,0.5118107267367966,moved_toward_pathogenic,True,extra_trees,moved_toward_pathogenic,moved_toward_pathogenic,True,moved_toward_pathogenic,review_pending,human_review_not_completed,not_reviewed,"[""vcv_missing""]",2.0,False,extra_trees was selected only from this outer fold's training data; this component was excluded.
1910486,TYRP1,b7501fefe971bb7ec1ea7ce824166db274f98bb995f136954b0fb25abc2b5aac,moved_toward_pathogenic,0.5118107267367966,moved_toward_pathogenic,True,extra_trees,moved_toward_pathogenic,moved_toward_pathogenic,True,moved_toward_pathogenic,review_pending,human_review_not_completed,not_reviewed,"[""vcv_missing"",""possible_related_component_group""]",2.0,False,extra_trees was selected only from this outer fold's training data; this component was excluded.
2505332,CASZ1,4342da67c1fea113d747242df7008683b36f42c9ba4f2b18e4b04beb29df8b71,moved_toward_pathogenic,0.3573185663743152,moved_toward_benign,False,random_forest,moved_toward_pathogenic,moved_toward_pathogenic,True,moved_toward_pathogenic,review_pending,human_review_not_completed,not_reviewed,"[""vcv_missing"",""possible_related_component_group""]",2.0,False,random_forest was selected only from this outer fold's training data; this component was excluded.
1414673,PEPD,3d6d2f041c23b33f8e32fd026da6021f5352134b3b35a8f77a31f55c125e32b5,moved_toward_pathogenic,0.5128748856511407,moved_toward_pathogenic,True,extra_trees,moved_toward_benign,moved_toward_pathogenic,True,moved_toward_pathogenic,review_pending,human_review_not_completed,not_reviewed,"[""vcv_missing"",""possible_related_component_group""]",2.0,False,extra_trees was selected only from this outer fold's training data; this component was excluded.
