model_version,variation_id,vcv_accession,gene,old_classification,actual_later_classification,actual_outcome,predicted_class,pathogenic_probability,score_or_probability,correct,analysis_bucket,confidence,key_features,match_confidence,warning_flags,suspected_error_category,manual_review_status,notes,leakage_audit_status,source
V6,1822,not recorded,LIPI,Uncertain significance,Benign,moved_toward_benign,moved_toward_benign,0.12179435084605632,0.12179435084605632,true,correct high-confidence,0.8782056491539437,missense_consequence; classification_age; record_completeness,high,Condition aggregation differed between snapshots.,unknown,unreviewed,,pass,recorded hidden_test_predictions.csv
V6,2370,not recorded,HJV,Uncertain significance,Pathogenic,moved_toward_pathogenic,moved_toward_pathogenic,0.6584876714721118,0.6584876714721118,true,low-confidence,0.6584876714721118,missense_consequence; criteria_without_conflict; classification_age; record_completeness,high,Condition aggregation differed between snapshots.,unknown,unreviewed,,pass,recorded hidden_test_predictions.csv
V6,2569,not recorded,CLN5,Uncertain significance,Likely pathogenic,moved_toward_pathogenic,moved_toward_pathogenic,0.6591100667714455,0.6591100667714455,true,low-confidence,0.6591100667714455,missense_consequence; criteria_without_conflict; classification_age; record_completeness,high,Condition aggregation differed between snapshots.,unknown,unreviewed,,pass,recorded hidden_test_predictions.csv
V6,2887,not recorded,KIRREL3,Uncertain significance,Likely benign,moved_toward_benign,moved_toward_benign,0.36009580905602195,0.36009580905602195,true,low-confidence,0.639904190943978,missense_consequence; classification_age; record_completeness,high,Condition aggregation differed between snapshots.,unknown,unreviewed,,pass,recorded hidden_test_predictions.csv
V6,3827,not recorded,ACADS,Uncertain significance,Likely pathogenic,moved_toward_pathogenic,moved_toward_pathogenic,0.6522417696064364,0.6522417696064364,true,low-confidence,0.6522417696064364,missense_consequence; criteria_without_conflict; classification_age; record_completeness,high,,unknown,unreviewed,,pass,recorded hidden_test_predictions.csv
V6,4159,not recorded,RXFP2,Uncertain significance,Likely benign,moved_toward_benign,moved_toward_benign,0.3985770789204591,0.3985770789204591,true,low-confidence,0.6014229210795409,missense_consequence; classification_age; record_completeness,high,Condition aggregation differed between snapshots.,unknown,unreviewed,,pass,recorded hidden_test_predictions.csv
V6,6121,not recorded,MOCS1,Uncertain significance,Pathogenic/Likely pathogenic,moved_toward_pathogenic,moved_toward_pathogenic,0.8050870991478891,0.8050870991478891,true,correct high-confidence,0.8050870991478891,missense_consequence; criteria_without_conflict; classification_age; record_completeness,high,Condition aggregation differed between snapshots.,unknown,unreviewed,,pass,recorded hidden_test_predictions.csv
V6,6930,not recorded,SLC37A4,Uncertain significance,Likely pathogenic,moved_toward_pathogenic,moved_toward_pathogenic,0.9459100325847486,0.9459100325847486,true,correct high-confidence,0.9459100325847486,criteria_without_conflict; classification_age; record_completeness,high,In-frame indel was recognized but has zero Version 1 points.,unknown,unreviewed,,pass,recorded hidden_test_predictions.csv
V6,8010,not recorded,RDH5,Uncertain significance,Pathogenic,moved_toward_pathogenic,moved_toward_pathogenic,0.7720503817669847,0.7720503817669847,true,low-confidence,0.7720503817669847,missense_consequence; criteria_without_conflict; classification_age; record_completeness,high,Condition aggregation differed between snapshots.,unknown,unreviewed,,pass,recorded hidden_test_predictions.csv
V6,9761,not recorded,ZNF41,Uncertain significance,Likely benign,moved_toward_benign,moved_toward_benign,0.006402907063778038,0.006402907063778038,true,correct high-confidence,0.993597092936222,noncoding_consequence; classification_age; record_completeness,high,Missing older fields: phenotypes,unknown,unreviewed,,pass,recorded hidden_test_predictions.csv
V6,11680,not recorded,POU3F4,Uncertain significance,Likely pathogenic,moved_toward_pathogenic,moved_toward_pathogenic,0.9056093755659264,0.9056093755659264,true,correct high-confidence,0.9056093755659264,missense_consequence; criteria_without_conflict; classification_age; record_completeness,high,Condition aggregation differed between snapshots.,unknown,unreviewed,,pass,recorded hidden_test_predictions.csv
V6,14223,not recorded,RMRP,Uncertain significance,Pathogenic,moved_toward_pathogenic,moved_toward_benign,0.2665613810505244,0.2665613810505244,false,low-confidence,0.7334386189494756,noncoding_consequence; criteria_without_conflict; classification_age; record_completeness,high,,model over-predicted benign,unreviewed,,pass,recorded hidden_test_predictions.csv
V6,16775,not recorded,LIG1,Uncertain significance,Pathogenic,moved_toward_pathogenic,moved_toward_benign,0.014452121852059728,0.014452121852059728,false,wrong high-confidence,0.9855478781479403,missense_consequence; classification_age; record_completeness,high,Condition aggregation differed between snapshots.,model over-predicted benign,unreviewed,,pass,recorded hidden_test_predictions.csv
V6,21487,not recorded,TARDBP,Uncertain significance,Likely pathogenic,moved_toward_pathogenic,moved_toward_pathogenic,0.5677486523269858,0.5677486523269858,true,low-confidence,0.5677486523269858,missense_consequence; criteria_without_conflict; classification_age; record_completeness,high,Condition aggregation differed between snapshots.,unknown,unreviewed,,pass,recorded hidden_test_predictions.csv
V6,29831,not recorded,ACP5,Uncertain significance,Likely pathogenic,moved_toward_pathogenic,moved_toward_pathogenic,0.5946488238102343,0.5946488238102343,true,low-confidence,0.5946488238102343,missense_consequence; criteria_without_conflict; classification_age; record_completeness,high,,unknown,unreviewed,,pass,recorded hidden_test_predictions.csv
V6,43541,not recorded,SLC26A4,Uncertain significance,Likely pathogenic,moved_toward_pathogenic,moved_toward_pathogenic,0.9188077954910066,0.9188077954910066,true,correct high-confidence,0.9188077954910066,missense_consequence; expert_panel_review; classification_age; record_completeness,high,Condition aggregation differed between snapshots.,unknown,unreviewed,,pass,recorded hidden_test_predictions.csv
V6,53081,not recorded,KCNQ1,Uncertain significance,Pathogenic/Likely pathogenic,moved_toward_pathogenic,moved_toward_benign,0.4357517357616798,0.4357517357616798,false,low-confidence,0.5642482642383202,missense_consequence; multiple_agreeing_submitters; criteria_without_conflict; classification_age; record_completeness,high,,model over-predicted benign,unreviewed,,pass,recorded hidden_test_predictions.csv
V6,97301,not recorded,OTC,Uncertain significance,Likely pathogenic,moved_toward_pathogenic,moved_toward_benign,0.007513234125430339,0.007513234125430339,false,wrong high-confidence,0.9924867658745696,synonymous_consequence; criteria_without_conflict; classification_age; record_completeness,high,,model over-predicted benign,unreviewed,,pass,recorded hidden_test_predictions.csv
V6,129554,not recorded,MAGI2,Uncertain significance,Likely benign,moved_toward_benign,moved_toward_benign,0.02675354094077688,0.02675354094077688,true,correct high-confidence,0.9732464590592231,synonymous_consequence; criteria_without_conflict; classification_age; record_completeness,high,Missing older fields: phenotypes; Condition aggregation differed between snapshots.,unknown,unreviewed,,pass,recorded hidden_test_predictions.csv
V6,134376,not recorded,FBXO11,Uncertain significance,Benign/Likely benign,moved_toward_benign,moved_toward_pathogenic,0.8160527185824816,0.8160527185824816,false,wrong high-confidence,0.8160527185824816,missense_consequence; record_completeness,high,Condition aggregation differed between snapshots.,model over-predicted pathogenic,unreviewed,,pass,recorded hidden_test_predictions.csv
V6,139612,not recorded,SCLT1,Uncertain significance,Pathogenic,moved_toward_pathogenic,moved_toward_pathogenic,0.9999573587016066,0.9999573587016066,true,correct high-confidence,0.9999573587016066,canonical_splice_consequence; classification_age; record_completeness,high,Missing older fields: phenotypes,unknown,unreviewed,,pass,recorded hidden_test_predictions.csv
V6,140626,not recorded,RBCK1,Uncertain significance,Likely pathogenic,moved_toward_pathogenic,moved_toward_pathogenic,0.7566394624928139,0.7566394624928139,true,low-confidence,0.7566394624928139,missense_consequence; criteria_without_conflict; classification_age; record_completeness,high,Condition aggregation differed between snapshots.,unknown,unreviewed,,pass,recorded hidden_test_predictions.csv
V6,143585,not recorded,MECP2,Uncertain significance,Likely pathogenic,moved_toward_pathogenic,moved_toward_benign,0.29973231003735606,0.29973231003735606,false,low-confidence,0.7002676899626439,missense_consequence; classification_age; record_completeness,high,Condition aggregation differed between snapshots.,model over-predicted benign,unreviewed,,pass,recorded hidden_test_predictions.csv
V6,155821,not recorded,MYLK2,Uncertain significance,Likely benign,moved_toward_benign,moved_toward_benign,0.3892018793015526,0.3892018793015526,true,low-confidence,0.6107981206984474,missense_consequence; classification_age; record_completeness,high,Condition aggregation differed between snapshots.,unknown,unreviewed,,pass,recorded hidden_test_predictions.csv
V6,156371,not recorded,RBSN,Uncertain significance,Likely benign,moved_toward_benign,moved_toward_pathogenic,0.8469166418223706,0.8469166418223706,false,wrong high-confidence,0.8469166418223706,missense_consequence; classification_age; record_completeness,high,Missing older fields: phenotypes,model over-predicted pathogenic,unreviewed,,pass,recorded hidden_test_predictions.csv
V6,156719,not recorded,SOX10,Uncertain significance,Likely benign,moved_toward_benign,moved_toward_benign,0.3041108592176605,0.3041108592176605,true,low-confidence,0.6958891407823395,noncoding_consequence; criteria_without_conflict; classification_age; record_completeness,high,Condition aggregation differed between snapshots.,unknown,unreviewed,,pass,recorded hidden_test_predictions.csv
V6,161228,not recorded,DSP,Uncertain significance,Likely pathogenic,moved_toward_pathogenic,moved_toward_benign,0.38477008310551486,0.38477008310551486,false,low-confidence,0.6152299168944851,missense_consequence; classification_age; record_completeness,high,Condition aggregation differed between snapshots.,model over-predicted benign,unreviewed,,pass,recorded hidden_test_predictions.csv
V6,185373,not recorded,BRIP1,Uncertain significance,Likely pathogenic,moved_toward_pathogenic,moved_toward_pathogenic,0.9998930369485121,0.9998930369485121,true,correct high-confidence,0.9998930369485121,canonical_splice_consequence; criteria_without_conflict; classification_age; record_completeness,high,,unknown,unreviewed,,pass,recorded hidden_test_predictions.csv
V6,185646,not recorded,MAX,Uncertain significance,Pathogenic,moved_toward_pathogenic,moved_toward_pathogenic,0.8838837825168427,0.8838837825168427,true,correct high-confidence,0.8838837825168427,missense_consequence; criteria_without_conflict; classification_age; record_completeness,high,,unknown,unreviewed,,pass,recorded hidden_test_predictions.csv
V6,187872,not recorded,MTHFR,Uncertain significance,Pathogenic/Likely pathogenic,moved_toward_pathogenic,moved_toward_pathogenic,0.6599804989143103,0.6599804989143103,true,low-confidence,0.6599804989143103,missense_consequence; criteria_without_conflict; classification_age; record_completeness,high,Condition aggregation differed between snapshots.,unknown,unreviewed,,pass,recorded hidden_test_predictions.csv
V6,204087,not recorded,AGXT,Uncertain significance,Pathogenic,moved_toward_pathogenic,moved_toward_pathogenic,0.8050870991478891,0.8050870991478891,true,correct high-confidence,0.8050870991478891,missense_consequence; criteria_without_conflict; classification_age; record_completeness,high,,unknown,unreviewed,,pass,recorded hidden_test_predictions.csv
V6,204226,not recorded,GRHPR,Uncertain significance,Likely benign,moved_toward_benign,moved_toward_benign,0.40663558491456103,0.40663558491456103,true,low-confidence,0.5933644150854389,missense_consequence; classification_age; record_completeness,high,,unknown,unreviewed,,pass,recorded hidden_test_predictions.csv
V6,204930,not recorded,CACNB4,Uncertain significance,Likely benign,moved_toward_benign,moved_toward_benign,0.10687477225573604,0.10687477225573604,true,correct high-confidence,0.893125227744264,noncoding_consequence; criteria_without_conflict; classification_age; record_completeness,high,,unknown,unreviewed,,pass,recorded hidden_test_predictions.csv
V6,208535,not recorded,AMER1,Uncertain significance,Benign,moved_toward_benign,moved_toward_benign,0.39565147735064643,0.39565147735064643,true,low-confidence,0.6043485226493536,missense_consequence; record_completeness,high,Condition aggregation differed between snapshots.,unknown,unreviewed,,pass,recorded hidden_test_predictions.csv
V6,218305,not recorded,VCP,Uncertain significance,Likely pathogenic,moved_toward_pathogenic,moved_toward_pathogenic,0.6457240851778446,0.6457240851778446,true,low-confidence,0.6457240851778446,missense_consequence; criteria_without_conflict; classification_age; record_completeness,high,Condition aggregation differed between snapshots.,unknown,unreviewed,,pass,recorded hidden_test_predictions.csv
V6,224592,not recorded,RAD51B,Uncertain significance,Likely benign,moved_toward_benign,moved_toward_benign,0.24427318843438736,0.24427318843438736,true,low-confidence,0.7557268115656126,noncoding_consequence; criteria_without_conflict; classification_age; record_completeness,high,,unknown,unreviewed,,pass,recorded hidden_test_predictions.csv
V6,238969,not recorded,DNAH5,Uncertain significance,Likely benign,moved_toward_benign,moved_toward_pathogenic,0.8338734922194982,0.8338734922194982,false,wrong high-confidence,0.8338734922194982,missense_consequence; criteria_without_conflict; classification_age; record_completeness,high,Condition aggregation differed between snapshots.,model over-predicted pathogenic,unreviewed,,pass,recorded hidden_test_predictions.csv
V6,241261,not recorded,ODAD2,Uncertain significance,Likely benign,moved_toward_benign,moved_toward_benign,0.020976578086871586,0.020976578086871586,true,correct high-confidence,0.9790234219131284,synonymous_consequence; criteria_without_conflict; classification_age; record_completeness,high,,unknown,unreviewed,,pass,recorded hidden_test_predictions.csv
V6,242615,not recorded,MARS1,Uncertain significance,Likely benign,moved_toward_benign,moved_toward_benign,0.4002900009724107,0.4002900009724107,true,low-confidence,0.5997099990275894,missense_consequence; criteria_without_conflict; classification_age; record_completeness,high,Condition aggregation differed between snapshots.,unknown,unreviewed,,pass,recorded hidden_test_predictions.csv
V6,264187,not recorded,TTN,Uncertain significance,Likely benign,moved_toward_benign,moved_toward_pathogenic,0.8509716295257548,0.8509716295257548,false,wrong high-confidence,0.8509716295257548,missense_consequence; criteria_without_conflict; classification_age; record_completeness,high,,model over-predicted pathogenic,unreviewed,,pass,recorded hidden_test_predictions.csv
V6,303192,not recorded,SCN3B,Uncertain significance,Likely benign,moved_toward_benign,moved_toward_benign,0.017025867756147662,0.017025867756147662,true,correct high-confidence,0.9829741322438523,synonymous_consequence; criteria_without_conflict; classification_age; record_completeness,high,Condition aggregation differed between snapshots.,unknown,unreviewed,,pass,recorded hidden_test_predictions.csv
V6,316205,not recorded,GATM,Uncertain significance,Benign,moved_toward_benign,moved_toward_benign,0.11433612766691136,0.11433612766691136,true,correct high-confidence,0.8856638723330886,noncoding_consequence; criteria_without_conflict; classification_age; record_completeness,high,,unknown,unreviewed,,pass,recorded hidden_test_predictions.csv
V6,323559,not recorded,ITGA2B,Uncertain significance,Likely benign,moved_toward_benign,moved_toward_benign,0.022115700572214503,0.022115700572214503,true,correct high-confidence,0.9778842994277855,synonymous_consequence; criteria_without_conflict; classification_age; record_completeness,high,,unknown,unreviewed,,pass,recorded hidden_test_predictions.csv
V6,324980,not recorded,ACADVL;DLG4,Uncertain significance,Benign,moved_toward_benign,moved_toward_benign,0.11039592096000798,0.11039592096000798,true,correct high-confidence,0.8896040790399921,noncoding_consequence; multiple_agreeing_submitters; criteria_without_conflict; classification_age; record_completeness,high,,unknown,unreviewed,,pass,recorded hidden_test_predictions.csv
V6,369757,not recorded,KCNQ2,Uncertain significance,Pathogenic,moved_toward_pathogenic,moved_toward_pathogenic,0.771774005858241,0.771774005858241,true,low-confidence,0.771774005858241,missense_consequence; criteria_without_conflict; classification_age; record_completeness,high,Condition aggregation differed between snapshots.,unknown,unreviewed,,pass,recorded hidden_test_predictions.csv
V6,374708,not recorded,CARD14,Uncertain significance,Likely benign,moved_toward_benign,moved_toward_benign,0.029989556614817014,0.029989556614817014,true,correct high-confidence,0.9700104433851829,synonymous_consequence; criteria_without_conflict; classification_age; record_completeness,high,Missing older fields: phenotypes,unknown,unreviewed,,pass,recorded hidden_test_predictions.csv
V6,375859,not recorded,DCC,Uncertain significance,Likely benign,moved_toward_benign,moved_toward_pathogenic,0.7229456817020797,0.7229456817020797,false,low-confidence,0.7229456817020797,missense_consequence; classification_age; record_completeness,high,Condition aggregation differed between snapshots.,model over-predicted pathogenic,unreviewed,,pass,recorded hidden_test_predictions.csv
V6,386689,not recorded,ALOX12B,Uncertain significance,Pathogenic/Likely pathogenic,moved_toward_pathogenic,moved_toward_pathogenic,0.6107418356411968,0.6107418356411968,true,low-confidence,0.6107418356411968,missense_consequence; criteria_without_conflict; classification_age; record_completeness,high,,unknown,unreviewed,,pass,recorded hidden_test_predictions.csv
V6,397535,not recorded,VAC14,Uncertain significance,Likely pathogenic,moved_toward_pathogenic,moved_toward_pathogenic,0.8056424961564592,0.8056424961564592,true,correct high-confidence,0.8056424961564592,missense_consequence; classification_age; record_completeness,high,Condition aggregation differed between snapshots.,unknown,unreviewed,,pass,recorded hidden_test_predictions.csv
V6,403886,not recorded,CDC73,Uncertain significance,Likely pathogenic,moved_toward_pathogenic,moved_toward_benign,0.4902076361315433,0.4902076361315433,false,low-confidence,0.5097923638684567,missense_consequence; criteria_without_conflict; classification_age; record_completeness,high,,model over-predicted benign,unreviewed,,pass,recorded hidden_test_predictions.csv
V6,404137,not recorded,HCN4,Uncertain significance,Likely benign,moved_toward_benign,moved_toward_benign,0.49893997706102144,0.49893997706102144,true,low-confidence,0.5010600229389786,missense_consequence; criteria_without_conflict; classification_age; record_completeness,high,,unknown,unreviewed,,pass,recorded hidden_test_predictions.csv
V6,406950,not recorded,RECQL4,Uncertain significance,Likely benign,moved_toward_benign,moved_toward_benign,0.3344846683864549,0.3344846683864549,true,low-confidence,0.6655153316135451,missense_consequence; criteria_without_conflict; classification_age; record_completeness,high,,unknown,unreviewed,,pass,recorded hidden_test_predictions.csv
V6,408569,not recorded,TGFBR1,Uncertain significance,Pathogenic,moved_toward_pathogenic,moved_toward_pathogenic,0.7876215135820622,0.7876215135820622,true,low-confidence,0.7876215135820622,missense_consequence; criteria_without_conflict; classification_age; record_completeness,high,,unknown,unreviewed,,pass,recorded hidden_test_predictions.csv
V6,409285,not recorded,SRPX2,Uncertain significance,Likely benign,moved_toward_benign,moved_toward_benign,0.008382651710863092,0.008382651710863092,true,correct high-confidence,0.991617348289137,synonymous_consequence; criteria_without_conflict; classification_age; record_completeness,high,Condition aggregation differed between snapshots.,unknown,unreviewed,,pass,recorded hidden_test_predictions.csv
V6,409978,not recorded,SLC9A6,Uncertain significance,Likely benign,moved_toward_benign,moved_toward_pathogenic,0.557720469181573,0.557720469181573,false,low-confidence,0.557720469181573,missense_consequence; criteria_without_conflict; classification_age; record_completeness,high,,model over-predicted pathogenic,unreviewed,,pass,recorded hidden_test_predictions.csv
V6,409979,not recorded,EGR2,Uncertain significance,Pathogenic,moved_toward_pathogenic,moved_toward_pathogenic,0.5684262805130272,0.5684262805130272,true,low-confidence,0.5684262805130272,missense_consequence; criteria_without_conflict; classification_age; record_completeness,high,Condition aggregation differed between snapshots.,unknown,unreviewed,,pass,recorded hidden_test_predictions.csv
V6,409981,not recorded,MKS1,Uncertain significance,Likely benign,moved_toward_benign,moved_toward_benign,0.01831343670677338,0.01831343670677338,true,correct high-confidence,0.9816865632932266,synonymous_consequence; criteria_without_conflict; classification_age; record_completeness,high,Condition aggregation differed between snapshots.,unknown,unreviewed,,pass,recorded hidden_test_predictions.csv
V6,424893,not recorded,HPCA,Uncertain significance,Likely benign,moved_toward_benign,moved_toward_benign,0.028880430904589527,0.028880430904589527,true,correct high-confidence,0.9711195690954104,synonymous_consequence; criteria_without_conflict; classification_age; record_completeness,high,Missing older fields: phenotypes,unknown,unreviewed,,pass,recorded hidden_test_predictions.csv
V6,432907,not recorded,NT5C2,Uncertain significance,Likely pathogenic,moved_toward_pathogenic,moved_toward_pathogenic,0.945053390672023,0.945053390672023,true,correct high-confidence,0.945053390672023,criteria_without_conflict; classification_age; record_completeness,high,In-frame indel was recognized but has zero Version 1 points.; Missing older fields: phenotypes,unknown,unreviewed,,pass,recorded hidden_test_predictions.csv
V6,435535,not recorded,ITGB3,Uncertain significance,Likely benign,moved_toward_benign,moved_toward_benign,0.09913755798148068,0.09913755798148068,true,correct high-confidence,0.9008624420185193,synonymous_consequence; multiple_agreeing_submitters; criteria_without_conflict; classification_age; record_completeness,high,Condition aggregation differed between snapshots.,unknown,unreviewed,,pass,recorded hidden_test_predictions.csv
V6,444371,not recorded,PHKB,Uncertain significance,Likely benign,moved_toward_benign,moved_toward_pathogenic,0.9431300723207741,0.9431300723207741,false,wrong high-confidence,0.9431300723207741,missense_consequence; criteria_without_conflict; classification_age; record_completeness,high,Missing older fields: phenotypes,model over-predicted pathogenic,unreviewed,,pass,recorded hidden_test_predictions.csv
V6,444445,not recorded,FBN3,Uncertain significance,Likely benign,moved_toward_benign,moved_toward_pathogenic,0.9402156725195712,0.9402156725195712,false,wrong high-confidence,0.9402156725195712,missense_consequence; criteria_without_conflict; classification_age; record_completeness,high,Missing older fields: phenotypes,model over-predicted pathogenic,unreviewed,,pass,recorded hidden_test_predictions.csv
V6,444499,not recorded,SLC1A4,Uncertain significance,Benign/Likely benign,moved_toward_benign,moved_toward_pathogenic,0.9402156725195712,0.9402156725195712,false,wrong high-confidence,0.9402156725195712,missense_consequence; criteria_without_conflict; classification_age; record_completeness,high,Missing older fields: phenotypes; Gene text differed between snapshots.,model over-predicted pathogenic,unreviewed,,pass,recorded hidden_test_predictions.csv
V6,446245,not recorded,HECTD4,Uncertain significance,Pathogenic,moved_toward_pathogenic,moved_toward_pathogenic,0.9996507052810162,0.9996507052810162,true,correct high-confidence,0.9996507052810162,loss_of_function_consequence; criteria_without_conflict; classification_age; record_completeness,high,Condition aggregation differed between snapshots.,unknown,unreviewed,,pass,recorded hidden_test_predictions.csv
V6,446389,not recorded,KANK4,Uncertain significance,Likely benign,moved_toward_benign,moved_toward_pathogenic,0.882090125502215,0.882090125502215,false,wrong high-confidence,0.882090125502215,missense_consequence; classification_age; record_completeness,high,Missing older fields: phenotypes; Condition aggregation differed between snapshots.,model over-predicted pathogenic,unreviewed,,pass,recorded hidden_test_predictions.csv
V6,449114,not recorded,TUSC3,Uncertain significance,Pathogenic,moved_toward_pathogenic,moved_toward_pathogenic,0.5453339424857427,0.5453339424857427,true,low-confidence,0.5453339424857427,missense_consequence; criteria_without_conflict; classification_age; record_completeness,high,Condition aggregation differed between snapshots.,unknown,unreviewed,,pass,recorded hidden_test_predictions.csv
V6,451971,not recorded,NEK1,Uncertain significance,Likely pathogenic,moved_toward_pathogenic,moved_toward_pathogenic,0.9342539744477412,0.9342539744477412,true,correct high-confidence,0.9342539744477412,missense_consequence; criteria_without_conflict; classification_age; record_completeness,high,Missing older fields: phenotypes,unknown,unreviewed,,pass,recorded hidden_test_predictions.csv
V6,454028,not recorded,CDKN1C,Uncertain significance,Likely benign,moved_toward_benign,moved_toward_benign,0.00924517338163315,0.00924517338163315,true,correct high-confidence,0.9907548266183669,synonymous_consequence; criteria_without_conflict; classification_age; record_completeness,high,,unknown,unreviewed,,pass,recorded hidden_test_predictions.csv
V6,454826,not recorded,DNAI1,Uncertain significance,Likely benign,moved_toward_benign,moved_toward_pathogenic,0.7986444397210539,0.7986444397210539,false,low-confidence,0.7986444397210539,missense_consequence; criteria_without_conflict; classification_age; record_completeness,high,Condition aggregation differed between snapshots.,model over-predicted pathogenic,unreviewed,,pass,recorded hidden_test_predictions.csv
V6,454849,not recorded,DNAAF5,Uncertain significance,Likely pathogenic,moved_toward_pathogenic,moved_toward_pathogenic,0.5515252642037389,0.5515252642037389,true,low-confidence,0.5515252642037389,missense_consequence; criteria_without_conflict; classification_age; record_completeness,high,Condition aggregation differed between snapshots.,unknown,unreviewed,,pass,recorded hidden_test_predictions.csv
V6,456004,not recorded,TMC6,Uncertain significance,Likely benign,moved_toward_benign,moved_toward_benign,0.02047555684434908,0.02047555684434908,true,correct high-confidence,0.9795244431556509,synonymous_consequence; criteria_without_conflict; classification_age; record_completeness,high,Condition aggregation differed between snapshots.,unknown,unreviewed,,pass,recorded hidden_test_predictions.csv
V6,456600,not recorded,SPTLC1,Uncertain significance,Pathogenic,moved_toward_pathogenic,moved_toward_pathogenic,0.558001657974938,0.558001657974938,true,low-confidence,0.558001657974938,missense_consequence; criteria_without_conflict; classification_age; record_completeness,high,,unknown,unreviewed,,pass,recorded hidden_test_predictions.csv
V6,456812,not recorded,COL1A2,Uncertain significance,Pathogenic,moved_toward_pathogenic,moved_toward_pathogenic,0.7789444702249394,0.7789444702249394,true,low-confidence,0.7789444702249394,missense_consequence; criteria_without_conflict; classification_age; record_completeness,high,Condition aggregation differed between snapshots.,unknown,unreviewed,,pass,recorded hidden_test_predictions.csv
V6,457419,not recorded,RAD50,Uncertain significance,Likely benign,moved_toward_benign,moved_toward_benign,0.10846444945450334,0.10846444945450334,true,correct high-confidence,0.8915355505454967,noncoding_consequence; criteria_without_conflict; classification_age; record_completeness,high,,unknown,unreviewed,,pass,recorded hidden_test_predictions.csv
V6,458254,not recorded,SACS,Uncertain significance,Likely benign,moved_toward_benign,moved_toward_pathogenic,0.6140327889858008,0.6140327889858008,false,low-confidence,0.6140327889858008,missense_consequence; criteria_without_conflict; classification_age; record_completeness,high,Condition aggregation differed between snapshots.,model over-predicted pathogenic,unreviewed,,pass,recorded hidden_test_predictions.csv
V6,458304,not recorded,GBA2,Uncertain significance,Likely pathogenic,moved_toward_pathogenic,moved_toward_pathogenic,0.5980075807639855,0.5980075807639855,true,low-confidence,0.5980075807639855,missense_consequence; criteria_without_conflict; classification_age; record_completeness,high,,unknown,unreviewed,,pass,recorded hidden_test_predictions.csv
V6,458982,not recorded,PDGFRA,Uncertain significance,Likely benign,moved_toward_benign,moved_toward_benign,0.018304452152739223,0.018304452152739223,true,correct high-confidence,0.9816955478472608,synonymous_consequence; criteria_without_conflict; classification_age; record_completeness,high,Condition aggregation differed between snapshots.,unknown,unreviewed,,pass,recorded hidden_test_predictions.csv
V6,459641,not recorded,SRD5A2,Uncertain significance,Pathogenic/Likely pathogenic,moved_toward_pathogenic,moved_toward_pathogenic,0.6618043031802041,0.6618043031802041,true,low-confidence,0.6618043031802041,missense_consequence; criteria_without_conflict; classification_age; record_completeness,high,,unknown,unreviewed,,pass,recorded hidden_test_predictions.csv
V6,459749,not recorded,COL5A2,Uncertain significance,Benign,moved_toward_benign,moved_toward_pathogenic,0.620194044283996,0.620194044283996,false,low-confidence,0.620194044283996,missense_consequence; criteria_without_conflict; classification_age; record_completeness,high,Condition aggregation differed between snapshots.,model over-predicted pathogenic,unreviewed,,pass,recorded hidden_test_predictions.csv
V6,459814,not recorded,PLOD1,Uncertain significance,Likely benign,moved_toward_benign,moved_toward_benign,0.018471368730635974,0.018471368730635974,true,correct high-confidence,0.9815286312693641,synonymous_consequence; criteria_without_conflict; classification_age; record_completeness,high,Condition aggregation differed between snapshots.,unknown,unreviewed,,pass,recorded hidden_test_predictions.csv
V6,459951,not recorded,GCDH,Uncertain significance,Pathogenic,moved_toward_pathogenic,moved_toward_pathogenic,0.6130560725889675,0.6130560725889675,true,low-confidence,0.6130560725889675,missense_consequence; criteria_without_conflict; classification_age; record_completeness,high,,unknown,unreviewed,,pass,recorded hidden_test_predictions.csv
V6,460011,not recorded,GABRD,Uncertain significance,Likely benign,moved_toward_benign,moved_toward_benign,0.10535019420837255,0.10535019420837255,true,correct high-confidence,0.8946498057916275,noncoding_consequence; criteria_without_conflict; classification_age; record_completeness,high,,unknown,unreviewed,,pass,recorded hidden_test_predictions.csv
V6,460733,not recorded,BARD1,Uncertain significance,Likely pathogenic,moved_toward_pathogenic,moved_toward_pathogenic,0.9999597202645715,0.9999597202645715,true,correct high-confidence,0.9999597202645715,canonical_splice_consequence; criteria_without_conflict; classification_age; record_completeness,high,,unknown,unreviewed,,pass,recorded hidden_test_predictions.csv
V6,461817,not recorded,BTK,Uncertain significance,Benign,moved_toward_benign,moved_toward_pathogenic,0.6035838543795017,0.6035838543795017,false,low-confidence,0.6035838543795017,missense_consequence; criteria_without_conflict; classification_age; record_completeness,high,,model over-predicted pathogenic,unreviewed,,pass,recorded hidden_test_predictions.csv
V6,463155,not recorded,PTS,Uncertain significance,Likely pathogenic,moved_toward_pathogenic,moved_toward_pathogenic,0.6110958189612615,0.6110958189612615,true,low-confidence,0.6110958189612615,missense_consequence; criteria_without_conflict; classification_age; record_completeness,high,Condition aggregation differed between snapshots.,unknown,unreviewed,,pass,recorded hidden_test_predictions.csv
V6,464146,not recorded,MYL2,Uncertain significance,Likely benign,moved_toward_benign,moved_toward_benign,0.019130917149556198,0.019130917149556198,true,correct high-confidence,0.9808690828504438,synonymous_consequence; criteria_without_conflict; classification_age; record_completeness,high,Condition aggregation differed between snapshots.,unknown,unreviewed,,pass,recorded hidden_test_predictions.csv
V6,464182,not recorded,WNT10A,Uncertain significance,Pathogenic/Likely pathogenic,moved_toward_pathogenic,moved_toward_pathogenic,0.5510753721408628,0.5510753721408628,true,low-confidence,0.5510753721408628,missense_consequence; criteria_without_conflict; classification_age; record_completeness,high,Condition aggregation differed between snapshots.,unknown,unreviewed,,pass,recorded hidden_test_predictions.csv
V6,465396,not recorded,GAN,Uncertain significance,Likely pathogenic,moved_toward_pathogenic,moved_toward_pathogenic,0.6052874093708678,0.6052874093708678,true,low-confidence,0.6052874093708678,missense_consequence; criteria_without_conflict; classification_age; record_completeness,high,,unknown,unreviewed,,pass,recorded hidden_test_predictions.csv
V6,467805,not recorded,MCCC2,Uncertain significance,Pathogenic,moved_toward_pathogenic,moved_toward_pathogenic,0.5475481120063546,0.5475481120063546,true,low-confidence,0.5475481120063546,missense_consequence; criteria_without_conflict; classification_age; record_completeness,high,Condition aggregation differed between snapshots.,unknown,unreviewed,,pass,recorded hidden_test_predictions.csv
V6,468374,not recorded,DSC2,Uncertain significance,Likely benign,moved_toward_benign,moved_toward_benign,0.1270887344742177,0.1270887344742177,true,correct high-confidence,0.8729112655257822,noncoding_consequence; criteria_without_conflict; classification_age; record_completeness,high,Condition aggregation differed between snapshots.,unknown,unreviewed,,pass,recorded hidden_test_predictions.csv
V6,470166,not recorded,CPLANE1,Uncertain significance,Likely benign,moved_toward_benign,moved_toward_benign,0.019047268425796224,0.019047268425796224,true,correct high-confidence,0.9809527315742038,synonymous_consequence; criteria_without_conflict; classification_age; record_completeness,high,Condition aggregation differed between snapshots.,unknown,unreviewed,,pass,recorded hidden_test_predictions.csv
V6,470202,not recorded,ZDHHC9,Uncertain significance,Likely benign,moved_toward_benign,moved_toward_benign,0.018832772111533162,0.018832772111533162,true,correct high-confidence,0.9811672278884669,synonymous_consequence; criteria_without_conflict; classification_age; record_completeness,high,Condition aggregation differed between snapshots.,unknown,unreviewed,,pass,recorded hidden_test_predictions.csv
V6,470549,not recorded,MYH6,Uncertain significance,Likely benign,moved_toward_benign,moved_toward_benign,0.12729911075625608,0.12729911075625608,true,correct high-confidence,0.8727008892437439,noncoding_consequence; criteria_without_conflict; classification_age; record_completeness,high,Condition aggregation differed between snapshots.,unknown,unreviewed,,pass,recorded hidden_test_predictions.csv
V6,471069,not recorded,AP4M1,Uncertain significance,Likely pathogenic,moved_toward_pathogenic,moved_toward_pathogenic,0.6075250319329744,0.6075250319329744,true,low-confidence,0.6075250319329744,missense_consequence; criteria_without_conflict; classification_age; record_completeness,high,Condition aggregation differed between snapshots.,unknown,unreviewed,,pass,recorded hidden_test_predictions.csv
V6,471315,not recorded,DYSF,Uncertain significance,Likely benign,moved_toward_benign,moved_toward_pathogenic,0.7402695821859775,0.7402695821859775,false,low-confidence,0.7402695821859775,missense_consequence; criteria_without_conflict; classification_age; record_completeness,high,Condition aggregation differed between snapshots.,model over-predicted pathogenic,unreviewed,,pass,recorded hidden_test_predictions.csv
V6,471750,not recorded,SMAD6,Uncertain significance,Likely benign,moved_toward_benign,moved_toward_benign,0.0193974217043947,0.0193974217043947,true,correct high-confidence,0.9806025782956053,synonymous_consequence; criteria_without_conflict; classification_age; record_completeness,high,Condition aggregation differed between snapshots.,unknown,unreviewed,,pass,recorded hidden_test_predictions.csv
V6,471968,not recorded,FLNC,Uncertain significance,Likely benign,moved_toward_benign,moved_toward_pathogenic,0.7298165932741298,0.7298165932741298,false,low-confidence,0.7298165932741298,missense_consequence; criteria_without_conflict; classification_age; record_completeness,high,Condition aggregation differed between snapshots.,model over-predicted pathogenic,unreviewed,,pass,recorded hidden_test_predictions.csv
V6,472998,not recorded,PROS1,Uncertain significance,Pathogenic,moved_toward_pathogenic,moved_toward_pathogenic,0.999689940515824,0.999689940515824,true,correct high-confidence,0.999689940515824,loss_of_function_consequence; criteria_without_conflict; classification_age; record_completeness,high,,unknown,unreviewed,,pass,recorded hidden_test_predictions.csv
V6,473260,not recorded,CCDC78,Uncertain significance,Likely benign,moved_toward_benign,moved_toward_pathogenic,0.9978397345482823,0.9978397345482823,false,wrong high-confidence,0.9978397345482823,loss_of_function_consequence; criteria_without_conflict; classification_age; record_completeness,high,Condition aggregation differed between snapshots.,model over-predicted pathogenic,unreviewed,,pass,recorded hidden_test_predictions.csv
V6,473410,not recorded,PACS1,Uncertain significance,Likely benign,moved_toward_benign,moved_toward_pathogenic,0.65432117235023,0.65432117235023,false,low-confidence,0.65432117235023,missense_consequence; criteria_without_conflict; classification_age; record_completeness,high,Condition aggregation differed between snapshots.,model over-predicted pathogenic,unreviewed,,pass,recorded hidden_test_predictions.csv
V6,473863,not recorded,AKT1,Uncertain significance,Likely benign,moved_toward_benign,moved_toward_benign,0.018455515580766187,0.018455515580766187,true,correct high-confidence,0.9815444844192338,synonymous_consequence; criteria_without_conflict; classification_age; record_completeness,high,Condition aggregation differed between snapshots.,unknown,unreviewed,,pass,recorded hidden_test_predictions.csv
V6,474183,not recorded,LAMA4,Uncertain significance,Likely benign,moved_toward_benign,moved_toward_benign,0.018830463081549106,0.018830463081549106,true,correct high-confidence,0.9811695369184509,synonymous_consequence; criteria_without_conflict; classification_age; record_completeness,high,Condition aggregation differed between snapshots.,unknown,unreviewed,,pass,recorded hidden_test_predictions.csv
V6,474862,not recorded,ARL6IP1,Uncertain significance,Likely pathogenic,moved_toward_pathogenic,moved_toward_pathogenic,0.9999654686193962,0.9999654686193962,true,correct high-confidence,0.9999654686193962,canonical_splice_consequence; criteria_without_conflict; classification_age; record_completeness,high,Condition aggregation differed between snapshots.,unknown,unreviewed,,pass,recorded hidden_test_predictions.csv
V6,475802,not recorded,SLC25A46,Uncertain significance,Likely benign,moved_toward_benign,moved_toward_benign,0.019886538622756262,0.019886538622756262,true,correct high-confidence,0.9801134613772438,synonymous_consequence; criteria_without_conflict; classification_age; record_completeness,high,Condition aggregation differed between snapshots.,unknown,unreviewed,,pass,recorded hidden_test_predictions.csv
V6,477009,not recorded,CHRNA4,Uncertain significance,Likely benign,moved_toward_benign,moved_toward_benign,0.34129496468097276,0.34129496468097276,true,low-confidence,0.6587050353190272,missense_consequence; criteria_without_conflict; classification_age; record_completeness,high,,unknown,unreviewed,,pass,recorded hidden_test_predictions.csv
V6,477673,not recorded,RAF1,Uncertain significance,Likely benign,moved_toward_benign,moved_toward_pathogenic,0.611808561561264,0.611808561561264,false,low-confidence,0.611808561561264,missense_consequence; criteria_without_conflict; classification_age; record_completeness,high,Condition aggregation differed between snapshots.,model over-predicted pathogenic,unreviewed,,pass,recorded hidden_test_predictions.csv
V6,478000,not recorded,GRIN2B,Uncertain significance,Likely benign,moved_toward_benign,moved_toward_pathogenic,0.6179433247528205,0.6179433247528205,false,low-confidence,0.6179433247528205,missense_consequence; criteria_without_conflict; classification_age; record_completeness,high,Condition aggregation differed between snapshots.,model over-predicted pathogenic,unreviewed,,pass,recorded hidden_test_predictions.csv
V6,478314,not recorded,PREPL,Uncertain significance,Pathogenic,moved_toward_pathogenic,moved_toward_benign,0.12389091173495785,0.12389091173495785,false,wrong high-confidence,0.8761090882650422,noncoding_consequence; criteria_without_conflict; classification_age; record_completeness,high,,model over-predicted benign,unreviewed,,pass,recorded hidden_test_predictions.csv
V6,478580,not recorded,COG5,Uncertain significance,Likely benign,moved_toward_benign,moved_toward_benign,0.017597655055451807,0.017597655055451807,true,correct high-confidence,0.9824023449445481,synonymous_consequence; criteria_without_conflict; classification_age; record_completeness,high,Condition aggregation differed between snapshots.,unknown,unreviewed,,pass,recorded hidden_test_predictions.csv
V6,480953,not recorded,TP53,Uncertain significance,Pathogenic,moved_toward_pathogenic,moved_toward_pathogenic,0.7441819131417365,0.7441819131417365,true,low-confidence,0.7441819131417365,missense_consequence; criteria_without_conflict; classification_age; record_completeness,high,,unknown,unreviewed,,pass,recorded hidden_test_predictions.csv
V6,487550,not recorded,KIAA1109,Uncertain significance,Likely pathogenic,moved_toward_pathogenic,moved_toward_pathogenic,0.6190287153389066,0.6190287153389066,true,low-confidence,0.6190287153389066,missense_consequence; criteria_without_conflict; classification_age; record_completeness,high,Gene text differed between snapshots.,unknown,unreviewed,,pass,recorded hidden_test_predictions.csv
V6,487669,not recorded,VPS35,Uncertain significance,Likely benign,moved_toward_benign,moved_toward_pathogenic,0.8219954042197828,0.8219954042197828,false,wrong high-confidence,0.8219954042197828,missense_consequence; classification_age; record_completeness,high,Condition aggregation differed between snapshots.,model over-predicted pathogenic,unreviewed,,pass,recorded hidden_test_predictions.csv
V6,493367,not recorded,HGD,Uncertain significance,Likely pathogenic,moved_toward_pathogenic,moved_toward_pathogenic,0.9371139608736191,0.9371139608736191,true,correct high-confidence,0.9371139608736191,missense_consequence; criteria_without_conflict; classification_age; record_completeness,high,Missing older fields: phenotypes,unknown,unreviewed,,pass,recorded hidden_test_predictions.csv
V6,493509,not recorded,KLHL15,Uncertain significance,Likely benign,moved_toward_benign,moved_toward_pathogenic,0.9371139608736191,0.9371139608736191,false,wrong high-confidence,0.9371139608736191,missense_consequence; criteria_without_conflict; classification_age; record_completeness,high,Missing older fields: phenotypes,model over-predicted pathogenic,unreviewed,,pass,recorded hidden_test_predictions.csv
V6,493510,not recorded,IL1RAPL1,Uncertain significance,Benign/Likely benign,moved_toward_benign,moved_toward_pathogenic,0.5013706968928257,0.5013706968928257,false,low-confidence,0.5013706968928257,missense_consequence; criteria_without_conflict; classification_age; record_completeness,high,Missing older fields: phenotypes,model over-predicted pathogenic,unreviewed,,pass,recorded hidden_test_predictions.csv
V6,519214,not recorded,AKAP9,Uncertain significance,Likely benign,moved_toward_benign,moved_toward_pathogenic,0.5962321018207186,0.5962321018207186,false,low-confidence,0.5962321018207186,missense_consequence; criteria_without_conflict; classification_age; record_completeness,high,,model over-predicted pathogenic,unreviewed,,pass,recorded hidden_test_predictions.csv
V6,519552,not recorded,CACNB2,Uncertain significance,Likely benign,moved_toward_benign,moved_toward_benign,0.10110168394399592,0.10110168394399592,true,correct high-confidence,0.8988983160560041,noncoding_consequence; criteria_without_conflict; classification_age; record_completeness,high,,unknown,unreviewed,,pass,recorded hidden_test_predictions.csv
V6,521141,not recorded,ZNF711,Uncertain significance,Likely benign,moved_toward_benign,moved_toward_pathogenic,0.7767359596093683,0.7767359596093683,false,low-confidence,0.7767359596093683,missense_consequence; criteria_without_conflict; classification_age; record_completeness,high,,model over-predicted pathogenic,unreviewed,,pass,recorded hidden_test_predictions.csv
V6,521585,not recorded,TRIP12,Uncertain significance,Likely benign,moved_toward_benign,moved_toward_pathogenic,0.6358000064332613,0.6358000064332613,false,low-confidence,0.6358000064332613,missense_consequence; criteria_without_conflict; classification_age; record_completeness,high,,model over-predicted pathogenic,unreviewed,,pass,recorded hidden_test_predictions.csv
V6,521912,not recorded,PSAP,Uncertain significance,Likely pathogenic,moved_toward_pathogenic,moved_toward_pathogenic,0.5477760877339565,0.5477760877339565,true,low-confidence,0.5477760877339565,missense_consequence; criteria_without_conflict; classification_age; record_completeness,high,Condition aggregation differed between snapshots.,unknown,unreviewed,,pass,recorded hidden_test_predictions.csv
V6,521949,not recorded,MED13L,Uncertain significance,Likely benign,moved_toward_benign,moved_toward_pathogenic,0.6056457283395281,0.6056457283395281,false,low-confidence,0.6056457283395281,missense_consequence; criteria_without_conflict; classification_age; record_completeness,high,,model over-predicted pathogenic,unreviewed,,pass,recorded hidden_test_predictions.csv
V6,522122,not recorded,PGAP2,Uncertain significance,Likely pathogenic,moved_toward_pathogenic,moved_toward_pathogenic,0.9996363745562555,0.9996363745562555,true,correct high-confidence,0.9996363745562555,loss_of_function_consequence; criteria_without_conflict; classification_age; record_completeness,high,,unknown,unreviewed,,pass,recorded hidden_test_predictions.csv
V6,525139,not recorded,MYBPC3,Uncertain significance,Pathogenic,moved_toward_pathogenic,moved_toward_pathogenic,0.9723700855801668,0.9723700855801668,true,correct high-confidence,0.9723700855801668,criteria_without_conflict; classification_age; record_completeness,high,Molecular consequence was not recognized from older HGVS text.,unknown,unreviewed,,pass,recorded hidden_test_predictions.csv
V6,525234,not recorded,RSPH1,Uncertain significance,Likely benign,moved_toward_benign,moved_toward_benign,0.025206759351438568,0.025206759351438568,true,correct high-confidence,0.9747932406485614,synonymous_consequence; criteria_without_conflict; classification_age; record_completeness,high,Condition aggregation differed between snapshots.,unknown,unreviewed,,pass,recorded hidden_test_predictions.csv
V6,526339,not recorded,FANCL,Uncertain significance,Likely benign,moved_toward_benign,moved_toward_pathogenic,0.5945339098104527,0.5945339098104527,false,low-confidence,0.5945339098104527,missense_consequence; criteria_without_conflict; classification_age; record_completeness,high,,model over-predicted pathogenic,unreviewed,,pass,recorded hidden_test_predictions.csv
V6,528417,not recorded,FBN2,Uncertain significance,Likely pathogenic,moved_toward_pathogenic,moved_toward_pathogenic,0.5782935226002748,0.5782935226002748,true,low-confidence,0.5782935226002748,missense_consequence; criteria_without_conflict; classification_age; record_completeness,high,,unknown,unreviewed,,pass,recorded hidden_test_predictions.csv
V6,529229,not recorded,SLC5A1,Uncertain significance,Pathogenic/Likely pathogenic,moved_toward_pathogenic,moved_toward_pathogenic,0.5762866056041401,0.5762866056041401,true,low-confidence,0.5762866056041401,missense_consequence; criteria_without_conflict; classification_age; record_completeness,high,Condition aggregation differed between snapshots.,unknown,unreviewed,,pass,recorded hidden_test_predictions.csv
V6,529425,not recorded,ASL,Uncertain significance,Pathogenic,moved_toward_pathogenic,moved_toward_pathogenic,0.5268552141957723,0.5268552141957723,true,low-confidence,0.5268552141957723,missense_consequence; criteria_without_conflict; classification_age; record_completeness,high,,unknown,unreviewed,,pass,recorded hidden_test_predictions.csv
V6,529565,not recorded,CACNA1H,Uncertain significance,Likely benign,moved_toward_benign,moved_toward_benign,0.4229721592779915,0.4229721592779915,true,low-confidence,0.5770278407220085,missense_consequence; criteria_without_conflict; classification_age; record_completeness,high,Condition aggregation differed between snapshots.,unknown,unreviewed,,pass,recorded hidden_test_predictions.csv
V6,530535,not recorded,SCN1A,Uncertain significance,Likely pathogenic,moved_toward_pathogenic,moved_toward_pathogenic,0.5996291819271826,0.5996291819271826,true,low-confidence,0.5996291819271826,missense_consequence; criteria_without_conflict; classification_age; record_completeness,high,,unknown,unreviewed,,pass,recorded hidden_test_predictions.csv
V6,531493,not recorded,BRCA2,Uncertain significance,Likely benign,moved_toward_benign,moved_toward_benign,0.01928601589273024,0.01928601589273024,true,correct high-confidence,0.9807139841072697,synonymous_consequence; criteria_without_conflict; classification_age; record_completeness,high,Condition aggregation differed between snapshots.,unknown,unreviewed,,pass,recorded hidden_test_predictions.csv
V6,531938,not recorded,DIS3L2,Uncertain significance,Benign,moved_toward_benign,moved_toward_benign,0.335982260695603,0.335982260695603,true,low-confidence,0.664017739304397,missense_consequence; criteria_without_conflict; classification_age; record_completeness,high,,unknown,unreviewed,,pass,recorded hidden_test_predictions.csv
V6,532192,not recorded,IL2RG,Uncertain significance,Likely benign,moved_toward_benign,moved_toward_pathogenic,0.6315348232500277,0.6315348232500277,false,low-confidence,0.6315348232500277,missense_consequence; criteria_without_conflict; classification_age; record_completeness,high,,model over-predicted pathogenic,unreviewed,,pass,recorded hidden_test_predictions.csv
V6,533022,not recorded,HNRNPDL,Uncertain significance,Likely benign,moved_toward_benign,moved_toward_benign,0.33418624253133844,0.33418624253133844,true,low-confidence,0.6658137574686616,missense_consequence; criteria_without_conflict; classification_age; record_completeness,high,Condition aggregation differed between snapshots.,unknown,unreviewed,,pass,recorded hidden_test_predictions.csv
V6,533277,not recorded,ABCC9,Uncertain significance,Benign/Likely benign,moved_toward_benign,moved_toward_benign,0.36458549391087247,0.36458549391087247,true,low-confidence,0.6354145060891275,missense_consequence; criteria_without_conflict; classification_age; record_completeness,high,Condition aggregation differed between snapshots.,unknown,unreviewed,,pass,recorded hidden_test_predictions.csv
V6,533775,not recorded,LRRK2,Uncertain significance,Likely benign,moved_toward_benign,moved_toward_benign,0.025301595171186915,0.025301595171186915,true,correct high-confidence,0.9746984048288131,synonymous_consequence; criteria_without_conflict; classification_age; record_completeness,high,Condition aggregation differed between snapshots.,unknown,unreviewed,,pass,recorded hidden_test_predictions.csv
V6,535766,not recorded,PHOX2B,Uncertain significance,Likely benign,moved_toward_benign,moved_toward_benign,0.020804619110723743,0.020804619110723743,true,correct high-confidence,0.9791953808892763,synonymous_consequence; criteria_without_conflict; classification_age; record_completeness,high,Condition aggregation differed between snapshots.,unknown,unreviewed,,pass,recorded hidden_test_predictions.csv
V6,536294,not recorded,KANSL1,Uncertain significance,Likely benign,moved_toward_benign,moved_toward_pathogenic,0.6028658130485829,0.6028658130485829,false,low-confidence,0.6028658130485829,missense_consequence; criteria_without_conflict; classification_age; record_completeness,high,,model over-predicted pathogenic,unreviewed,,pass,recorded hidden_test_predictions.csv
V6,536915,not recorded,ACTA2,Uncertain significance,Likely pathogenic,moved_toward_pathogenic,moved_toward_pathogenic,0.5777203785498108,0.5777203785498108,true,low-confidence,0.5777203785498108,missense_consequence; criteria_without_conflict; classification_age; record_completeness,high,,unknown,unreviewed,,pass,recorded hidden_test_predictions.csv
V6,538547,not recorded,KCNQ3,Uncertain significance,Likely benign,moved_toward_benign,moved_toward_benign,0.02458490622391443,0.02458490622391443,true,correct high-confidence,0.9754150937760856,synonymous_consequence; criteria_without_conflict; classification_age; record_completeness,high,Condition aggregation differed between snapshots.,unknown,unreviewed,,pass,recorded hidden_test_predictions.csv
V6,538692,not recorded,CD79B,Uncertain significance,Likely benign,moved_toward_benign,moved_toward_benign,0.1026807910214373,0.1026807910214373,true,correct high-confidence,0.8973192089785627,noncoding_consequence; criteria_without_conflict; classification_age; record_completeness,high,,unknown,unreviewed,,pass,recorded hidden_test_predictions.csv
V6,539174,not recorded,NCF4,Uncertain significance,Likely benign,moved_toward_benign,moved_toward_benign,0.02293537721365924,0.02293537721365924,true,correct high-confidence,0.9770646227863408,synonymous_consequence; criteria_without_conflict; classification_age; record_completeness,high,Condition aggregation differed between snapshots.,unknown,unreviewed,,pass,recorded hidden_test_predictions.csv
V6,539790,not recorded,DYNC1H1,Uncertain significance,Likely benign,moved_toward_benign,moved_toward_pathogenic,0.5905627194121451,0.5905627194121451,false,low-confidence,0.5905627194121451,missense_consequence; criteria_without_conflict; classification_age; record_completeness,high,Condition aggregation differed between snapshots.,model over-predicted pathogenic,unreviewed,,pass,recorded hidden_test_predictions.csv
V6,540444,not recorded,SERAC1,Uncertain significance,Likely benign,moved_toward_benign,moved_toward_benign,0.020428432408417286,0.020428432408417286,true,correct high-confidence,0.9795715675915827,synonymous_consequence; criteria_without_conflict; classification_age; record_completeness,high,,unknown,unreviewed,,pass,recorded hidden_test_predictions.csv
V6,540581,not recorded,KCNT1,Uncertain significance,Likely benign,moved_toward_benign,moved_toward_pathogenic,0.5959492286978331,0.5959492286978331,false,low-confidence,0.5959492286978331,missense_consequence; criteria_without_conflict; classification_age; record_completeness,high,Condition aggregation differed between snapshots.,model over-predicted pathogenic,unreviewed,,pass,recorded hidden_test_predictions.csv
V6,541247,not recorded,ERCC4,Uncertain significance,Likely benign,moved_toward_benign,moved_toward_benign,0.02384053107233714,0.02384053107233714,true,correct high-confidence,0.9761594689276628,synonymous_consequence; criteria_without_conflict; classification_age; record_completeness,high,Condition aggregation differed between snapshots.,unknown,unreviewed,,pass,recorded hidden_test_predictions.csv
V6,541409,not recorded,CNTN2,Uncertain significance,Likely benign,moved_toward_benign,moved_toward_pathogenic,0.60151829290824,0.60151829290824,false,low-confidence,0.60151829290824,missense_consequence; criteria_without_conflict; classification_age; record_completeness,high,,model over-predicted pathogenic,unreviewed,,pass,recorded hidden_test_predictions.csv
V6,541615,not recorded,SLC35A3,Uncertain significance,Likely benign,moved_toward_benign,moved_toward_benign,0.01865578692653411,0.01865578692653411,true,correct high-confidence,0.9813442130734659,synonymous_consequence; criteria_without_conflict; classification_age; record_completeness,high,Condition aggregation differed between snapshots.,unknown,unreviewed,,pass,recorded hidden_test_predictions.csv
V6,541761,not recorded,SMAD9,Uncertain significance,Likely pathogenic,moved_toward_pathogenic,moved_toward_pathogenic,0.9999572608803199,0.9999572608803199,true,correct high-confidence,0.9999572608803199,canonical_splice_consequence; criteria_without_conflict; classification_age; record_completeness,high,Condition aggregation differed between snapshots.,unknown,unreviewed,,pass,recorded hidden_test_predictions.csv
V6,541816,not recorded,IL12RB1,Uncertain significance,Likely benign,moved_toward_benign,moved_toward_benign,0.012667268390389742,0.012667268390389742,true,correct high-confidence,0.9873327316096102,synonymous_consequence; criteria_without_conflict; classification_age; record_completeness,high,Condition aggregation differed between snapshots.,unknown,unreviewed,,pass,recorded hidden_test_predictions.csv
V6,542165,not recorded,MANBA,Uncertain significance,Likely pathogenic,moved_toward_pathogenic,moved_toward_pathogenic,0.9996510652146937,0.9996510652146937,true,correct high-confidence,0.9996510652146937,loss_of_function_consequence; criteria_without_conflict; classification_age; record_completeness,high,,unknown,unreviewed,,pass,recorded hidden_test_predictions.csv
V6,542743,not recorded,MUSK,Uncertain significance,Likely benign,moved_toward_benign,moved_toward_pathogenic,0.5757039695171584,0.5757039695171584,false,low-confidence,0.5757039695171584,missense_consequence; criteria_without_conflict; classification_age; record_completeness,high,Condition aggregation differed between snapshots.,model over-predicted pathogenic,unreviewed,,pass,recorded hidden_test_predictions.csv
V6,542768,not recorded,CPT1C,Uncertain significance,Likely benign,moved_toward_benign,moved_toward_pathogenic,0.5697758593153532,0.5697758593153532,false,low-confidence,0.5697758593153532,missense_consequence; criteria_without_conflict; classification_age; record_completeness,high,Condition aggregation differed between snapshots.,model over-predicted pathogenic,unreviewed,,pass,recorded hidden_test_predictions.csv
V6,543396,not recorded,FGD4,Uncertain significance,Likely benign,moved_toward_benign,moved_toward_benign,0.018052892219393758,0.018052892219393758,true,correct high-confidence,0.9819471077806062,synonymous_consequence; criteria_without_conflict; classification_age; record_completeness,high,Condition aggregation differed between snapshots.,unknown,unreviewed,,pass,recorded hidden_test_predictions.csv
V6,545650,not recorded,IBA57,Uncertain significance,Likely pathogenic,moved_toward_pathogenic,moved_toward_pathogenic,0.8025728989869544,0.8025728989869544,true,correct high-confidence,0.8025728989869544,missense_consequence; criteria_without_conflict; classification_age; record_completeness,high,Condition aggregation differed between snapshots.,unknown,unreviewed,,pass,recorded hidden_test_predictions.csv
V6,558999,not recorded,ATP13A2,Uncertain significance,Likely benign,moved_toward_benign,moved_toward_pathogenic,0.5955625152929321,0.5955625152929321,false,low-confidence,0.5955625152929321,missense_consequence; criteria_without_conflict; classification_age; record_completeness,high,Condition aggregation differed between snapshots.,model over-predicted pathogenic,unreviewed,,pass,recorded hidden_test_predictions.csv
V6,559147,not recorded,TRAP1,Uncertain significance,Benign,moved_toward_benign,moved_toward_pathogenic,0.9386185942508373,0.9386185942508373,false,wrong high-confidence,0.9386185942508373,missense_consequence; criteria_without_conflict; classification_age; record_completeness,high,Missing older fields: phenotypes; Condition aggregation differed between snapshots.,model over-predicted pathogenic,unreviewed,,pass,recorded hidden_test_predictions.csv
V6,559299,not recorded,SUGCT,Uncertain significance,Benign/Likely benign,moved_toward_benign,moved_toward_pathogenic,0.8840640868201379,0.8840640868201379,false,wrong high-confidence,0.8840640868201379,missense_consequence; criteria_without_conflict; classification_age; record_completeness,high,Missing older fields: phenotypes,model over-predicted pathogenic,unreviewed,,pass,recorded hidden_test_predictions.csv
V6,561083,not recorded,PLA2G6,Uncertain significance,Pathogenic,moved_toward_pathogenic,moved_toward_pathogenic,0.6021473284050788,0.6021473284050788,true,low-confidence,0.6021473284050788,missense_consequence; criteria_without_conflict; classification_age; record_completeness,high,Condition aggregation differed between snapshots.,unknown,unreviewed,,pass,recorded hidden_test_predictions.csv
V6,561179,not recorded,TRIM37,Uncertain significance,Likely pathogenic,moved_toward_pathogenic,moved_toward_pathogenic,0.9984610710384428,0.9984610710384428,true,correct high-confidence,0.9984610710384428,loss_of_function_consequence; record_completeness,high,,unknown,unreviewed,,pass,recorded hidden_test_predictions.csv
V6,562304,not recorded,SLC3A1,Uncertain significance,Pathogenic,moved_toward_pathogenic,moved_toward_pathogenic,0.6370605002913283,0.6370605002913283,true,low-confidence,0.6370605002913283,missense_consequence; criteria_without_conflict; classification_age; record_completeness,high,,unknown,unreviewed,,pass,recorded hidden_test_predictions.csv
V6,562357,not recorded,SMARCAL1,Uncertain significance,Likely pathogenic,moved_toward_pathogenic,moved_toward_pathogenic,0.7949638196549876,0.7949638196549876,true,low-confidence,0.7949638196549876,missense_consequence; criteria_without_conflict; classification_age; record_completeness,high,,unknown,unreviewed,,pass,recorded hidden_test_predictions.csv
V6,562603,not recorded,TPO;PXDN;MYT1L;SNTG2,Uncertain significance,Likely pathogenic,moved_toward_pathogenic,moved_toward_benign,0.30644034966734746,0.30644034966734746,false,low-confidence,0.6935596503326525,classification_age; record_completeness,high,Molecular consequence was not recognized from older HGVS text.; Missing older fields: phenotypes; Gene text differed between snapshots.,model over-predicted benign,unreviewed,,pass,recorded hidden_test_predictions.csv
V6,564247,not recorded,PCSK6;SNRPA1;CHSY1;SELENOS;TM2D3;TARS3;OR4F6;OR4F15,Uncertain significance,Likely benign,moved_toward_benign,moved_toward_benign,0.25873430334052955,0.25873430334052955,true,low-confidence,0.7412656966594704,classification_age; record_completeness,high,Molecular consequence was not recognized from older HGVS text.; Missing older fields: phenotypes; Gene text differed between snapshots.,unknown,unreviewed,,pass,recorded hidden_test_predictions.csv
V6,564755,not recorded,PUDP;VCX3A;PNPLA4;VCX;STS,Uncertain significance,Pathogenic,moved_toward_pathogenic,moved_toward_benign,0.452898739456722,0.452898739456722,false,low-confidence,0.547101260543278,classification_age; record_completeness,high,Molecular consequence was not recognized from older HGVS text.; Missing older fields: phenotypes; Gene text differed between snapshots.,model over-predicted benign,unreviewed,,pass,recorded hidden_test_predictions.csv
V6,564852,not recorded,EDA2R,Uncertain significance,Likely benign,moved_toward_benign,moved_toward_benign,0.29419991001003704,0.29419991001003704,true,low-confidence,0.705800089989963,classification_age; record_completeness,high,Molecular consequence was not recognized from older HGVS text.; Missing older fields: phenotypes,unknown,unreviewed,,pass,recorded hidden_test_predictions.csv
V6,565347,not recorded,REEP1,Uncertain significance,Likely benign,moved_toward_benign,moved_toward_benign,0.021299627992378306,0.021299627992378306,true,correct high-confidence,0.9787003720076217,synonymous_consequence; criteria_without_conflict; classification_age; record_completeness,high,Condition aggregation differed between snapshots.,unknown,unreviewed,,pass,recorded hidden_test_predictions.csv
V6,565364,not recorded,KIF1C,Uncertain significance,Likely benign,moved_toward_benign,moved_toward_pathogenic,0.5656491520562389,0.5656491520562389,false,low-confidence,0.5656491520562389,missense_consequence; criteria_without_conflict; classification_age; record_completeness,high,Condition aggregation differed between snapshots.,model over-predicted pathogenic,unreviewed,,pass,recorded hidden_test_predictions.csv
V6,565484,not recorded,MEGF8,Uncertain significance,Likely benign,moved_toward_benign,moved_toward_pathogenic,0.8489683432174576,0.8489683432174576,false,wrong high-confidence,0.8489683432174576,missense_consequence; criteria_without_conflict; classification_age; record_completeness,high,Condition aggregation differed between snapshots.,model over-predicted pathogenic,unreviewed,,pass,recorded hidden_test_predictions.csv
V6,565525,not recorded,LAMA2,Uncertain significance,Likely benign,moved_toward_benign,moved_toward_pathogenic,0.5690071902928681,0.5690071902928681,false,low-confidence,0.5690071902928681,missense_consequence; criteria_without_conflict; classification_age; record_completeness,high,,model over-predicted pathogenic,unreviewed,,pass,recorded hidden_test_predictions.csv
V6,565686,not recorded,MEFV,Uncertain significance,Likely benign,moved_toward_benign,moved_toward_benign,0.007300580509487107,0.007300580509487107,true,correct high-confidence,0.9926994194905129,synonymous_consequence; criteria_without_conflict; classification_age; record_completeness,high,,unknown,unreviewed,,pass,recorded hidden_test_predictions.csv
V6,565722,not recorded,GAD1,Uncertain significance,Pathogenic,moved_toward_pathogenic,moved_toward_pathogenic,0.999557678262477,0.999557678262477,true,correct high-confidence,0.999557678262477,loss_of_function_consequence; criteria_without_conflict; classification_age; record_completeness,high,Condition aggregation differed between snapshots.,unknown,unreviewed,,pass,recorded hidden_test_predictions.csv
V6,566009,not recorded,KIF1B,Uncertain significance,Likely benign,moved_toward_benign,moved_toward_benign,0.019794480905077343,0.019794480905077343,true,correct high-confidence,0.9802055190949227,synonymous_consequence; criteria_without_conflict; classification_age; record_completeness,high,Condition aggregation differed between snapshots.,unknown,unreviewed,,pass,recorded hidden_test_predictions.csv
V6,566509,not recorded,PFKM,Uncertain significance,Likely benign,moved_toward_benign,moved_toward_benign,0.019809794810149006,0.019809794810149006,true,correct high-confidence,0.980190205189851,synonymous_consequence; criteria_without_conflict; classification_age; record_completeness,high,,unknown,unreviewed,,pass,recorded hidden_test_predictions.csv
V6,566527,not recorded,KRIT1,Uncertain significance,Likely pathogenic,moved_toward_pathogenic,moved_toward_benign,0.12569166301293658,0.12569166301293658,false,wrong high-confidence,0.8743083369870635,noncoding_consequence; criteria_without_conflict; classification_age; record_completeness,high,,model over-predicted benign,unreviewed,,pass,recorded hidden_test_predictions.csv
V6,566763,not recorded,RELN,Uncertain significance,Likely benign,moved_toward_benign,moved_toward_pathogenic,0.5711725754804103,0.5711725754804103,false,low-confidence,0.5711725754804103,missense_consequence; criteria_without_conflict; classification_age; record_completeness,high,Condition aggregation differed between snapshots.,model over-predicted pathogenic,unreviewed,,pass,recorded hidden_test_predictions.csv
V6,567106,not recorded,PRKDC,Uncertain significance,Likely benign,moved_toward_benign,moved_toward_pathogenic,0.5724286520838675,0.5724286520838675,false,low-confidence,0.5724286520838675,missense_consequence; criteria_without_conflict; classification_age; record_completeness,high,Condition aggregation differed between snapshots.,model over-predicted pathogenic,unreviewed,,pass,recorded hidden_test_predictions.csv
V6,567148,not recorded,ACTA1,Uncertain significance,Likely benign,moved_toward_benign,moved_toward_benign,0.018713070036055678,0.018713070036055678,true,correct high-confidence,0.9812869299639443,synonymous_consequence; criteria_without_conflict; classification_age; record_completeness,high,Condition aggregation differed between snapshots.,unknown,unreviewed,,pass,recorded hidden_test_predictions.csv
V6,567233,not recorded,DNMT3B,Uncertain significance,Likely benign,moved_toward_benign,moved_toward_benign,0.01846004368939536,0.01846004368939536,true,correct high-confidence,0.9815399563106046,synonymous_consequence; criteria_without_conflict; classification_age; record_completeness,high,,unknown,unreviewed,,pass,recorded hidden_test_predictions.csv
V6,567339,not recorded,EHMT1,Uncertain significance,Likely benign,moved_toward_benign,moved_toward_pathogenic,0.5663492511025038,0.5663492511025038,false,low-confidence,0.5663492511025038,missense_consequence; criteria_without_conflict; classification_age; record_completeness,high,Condition aggregation differed between snapshots.,model over-predicted pathogenic,unreviewed,,pass,recorded hidden_test_predictions.csv
V6,567712,not recorded,INF2,Uncertain significance,Benign,moved_toward_benign,moved_toward_pathogenic,0.561162428493671,0.561162428493671,false,low-confidence,0.561162428493671,missense_consequence; criteria_without_conflict; classification_age; record_completeness,high,Condition aggregation differed between snapshots.,model over-predicted pathogenic,unreviewed,,pass,recorded hidden_test_predictions.csv
V6,568419,not recorded,NHS,Uncertain significance,Benign,moved_toward_benign,moved_toward_pathogenic,0.5736140901514778,0.5736140901514778,false,low-confidence,0.5736140901514778,missense_consequence; criteria_without_conflict; classification_age; record_completeness,high,,model over-predicted pathogenic,unreviewed,,pass,recorded hidden_test_predictions.csv
V6,569249,not recorded,DNAJB6,Uncertain significance,Likely benign,moved_toward_benign,moved_toward_benign,0.12628232501467726,0.12628232501467726,true,correct high-confidence,0.8737176749853227,noncoding_consequence; criteria_without_conflict; classification_age; record_completeness,high,Condition aggregation differed between snapshots.,unknown,unreviewed,,pass,recorded hidden_test_predictions.csv
V6,569856,not recorded,CYP2U1,Uncertain significance,Likely benign,moved_toward_benign,moved_toward_pathogenic,0.5701251433917524,0.5701251433917524,false,low-confidence,0.5701251433917524,missense_consequence; criteria_without_conflict; classification_age; record_completeness,high,Condition aggregation differed between snapshots.,model over-predicted pathogenic,unreviewed,,pass,recorded hidden_test_predictions.csv
V6,570694,not recorded,BRAT1,Uncertain significance,Likely benign,moved_toward_benign,moved_toward_benign,0.019779178599490577,0.019779178599490577,true,correct high-confidence,0.9802208214005095,synonymous_consequence; criteria_without_conflict; classification_age; record_completeness,high,Condition aggregation differed between snapshots.,unknown,unreviewed,,pass,recorded hidden_test_predictions.csv
V6,570843,not recorded,TERT,Uncertain significance,Likely benign,moved_toward_benign,moved_toward_benign,0.021224648715181437,0.021224648715181437,true,correct high-confidence,0.9787753512848185,synonymous_consequence; criteria_without_conflict; classification_age; record_completeness,high,Condition aggregation differed between snapshots.,unknown,unreviewed,,pass,recorded hidden_test_predictions.csv
V6,570969,not recorded,KLHL40,Uncertain significance,Likely benign,moved_toward_benign,moved_toward_benign,0.019140014076982726,0.019140014076982726,true,correct high-confidence,0.9808599859230173,synonymous_consequence; criteria_without_conflict; classification_age; record_completeness,high,,unknown,unreviewed,,pass,recorded hidden_test_predictions.csv
V6,571097,not recorded,AMPD2,Uncertain significance,Likely pathogenic,moved_toward_pathogenic,moved_toward_pathogenic,0.5672589836951876,0.5672589836951876,true,low-confidence,0.5672589836951876,missense_consequence; criteria_without_conflict; classification_age; record_completeness,high,Condition aggregation differed between snapshots.,unknown,unreviewed,,pass,recorded hidden_test_predictions.csv
V6,572525,not recorded,CTNNA3,Uncertain significance,Likely benign,moved_toward_benign,moved_toward_benign,0.019971293254358494,0.019971293254358494,true,correct high-confidence,0.9800287067456415,synonymous_consequence; criteria_without_conflict; classification_age; record_completeness,high,Condition aggregation differed between snapshots.,unknown,unreviewed,,pass,recorded hidden_test_predictions.csv
V6,573475,not recorded,RAG2,Uncertain significance,Likely benign,moved_toward_benign,moved_toward_benign,0.4786669542696479,0.4786669542696479,true,low-confidence,0.5213330457303521,missense_consequence; criteria_without_conflict; classification_age; record_completeness,high,Condition aggregation differed between snapshots.,unknown,unreviewed,,pass,recorded hidden_test_predictions.csv
V6,573562,not recorded,TRPM4,Uncertain significance,Likely benign,moved_toward_benign,moved_toward_benign,0.12117386419146446,0.12117386419146446,true,correct high-confidence,0.8788261358085355,noncoding_consequence; criteria_without_conflict; classification_age; record_completeness,high,,unknown,unreviewed,,pass,recorded hidden_test_predictions.csv
V6,573760,not recorded,TBC1D24,Uncertain significance,Likely benign,moved_toward_benign,moved_toward_benign,0.018534915050850018,0.018534915050850018,true,correct high-confidence,0.98146508494915,synonymous_consequence; criteria_without_conflict; classification_age; record_completeness,high,Condition aggregation differed between snapshots.,unknown,unreviewed,,pass,recorded hidden_test_predictions.csv
V6,574110,not recorded,PRSS1,Uncertain significance,Likely benign,moved_toward_benign,moved_toward_benign,0.01919875493135778,0.01919875493135778,true,correct high-confidence,0.9808012450686422,synonymous_consequence; criteria_without_conflict; classification_age; record_completeness,high,,unknown,unreviewed,,pass,recorded hidden_test_predictions.csv
V6,574444,not recorded,PLEKHM2,Uncertain significance,Likely benign,moved_toward_benign,moved_toward_benign,0.018509924885340975,0.018509924885340975,true,correct high-confidence,0.981490075114659,synonymous_consequence; criteria_without_conflict; classification_age; record_completeness,high,,unknown,unreviewed,,pass,recorded hidden_test_predictions.csv
V6,574468,not recorded,CTNS,Uncertain significance,Likely benign,moved_toward_benign,moved_toward_pathogenic,0.6559536781845294,0.6559536781845294,false,low-confidence,0.6559536781845294,missense_consequence; criteria_without_conflict; classification_age; record_completeness,high,Condition aggregation differed between snapshots.,model over-predicted pathogenic,unreviewed,,pass,recorded hidden_test_predictions.csv
V6,574657,not recorded,PNKP,Uncertain significance,Likely benign,moved_toward_benign,moved_toward_benign,0.01989422900548716,0.01989422900548716,true,correct high-confidence,0.9801057709945128,synonymous_consequence; criteria_without_conflict; classification_age; record_completeness,high,Condition aggregation differed between snapshots.,unknown,unreviewed,,pass,recorded hidden_test_predictions.csv
V6,574691,not recorded,PDCD10,Uncertain significance,Pathogenic/Likely pathogenic,moved_toward_pathogenic,moved_toward_pathogenic,0.9989842772071383,0.9989842772071383,true,correct high-confidence,0.9989842772071383,loss_of_function_consequence; criteria_without_conflict; classification_age; record_completeness,high,Condition aggregation differed between snapshots.,unknown,unreviewed,,pass,recorded hidden_test_predictions.csv
V6,575106,not recorded,MBD5,Uncertain significance,Likely benign,moved_toward_benign,moved_toward_benign,0.34327475412757347,0.34327475412757347,true,low-confidence,0.6567252458724265,missense_consequence; criteria_without_conflict; classification_age; record_completeness,high,Condition aggregation differed between snapshots.,unknown,unreviewed,,pass,recorded hidden_test_predictions.csv
V6,576382,not recorded,CASP10,Uncertain significance,Likely benign,moved_toward_benign,moved_toward_benign,0.018697013396287807,0.018697013396287807,true,correct high-confidence,0.9813029866037122,synonymous_consequence; criteria_without_conflict; classification_age; record_completeness,high,Condition aggregation differed between snapshots.,unknown,unreviewed,,pass,recorded hidden_test_predictions.csv
V6,576822,not recorded,CASQ2,Uncertain significance,Likely benign,moved_toward_benign,moved_toward_benign,0.01962693757078231,0.01962693757078231,true,correct high-confidence,0.9803730624292177,synonymous_consequence; criteria_without_conflict; classification_age; record_completeness,high,Condition aggregation differed between snapshots.,unknown,unreviewed,,pass,recorded hidden_test_predictions.csv
V6,577491,not recorded,LRSAM1,Uncertain significance,Likely benign,moved_toward_benign,moved_toward_benign,0.018469103177156887,0.018469103177156887,true,correct high-confidence,0.9815308968228431,synonymous_consequence; criteria_without_conflict; classification_age; record_completeness,high,Condition aggregation differed between snapshots.,unknown,unreviewed,,pass,recorded hidden_test_predictions.csv
V6,578027,not recorded,RYR3,Uncertain significance,Likely benign,moved_toward_benign,moved_toward_pathogenic,0.5548361815168302,0.5548361815168302,false,low-confidence,0.5548361815168302,missense_consequence; criteria_without_conflict; classification_age; record_completeness,high,,model over-predicted pathogenic,unreviewed,,pass,recorded hidden_test_predictions.csv
V6,578097,not recorded,SMARCE1,Uncertain significance,Likely benign,moved_toward_benign,moved_toward_benign,0.009797202475025992,0.009797202475025992,true,correct high-confidence,0.990202797524974,synonymous_consequence; criteria_without_conflict; classification_age; record_completeness,high,Condition aggregation differed between snapshots.,unknown,unreviewed,,pass,recorded hidden_test_predictions.csv
V6,578230,not recorded,BIN1,Uncertain significance,Likely benign,moved_toward_benign,moved_toward_benign,0.12206222447087453,0.12206222447087453,true,correct high-confidence,0.8779377755291254,noncoding_consequence; criteria_without_conflict; classification_age; record_completeness,high,,unknown,unreviewed,,pass,recorded hidden_test_predictions.csv
V6,578279,not recorded,KCNA2,Uncertain significance,Likely benign,moved_toward_benign,moved_toward_pathogenic,0.5634070875656606,0.5634070875656606,false,low-confidence,0.5634070875656606,missense_consequence; criteria_without_conflict; classification_age; record_completeness,high,Condition aggregation differed between snapshots.,model over-predicted pathogenic,unreviewed,,pass,recorded hidden_test_predictions.csv
V6,578314,not recorded,MAT1A,Uncertain significance,Pathogenic,moved_toward_pathogenic,moved_toward_benign,0.47715931217464136,0.47715931217464136,false,low-confidence,0.5228406878253586,missense_consequence; criteria_without_conflict; classification_age; record_completeness,high,,model over-predicted benign,unreviewed,,pass,recorded hidden_test_predictions.csv
V6,578629,not recorded,NEXMIF,Uncertain significance,Benign,moved_toward_benign,moved_toward_pathogenic,0.5701949918415771,0.5701949918415771,false,low-confidence,0.5701949918415771,missense_consequence; criteria_without_conflict; classification_age; record_completeness,high,Condition aggregation differed between snapshots.,model over-predicted pathogenic,unreviewed,,pass,recorded hidden_test_predictions.csv
V6,578685,not recorded,ANK2,Uncertain significance,Likely benign,moved_toward_benign,moved_toward_benign,0.01974860875311006,0.01974860875311006,true,correct high-confidence,0.98025139124689,synonymous_consequence; criteria_without_conflict; classification_age; record_completeness,high,Condition aggregation differed between snapshots.,unknown,unreviewed,,pass,recorded hidden_test_predictions.csv
V6,578999,not recorded,IQSEC2,Uncertain significance,Likely benign,moved_toward_benign,moved_toward_pathogenic,0.5667691836341567,0.5667691836341567,false,low-confidence,0.5667691836341567,missense_consequence; criteria_without_conflict; classification_age; record_completeness,high,Condition aggregation differed between snapshots.,model over-predicted pathogenic,unreviewed,,pass,recorded hidden_test_predictions.csv
V6,579175,not recorded,FASN,Uncertain significance,Likely benign,moved_toward_benign,moved_toward_benign,0.018995096137662468,0.018995096137662468,true,correct high-confidence,0.9810049038623375,synonymous_consequence; criteria_without_conflict; classification_age; record_completeness,high,,unknown,unreviewed,,pass,recorded hidden_test_predictions.csv
V6,579631,not recorded,DNAAF2,Uncertain significance,Likely benign,moved_toward_benign,moved_toward_benign,0.020804619110723743,0.020804619110723743,true,correct high-confidence,0.9791953808892763,synonymous_consequence; criteria_without_conflict; classification_age; record_completeness,high,Condition aggregation differed between snapshots.,unknown,unreviewed,,pass,recorded hidden_test_predictions.csv
V6,579877,not recorded,D2HGDH,Uncertain significance,Pathogenic,moved_toward_pathogenic,moved_toward_pathogenic,0.9995264668763526,0.9995264668763526,true,correct high-confidence,0.9995264668763526,loss_of_function_consequence; criteria_without_conflict; classification_age; record_completeness,high,,unknown,unreviewed,,pass,recorded hidden_test_predictions.csv
V6,580161,not recorded,DKC1,Uncertain significance,Likely benign,moved_toward_benign,moved_toward_pathogenic,0.5638276749685415,0.5638276749685415,false,low-confidence,0.5638276749685415,missense_consequence; criteria_without_conflict; classification_age; record_completeness,high,,model over-predicted pathogenic,unreviewed,,pass,recorded hidden_test_predictions.csv
V6,580303,not recorded,PMS2,Uncertain significance,Likely benign,moved_toward_benign,moved_toward_benign,0.120285806908766,0.120285806908766,true,correct high-confidence,0.879714193091234,noncoding_consequence; criteria_without_conflict; classification_age; record_completeness,high,,unknown,unreviewed,,pass,recorded hidden_test_predictions.csv
V6,580663,not recorded,KIT,Uncertain significance,Likely benign,moved_toward_benign,moved_toward_benign,0.07574976976576583,0.07574976976576583,true,correct high-confidence,0.9242502302342341,noncoding_consequence; criteria_without_conflict; classification_age; record_completeness,high,Condition aggregation differed between snapshots.,unknown,unreviewed,,pass,recorded hidden_test_predictions.csv
V6,581349,not recorded,NPC1,Uncertain significance,Likely pathogenic,moved_toward_pathogenic,moved_toward_pathogenic,0.5659992345017751,0.5659992345017751,true,low-confidence,0.5659992345017751,missense_consequence; criteria_without_conflict; classification_age; record_completeness,high,Condition aggregation differed between snapshots.,unknown,unreviewed,,pass,recorded hidden_test_predictions.csv
V6,581413,not recorded,POMT2,Uncertain significance,Likely benign,moved_toward_benign,moved_toward_benign,0.12333032896764824,0.12333032896764824,true,correct high-confidence,0.8766696710323517,noncoding_consequence; criteria_without_conflict; classification_age; record_completeness,high,Condition aggregation differed between snapshots.,unknown,unreviewed,,pass,recorded hidden_test_predictions.csv
V6,581490,not recorded,GFI1,Uncertain significance,Likely benign,moved_toward_benign,moved_toward_benign,0.020951927628684013,0.020951927628684013,true,correct high-confidence,0.979048072371316,synonymous_consequence; criteria_without_conflict; classification_age; record_completeness,high,Condition aggregation differed between snapshots.,unknown,unreviewed,,pass,recorded hidden_test_predictions.csv
V6,581512,not recorded,FBXO38,Uncertain significance,Likely benign,moved_toward_benign,moved_toward_benign,0.3826943001494121,0.3826943001494121,true,low-confidence,0.6173056998505879,missense_consequence; criteria_without_conflict; classification_age; record_completeness,high,Condition aggregation differed between snapshots.,unknown,unreviewed,,pass,recorded hidden_test_predictions.csv
V6,581865,not recorded,CR2,Uncertain significance,Pathogenic,moved_toward_pathogenic,moved_toward_pathogenic,0.9995618346033861,0.9995618346033861,true,correct high-confidence,0.9995618346033861,loss_of_function_consequence; criteria_without_conflict; classification_age; record_completeness,high,Condition aggregation differed between snapshots.,unknown,unreviewed,,pass,recorded hidden_test_predictions.csv
V6,581877,not recorded,SDHD,Uncertain significance,Likely benign,moved_toward_benign,moved_toward_benign,0.021806152442829057,0.021806152442829057,true,correct high-confidence,0.978193847557171,synonymous_consequence; criteria_without_conflict; classification_age; record_completeness,high,Condition aggregation differed between snapshots.,unknown,unreviewed,,pass,recorded hidden_test_predictions.csv
V6,581958,not recorded,CHRNE,Uncertain significance,Likely benign,moved_toward_benign,moved_toward_benign,0.02016801227606565,0.02016801227606565,true,correct high-confidence,0.9798319877239343,synonymous_consequence; criteria_without_conflict; classification_age; record_completeness,high,Condition aggregation differed between snapshots.,unknown,unreviewed,,pass,recorded hidden_test_predictions.csv
V6,582169,not recorded,MMACHC,Uncertain significance,Likely benign,moved_toward_benign,moved_toward_pathogenic,0.5676087604684944,0.5676087604684944,false,low-confidence,0.5676087604684944,missense_consequence; criteria_without_conflict; classification_age; record_completeness,high,,model over-predicted pathogenic,unreviewed,,pass,recorded hidden_test_predictions.csv
V6,582920,not recorded,STAT3,Uncertain significance,Likely benign,moved_toward_benign,moved_toward_pathogenic,0.5652289666809289,0.5652289666809289,false,low-confidence,0.5652289666809289,missense_consequence; criteria_without_conflict; classification_age; record_completeness,high,Condition aggregation differed between snapshots.,model over-predicted pathogenic,unreviewed,,pass,recorded hidden_test_predictions.csv
V6,582922,not recorded,ATP7B,Uncertain significance,Pathogenic,moved_toward_pathogenic,moved_toward_pathogenic,0.5559622077141826,0.5559622077141826,true,low-confidence,0.5559622077141826,missense_consequence; criteria_without_conflict; classification_age; record_completeness,high,,unknown,unreviewed,,pass,recorded hidden_test_predictions.csv
V6,583717,not recorded,DPM1,Uncertain significance,Likely pathogenic,moved_toward_pathogenic,moved_toward_pathogenic,0.9758486193507123,0.9758486193507123,true,correct high-confidence,0.9758486193507123,criteria_without_conflict; classification_age; record_completeness,high,Molecular consequence was not recognized from older HGVS text.,unknown,unreviewed,,pass,recorded hidden_test_predictions.csv
V6,583968,not recorded,TPK1,Uncertain significance,Pathogenic,moved_toward_pathogenic,moved_toward_pathogenic,0.9764658355753262,0.9764658355753262,true,correct high-confidence,0.9764658355753262,criteria_without_conflict; classification_age; record_completeness,high,Molecular consequence was not recognized from older HGVS text.; Condition aggregation differed between snapshots.,unknown,unreviewed,,pass,recorded hidden_test_predictions.csv
V6,586794,not recorded,HNF1A,Uncertain significance,Likely pathogenic,moved_toward_pathogenic,moved_toward_benign,0.06655959909245589,0.06655959909245589,false,wrong high-confidence,0.9334404009075441,missense_consequence; multiple_agreeing_submitters; criteria_without_conflict; classification_age; record_completeness,high,Condition aggregation differed between snapshots.,model over-predicted benign,unreviewed,,pass,recorded hidden_test_predictions.csv
V6,588294,not recorded,HDAC8,Uncertain significance,Benign/Likely benign,moved_toward_benign,moved_toward_pathogenic,0.7271053321938404,0.7271053321938404,false,low-confidence,0.7271053321938404,missense_consequence; criteria_without_conflict; classification_age; record_completeness,high,Condition aggregation differed between snapshots.,model over-predicted pathogenic,unreviewed,,pass,recorded hidden_test_predictions.csv
V6,588378,not recorded,LINS1,Uncertain significance,Likely benign,moved_toward_benign,moved_toward_pathogenic,0.5642481705694012,0.5642481705694012,false,low-confidence,0.5642481705694012,missense_consequence; criteria_without_conflict; classification_age; record_completeness,high,Condition aggregation differed between snapshots.,model over-predicted pathogenic,unreviewed,,pass,recorded hidden_test_predictions.csv
V6,590835,not recorded,HLCS,Uncertain significance,Pathogenic,moved_toward_pathogenic,moved_toward_pathogenic,0.9999406803951171,0.9999406803951171,true,correct high-confidence,0.9999406803951171,canonical_splice_consequence; classification_age; record_completeness,high,,unknown,unreviewed,,pass,recorded hidden_test_predictions.csv
V6,590907,not recorded,NRXN3,Uncertain significance,Benign,moved_toward_benign,moved_toward_benign,0.0011188958509451947,0.0011188958509451947,true,correct high-confidence,0.9988811041490548,noncoding_consequence; classification_age; record_completeness,high,Condition aggregation differed between snapshots.,unknown,unreviewed,,pass,recorded hidden_test_predictions.csv
V6,590957,not recorded,TBX20,Uncertain significance,Likely pathogenic,moved_toward_pathogenic,moved_toward_pathogenic,0.9999363461874775,0.9999363461874775,true,correct high-confidence,0.9999363461874775,loss_of_function_consequence; classification_age; record_completeness,high,Condition aggregation differed between snapshots.,unknown,unreviewed,,pass,recorded hidden_test_predictions.csv
V6,591094,not recorded,ETFDH,Uncertain significance,Likely pathogenic,moved_toward_pathogenic,moved_toward_pathogenic,0.9999281235785559,0.9999281235785559,true,correct high-confidence,0.9999281235785559,canonical_splice_consequence; classification_age; record_completeness,high,Missing older fields: phenotypes; Condition aggregation differed between snapshots.,unknown,unreviewed,,pass,recorded hidden_test_predictions.csv
V6,591215,not recorded,RAI1,Uncertain significance,Benign/Likely benign,moved_toward_benign,moved_toward_benign,0.28405723149910683,0.28405723149910683,true,low-confidence,0.7159427685008932,classification_age; record_completeness,high,In-frame indel was recognized but has zero Version 1 points.; Missing older fields: phenotypes,unknown,unreviewed,,pass,recorded hidden_test_predictions.csv
V6,591248,not recorded,FANCM,Uncertain significance,Pathogenic,moved_toward_pathogenic,moved_toward_pathogenic,0.9990061047456122,0.9990061047456122,true,correct high-confidence,0.9990061047456122,loss_of_function_consequence; classification_age; record_completeness,high,Missing older fields: phenotypes; Condition aggregation differed between snapshots.,unknown,unreviewed,,pass,recorded hidden_test_predictions.csv
V6,591265,not recorded,CACNG2-DT;IFT27,Uncertain significance,Likely pathogenic,moved_toward_pathogenic,moved_toward_pathogenic,0.9999281235785559,0.9999281235785559,true,correct high-confidence,0.9999281235785559,canonical_splice_consequence; classification_age; record_completeness,high,Missing older fields: phenotypes; Gene text differed between snapshots.,unknown,unreviewed,,pass,recorded hidden_test_predictions.csv
V6,591461,not recorded,TCTN3,Uncertain significance,Likely pathogenic,moved_toward_pathogenic,moved_toward_pathogenic,0.9999281235785559,0.9999281235785559,true,correct high-confidence,0.9999281235785559,canonical_splice_consequence; classification_age; record_completeness,high,Missing older fields: phenotypes; Condition aggregation differed between snapshots.,unknown,unreviewed,,pass,recorded hidden_test_predictions.csv
V6,591493,not recorded,BBS1;ZDHHC24,Uncertain significance,Likely pathogenic,moved_toward_pathogenic,moved_toward_pathogenic,0.9999281235785559,0.9999281235785559,true,correct high-confidence,0.9999281235785559,canonical_splice_consequence; classification_age; record_completeness,high,Missing older fields: phenotypes; Gene text differed between snapshots.; Condition aggregation differed between snapshots.,unknown,unreviewed,,pass,recorded hidden_test_predictions.csv
V6,591601,not recorded,DLL3,Uncertain significance,Likely pathogenic,moved_toward_pathogenic,moved_toward_pathogenic,0.9990061047456122,0.9990061047456122,true,correct high-confidence,0.9990061047456122,loss_of_function_consequence; classification_age; record_completeness,high,Missing older fields: phenotypes; Condition aggregation differed between snapshots.,unknown,unreviewed,,pass,recorded hidden_test_predictions.csv
V6,591620,not recorded,GLB1,Uncertain significance,Pathogenic,moved_toward_pathogenic,moved_toward_pathogenic,0.9990061047456122,0.9990061047456122,true,correct high-confidence,0.9990061047456122,loss_of_function_consequence; classification_age; record_completeness,high,Missing older fields: phenotypes; Condition aggregation differed between snapshots.,unknown,unreviewed,,pass,recorded hidden_test_predictions.csv
V6,591734,not recorded,SLC6A19,Uncertain significance,Pathogenic,moved_toward_pathogenic,moved_toward_pathogenic,0.9990061047456122,0.9990061047456122,true,correct high-confidence,0.9990061047456122,loss_of_function_consequence; classification_age; record_completeness,high,Missing older fields: phenotypes,unknown,unreviewed,,pass,recorded hidden_test_predictions.csv
V6,591741,not recorded,GNAS,Uncertain significance,Benign,moved_toward_benign,moved_toward_benign,0.004703878308478052,0.004703878308478052,true,correct high-confidence,0.9952961216915219,noncoding_consequence; classification_age; record_completeness,high,Missing older fields: phenotypes,unknown,unreviewed,,pass,recorded hidden_test_predictions.csv
V6,591750,not recorded,MNX1,Uncertain significance,Benign,moved_toward_benign,moved_toward_benign,0.28405723149910683,0.28405723149910683,true,low-confidence,0.7159427685008932,classification_age; record_completeness,high,In-frame indel was recognized but has zero Version 1 points.; Missing older fields: phenotypes,unknown,unreviewed,,pass,recorded hidden_test_predictions.csv
V6,591922,not recorded,SI,Uncertain significance,Pathogenic/Likely pathogenic,moved_toward_pathogenic,moved_toward_pathogenic,0.9990061047456122,0.9990061047456122,true,correct high-confidence,0.9990061047456122,loss_of_function_consequence; classification_age; record_completeness,high,Missing older fields: phenotypes; Condition aggregation differed between snapshots.,unknown,unreviewed,,pass,recorded hidden_test_predictions.csv
V6,591934,not recorded,MVK,Uncertain significance,Likely pathogenic,moved_toward_pathogenic,moved_toward_pathogenic,0.875971769581002,0.875971769581002,true,correct high-confidence,0.875971769581002,missense_consequence; classification_age; record_completeness,high,Missing older fields: phenotypes; Condition aggregation differed between snapshots.,unknown,unreviewed,,pass,recorded hidden_test_predictions.csv
V6,592017,not recorded,HOXA13;LOC107126288,Uncertain significance,Benign,moved_toward_benign,moved_toward_benign,0.28405723149910683,0.28405723149910683,true,low-confidence,0.7159427685008932,classification_age; record_completeness,high,In-frame indel was recognized but has zero Version 1 points.; Missing older fields: phenotypes; Gene text differed between snapshots.,unknown,unreviewed,,pass,recorded hidden_test_predictions.csv
V6,592123,not recorded,SOS1,Uncertain significance,Likely benign,moved_toward_benign,moved_toward_pathogenic,0.7859295986885937,0.7859295986885937,false,low-confidence,0.7859295986885937,missense_consequence; classification_age; record_completeness,high,Condition aggregation differed between snapshots.,model over-predicted pathogenic,unreviewed,,pass,recorded hidden_test_predictions.csv
V6,599163,not recorded,COL4A4,Uncertain significance,Pathogenic/Likely pathogenic,moved_toward_pathogenic,moved_toward_benign,0.007819381334609507,0.007819381334609507,false,wrong high-confidence,0.9921806186653905,synonymous_consequence; criteria_without_conflict; classification_age; record_completeness,high,Condition aggregation differed between snapshots.,model over-predicted benign,unreviewed,,pass,recorded hidden_test_predictions.csv
V6,617486,not recorded,RELA,Uncertain significance,Pathogenic,moved_toward_pathogenic,moved_toward_pathogenic,0.9986862432222523,0.9986862432222523,true,correct high-confidence,0.9986862432222523,loss_of_function_consequence; classification_age; record_completeness,high,Missing older fields: phenotypes,unknown,unreviewed,,pass,recorded hidden_test_predictions.csv
V6,619067,not recorded,CENPI,Uncertain significance,Likely benign,moved_toward_benign,moved_toward_pathogenic,0.825008927191013,0.825008927191013,false,wrong high-confidence,0.825008927191013,missense_consequence; classification_age; record_completeness,high,Condition aggregation differed between snapshots.,model over-predicted pathogenic,unreviewed,,pass,recorded hidden_test_predictions.csv
V6,623921,not recorded,TUBB4A,Uncertain significance,Likely pathogenic,moved_toward_pathogenic,moved_toward_pathogenic,0.8426832578935051,0.8426832578935051,true,correct high-confidence,0.8426832578935051,missense_consequence; criteria_without_conflict; classification_age; record_completeness,high,Missing older fields: phenotypes,unknown,unreviewed,,pass,recorded hidden_test_predictions.csv
V6,624388,not recorded,FRMPD4,Uncertain significance,Likely benign,moved_toward_benign,moved_toward_pathogenic,0.8687556742266794,0.8687556742266794,false,wrong high-confidence,0.8687556742266794,missense_consequence; criteria_without_conflict; classification_age; record_completeness,high,Missing older fields: phenotypes,model over-predicted pathogenic,unreviewed,,pass,recorded hidden_test_predictions.csv
V6,624434,not recorded,DRP2,Uncertain significance,Likely benign,moved_toward_benign,moved_toward_pathogenic,0.8911953477795518,0.8911953477795518,false,wrong high-confidence,0.8911953477795518,missense_consequence; criteria_without_conflict; classification_age; record_completeness,high,Missing older fields: phenotypes,model over-predicted pathogenic,unreviewed,,pass,recorded hidden_test_predictions.csv
V6,635415,not recorded,NEUROD1,Uncertain significance,Benign,moved_toward_benign,moved_toward_pathogenic,0.7945451303201345,0.7945451303201345,false,low-confidence,0.7945451303201345,missense_consequence; criteria_without_conflict; classification_age; record_completeness,high,,model over-predicted pathogenic,unreviewed,,pass,recorded hidden_test_predictions.csv
V6,637119,not recorded,GDAP1,Uncertain significance,Pathogenic,moved_toward_pathogenic,moved_toward_benign,0.39565147735064643,0.39565147735064643,false,low-confidence,0.6043485226493536,missense_consequence; record_completeness,high,Condition aggregation differed between snapshots.,model over-predicted benign,unreviewed,,pass,recorded hidden_test_predictions.csv
V6,637367,not recorded,NTRK1,Uncertain significance,Pathogenic,moved_toward_pathogenic,moved_toward_pathogenic,0.9984610710384428,0.9984610710384428,true,correct high-confidence,0.9984610710384428,loss_of_function_consequence; record_completeness,high,Condition aggregation differed between snapshots.,unknown,unreviewed,,pass,recorded hidden_test_predictions.csv
V6,637793,not recorded,MPZ,Uncertain significance,Likely pathogenic,moved_toward_pathogenic,moved_toward_benign,0.39565147735064643,0.39565147735064643,false,low-confidence,0.6043485226493536,missense_consequence; record_completeness,high,Condition aggregation differed between snapshots.,model over-predicted benign,unreviewed,,pass,recorded hidden_test_predictions.csv
V6,637943,not recorded,PRX,Uncertain significance,Pathogenic,moved_toward_pathogenic,moved_toward_pathogenic,0.9984610710384428,0.9984610710384428,true,correct high-confidence,0.9984610710384428,loss_of_function_consequence; record_completeness,high,Condition aggregation differed between snapshots.,unknown,unreviewed,,pass,recorded hidden_test_predictions.csv
V6,639003,not recorded,MED12,Uncertain significance,Likely benign,moved_toward_benign,moved_toward_pathogenic,0.5562436249285772,0.5562436249285772,false,low-confidence,0.5562436249285772,missense_consequence; criteria_without_conflict; classification_age; record_completeness,high,,model over-predicted pathogenic,unreviewed,,pass,recorded hidden_test_predictions.csv
V6,639356,not recorded,LGI1,Uncertain significance,Likely benign,moved_toward_benign,moved_toward_benign,0.01806294777755414,0.01806294777755414,true,correct high-confidence,0.9819370522224459,synonymous_consequence; criteria_without_conflict; classification_age; record_completeness,high,Condition aggregation differed between snapshots.,unknown,unreviewed,,pass,recorded hidden_test_predictions.csv
V6,640142,not recorded,SBF2,Uncertain significance,Likely benign,moved_toward_benign,moved_toward_benign,0.12362072728485962,0.12362072728485962,true,correct high-confidence,0.8763792727151404,noncoding_consequence; criteria_without_conflict; classification_age; record_completeness,high,,unknown,unreviewed,,pass,recorded hidden_test_predictions.csv
V6,640165,not recorded,ATP1A3,Uncertain significance,Likely pathogenic,moved_toward_pathogenic,moved_toward_pathogenic,0.999949877620209,0.999949877620209,true,correct high-confidence,0.999949877620209,canonical_splice_consequence; criteria_without_conflict; classification_age; record_completeness,high,,unknown,unreviewed,,pass,recorded hidden_test_predictions.csv
V6,640711,not recorded,GCH1,Uncertain significance,Likely pathogenic,moved_toward_pathogenic,moved_toward_pathogenic,0.5535687293079379,0.5535687293079379,true,low-confidence,0.5535687293079379,missense_consequence; criteria_without_conflict; classification_age; record_completeness,high,Condition aggregation differed between snapshots.,unknown,unreviewed,,pass,recorded hidden_test_predictions.csv
V6,640802,not recorded,STXBP2,Uncertain significance,Pathogenic/Likely pathogenic,moved_toward_pathogenic,moved_toward_pathogenic,0.5954311198485495,0.5954311198485495,true,low-confidence,0.5954311198485495,missense_consequence; criteria_without_conflict; classification_age; record_completeness,high,Condition aggregation differed between snapshots.,unknown,unreviewed,,pass,recorded hidden_test_predictions.csv
V6,641137,not recorded,ITGA7,Uncertain significance,Likely benign,moved_toward_benign,moved_toward_benign,0.019093148302039457,0.019093148302039457,true,correct high-confidence,0.9809068516979605,synonymous_consequence; criteria_without_conflict; classification_age; record_completeness,high,Condition aggregation differed between snapshots.,unknown,unreviewed,,pass,recorded hidden_test_predictions.csv
V6,641208,not recorded,CHRNB1,Uncertain significance,Likely benign,moved_toward_benign,moved_toward_benign,0.01955732552010046,0.01955732552010046,true,correct high-confidence,0.9804426744798995,synonymous_consequence; criteria_without_conflict; classification_age; record_completeness,high,Condition aggregation differed between snapshots.,unknown,unreviewed,,pass,recorded hidden_test_predictions.csv
V6,641487,not recorded,PRKAR1A,Uncertain significance,Likely benign,moved_toward_benign,moved_toward_benign,0.24812049651641918,0.24812049651641918,true,low-confidence,0.7518795034835808,noncoding_consequence; multiple_agreeing_submitters; criteria_without_conflict; classification_age; record_completeness,high,,unknown,unreviewed,,pass,recorded hidden_test_predictions.csv
V6,641771,not recorded,ACTB,Uncertain significance,Likely benign,moved_toward_benign,moved_toward_benign,0.019330976552376332,0.019330976552376332,true,correct high-confidence,0.9806690234476236,synonymous_consequence; criteria_without_conflict; classification_age; record_completeness,high,Condition aggregation differed between snapshots.,unknown,unreviewed,,pass,recorded hidden_test_predictions.csv
V6,642181,not recorded,ANO3,Uncertain significance,Likely benign,moved_toward_benign,moved_toward_pathogenic,0.5617939959565957,0.5617939959565957,false,low-confidence,0.5617939959565957,missense_consequence; criteria_without_conflict; classification_age; record_completeness,high,Condition aggregation differed between snapshots.,model over-predicted pathogenic,unreviewed,,pass,recorded hidden_test_predictions.csv
V6,642336,not recorded,PIGQ,Uncertain significance,Pathogenic,moved_toward_pathogenic,moved_toward_pathogenic,0.9994748521480418,0.9994748521480418,true,correct high-confidence,0.9994748521480418,loss_of_function_consequence; criteria_without_conflict; classification_age; record_completeness,high,,unknown,unreviewed,,pass,recorded hidden_test_predictions.csv
V6,642950,not recorded,TMEM138,Uncertain significance,Likely benign,moved_toward_benign,moved_toward_benign,0.01932150261960227,0.01932150261960227,true,correct high-confidence,0.9806784973803977,synonymous_consequence; criteria_without_conflict; classification_age; record_completeness,high,,unknown,unreviewed,,pass,recorded hidden_test_predictions.csv
V6,643517,not recorded,NGF,Uncertain significance,Likely benign,moved_toward_benign,moved_toward_benign,0.018093147451073644,0.018093147451073644,true,correct high-confidence,0.9819068525489264,synonymous_consequence; criteria_without_conflict; classification_age; record_completeness,high,,unknown,unreviewed,,pass,recorded hidden_test_predictions.csv
V6,644375,not recorded,SYNJ1,Uncertain significance,Likely benign,moved_toward_benign,moved_toward_benign,0.12855356075655638,0.12855356075655638,true,correct high-confidence,0.8714464392434436,noncoding_consequence; criteria_without_conflict; classification_age; record_completeness,high,Condition aggregation differed between snapshots.,unknown,unreviewed,,pass,recorded hidden_test_predictions.csv
V6,646032,not recorded,IRF8,Uncertain significance,Likely benign,moved_toward_benign,moved_toward_benign,0.018607802077830724,0.018607802077830724,true,correct high-confidence,0.9813921979221693,synonymous_consequence; criteria_without_conflict; classification_age; record_completeness,high,Condition aggregation differed between snapshots.,unknown,unreviewed,,pass,recorded hidden_test_predictions.csv
V6,646053,not recorded,PCCA,Uncertain significance,Pathogenic/Likely pathogenic,moved_toward_pathogenic,moved_toward_pathogenic,0.5568063509233618,0.5568063509233618,true,low-confidence,0.5568063509233618,missense_consequence; criteria_without_conflict; classification_age; record_completeness,high,,unknown,unreviewed,,pass,recorded hidden_test_predictions.csv
V6,648701,not recorded,MYL4,Uncertain significance,Likely pathogenic,moved_toward_pathogenic,moved_toward_pathogenic,0.9999696758593032,0.9999696758593032,true,correct high-confidence,0.9999696758593032,canonical_splice_consequence; criteria_without_conflict; classification_age; record_completeness,high,,unknown,unreviewed,,pass,recorded hidden_test_predictions.csv
V6,648992,not recorded,NAGS,Uncertain significance,Likely benign,moved_toward_benign,moved_toward_benign,0.007598326954714147,0.007598326954714147,true,correct high-confidence,0.9924016730452858,synonymous_consequence; criteria_without_conflict; classification_age; record_completeness,high,,unknown,unreviewed,,pass,recorded hidden_test_predictions.csv
V6,649359,not recorded,SYNGAP1,Uncertain significance,Benign/Likely benign,moved_toward_benign,moved_toward_benign,0.008113262672454904,0.008113262672454904,true,correct high-confidence,0.9918867373275451,synonymous_consequence; criteria_without_conflict; classification_age; record_completeness,high,Condition aggregation differed between snapshots.,unknown,unreviewed,,pass,recorded hidden_test_predictions.csv
V6,649670,not recorded,ITGB2,Uncertain significance,Likely benign,moved_toward_benign,moved_toward_benign,0.019380789458200248,0.019380789458200248,true,correct high-confidence,0.9806192105417998,synonymous_consequence; criteria_without_conflict; classification_age; record_completeness,high,,unknown,unreviewed,,pass,recorded hidden_test_predictions.csv
V6,649848,not recorded,MSX2,Uncertain significance,Likely benign,moved_toward_benign,moved_toward_benign,0.019044060339904616,0.019044060339904616,true,correct high-confidence,0.9809559396600954,synonymous_consequence; criteria_without_conflict; classification_age; record_completeness,high,Condition aggregation differed between snapshots.,unknown,unreviewed,,pass,recorded hidden_test_predictions.csv
V6,650052,not recorded,PDK3,Uncertain significance,Likely benign,moved_toward_benign,moved_toward_benign,0.019581302299287444,0.019581302299287444,true,correct high-confidence,0.9804186977007125,synonymous_consequence; criteria_without_conflict; classification_age; record_completeness,high,Condition aggregation differed between snapshots.,unknown,unreviewed,,pass,recorded hidden_test_predictions.csv
V6,650803,not recorded,CTSC,Uncertain significance,Likely benign,moved_toward_benign,moved_toward_benign,0.019530984295678615,0.019530984295678615,true,correct high-confidence,0.9804690157043214,synonymous_consequence; criteria_without_conflict; classification_age; record_completeness,high,Condition aggregation differed between snapshots.,unknown,unreviewed,,pass,recorded hidden_test_predictions.csv
V6,650951,not recorded,PRKCD,Uncertain significance,Likely benign,moved_toward_benign,moved_toward_benign,0.019588500948924215,0.019588500948924215,true,correct high-confidence,0.9804114990510758,synonymous_consequence; criteria_without_conflict; classification_age; record_completeness,high,Condition aggregation differed between snapshots.,unknown,unreviewed,,pass,recorded hidden_test_predictions.csv
V6,650974,not recorded,EGLN1,Uncertain significance,Likely benign,moved_toward_benign,moved_toward_benign,0.11448846728907261,0.11448846728907261,true,correct high-confidence,0.8855115327109274,noncoding_consequence; criteria_without_conflict; classification_age; record_completeness,high,,unknown,unreviewed,,pass,recorded hidden_test_predictions.csv
V6,651438,not recorded,BLM,Uncertain significance,Likely benign,moved_toward_benign,moved_toward_benign,0.01868326131947096,0.01868326131947096,true,correct high-confidence,0.981316738680529,synonymous_consequence; criteria_without_conflict; classification_age; record_completeness,high,,unknown,unreviewed,,pass,recorded hidden_test_predictions.csv
V6,651800,not recorded,CP,Uncertain significance,Likely benign,moved_toward_benign,moved_toward_pathogenic,0.5458792980552142,0.5458792980552142,false,low-confidence,0.5458792980552142,missense_consequence; criteria_without_conflict; classification_age; record_completeness,high,,model over-predicted pathogenic,unreviewed,,pass,recorded hidden_test_predictions.csv
V6,652110,not recorded,SPTAN1,Uncertain significance,Benign,moved_toward_benign,moved_toward_pathogenic,0.5627059061457038,0.5627059061457038,false,low-confidence,0.5627059061457038,missense_consequence; criteria_without_conflict; classification_age; record_completeness,high,,model over-predicted pathogenic,unreviewed,,pass,recorded hidden_test_predictions.csv
V6,652128,not recorded,FA2H,Uncertain significance,Likely benign,moved_toward_benign,moved_toward_pathogenic,0.5563139736006032,0.5563139736006032,false,low-confidence,0.5563139736006032,missense_consequence; criteria_without_conflict; classification_age; record_completeness,high,,model over-predicted pathogenic,unreviewed,,pass,recorded hidden_test_predictions.csv
V6,652290,not recorded,TMEM127,Uncertain significance,Pathogenic,moved_toward_pathogenic,moved_toward_pathogenic,0.999490720711586,0.999490720711586,true,correct high-confidence,0.999490720711586,loss_of_function_consequence; criteria_without_conflict; classification_age; record_completeness,high,Condition aggregation differed between snapshots.,unknown,unreviewed,,pass,recorded hidden_test_predictions.csv
V6,653758,not recorded,ADAM17,Uncertain significance,Likely benign,moved_toward_benign,moved_toward_benign,0.12906069267795836,0.12906069267795836,true,correct high-confidence,0.8709393073220416,noncoding_consequence; criteria_without_conflict; classification_age; record_completeness,high,Condition aggregation differed between snapshots.,unknown,unreviewed,,pass,recorded hidden_test_predictions.csv
V6,653802,not recorded,MYOM1,Uncertain significance,Likely benign,moved_toward_benign,moved_toward_benign,0.018694720694128843,0.018694720694128843,true,correct high-confidence,0.9813052793058712,synonymous_consequence; criteria_without_conflict; classification_age; record_completeness,high,,unknown,unreviewed,,pass,recorded hidden_test_predictions.csv
V6,654020,not recorded,AIRE,Uncertain significance,Likely benign,moved_toward_benign,moved_toward_benign,0.0076933577818578975,0.0076933577818578975,true,correct high-confidence,0.9923066422181421,synonymous_consequence; criteria_without_conflict; classification_age; record_completeness,high,,unknown,unreviewed,,pass,recorded hidden_test_predictions.csv
V6,654622,not recorded,STAT1,Uncertain significance,Likely benign,moved_toward_benign,moved_toward_benign,0.019314400157157952,0.019314400157157952,true,correct high-confidence,0.9806855998428421,synonymous_consequence; criteria_without_conflict; classification_age; record_completeness,high,Condition aggregation differed between snapshots.,unknown,unreviewed,,pass,recorded hidden_test_predictions.csv
V6,654694,not recorded,SLC25A22,Uncertain significance,Likely benign,moved_toward_benign,moved_toward_benign,0.019349938081273103,0.019349938081273103,true,correct high-confidence,0.980650061918727,synonymous_consequence; criteria_without_conflict; classification_age; record_completeness,high,,unknown,unreviewed,,pass,recorded hidden_test_predictions.csv
V6,654989,not recorded,UBA2,Uncertain significance,Pathogenic,moved_toward_pathogenic,moved_toward_pathogenic,0.9723184722621923,0.9723184722621923,true,correct high-confidence,0.9723184722621923,loss_of_function_consequence; criteria_without_conflict; classification_age; record_completeness,high,Missing older fields: phenotypes; Condition aggregation differed between snapshots.,unknown,unreviewed,,pass,recorded hidden_test_predictions.csv
V6,656052,not recorded,ADAMTS2,Uncertain significance,Likely benign,moved_toward_benign,moved_toward_benign,0.006448236918559303,0.006448236918559303,true,correct high-confidence,0.9935517630814407,synonymous_consequence; criteria_without_conflict; classification_age; record_completeness,high,Condition aggregation differed between snapshots.,unknown,unreviewed,,pass,recorded hidden_test_predictions.csv
V6,656564,not recorded,MCCC1,Uncertain significance,Likely benign,moved_toward_benign,moved_toward_pathogenic,0.6449190689336928,0.6449190689336928,false,low-confidence,0.6449190689336928,missense_consequence; criteria_without_conflict; classification_age; record_completeness,high,,model over-predicted pathogenic,unreviewed,,pass,recorded hidden_test_predictions.csv
V6,656762,not recorded,FARS2,Uncertain significance,Likely benign,moved_toward_benign,moved_toward_benign,0.42346155966957433,0.42346155966957433,true,low-confidence,0.5765384403304257,missense_consequence; criteria_without_conflict; classification_age; record_completeness,high,Condition aggregation differed between snapshots.,unknown,unreviewed,,pass,recorded hidden_test_predictions.csv
V6,656875,not recorded,FANCC,Uncertain significance,Likely benign,moved_toward_benign,moved_toward_benign,0.007913386744057251,0.007913386744057251,true,correct high-confidence,0.9920866132559427,synonymous_consequence; criteria_without_conflict; classification_age; record_completeness,high,Condition aggregation differed between snapshots.,unknown,unreviewed,,pass,recorded hidden_test_predictions.csv
V6,657585,not recorded,HMBS,Uncertain significance,Likely pathogenic,moved_toward_pathogenic,moved_toward_pathogenic,0.8661100175487796,0.8661100175487796,true,correct high-confidence,0.8661100175487796,missense_consequence; criteria_without_conflict; classification_age; record_completeness,high,Missing older fields: phenotypes,unknown,unreviewed,,pass,recorded hidden_test_predictions.csv
V6,658020,not recorded,KCNK3,Uncertain significance,Likely benign,moved_toward_benign,moved_toward_benign,0.09853452968000609,0.09853452968000609,true,correct high-confidence,0.9014654703199939,noncoding_consequence; criteria_without_conflict; classification_age; record_completeness,high,Condition aggregation differed between snapshots.,unknown,unreviewed,,pass,recorded hidden_test_predictions.csv
V6,659521,not recorded,MEGF10,Uncertain significance,Likely benign,moved_toward_benign,moved_toward_benign,0.019373665632826147,0.019373665632826147,true,correct high-confidence,0.9806263343671738,synonymous_consequence; criteria_without_conflict; classification_age; record_completeness,high,Condition aggregation differed between snapshots.,unknown,unreviewed,,pass,recorded hidden_test_predictions.csv
V6,659532,not recorded,PLEC,Uncertain significance,Likely benign,moved_toward_benign,moved_toward_benign,0.1267112999059015,0.1267112999059015,true,correct high-confidence,0.8732887000940985,noncoding_consequence; criteria_without_conflict; classification_age; record_completeness,high,Condition aggregation differed between snapshots.,unknown,unreviewed,,pass,recorded hidden_test_predictions.csv
V6,659721,not recorded,CTSD,Uncertain significance,Likely benign,moved_toward_benign,moved_toward_benign,0.0094484775380333,0.0094484775380333,true,correct high-confidence,0.9905515224619666,synonymous_consequence; criteria_without_conflict; classification_age; record_completeness,high,,unknown,unreviewed,,pass,recorded hidden_test_predictions.csv
V6,660111,not recorded,WDR19,Uncertain significance,Likely benign,moved_toward_benign,moved_toward_benign,0.01938554010155502,0.01938554010155502,true,correct high-confidence,0.980614459898445,synonymous_consequence; criteria_without_conflict; classification_age; record_completeness,high,Condition aggregation differed between snapshots.,unknown,unreviewed,,pass,recorded hidden_test_predictions.csv
V6,661487,not recorded,SGCE,Uncertain significance,Likely benign,moved_toward_benign,moved_toward_benign,0.0194879554588543,0.0194879554588543,true,correct high-confidence,0.9805120445411457,synonymous_consequence; criteria_without_conflict; classification_age; record_completeness,high,,unknown,unreviewed,,pass,recorded hidden_test_predictions.csv
V6,661675,not recorded,TNNI3,Uncertain significance,Likely benign,moved_toward_benign,moved_toward_benign,0.12779223286909083,0.12779223286909083,true,correct high-confidence,0.8722077671309092,noncoding_consequence; criteria_without_conflict; classification_age; record_completeness,high,,unknown,unreviewed,,pass,recorded hidden_test_predictions.csv
V6,661824,not recorded,CACNA1S,Uncertain significance,Likely benign,moved_toward_benign,moved_toward_pathogenic,0.5628461625699962,0.5628461625699962,false,low-confidence,0.5628461625699962,missense_consequence; criteria_without_conflict; classification_age; record_completeness,high,Condition aggregation differed between snapshots.,model over-predicted pathogenic,unreviewed,,pass,recorded hidden_test_predictions.csv
V6,662252,not recorded,CTNNA1,Uncertain significance,Likely benign,moved_toward_benign,moved_toward_benign,0.15901566587016241,0.15901566587016241,true,correct high-confidence,0.8409843341298375,noncoding_consequence; criteria_without_conflict; classification_age; record_completeness,high,Missing older fields: phenotypes; Condition aggregation differed between snapshots.,unknown,unreviewed,,pass,recorded hidden_test_predictions.csv
V6,662296,not recorded,YARS1,Uncertain significance,Pathogenic/Likely pathogenic,moved_toward_pathogenic,moved_toward_pathogenic,0.7133194199046016,0.7133194199046016,true,low-confidence,0.7133194199046016,missense_consequence; multiple_agreeing_submitters; criteria_without_conflict; classification_age; record_completeness,high,Condition aggregation differed between snapshots.,unknown,unreviewed,,pass,recorded hidden_test_predictions.csv
V6,662394,not recorded,MYLK,Uncertain significance,Likely benign,moved_toward_benign,moved_toward_benign,0.12409601871130192,0.12409601871130192,true,correct high-confidence,0.8759039812886981,noncoding_consequence; criteria_without_conflict; classification_age; record_completeness,high,,unknown,unreviewed,,pass,recorded hidden_test_predictions.csv
V6,662502,not recorded,SATB2,Uncertain significance,Benign,moved_toward_benign,moved_toward_benign,0.3368379611999322,0.3368379611999322,true,low-confidence,0.6631620388000679,missense_consequence; criteria_without_conflict; classification_age; record_completeness,high,,unknown,unreviewed,,pass,recorded hidden_test_predictions.csv
V6,662665,not recorded,FBN1,Uncertain significance,Likely pathogenic,moved_toward_pathogenic,moved_toward_pathogenic,0.551384270619935,0.551384270619935,true,low-confidence,0.551384270619935,missense_consequence; criteria_without_conflict; classification_age; record_completeness,high,,unknown,unreviewed,,pass,recorded hidden_test_predictions.csv
V6,663038,not recorded,DNAH11,Uncertain significance,Benign,moved_toward_benign,moved_toward_pathogenic,0.5519481951762065,0.5519481951762065,false,low-confidence,0.5519481951762065,missense_consequence; criteria_without_conflict; classification_age; record_completeness,high,Condition aggregation differed between snapshots.,model over-predicted pathogenic,unreviewed,,pass,recorded hidden_test_predictions.csv
V6,663381,not recorded,HCFC1,Uncertain significance,Benign/Likely benign,moved_toward_benign,moved_toward_pathogenic,0.7402914524889972,0.7402914524889972,false,low-confidence,0.7402914524889972,multiple_agreeing_submitters; criteria_without_conflict; classification_age; record_completeness,high,In-frame indel was recognized but has zero Version 1 points.; Condition aggregation differed between snapshots.,model over-predicted pathogenic,unreviewed,,pass,recorded hidden_test_predictions.csv
V6,663574,not recorded,ABRAXAS1,Uncertain significance,Likely benign,moved_toward_benign,moved_toward_benign,0.004297710194020229,0.004297710194020229,true,correct high-confidence,0.9957022898059797,synonymous_consequence; criteria_without_conflict; classification_age; record_completeness,high,Missing older fields: phenotypes,unknown,unreviewed,,pass,recorded hidden_test_predictions.csv
V6,664012,not recorded,SMC1A,Uncertain significance,Likely benign,moved_toward_benign,moved_toward_benign,0.11839344122038742,0.11839344122038742,true,correct high-confidence,0.8816065587796126,noncoding_consequence; criteria_without_conflict; classification_age; record_completeness,high,,unknown,unreviewed,,pass,recorded hidden_test_predictions.csv
V6,664113,not recorded,WT1,Uncertain significance,Pathogenic,moved_toward_pathogenic,moved_toward_pathogenic,0.5567360181159227,0.5567360181159227,true,low-confidence,0.5567360181159227,missense_consequence; criteria_without_conflict; classification_age; record_completeness,high,Condition aggregation differed between snapshots.,unknown,unreviewed,,pass,recorded hidden_test_predictions.csv
V6,664908,not recorded,PHKA2,Uncertain significance,Likely pathogenic,moved_toward_pathogenic,moved_toward_pathogenic,0.5244201820638695,0.5244201820638695,true,low-confidence,0.5244201820638695,missense_consequence; criteria_without_conflict; classification_age; record_completeness,high,Condition aggregation differed between snapshots.,unknown,unreviewed,,pass,recorded hidden_test_predictions.csv
V6,665103,not recorded,LIMS2,Uncertain significance,Likely benign,moved_toward_benign,moved_toward_benign,0.08326447156268277,0.08326447156268277,true,correct high-confidence,0.9167355284373172,noncoding_consequence; criteria_without_conflict; classification_age; record_completeness,high,Condition aggregation differed between snapshots.,unknown,unreviewed,,pass,recorded hidden_test_predictions.csv
V6,665229,not recorded,ACTC1,Uncertain significance,Likely benign,moved_toward_benign,moved_toward_benign,0.1247853191397243,0.1247853191397243,true,correct high-confidence,0.8752146808602757,noncoding_consequence; criteria_without_conflict; classification_age; record_completeness,high,Condition aggregation differed between snapshots.,unknown,unreviewed,,pass,recorded hidden_test_predictions.csv
V6,665446,not recorded,GJB1,Uncertain significance,Likely pathogenic,moved_toward_pathogenic,moved_toward_benign,0.4981261655783206,0.4981261655783206,false,low-confidence,0.5018738344216793,missense_consequence; criteria_without_conflict; classification_age; record_completeness,high,,model over-predicted benign,unreviewed,,pass,recorded hidden_test_predictions.csv
V6,665765,not recorded,TH,Uncertain significance,Likely benign,moved_toward_benign,moved_toward_benign,0.01918228969897461,0.01918228969897461,true,correct high-confidence,0.9808177103010254,synonymous_consequence; criteria_without_conflict; classification_age; record_completeness,high,Condition aggregation differed between snapshots.,unknown,unreviewed,,pass,recorded hidden_test_predictions.csv
V6,665887,not recorded,FOXN1,Uncertain significance,Pathogenic,moved_toward_pathogenic,moved_toward_pathogenic,0.9986997590947382,0.9986997590947382,true,correct high-confidence,0.9986997590947382,loss_of_function_consequence; criteria_without_conflict; classification_age; record_completeness,high,Condition aggregation differed between snapshots.,unknown,unreviewed,,pass,recorded hidden_test_predictions.csv
V6,800522,not recorded,CEP104,Uncertain significance,Pathogenic/Likely pathogenic,moved_toward_pathogenic,moved_toward_pathogenic,0.9793180931875727,0.9793180931875727,true,correct high-confidence,0.9793180931875727,criteria_without_conflict; classification_age; record_completeness,high,In-frame indel was recognized but has zero Version 1 points.,unknown,unreviewed,,pass,recorded hidden_test_predictions.csv
V6,800839,not recorded,AKR1D1,Uncertain significance,Likely pathogenic,moved_toward_pathogenic,moved_toward_pathogenic,0.7866378926435756,0.7866378926435756,true,low-confidence,0.7866378926435756,missense_consequence; classification_age; record_completeness,high,,unknown,unreviewed,,pass,recorded hidden_test_predictions.csv
V6,800989,not recorded,CUL7,Uncertain significance,Pathogenic,moved_toward_pathogenic,moved_toward_pathogenic,0.9998636765655599,0.9998636765655599,true,correct high-confidence,0.9998636765655599,loss_of_function_consequence; classification_age; record_completeness,high,Condition aggregation differed between snapshots.,unknown,unreviewed,,pass,recorded hidden_test_predictions.csv
V6,806033,not recorded,ATAD3A,Uncertain significance,Likely benign,moved_toward_benign,moved_toward_pathogenic,0.8426832578935051,0.8426832578935051,false,wrong high-confidence,0.8426832578935051,missense_consequence; criteria_without_conflict; classification_age; record_completeness,high,Missing older fields: phenotypes,model over-predicted pathogenic,unreviewed,,pass,recorded hidden_test_predictions.csv
V6,806136,not recorded,COA7,Uncertain significance,Likely pathogenic,moved_toward_pathogenic,moved_toward_pathogenic,0.8125489743004596,0.8125489743004596,true,correct high-confidence,0.8125489743004596,missense_consequence; criteria_without_conflict; classification_age; record_completeness,high,Missing older fields: phenotypes,unknown,unreviewed,,pass,recorded hidden_test_predictions.csv
V6,806714,not recorded,SHANK2,Uncertain significance,Likely benign,moved_toward_benign,moved_toward_benign,0.0028475537109613645,0.0028475537109613645,true,correct high-confidence,0.9971524462890387,synonymous_consequence; criteria_without_conflict; classification_age; record_completeness,high,Missing older fields: phenotypes,unknown,unreviewed,,pass,recorded hidden_test_predictions.csv
V6,806812,not recorded,-,Uncertain significance,Benign/Likely benign,moved_toward_benign,moved_toward_pathogenic,0.9777946297459906,0.9777946297459906,false,wrong high-confidence,0.9777946297459906,criteria_without_conflict; classification_age; record_completeness,high,"Molecular consequence was not recognized from older HGVS text.; Missing older fields: gene_symbols, phenotypes",model over-predicted pathogenic,unreviewed,,pass,recorded hidden_test_predictions.csv
V6,806898,not recorded,ERBB3,Uncertain significance,Likely benign,moved_toward_benign,moved_toward_pathogenic,0.9387315701391467,0.9387315701391467,false,wrong high-confidence,0.9387315701391467,missense_consequence; criteria_without_conflict; classification_age; record_completeness,high,Missing older fields: phenotypes,model over-predicted pathogenic,unreviewed,,pass,recorded hidden_test_predictions.csv
V6,807213,not recorded,SPTBN5,Uncertain significance,Likely benign,moved_toward_benign,moved_toward_pathogenic,0.9431300723207741,0.9431300723207741,false,wrong high-confidence,0.9431300723207741,missense_consequence; criteria_without_conflict; classification_age; record_completeness,high,Missing older fields: phenotypes,model over-predicted pathogenic,unreviewed,,pass,recorded hidden_test_predictions.csv
V6,808088,not recorded,LOC101927978;ZFHX3,Uncertain significance,Benign,moved_toward_benign,moved_toward_pathogenic,0.963701513931412,0.963701513931412,false,wrong high-confidence,0.963701513931412,missense_consequence; criteria_without_conflict; classification_age; record_completeness,high,Missing older fields: phenotypes; Gene text differed between snapshots.,model over-predicted pathogenic,unreviewed,,pass,recorded hidden_test_predictions.csv
V6,808184,not recorded,WDR81,Uncertain significance,Likely benign,moved_toward_benign,moved_toward_benign,0.0042410926575034615,0.0042410926575034615,true,correct high-confidence,0.9957589073424965,synonymous_consequence; criteria_without_conflict; classification_age; record_completeness,high,Missing older fields: phenotypes,unknown,unreviewed,,pass,recorded hidden_test_predictions.csv
V6,808224,not recorded,TMEM107;SNORD118,Uncertain significance,Benign/Likely benign,moved_toward_benign,moved_toward_benign,0.38007566283391875,0.38007566283391875,true,low-confidence,0.6199243371660812,noncoding_consequence; criteria_without_conflict; classification_age; record_completeness,high,Missing older fields: phenotypes; Gene text differed between snapshots.,unknown,unreviewed,,pass,recorded hidden_test_predictions.csv
V6,808296,not recorded,CACNA1G,Uncertain significance,Likely benign,moved_toward_benign,moved_toward_pathogenic,0.9417138327799909,0.9417138327799909,false,wrong high-confidence,0.9417138327799909,missense_consequence; criteria_without_conflict; classification_age; record_completeness,high,Missing older fields: phenotypes; Condition aggregation differed between snapshots.,model over-predicted pathogenic,unreviewed,,pass,recorded hidden_test_predictions.csv
V6,809575,not recorded,CLCN2,Uncertain significance,Likely benign,moved_toward_benign,moved_toward_benign,0.03054094450687038,0.03054094450687038,true,correct high-confidence,0.9694590554931296,synonymous_consequence; criteria_without_conflict; classification_age; record_completeness,high,Missing older fields: phenotypes,unknown,unreviewed,,pass,recorded hidden_test_predictions.csv
V6,809590,not recorded,HRG,Uncertain significance,Likely benign,moved_toward_benign,moved_toward_pathogenic,0.6491315506486441,0.6491315506486441,false,low-confidence,0.6491315506486441,missense_consequence; criteria_without_conflict; classification_age; record_completeness,high,Condition aggregation differed between snapshots.,model over-predicted pathogenic,unreviewed,,pass,recorded hidden_test_predictions.csv
V6,809767,not recorded,ARHGEF28,Uncertain significance,Benign,moved_toward_benign,moved_toward_pathogenic,0.9458492562168416,0.9458492562168416,false,wrong high-confidence,0.9458492562168416,missense_consequence; criteria_without_conflict; classification_age; record_completeness,high,Missing older fields: phenotypes,model over-predicted pathogenic,unreviewed,,pass,recorded hidden_test_predictions.csv
V6,810053,not recorded,INTS1,Uncertain significance,Likely benign,moved_toward_benign,moved_toward_pathogenic,0.9539460000160818,0.9539460000160818,false,wrong high-confidence,0.9539460000160818,criteria_without_conflict; classification_age; record_completeness,high,In-frame indel was recognized but has zero Version 1 points.; Missing older fields: phenotypes,model over-predicted pathogenic,unreviewed,,pass,recorded hidden_test_predictions.csv
V6,810096,not recorded,AUTS2,Uncertain significance,Likely benign,moved_toward_benign,moved_toward_pathogenic,0.8014425056608854,0.8014425056608854,false,wrong high-confidence,0.8014425056608854,missense_consequence; criteria_without_conflict; classification_age; record_completeness,high,Missing older fields: phenotypes,model over-predicted pathogenic,unreviewed,,pass,recorded hidden_test_predictions.csv
V6,810111,not recorded,CACNA2D1,Uncertain significance,Likely benign,moved_toward_benign,moved_toward_benign,0.1590226808899807,0.1590226808899807,true,correct high-confidence,0.8409773191100193,noncoding_consequence; criteria_without_conflict; classification_age; record_completeness,high,Missing older fields: phenotypes; Condition aggregation differed between snapshots.,unknown,unreviewed,,pass,recorded hidden_test_predictions.csv
V6,810115,not recorded,PCLO,Uncertain significance,Likely benign,moved_toward_benign,moved_toward_pathogenic,0.748984815740439,0.748984815740439,false,low-confidence,0.748984815740439,missense_consequence; criteria_without_conflict; classification_age; record_completeness,high,Missing older fields: phenotypes,model over-predicted pathogenic,unreviewed,,pass,recorded hidden_test_predictions.csv
V6,810576,not recorded,DDX3X,Uncertain significance,Likely pathogenic,moved_toward_pathogenic,moved_toward_pathogenic,0.7789553106097183,0.7789553106097183,true,low-confidence,0.7789553106097183,missense_consequence; criteria_without_conflict; classification_age; record_completeness,high,Missing older fields: phenotypes,unknown,unreviewed,,pass,recorded hidden_test_predictions.csv
V6,811027,not recorded,PIEZO1,Uncertain significance,Likely benign,moved_toward_benign,moved_toward_benign,0.4761544469157728,0.4761544469157728,true,low-confidence,0.5238455530842272,missense_consequence; criteria_without_conflict; classification_age; record_completeness,high,Condition aggregation differed between snapshots.,unknown,unreviewed,,pass,recorded hidden_test_predictions.csv
V6,811146,not recorded,ANK1,Uncertain significance,Benign,moved_toward_benign,moved_toward_benign,0.12420185180401096,0.12420185180401096,true,correct high-confidence,0.875798148195989,noncoding_consequence; criteria_without_conflict; classification_age; record_completeness,high,Condition aggregation differed between snapshots.,unknown,unreviewed,,pass,recorded hidden_test_predictions.csv
V6,811532,not recorded,EPB41,Uncertain significance,Benign,moved_toward_benign,moved_toward_benign,0.3727727724509726,0.3727727724509726,true,low-confidence,0.6272272275490274,missense_consequence; criteria_without_conflict; classification_age; record_completeness,high,Condition aggregation differed between snapshots.,unknown,unreviewed,,pass,recorded hidden_test_predictions.csv
V6,813015,not recorded,DCDC1,Uncertain significance,Benign,moved_toward_benign,moved_toward_pathogenic,0.7865307696876038,0.7865307696876038,false,low-confidence,0.7865307696876038,missense_consequence; classification_age; record_completeness,high,Condition aggregation differed between snapshots.,model over-predicted pathogenic,unreviewed,,pass,recorded hidden_test_predictions.csv
V6,813612,not recorded,KIF2A,Uncertain significance,Likely benign,moved_toward_benign,moved_toward_benign,0.39565147735064643,0.39565147735064643,true,low-confidence,0.6043485226493536,missense_consequence; record_completeness,high,Condition aggregation differed between snapshots.,unknown,unreviewed,,pass,recorded hidden_test_predictions.csv
V6,813694,not recorded,SAMD9L,Uncertain significance,Likely benign,moved_toward_benign,moved_toward_benign,0.39565147735064643,0.39565147735064643,true,low-confidence,0.6043485226493536,missense_consequence; record_completeness,high,Condition aggregation differed between snapshots.,unknown,unreviewed,,pass,recorded hidden_test_predictions.csv
V6,815740,not recorded,SEC11A;SLC28A1;ZSCAN2;NMB;PDE8A;ALPK3;ZNF592;WDR73,Uncertain significance,Likely pathogenic,moved_toward_pathogenic,moved_toward_benign,0.38725709838069894,0.38725709838069894,false,low-confidence,0.6127429016193011,classification_age; record_completeness,high,Molecular consequence was not recognized from older HGVS text.; Missing older fields: phenotypes; Gene text differed between snapshots.,model over-predicted benign,unreviewed,,pass,recorded hidden_test_predictions.csv
V6,816141,not recorded,POTED,Uncertain significance,Likely benign,moved_toward_benign,moved_toward_benign,0.3051368458396784,0.3051368458396784,true,low-confidence,0.6948631541603216,classification_age; record_completeness,high,Molecular consequence was not recognized from older HGVS text.; Missing older fields: phenotypes,unknown,unreviewed,,pass,recorded hidden_test_predictions.csv
V6,824026,not recorded,MSH6,Uncertain significance,Pathogenic,moved_toward_pathogenic,moved_toward_pathogenic,0.9999788555249364,0.9999788555249364,true,correct high-confidence,0.9999788555249364,canonical_splice_consequence; criteria_without_conflict; classification_age; record_completeness,high,,unknown,unreviewed,,pass,recorded hidden_test_predictions.csv
V6,830005,not recorded,HBB,Uncertain significance,Likely benign,moved_toward_benign,moved_toward_benign,0.001921813496029567,0.001921813496029567,true,correct high-confidence,0.9980781865039704,noncoding_consequence; classification_age; record_completeness,high,Condition aggregation differed between snapshots.,unknown,unreviewed,,pass,recorded hidden_test_predictions.csv
V6,830091,not recorded,PALB2,Uncertain significance,Pathogenic,moved_toward_pathogenic,moved_toward_pathogenic,0.9999240102752361,0.9999240102752361,true,correct high-confidence,0.9999240102752361,loss_of_function_consequence; classification_age; record_completeness,high,,unknown,unreviewed,,pass,recorded hidden_test_predictions.csv
V6,832476,not recorded,TGFB2,Uncertain significance,Likely pathogenic,moved_toward_pathogenic,moved_toward_pathogenic,0.9765738334121017,0.9765738334121017,true,correct high-confidence,0.9765738334121017,criteria_without_conflict; classification_age; record_completeness,high,Molecular consequence was not recognized from older HGVS text.; Condition aggregation differed between snapshots.,unknown,unreviewed,,pass,recorded hidden_test_predictions.csv
V6,833103,not recorded,LYST,Uncertain significance,Pathogenic,moved_toward_pathogenic,moved_toward_pathogenic,0.9746680919091522,0.9746680919091522,true,correct high-confidence,0.9746680919091522,criteria_without_conflict; classification_age; record_completeness,high,Molecular consequence was not recognized from older HGVS text.,unknown,unreviewed,,pass,recorded hidden_test_predictions.csv
V6,833629,not recorded,CDKN2A,Uncertain significance,Likely pathogenic,moved_toward_pathogenic,moved_toward_benign,0.37071889260258306,0.37071889260258306,false,low-confidence,0.6292811073974169,missense_consequence; criteria_without_conflict; classification_age; record_completeness,high,Condition aggregation differed between snapshots.,model over-predicted benign,unreviewed,,pass,recorded hidden_test_predictions.csv
V6,834273,not recorded,NFAT5,Uncertain significance,Likely benign,moved_toward_benign,moved_toward_benign,0.011955476272841074,0.011955476272841074,true,correct high-confidence,0.9880445237271589,synonymous_consequence; criteria_without_conflict; classification_age; record_completeness,high,,unknown,unreviewed,,pass,recorded hidden_test_predictions.csv
V6,834350,not recorded,GNB4,Uncertain significance,Likely pathogenic,moved_toward_pathogenic,moved_toward_pathogenic,0.537930258653414,0.537930258653414,true,low-confidence,0.537930258653414,missense_consequence; criteria_without_conflict; classification_age; record_completeness,high,Condition aggregation differed between snapshots.,unknown,unreviewed,,pass,recorded hidden_test_predictions.csv
V6,834496,not recorded,CHD2,Uncertain significance,Likely benign,moved_toward_benign,moved_toward_benign,0.4726389916949112,0.4726389916949112,true,low-confidence,0.5273610083050888,missense_consequence; criteria_without_conflict; classification_age; record_completeness,high,,unknown,unreviewed,,pass,recorded hidden_test_predictions.csv
V6,834560,not recorded,SLC12A5,Uncertain significance,Likely benign,moved_toward_benign,moved_toward_benign,0.3488470634175879,0.3488470634175879,true,low-confidence,0.651152936582412,missense_consequence; criteria_without_conflict; classification_age; record_completeness,high,Condition aggregation differed between snapshots.,unknown,unreviewed,,pass,recorded hidden_test_predictions.csv
V6,835909,not recorded,FLVCR1,Uncertain significance,Likely benign,moved_toward_benign,moved_toward_benign,0.4214302339139429,0.4214302339139429,true,low-confidence,0.5785697660860571,missense_consequence; criteria_without_conflict; classification_age; record_completeness,high,Missing older fields: phenotypes,unknown,unreviewed,,pass,recorded hidden_test_predictions.csv
V6,835984,not recorded,HRAS,Uncertain significance,Likely benign,moved_toward_benign,moved_toward_benign,0.07493911096774529,0.07493911096774529,true,correct high-confidence,0.9250608890322547,noncoding_consequence; criteria_without_conflict; classification_age; record_completeness,high,,unknown,unreviewed,,pass,recorded hidden_test_predictions.csv
V6,836026,not recorded,RS1,Uncertain significance,Likely benign,moved_toward_benign,moved_toward_benign,0.001223738269914208,0.001223738269914208,true,correct high-confidence,0.9987762617300858,synonymous_consequence; criteria_without_conflict; classification_age; record_completeness,high,Missing older fields: phenotypes,unknown,unreviewed,,pass,recorded hidden_test_predictions.csv
V6,836134,not recorded,RBFOX1,Uncertain significance,Likely benign,moved_toward_benign,moved_toward_benign,0.01841707063393308,0.01841707063393308,true,correct high-confidence,0.981582929366067,synonymous_consequence; criteria_without_conflict; classification_age; record_completeness,high,,unknown,unreviewed,,pass,recorded hidden_test_predictions.csv
V6,836483,not recorded,ALK,Uncertain significance,Likely benign,moved_toward_benign,moved_toward_benign,0.009940234142019421,0.009940234142019421,true,correct high-confidence,0.9900597658579806,synonymous_consequence; criteria_without_conflict; classification_age; record_completeness,high,Condition aggregation differed between snapshots.,unknown,unreviewed,,pass,recorded hidden_test_predictions.csv
V6,837025,not recorded,SLX4,Uncertain significance,Likely benign,moved_toward_benign,moved_toward_benign,0.010276138967565731,0.010276138967565731,true,correct high-confidence,0.9897238610324343,synonymous_consequence; criteria_without_conflict; classification_age; record_completeness,high,,unknown,unreviewed,,pass,recorded hidden_test_predictions.csv
V6,837081,not recorded,CCNO,Uncertain significance,Likely benign,moved_toward_benign,moved_toward_benign,0.018349418219639847,0.018349418219639847,true,correct high-confidence,0.9816505817803601,synonymous_consequence; criteria_without_conflict; classification_age; record_completeness,high,Condition aggregation differed between snapshots.,unknown,unreviewed,,pass,recorded hidden_test_predictions.csv
V6,837608,not recorded,DAG1,Uncertain significance,Likely benign,moved_toward_benign,moved_toward_benign,0.10641113867932585,0.10641113867932585,true,correct high-confidence,0.8935888613206742,noncoding_consequence; criteria_without_conflict; classification_age; record_completeness,high,Condition aggregation differed between snapshots.,unknown,unreviewed,,pass,recorded hidden_test_predictions.csv
V6,837617,not recorded,NPHP4,Uncertain significance,Likely benign,moved_toward_benign,moved_toward_benign,0.00924517338163315,0.00924517338163315,true,correct high-confidence,0.9907548266183669,synonymous_consequence; criteria_without_conflict; classification_age; record_completeness,high,,unknown,unreviewed,,pass,recorded hidden_test_predictions.csv
V6,838095,not recorded,CASR,Uncertain significance,Likely benign,moved_toward_benign,moved_toward_benign,0.008104524587204393,0.008104524587204393,true,correct high-confidence,0.9918954754127957,synonymous_consequence; criteria_without_conflict; classification_age; record_completeness,high,Condition aggregation differed between snapshots.,unknown,unreviewed,,pass,recorded hidden_test_predictions.csv
V6,838114,not recorded,VAX1,Uncertain significance,Benign,moved_toward_benign,moved_toward_pathogenic,0.9774007902297848,0.9774007902297848,false,wrong high-confidence,0.9774007902297848,criteria_without_conflict; classification_age; record_completeness,high,In-frame indel was recognized but has zero Version 1 points.,model over-predicted pathogenic,unreviewed,,pass,recorded hidden_test_predictions.csv
V6,839109,not recorded,SYNE1,Uncertain significance,Likely benign,moved_toward_benign,moved_toward_benign,0.008505209399992676,0.008505209399992676,true,correct high-confidence,0.9914947906000073,synonymous_consequence; criteria_without_conflict; classification_age; record_completeness,high,Condition aggregation differed between snapshots.,unknown,unreviewed,,pass,recorded hidden_test_predictions.csv
V6,839475,not recorded,CHM,Uncertain significance,Likely pathogenic,moved_toward_pathogenic,moved_toward_benign,0.4320361331505548,0.4320361331505548,false,low-confidence,0.5679638668494452,missense_consequence; criteria_without_conflict; classification_age; record_completeness,high,Missing older fields: phenotypes,model over-predicted benign,unreviewed,,pass,recorded hidden_test_predictions.csv
V6,839785,not recorded,ZBTB24,Uncertain significance,Likely benign,moved_toward_benign,moved_toward_benign,0.018484967778863763,0.018484967778863763,true,correct high-confidence,0.9815150322211362,synonymous_consequence; criteria_without_conflict; classification_age; record_completeness,high,,unknown,unreviewed,,pass,recorded hidden_test_predictions.csv
V6,840435,not recorded,CTC1,Uncertain significance,Likely pathogenic,moved_toward_pathogenic,moved_toward_pathogenic,0.5271256966056105,0.5271256966056105,true,low-confidence,0.5271256966056105,missense_consequence; criteria_without_conflict; classification_age; record_completeness,high,,unknown,unreviewed,,pass,recorded hidden_test_predictions.csv
V6,841154,not recorded,KPNA7,Uncertain significance,Likely benign,moved_toward_benign,moved_toward_benign,0.0009448980333650761,0.0009448980333650761,true,correct high-confidence,0.9990551019666349,synonymous_consequence; criteria_without_conflict; classification_age; record_completeness,high,Missing older fields: phenotypes,unknown,unreviewed,,pass,recorded hidden_test_predictions.csv
V6,841381,not recorded,SUCLG1,Uncertain significance,Likely benign,moved_toward_benign,moved_toward_benign,0.018401263212025204,0.018401263212025204,true,correct high-confidence,0.9815987367879748,synonymous_consequence; criteria_without_conflict; classification_age; record_completeness,high,Condition aggregation differed between snapshots.,unknown,unreviewed,,pass,recorded hidden_test_predictions.csv
V6,841486,not recorded,CHD7,Uncertain significance,Likely benign,moved_toward_benign,moved_toward_benign,0.4978548970774269,0.4978548970774269,true,low-confidence,0.5021451029225731,missense_consequence; criteria_without_conflict; classification_age; record_completeness,high,,unknown,unreviewed,,pass,recorded hidden_test_predictions.csv
V6,841562,not recorded,TULP1,Uncertain significance,Pathogenic,moved_toward_pathogenic,moved_toward_pathogenic,0.5994642590247514,0.5994642590247514,true,low-confidence,0.5994642590247514,missense_consequence; criteria_without_conflict; classification_age; record_completeness,high,Missing older fields: phenotypes,unknown,unreviewed,,pass,recorded hidden_test_predictions.csv
V6,842117,not recorded,ZAP70,Uncertain significance,Likely benign,moved_toward_benign,moved_toward_benign,0.11587718152506685,0.11587718152506685,true,correct high-confidence,0.8841228184749331,noncoding_consequence; criteria_without_conflict; classification_age; record_completeness,high,,unknown,unreviewed,,pass,recorded hidden_test_predictions.csv
V6,842205,not recorded,RNF43,Uncertain significance,Likely benign,moved_toward_benign,moved_toward_benign,0.000934556162382024,0.000934556162382024,true,correct high-confidence,0.999065443837618,synonymous_consequence; criteria_without_conflict; classification_age; record_completeness,high,Missing older fields: phenotypes,unknown,unreviewed,,pass,recorded hidden_test_predictions.csv
V6,842407,not recorded,CAPN5,Uncertain significance,Likely benign,moved_toward_benign,moved_toward_benign,0.42074958656586026,0.42074958656586026,true,low-confidence,0.5792504134341397,missense_consequence; criteria_without_conflict; classification_age; record_completeness,high,Missing older fields: phenotypes,unknown,unreviewed,,pass,recorded hidden_test_predictions.csv
V6,842659,not recorded,ZFR,Uncertain significance,Likely benign,moved_toward_benign,moved_toward_benign,0.019023060545005206,0.019023060545005206,true,correct high-confidence,0.9809769394549948,synonymous_consequence; criteria_without_conflict; classification_age; record_completeness,high,,unknown,unreviewed,,pass,recorded hidden_test_predictions.csv
V6,842721,not recorded,RDH11,Uncertain significance,Pathogenic,moved_toward_pathogenic,moved_toward_pathogenic,0.8527026457572616,0.8527026457572616,true,correct high-confidence,0.8527026457572616,loss_of_function_consequence; criteria_without_conflict; classification_age; record_completeness,high,Missing older fields: phenotypes,unknown,unreviewed,,pass,recorded hidden_test_predictions.csv
V6,843009,not recorded,GPC3,Uncertain significance,Likely benign,moved_toward_benign,moved_toward_benign,0.3460556281397805,0.3460556281397805,true,low-confidence,0.6539443718602195,missense_consequence; criteria_without_conflict; classification_age; record_completeness,high,,unknown,unreviewed,,pass,recorded hidden_test_predictions.csv
V6,844066,not recorded,ALG13,Uncertain significance,Likely benign,moved_toward_benign,moved_toward_benign,0.019140014076982726,0.019140014076982726,true,correct high-confidence,0.9808599859230173,synonymous_consequence; criteria_without_conflict; classification_age; record_completeness,high,Condition aggregation differed between snapshots.,unknown,unreviewed,,pass,recorded hidden_test_predictions.csv
V6,844089,not recorded,CDK4,Uncertain significance,Likely benign,moved_toward_benign,moved_toward_benign,0.01820430418993469,0.01820430418993469,true,correct high-confidence,0.9817956958100653,synonymous_consequence; criteria_without_conflict; classification_age; record_completeness,high,Condition aggregation differed between snapshots.,unknown,unreviewed,,pass,recorded hidden_test_predictions.csv
V6,844276,not recorded,COL10A1,Uncertain significance,Likely benign,moved_toward_benign,moved_toward_pathogenic,0.6411007953886969,0.6411007953886969,false,low-confidence,0.6411007953886969,missense_consequence; criteria_without_conflict; classification_age; record_completeness,high,Missing older fields: phenotypes,model over-predicted pathogenic,unreviewed,,pass,recorded hidden_test_predictions.csv
V6,844606,not recorded,NOD2,Uncertain significance,Likely benign,moved_toward_benign,moved_toward_pathogenic,0.538739293333653,0.538739293333653,false,low-confidence,0.538739293333653,missense_consequence; criteria_without_conflict; classification_age; record_completeness,high,Condition aggregation differed between snapshots.,model over-predicted pathogenic,unreviewed,,pass,recorded hidden_test_predictions.csv
V6,844677,not recorded,MCIDAS,Uncertain significance,Likely benign,moved_toward_benign,moved_toward_benign,0.01913297702699462,0.01913297702699462,true,correct high-confidence,0.9808670229730054,synonymous_consequence; criteria_without_conflict; classification_age; record_completeness,high,Condition aggregation differed between snapshots.,unknown,unreviewed,,pass,recorded hidden_test_predictions.csv
V6,844700,not recorded,POT1,Uncertain significance,Pathogenic,moved_toward_pathogenic,moved_toward_pathogenic,0.9991320534315745,0.9991320534315745,true,correct high-confidence,0.9991320534315745,loss_of_function_consequence; criteria_without_conflict; classification_age; record_completeness,high,,unknown,unreviewed,,pass,recorded hidden_test_predictions.csv
V6,844938,not recorded,SLC6A8,Uncertain significance,Likely benign,moved_toward_benign,moved_toward_pathogenic,0.5273961630932338,0.5273961630932338,false,low-confidence,0.5273961630932338,missense_consequence; criteria_without_conflict; classification_age; record_completeness,high,,model over-predicted pathogenic,unreviewed,,pass,recorded hidden_test_predictions.csv
V6,845328,not recorded,CD247,Uncertain significance,Likely benign,moved_toward_benign,moved_toward_benign,0.11936195613950612,0.11936195613950612,true,correct high-confidence,0.8806380438604939,noncoding_consequence; criteria_without_conflict; classification_age; record_completeness,high,Condition aggregation differed between snapshots.,unknown,unreviewed,,pass,recorded hidden_test_predictions.csv
V6,845480,not recorded,ZNF423,Uncertain significance,Likely benign,moved_toward_benign,moved_toward_benign,0.018360676662856498,0.018360676662856498,true,correct high-confidence,0.9816393233371435,synonymous_consequence; criteria_without_conflict; classification_age; record_completeness,high,,unknown,unreviewed,,pass,recorded hidden_test_predictions.csv
V6,845570,not recorded,BAP1,Uncertain significance,Likely benign,moved_toward_benign,moved_toward_benign,0.11773469915542727,0.11773469915542727,true,correct high-confidence,0.8822653008445728,noncoding_consequence; criteria_without_conflict; classification_age; record_completeness,high,Condition aggregation differed between snapshots.,unknown,unreviewed,,pass,recorded hidden_test_predictions.csv
V6,845655,not recorded,PNP,Uncertain significance,Pathogenic,moved_toward_pathogenic,moved_toward_pathogenic,0.9991829713337325,0.9991829713337325,true,correct high-confidence,0.9991829713337325,loss_of_function_consequence; criteria_without_conflict; classification_age; record_completeness,high,,unknown,unreviewed,,pass,recorded hidden_test_predictions.csv
V6,845848,not recorded,AMACR,Uncertain significance,Likely benign,moved_toward_benign,moved_toward_benign,0.42640108457880704,0.42640108457880704,true,low-confidence,0.5735989154211929,missense_consequence; criteria_without_conflict; classification_age; record_completeness,high,,unknown,unreviewed,,pass,recorded hidden_test_predictions.csv
V6,846256,not recorded,CLCC1,Uncertain significance,Likely benign,moved_toward_benign,moved_toward_benign,0.000921000357716909,0.000921000357716909,true,correct high-confidence,0.9990789996422831,synonymous_consequence; criteria_without_conflict; classification_age; record_completeness,high,Missing older fields: phenotypes,unknown,unreviewed,,pass,recorded hidden_test_predictions.csv
V6,846498,not recorded,LRIT3,Uncertain significance,Likely benign,moved_toward_benign,moved_toward_benign,0.0009553542388578247,0.0009553542388578247,true,correct high-confidence,0.9990446457611422,synonymous_consequence; criteria_without_conflict; classification_age; record_completeness,high,Missing older fields: phenotypes,unknown,unreviewed,,pass,recorded hidden_test_predictions.csv
V6,846506,not recorded,IFT140,Uncertain significance,Likely benign,moved_toward_benign,moved_toward_pathogenic,0.5005676125637135,0.5005676125637135,false,low-confidence,0.5005676125637135,missense_consequence; criteria_without_conflict; classification_age; record_completeness,high,,model over-predicted pathogenic,unreviewed,,pass,recorded hidden_test_predictions.csv
V6,846760,not recorded,TPP2,Uncertain significance,Likely benign,moved_toward_benign,moved_toward_benign,0.01881661473160651,0.01881661473160651,true,correct high-confidence,0.9811833852683934,synonymous_consequence; criteria_without_conflict; classification_age; record_completeness,high,,unknown,unreviewed,,pass,recorded hidden_test_predictions.csv
V6,847044,not recorded,ADIPOR1,Uncertain significance,Likely benign,moved_toward_benign,moved_toward_benign,0.16036275608557848,0.16036275608557848,true,correct high-confidence,0.8396372439144215,noncoding_consequence; criteria_without_conflict; classification_age; record_completeness,high,Missing older fields: phenotypes,unknown,unreviewed,,pass,recorded hidden_test_predictions.csv
V6,847770,not recorded,CRB1,Uncertain significance,Likely benign,moved_toward_benign,moved_toward_pathogenic,0.6440496541394294,0.6440496541394294,false,low-confidence,0.6440496541394294,missense_consequence; criteria_without_conflict; classification_age; record_completeness,high,,model over-predicted pathogenic,unreviewed,,pass,recorded hidden_test_predictions.csv
V6,848388,not recorded,FPR1,Uncertain significance,Likely benign,moved_toward_benign,moved_toward_benign,0.019055736713325742,0.019055736713325742,true,correct high-confidence,0.9809442632866743,synonymous_consequence; criteria_without_conflict; classification_age; record_completeness,high,Condition aggregation differed between snapshots.,unknown,unreviewed,,pass,recorded hidden_test_predictions.csv
V6,848904,not recorded,COL1A1,Uncertain significance,Pathogenic,moved_toward_pathogenic,moved_toward_benign,0.11360339280205697,0.11360339280205697,false,wrong high-confidence,0.886396607197943,noncoding_consequence; criteria_without_conflict; classification_age; record_completeness,high,,model over-predicted benign,unreviewed,,pass,recorded hidden_test_predictions.csv
V6,849144,not recorded,PEX1,Uncertain significance,Likely benign,moved_toward_benign,moved_toward_benign,0.48996022331456635,0.48996022331456635,true,low-confidence,0.5100397766854337,missense_consequence; criteria_without_conflict; classification_age; record_completeness,high,Condition aggregation differed between snapshots.,unknown,unreviewed,,pass,recorded hidden_test_predictions.csv
V6,849831,not recorded,MTOR,Uncertain significance,Likely benign,moved_toward_benign,moved_toward_benign,0.0009874215477702292,0.0009874215477702292,true,correct high-confidence,0.9990125784522298,synonymous_consequence; criteria_without_conflict; classification_age; record_completeness,high,Missing older fields: phenotypes,unknown,unreviewed,,pass,recorded hidden_test_predictions.csv
V6,850006,not recorded,GABBR2,Uncertain significance,Benign,moved_toward_benign,moved_toward_benign,0.018399006095957328,0.018399006095957328,true,correct high-confidence,0.9816009939040427,synonymous_consequence; criteria_without_conflict; classification_age; record_completeness,high,,unknown,unreviewed,,pass,recorded hidden_test_predictions.csv
V6,850332,not recorded,CTR9,Uncertain significance,Benign/Likely benign,moved_toward_benign,moved_toward_benign,0.16445943363291363,0.16445943363291363,true,correct high-confidence,0.8355405663670864,noncoding_consequence; criteria_without_conflict; classification_age; record_completeness,high,Missing older fields: phenotypes,unknown,unreviewed,,pass,recorded hidden_test_predictions.csv
V6,850742,not recorded,REEP6,Uncertain significance,Likely benign,moved_toward_benign,moved_toward_benign,0.392464661819924,0.392464661819924,true,low-confidence,0.607535338180076,noncoding_consequence; criteria_without_conflict; classification_age; record_completeness,high,Missing older fields: phenotypes,unknown,unreviewed,,pass,recorded hidden_test_predictions.csv
V6,850954,not recorded,G6PD,Uncertain significance,Likely benign,moved_toward_benign,moved_toward_benign,0.018376449872007844,0.018376449872007844,true,correct high-confidence,0.9816235501279922,synonymous_consequence; criteria_without_conflict; classification_age; record_completeness,high,,unknown,unreviewed,,pass,recorded hidden_test_predictions.csv
V6,851179,not recorded,PIK3R1,Uncertain significance,Likely benign,moved_toward_benign,moved_toward_benign,0.0190253927337449,0.0190253927337449,true,correct high-confidence,0.9809746072662551,synonymous_consequence; criteria_without_conflict; classification_age; record_completeness,high,Condition aggregation differed between snapshots.,unknown,unreviewed,,pass,recorded hidden_test_predictions.csv
V6,851198,not recorded,NPHS1,Uncertain significance,Likely benign,moved_toward_benign,moved_toward_pathogenic,0.597679909423578,0.597679909423578,false,low-confidence,0.597679909423578,missense_consequence; criteria_without_conflict; classification_age; record_completeness,high,,model over-predicted pathogenic,unreviewed,,pass,recorded hidden_test_predictions.csv
V6,851370,not recorded,CA4,Uncertain significance,Likely benign,moved_toward_benign,moved_toward_pathogenic,0.6566838572420823,0.6566838572420823,false,low-confidence,0.6566838572420823,missense_consequence; criteria_without_conflict; classification_age; record_completeness,high,Missing older fields: phenotypes,model over-predicted pathogenic,unreviewed,,pass,recorded hidden_test_predictions.csv
V6,851525,not recorded,AP1S1,Uncertain significance,Likely pathogenic,moved_toward_pathogenic,moved_toward_pathogenic,0.9999764068431266,0.9999764068431266,true,correct high-confidence,0.9999764068431266,canonical_splice_consequence; criteria_without_conflict; classification_age; record_completeness,high,Missing older fields: phenotypes; Condition aggregation differed between snapshots.,unknown,unreviewed,,pass,recorded hidden_test_predictions.csv
V6,851783,not recorded,SPP2,Uncertain significance,Likely benign,moved_toward_benign,moved_toward_benign,0.1711171394559937,0.1711171394559937,true,correct high-confidence,0.8288828605440063,noncoding_consequence; criteria_without_conflict; classification_age; record_completeness,high,Missing older fields: phenotypes,unknown,unreviewed,,pass,recorded hidden_test_predictions.csv
V6,851843,not recorded,LPIN2,Uncertain significance,Likely benign,moved_toward_benign,moved_toward_benign,0.018971823262352555,0.018971823262352555,true,correct high-confidence,0.9810281767376474,synonymous_consequence; criteria_without_conflict; classification_age; record_completeness,high,,unknown,unreviewed,,pass,recorded hidden_test_predictions.csv
V6,852170,not recorded,GLRA1,Uncertain significance,Likely benign,moved_toward_benign,moved_toward_benign,0.34050459111535136,0.34050459111535136,true,low-confidence,0.6594954088846486,missense_consequence; criteria_without_conflict; classification_age; record_completeness,high,,unknown,unreviewed,,pass,recorded hidden_test_predictions.csv
V6,852312,not recorded,PRDM13,Uncertain significance,Likely benign,moved_toward_benign,moved_toward_benign,0.0014118741744616702,0.0014118741744616702,true,correct high-confidence,0.9985881258255384,synonymous_consequence; criteria_without_conflict; classification_age; record_completeness,high,Missing older fields: phenotypes,unknown,unreviewed,,pass,recorded hidden_test_predictions.csv
V6,852515,not recorded,PRKAG2,Uncertain significance,Likely benign,moved_toward_benign,moved_toward_pathogenic,0.5474331780828718,0.5474331780828718,false,low-confidence,0.5474331780828718,missense_consequence; criteria_without_conflict; classification_age; record_completeness,high,Condition aggregation differed between snapshots.,model over-predicted pathogenic,unreviewed,,pass,recorded hidden_test_predictions.csv
V6,853177,not recorded,MMP13,Uncertain significance,Likely pathogenic,moved_toward_pathogenic,moved_toward_pathogenic,0.9999765858948652,0.9999765858948652,true,correct high-confidence,0.9999765858948652,canonical_splice_consequence; criteria_without_conflict; classification_age; record_completeness,high,Missing older fields: phenotypes,unknown,unreviewed,,pass,recorded hidden_test_predictions.csv
V6,853183,not recorded,NHEJ1,Uncertain significance,Likely benign,moved_toward_benign,moved_toward_benign,0.07582072817979114,0.07582072817979114,true,correct high-confidence,0.9241792718202089,noncoding_consequence; criteria_without_conflict; classification_age; record_completeness,high,Condition aggregation differed between snapshots.,unknown,unreviewed,,pass,recorded hidden_test_predictions.csv
V6,853595,not recorded,EBP,Uncertain significance,Likely benign,moved_toward_benign,moved_toward_pathogenic,0.6448910797260544,0.6448910797260544,false,low-confidence,0.6448910797260544,missense_consequence; criteria_without_conflict; classification_age; record_completeness,high,Missing older fields: phenotypes,model over-predicted pathogenic,unreviewed,,pass,recorded hidden_test_predictions.csv
V6,853596,not recorded,FLNB,Uncertain significance,Likely benign,moved_toward_benign,moved_toward_pathogenic,0.6448910797260544,0.6448910797260544,false,low-confidence,0.6448910797260544,missense_consequence; criteria_without_conflict; classification_age; record_completeness,high,Missing older fields: phenotypes,model over-predicted pathogenic,unreviewed,,pass,recorded hidden_test_predictions.csv
V6,853603,not recorded,GABRB2,Uncertain significance,Benign,moved_toward_benign,moved_toward_pathogenic,0.5485626939764835,0.5485626939764835,false,low-confidence,0.5485626939764835,missense_consequence; criteria_without_conflict; classification_age; record_completeness,high,,model over-predicted pathogenic,unreviewed,,pass,recorded hidden_test_predictions.csv
V6,853886,not recorded,WIPF1,Uncertain significance,Likely benign,moved_toward_benign,moved_toward_benign,0.010727983419484822,0.010727983419484822,true,correct high-confidence,0.9892720165805152,synonymous_consequence; criteria_without_conflict; classification_age; record_completeness,high,,unknown,unreviewed,,pass,recorded hidden_test_predictions.csv
V6,854040,not recorded,BBS10,Uncertain significance,Likely pathogenic,moved_toward_pathogenic,moved_toward_pathogenic,0.969555674850216,0.969555674850216,true,correct high-confidence,0.969555674850216,criteria_without_conflict; classification_age; record_completeness,high,In-frame indel was recognized but has zero Version 1 points.; Condition aggregation differed between snapshots.,unknown,unreviewed,,pass,recorded hidden_test_predictions.csv
V6,854221,not recorded,PDE6B,Uncertain significance,Likely benign,moved_toward_benign,moved_toward_benign,0.0009448980333650761,0.0009448980333650761,true,correct high-confidence,0.9990551019666349,synonymous_consequence; criteria_without_conflict; classification_age; record_completeness,high,Missing older fields: phenotypes,unknown,unreviewed,,pass,recorded hidden_test_predictions.csv
V6,854222,not recorded,KIF5A,Uncertain significance,Likely pathogenic,moved_toward_pathogenic,moved_toward_benign,0.4741453035729071,0.4741453035729071,false,low-confidence,0.5258546964270929,missense_consequence; criteria_without_conflict; classification_age; record_completeness,high,,model over-predicted benign,unreviewed,,pass,recorded hidden_test_predictions.csv
V6,854235,not recorded,DOK7,Uncertain significance,Likely benign,moved_toward_benign,moved_toward_benign,0.01045731457194193,0.01045731457194193,true,correct high-confidence,0.9895426854280581,synonymous_consequence; criteria_without_conflict; classification_age; record_completeness,high,Condition aggregation differed between snapshots.,unknown,unreviewed,,pass,recorded hidden_test_predictions.csv
V6,854363,not recorded,IFT122,Uncertain significance,Likely benign,moved_toward_benign,moved_toward_benign,0.4761544469157728,0.4761544469157728,true,low-confidence,0.5238455530842272,missense_consequence; criteria_without_conflict; classification_age; record_completeness,high,,unknown,unreviewed,,pass,recorded hidden_test_predictions.csv
V6,854403,not recorded,PEX10,Uncertain significance,Likely benign,moved_toward_benign,moved_toward_benign,0.008352286897034497,0.008352286897034497,true,correct high-confidence,0.9916477131029655,synonymous_consequence; criteria_without_conflict; classification_age; record_completeness,high,Condition aggregation differed between snapshots.,unknown,unreviewed,,pass,recorded hidden_test_predictions.csv
V6,854462,not recorded,LMNB2,Uncertain significance,Likely benign,moved_toward_benign,moved_toward_benign,0.4741453035729071,0.4741453035729071,true,low-confidence,0.5258546964270929,missense_consequence; criteria_without_conflict; classification_age; record_completeness,high,Condition aggregation differed between snapshots.,unknown,unreviewed,,pass,recorded hidden_test_predictions.csv
V6,854852,not recorded,NR2F2,Uncertain significance,Likely benign,moved_toward_benign,moved_toward_benign,0.018895220997845113,0.018895220997845113,true,correct high-confidence,0.9811047790021549,synonymous_consequence; criteria_without_conflict; classification_age; record_completeness,high,,unknown,unreviewed,,pass,recorded hidden_test_predictions.csv
V6,854941,not recorded,NR0B1,Uncertain significance,Likely benign,moved_toward_benign,moved_toward_pathogenic,0.5460205972762802,0.5460205972762802,false,low-confidence,0.5460205972762802,missense_consequence; criteria_without_conflict; classification_age; record_completeness,high,Condition aggregation differed between snapshots.,model over-predicted pathogenic,unreviewed,,pass,recorded hidden_test_predictions.csv
V6,855621,not recorded,PPOX,Uncertain significance,Likely pathogenic,moved_toward_pathogenic,moved_toward_pathogenic,0.5954932396652318,0.5954932396652318,true,low-confidence,0.5954932396652318,missense_consequence; criteria_without_conflict; classification_age; record_completeness,high,Missing older fields: phenotypes,unknown,unreviewed,,pass,recorded hidden_test_predictions.csv
V6,855627,not recorded,FRMD7,Uncertain significance,Likely benign,moved_toward_benign,moved_toward_benign,0.001419766870185679,0.001419766870185679,true,correct high-confidence,0.9985802331298144,synonymous_consequence; criteria_without_conflict; classification_age; record_completeness,high,Missing older fields: phenotypes,unknown,unreviewed,,pass,recorded hidden_test_predictions.csv
V6,855708,not recorded,CHRNA1,Uncertain significance,Likely benign,moved_toward_benign,moved_toward_benign,0.01841707063393308,0.01841707063393308,true,correct high-confidence,0.981582929366067,synonymous_consequence; criteria_without_conflict; classification_age; record_completeness,high,,unknown,unreviewed,,pass,recorded hidden_test_predictions.csv
V6,855860,not recorded,GNPTAB,Uncertain significance,Likely benign,moved_toward_benign,moved_toward_pathogenic,0.6308970006002032,0.6308970006002032,false,low-confidence,0.6308970006002032,missense_consequence; criteria_without_conflict; classification_age; record_completeness,high,,model over-predicted pathogenic,unreviewed,,pass,recorded hidden_test_predictions.csv
V6,856093,not recorded,ABAT,Uncertain significance,Likely benign,moved_toward_benign,moved_toward_benign,0.018927681811409063,0.018927681811409063,true,correct high-confidence,0.981072318188591,synonymous_consequence; criteria_without_conflict; classification_age; record_completeness,high,,unknown,unreviewed,,pass,recorded hidden_test_predictions.csv
V6,856282,not recorded,COL3A1,Uncertain significance,Likely benign,moved_toward_benign,moved_toward_benign,0.01906742010665846,0.01906742010665846,true,correct high-confidence,0.9809325798933415,synonymous_consequence; criteria_without_conflict; classification_age; record_completeness,high,,unknown,unreviewed,,pass,recorded hidden_test_predictions.csv
V6,856324,not recorded,SUN1,Uncertain significance,Likely benign,moved_toward_benign,moved_toward_benign,0.11652690320471396,0.11652690320471396,true,correct high-confidence,0.8834730967952861,noncoding_consequence; criteria_without_conflict; classification_age; record_completeness,high,,unknown,unreviewed,,pass,recorded hidden_test_predictions.csv
V6,856999,not recorded,FSCN2,Uncertain significance,Likely benign,moved_toward_benign,moved_toward_benign,0.4249336758615878,0.4249336758615878,true,low-confidence,0.5750663241384122,missense_consequence; criteria_without_conflict; classification_age; record_completeness,high,Missing older fields: phenotypes,unknown,unreviewed,,pass,recorded hidden_test_predictions.csv
V6,857103,not recorded,CEP250,Uncertain significance,Likely benign,moved_toward_benign,moved_toward_pathogenic,0.6034222566146791,0.6034222566146791,false,low-confidence,0.6034222566146791,missense_consequence; criteria_without_conflict; classification_age; record_completeness,high,Missing older fields: phenotypes,model over-predicted pathogenic,unreviewed,,pass,recorded hidden_test_predictions.csv
V6,857523,not recorded,ARHGEF9,Uncertain significance,Likely benign,moved_toward_benign,moved_toward_benign,0.01833591702979332,0.01833591702979332,true,correct high-confidence,0.9816640829702067,synonymous_consequence; criteria_without_conflict; classification_age; record_completeness,high,Condition aggregation differed between snapshots.,unknown,unreviewed,,pass,recorded hidden_test_predictions.csv
V6,857812,not recorded,PCARE,Uncertain significance,Likely benign,moved_toward_benign,moved_toward_benign,0.0013786435841849193,0.0013786435841849193,true,correct high-confidence,0.9986213564158151,synonymous_consequence; criteria_without_conflict; classification_age; record_completeness,high,Missing older fields: phenotypes,unknown,unreviewed,,pass,recorded hidden_test_predictions.csv
V6,857922,not recorded,TGFBR2,Uncertain significance,Likely pathogenic,moved_toward_pathogenic,moved_toward_benign,0.4177188517601076,0.4177188517601076,false,low-confidence,0.5822811482398924,missense_consequence; criteria_without_conflict; classification_age; record_completeness,high,,model over-predicted benign,unreviewed,,pass,recorded hidden_test_predictions.csv
V6,858089,not recorded,NCF2,Uncertain significance,Likely benign,moved_toward_benign,moved_toward_benign,0.10512238036603194,0.10512238036603194,true,correct high-confidence,0.8948776196339681,noncoding_consequence; criteria_without_conflict; classification_age; record_completeness,high,Condition aggregation differed between snapshots.,unknown,unreviewed,,pass,recorded hidden_test_predictions.csv
V6,858932,not recorded,CACNA2D4,Uncertain significance,Likely benign,moved_toward_benign,moved_toward_pathogenic,0.6246612160213446,0.6246612160213446,false,low-confidence,0.6246612160213446,missense_consequence; criteria_without_conflict; classification_age; record_completeness,high,Missing older fields: phenotypes,model over-predicted pathogenic,unreviewed,,pass,recorded hidden_test_predictions.csv
V6,858944,not recorded,SCN11A,Uncertain significance,Likely benign,moved_toward_benign,moved_toward_benign,0.017581411719186837,0.017581411719186837,true,correct high-confidence,0.9824185882808132,synonymous_consequence; criteria_without_conflict; classification_age; record_completeness,high,Condition aggregation differed between snapshots.,unknown,unreviewed,,pass,recorded hidden_test_predictions.csv
V6,859103,not recorded,GRM6,Uncertain significance,Benign,moved_toward_benign,moved_toward_benign,0.4249336758615878,0.4249336758615878,true,low-confidence,0.5750663241384122,missense_consequence; criteria_without_conflict; classification_age; record_completeness,high,Missing older fields: phenotypes,unknown,unreviewed,,pass,recorded hidden_test_predictions.csv
V6,859110,not recorded,SGCD,Uncertain significance,Likely benign,moved_toward_benign,moved_toward_benign,0.01834716734406361,0.01834716734406361,true,correct high-confidence,0.9816528326559364,synonymous_consequence; criteria_without_conflict; classification_age; record_completeness,high,,unknown,unreviewed,,pass,recorded hidden_test_predictions.csv
V6,859366,not recorded,EP300,Uncertain significance,Benign,moved_toward_benign,moved_toward_benign,0.4706313551981758,0.4706313551981758,true,low-confidence,0.5293686448018242,missense_consequence; criteria_without_conflict; classification_age; record_completeness,high,Condition aggregation differed between snapshots.,unknown,unreviewed,,pass,recorded hidden_test_predictions.csv
V6,859367,not recorded,GUCA1B,Uncertain significance,Likely benign,moved_toward_benign,moved_toward_pathogenic,0.6124176852447447,0.6124176852447447,false,low-confidence,0.6124176852447447,missense_consequence; criteria_without_conflict; classification_age; record_completeness,high,Missing older fields: phenotypes,model over-predicted pathogenic,unreviewed,,pass,recorded hidden_test_predictions.csv
V6,859385,not recorded,CYBA,Uncertain significance,Likely benign,moved_toward_benign,moved_toward_benign,0.006785356945660844,0.006785356945660844,true,correct high-confidence,0.9932146430543392,synonymous_consequence; criteria_without_conflict; classification_age; record_completeness,high,,unknown,unreviewed,,pass,recorded hidden_test_predictions.csv
V6,859612,not recorded,CREBBP,Uncertain significance,Likely benign,moved_toward_benign,moved_toward_benign,0.4461343777016412,0.4461343777016412,true,low-confidence,0.5538656222983588,missense_consequence; criteria_without_conflict; classification_age; record_completeness,high,,unknown,unreviewed,,pass,recorded hidden_test_predictions.csv
V6,859765,not recorded,SOD1,Uncertain significance,Likely pathogenic,moved_toward_pathogenic,moved_toward_benign,0.42444081019912805,0.42444081019912805,false,low-confidence,0.575559189800872,missense_consequence; criteria_without_conflict; classification_age; record_completeness,high,,model over-predicted benign,unreviewed,,pass,recorded hidden_test_predictions.csv
V6,859944,not recorded,CSF3R,Uncertain significance,Likely benign,moved_toward_benign,moved_toward_benign,0.019149400757957524,0.019149400757957524,true,correct high-confidence,0.9808505992420424,synonymous_consequence; criteria_without_conflict; classification_age; record_completeness,high,Condition aggregation differed between snapshots.,unknown,unreviewed,,pass,recorded hidden_test_predictions.csv
V6,860302,not recorded,SAMHD1,Uncertain significance,Likely benign,moved_toward_benign,moved_toward_benign,0.10738682226616349,0.10738682226616349,true,correct high-confidence,0.8926131777338365,noncoding_consequence; criteria_without_conflict; classification_age; record_completeness,high,Condition aggregation differed between snapshots.,unknown,unreviewed,,pass,recorded hidden_test_predictions.csv
V6,860435,not recorded,NRXN1,Uncertain significance,Likely benign,moved_toward_benign,moved_toward_benign,0.11707913558453494,0.11707913558453494,true,correct high-confidence,0.882920864415465,noncoding_consequence; criteria_without_conflict; classification_age; record_completeness,high,,unknown,unreviewed,,pass,recorded hidden_test_predictions.csv
V6,860878,not recorded,ALDH7A1,Uncertain significance,Likely pathogenic,moved_toward_pathogenic,moved_toward_benign,0.3856070077547467,0.3856070077547467,false,low-confidence,0.6143929922452533,missense_consequence; criteria_without_conflict; classification_age; record_completeness,high,,model over-predicted benign,unreviewed,,pass,recorded hidden_test_predictions.csv
V6,861483,not recorded,IMPDH1,Uncertain significance,Pathogenic,moved_toward_pathogenic,moved_toward_pathogenic,0.6502742925671589,0.6502742925671589,true,low-confidence,0.6502742925671589,missense_consequence; criteria_without_conflict; classification_age; record_completeness,high,Missing older fields: phenotypes,unknown,unreviewed,,pass,recorded hidden_test_predictions.csv
V6,861775,not recorded,GNAO1,Uncertain significance,Pathogenic,moved_toward_pathogenic,moved_toward_pathogenic,0.5446779585392847,0.5446779585392847,true,low-confidence,0.5446779585392847,missense_consequence; criteria_without_conflict; classification_age; record_completeness,high,,unknown,unreviewed,,pass,recorded hidden_test_predictions.csv
V6,862014,not recorded,MYPN,Uncertain significance,Likely benign,moved_toward_benign,moved_toward_benign,0.01885587769031496,0.01885587769031496,true,correct high-confidence,0.9811441223096851,synonymous_consequence; criteria_without_conflict; classification_age; record_completeness,high,,unknown,unreviewed,,pass,recorded hidden_test_predictions.csv
V6,862590,not recorded,SNRNP200,Uncertain significance,Likely benign,moved_toward_benign,moved_toward_pathogenic,0.6157716669784207,0.6157716669784207,false,low-confidence,0.6157716669784207,missense_consequence; criteria_without_conflict; classification_age; record_completeness,high,Missing older fields: phenotypes,model over-predicted pathogenic,unreviewed,,pass,recorded hidden_test_predictions.csv
V6,862706,not recorded,ARMC9,Uncertain significance,Benign,moved_toward_benign,moved_toward_benign,0.4212039764482769,0.4212039764482769,true,low-confidence,0.5787960235517231,missense_consequence; criteria_without_conflict; classification_age; record_completeness,high,Missing older fields: phenotypes,unknown,unreviewed,,pass,recorded hidden_test_predictions.csv
V6,863704,not recorded,PTCH2,Uncertain significance,Likely benign,moved_toward_benign,moved_toward_benign,0.014116420258217842,0.014116420258217842,true,correct high-confidence,0.9858835797417822,synonymous_consequence; criteria_without_conflict; classification_age; record_completeness,high,,unknown,unreviewed,,pass,recorded hidden_test_predictions.csv
V6,863877,not recorded,TMEM231,Uncertain significance,Likely pathogenic,moved_toward_pathogenic,moved_toward_benign,0.11915749074916675,0.11915749074916675,false,wrong high-confidence,0.8808425092508333,noncoding_consequence; criteria_without_conflict; classification_age; record_completeness,high,,model over-predicted benign,unreviewed,,pass,recorded hidden_test_predictions.csv
V6,864130,not recorded,DNM2,Uncertain significance,Likely benign,moved_toward_benign,moved_toward_benign,0.010725747386161675,0.010725747386161675,true,correct high-confidence,0.9892742526138383,synonymous_consequence; criteria_without_conflict; classification_age; record_completeness,high,Condition aggregation differed between snapshots.,unknown,unreviewed,,pass,recorded hidden_test_predictions.csv
V6,864352,not recorded,COL12A1,Uncertain significance,Likely benign,moved_toward_benign,moved_toward_benign,0.018380958944936507,0.018380958944936507,true,correct high-confidence,0.9816190410550635,synonymous_consequence; criteria_without_conflict; classification_age; record_completeness,high,Condition aggregation differed between snapshots.,unknown,unreviewed,,pass,recorded hidden_test_predictions.csv
V6,864566,not recorded,IVD,Uncertain significance,Likely pathogenic,moved_toward_pathogenic,moved_toward_pathogenic,0.5976468599489657,0.5976468599489657,true,low-confidence,0.5976468599489657,missense_consequence; criteria_without_conflict; classification_age; record_completeness,high,,unknown,unreviewed,,pass,recorded hidden_test_predictions.csv
V6,864610,not recorded,FAS,Uncertain significance,Likely pathogenic,moved_toward_pathogenic,moved_toward_benign,0.4736431459648526,0.4736431459648526,false,low-confidence,0.5263568540351474,missense_consequence; criteria_without_conflict; classification_age; record_completeness,high,,model over-predicted benign,unreviewed,,pass,recorded hidden_test_predictions.csv
V6,870561,not recorded,EARS2,Uncertain significance,Likely pathogenic,moved_toward_pathogenic,moved_toward_benign,0.39565147735064643,0.39565147735064643,false,low-confidence,0.6043485226493536,missense_consequence; record_completeness,high,Condition aggregation differed between snapshots.,model over-predicted benign,unreviewed,,pass,recorded hidden_test_predictions.csv
V6,871184,not recorded,TRIO,Uncertain significance,Likely benign,moved_toward_benign,moved_toward_pathogenic,0.7052945672239913,0.7052945672239913,false,low-confidence,0.7052945672239913,missense_consequence; criteria_without_conflict; classification_age; record_completeness,high,Missing older fields: phenotypes,model over-predicted pathogenic,unreviewed,,pass,recorded hidden_test_predictions.csv
V6,871974,not recorded,ATP2C2-AS1;ATP2C2,Uncertain significance,Likely benign,moved_toward_benign,moved_toward_pathogenic,0.7052945672239913,0.7052945672239913,false,low-confidence,0.7052945672239913,missense_consequence; criteria_without_conflict; classification_age; record_completeness,high,Missing older fields: phenotypes; Gene text differed between snapshots.,model over-predicted pathogenic,unreviewed,,pass,recorded hidden_test_predictions.csv
V6,872259,not recorded,EPCAM,Uncertain significance,Likely benign,moved_toward_benign,moved_toward_pathogenic,0.658807889979472,0.658807889979472,false,low-confidence,0.658807889979472,missense_consequence; criteria_without_conflict; classification_age; record_completeness,high,Missing older fields: phenotypes,model over-predicted pathogenic,unreviewed,,pass,recorded hidden_test_predictions.csv
V6,872327,not recorded,FDXR,Uncertain significance,Likely benign,moved_toward_benign,moved_toward_pathogenic,0.7347556016931339,0.7347556016931339,false,low-confidence,0.7347556016931339,missense_consequence; criteria_without_conflict; classification_age; record_completeness,high,Missing older fields: phenotypes,model over-predicted pathogenic,unreviewed,,pass,recorded hidden_test_predictions.csv
V6,872783,not recorded,FANCI,Uncertain significance,Likely benign,moved_toward_benign,moved_toward_benign,0.001873494854951075,0.001873494854951075,true,correct high-confidence,0.998126505145049,synonymous_consequence; criteria_without_conflict; classification_age; record_completeness,high,Missing older fields: phenotypes,unknown,unreviewed,,pass,recorded hidden_test_predictions.csv
V6,876021,not recorded,MYOC,Uncertain significance,Likely benign,moved_toward_benign,moved_toward_benign,0.025362331972053082,0.025362331972053082,true,correct high-confidence,0.9746376680279469,synonymous_consequence; criteria_without_conflict; classification_age; record_completeness,high,Condition aggregation differed between snapshots.,unknown,unreviewed,,pass,recorded hidden_test_predictions.csv
V6,876601,not recorded,SERPINC1,Uncertain significance,Likely benign,moved_toward_benign,moved_toward_benign,0.10972691638934906,0.10972691638934906,true,correct high-confidence,0.8902730836106509,noncoding_consequence; criteria_without_conflict; classification_age; record_completeness,high,Condition aggregation differed between snapshots.,unknown,unreviewed,,pass,recorded hidden_test_predictions.csv
V6,916614,not recorded,HADHB,Uncertain significance,Likely pathogenic,moved_toward_pathogenic,moved_toward_pathogenic,0.9999937958394682,0.9999937958394682,true,correct high-confidence,0.9999937958394682,canonical_splice_consequence; classification_age; record_completeness,high,,unknown,unreviewed,,pass,recorded hidden_test_predictions.csv
V6,916703,not recorded,RUNX2,Uncertain significance,Pathogenic/Likely pathogenic,moved_toward_pathogenic,moved_toward_pathogenic,0.7739784043941714,0.7739784043941714,true,low-confidence,0.7739784043941714,missense_consequence; criteria_without_conflict; classification_age; record_completeness,high,,unknown,unreviewed,,pass,recorded hidden_test_predictions.csv
V6,917540,not recorded,SLC19A3,Uncertain significance,Likely pathogenic,moved_toward_pathogenic,moved_toward_benign,0.39565147735064643,0.39565147735064643,false,low-confidence,0.6043485226493536,missense_consequence; record_completeness,high,,model over-predicted benign,unreviewed,,pass,recorded hidden_test_predictions.csv
V6,925360,not recorded,BMPR1A,Uncertain significance,Likely benign,moved_toward_benign,moved_toward_benign,0.11306545519894064,0.11306545519894064,true,correct high-confidence,0.8869345448010594,noncoding_consequence; criteria_without_conflict; classification_age; record_completeness,high,,unknown,unreviewed,,pass,recorded hidden_test_predictions.csv
V6,928835,not recorded,GBA,Uncertain significance,Pathogenic,moved_toward_pathogenic,moved_toward_pathogenic,0.5438582682791092,0.5438582682791092,true,low-confidence,0.5438582682791092,missense_consequence; criteria_without_conflict; classification_age; record_completeness,high,Gene text differed between snapshots.; Condition aggregation differed between snapshots.,unknown,unreviewed,,pass,recorded hidden_test_predictions.csv
V6,929638,not recorded,XRCC2,Uncertain significance,Likely pathogenic,moved_toward_pathogenic,moved_toward_pathogenic,0.998963703659423,0.998963703659423,true,correct high-confidence,0.998963703659423,loss_of_function_consequence; classification_age; record_completeness,high,Missing older fields: phenotypes; Condition aggregation differed between snapshots.,unknown,unreviewed,,pass,recorded hidden_test_predictions.csv
V6,929675,not recorded,FANCG,Uncertain significance,Pathogenic,moved_toward_pathogenic,moved_toward_pathogenic,0.9997213291938024,0.9997213291938024,true,correct high-confidence,0.9997213291938024,loss_of_function_consequence; classification_age; record_completeness,high,Condition aggregation differed between snapshots.,unknown,unreviewed,,pass,recorded hidden_test_predictions.csv
V6,932359,not recorded,KMT2B,Uncertain significance,Likely benign,moved_toward_benign,moved_toward_pathogenic,0.5915096781109661,0.5915096781109661,false,low-confidence,0.5915096781109661,missense_consequence; criteria_without_conflict; classification_age; record_completeness,high,Missing older fields: phenotypes; Condition aggregation differed between snapshots.,model over-predicted pathogenic,unreviewed,,pass,recorded hidden_test_predictions.csv
V6,934263,not recorded,FLCN,Uncertain significance,Likely pathogenic,moved_toward_pathogenic,moved_toward_benign,0.018575879468127523,0.018575879468127523,false,wrong high-confidence,0.9814241205318724,synonymous_consequence; criteria_without_conflict; classification_age; record_completeness,high,,model over-predicted benign,unreviewed,,pass,recorded hidden_test_predictions.csv
V6,935285,not recorded,SCN8A,Uncertain significance,Likely pathogenic,moved_toward_pathogenic,moved_toward_benign,0.41387373659427595,0.41387373659427595,false,low-confidence,0.586126263405724,missense_consequence; criteria_without_conflict; classification_age; record_completeness,high,,model over-predicted benign,unreviewed,,pass,recorded hidden_test_predictions.csv
V6,935674,not recorded,TWIST1,Uncertain significance,Likely pathogenic,moved_toward_pathogenic,moved_toward_pathogenic,0.5133142902846926,0.5133142902846926,true,low-confidence,0.5133142902846926,missense_consequence; criteria_without_conflict; classification_age; record_completeness,high,Condition aggregation differed between snapshots.,unknown,unreviewed,,pass,recorded hidden_test_predictions.csv
V6,936585,not recorded,GUSB,Uncertain significance,Pathogenic,moved_toward_pathogenic,moved_toward_pathogenic,0.9947272284701946,0.9947272284701946,true,correct high-confidence,0.9947272284701946,loss_of_function_consequence; criteria_without_conflict; classification_age; record_completeness,high,,unknown,unreviewed,,pass,recorded hidden_test_predictions.csv
V6,936634,not recorded,SETD5,Uncertain significance,Likely benign,moved_toward_benign,moved_toward_pathogenic,0.7469115473342318,0.7469115473342318,false,low-confidence,0.7469115473342318,missense_consequence; criteria_without_conflict; classification_age; record_completeness,high,Missing older fields: phenotypes,model over-predicted pathogenic,unreviewed,,pass,recorded hidden_test_predictions.csv
V6,936909,not recorded,GJA5,Uncertain significance,Likely benign,moved_toward_benign,moved_toward_benign,0.018505384771913574,0.018505384771913574,true,correct high-confidence,0.9814946152280865,synonymous_consequence; criteria_without_conflict; classification_age; record_completeness,high,Condition aggregation differed between snapshots.,unknown,unreviewed,,pass,recorded hidden_test_predictions.csv
V6,937116,not recorded,AP3B1,Uncertain significance,Likely benign,moved_toward_benign,moved_toward_benign,0.11587718152506685,0.11587718152506685,true,correct high-confidence,0.8841228184749331,noncoding_consequence; criteria_without_conflict; classification_age; record_completeness,high,,unknown,unreviewed,,pass,recorded hidden_test_predictions.csv
V6,937141,not recorded,LIPA,Uncertain significance,Likely pathogenic,moved_toward_pathogenic,moved_toward_pathogenic,0.9752234929785523,0.9752234929785523,true,correct high-confidence,0.9752234929785523,criteria_without_conflict; classification_age; record_completeness,high,In-frame indel was recognized but has zero Version 1 points.; Condition aggregation differed between snapshots.,unknown,unreviewed,,pass,recorded hidden_test_predictions.csv
V6,937191,not recorded,ACO2,Uncertain significance,Likely benign,moved_toward_benign,moved_toward_benign,0.0019169655094621646,0.0019169655094621646,true,correct high-confidence,0.9980830344905378,synonymous_consequence; criteria_without_conflict; classification_age; record_completeness,high,Missing older fields: phenotypes,unknown,unreviewed,,pass,recorded hidden_test_predictions.csv
V6,937231,not recorded,DYNC2H1,Uncertain significance,Likely benign,moved_toward_benign,moved_toward_benign,0.4288546766269346,0.4288546766269346,true,low-confidence,0.5711453233730654,missense_consequence; criteria_without_conflict; classification_age; record_completeness,high,,unknown,unreviewed,,pass,recorded hidden_test_predictions.csv
V6,937292,not recorded,ALG6,Uncertain significance,Likely benign,moved_toward_benign,moved_toward_benign,0.017581411719186837,0.017581411719186837,true,correct high-confidence,0.9824185882808132,synonymous_consequence; criteria_without_conflict; classification_age; record_completeness,high,Condition aggregation differed between snapshots.,unknown,unreviewed,,pass,recorded hidden_test_predictions.csv
V6,937387,not recorded,ABCD1,Uncertain significance,Likely pathogenic,moved_toward_pathogenic,moved_toward_benign,0.4983974351823473,0.4983974351823473,false,low-confidence,0.5016025648176528,missense_consequence; criteria_without_conflict; classification_age; record_completeness,high,,model over-predicted benign,unreviewed,,pass,recorded hidden_test_predictions.csv
V6,937598,not recorded,ELAC2,Uncertain significance,Pathogenic,moved_toward_pathogenic,moved_toward_pathogenic,0.9999725410251845,0.9999725410251845,true,correct high-confidence,0.9999725410251845,canonical_splice_consequence; criteria_without_conflict; classification_age; record_completeness,high,Condition aggregation differed between snapshots.,unknown,unreviewed,,pass,recorded hidden_test_predictions.csv
V6,937913,not recorded,PAH,Uncertain significance,Likely pathogenic,moved_toward_pathogenic,moved_toward_benign,0.4978548970774269,0.4978548970774269,false,low-confidence,0.5021451029225731,missense_consequence; criteria_without_conflict; classification_age; record_completeness,high,,model over-predicted benign,unreviewed,,pass,recorded hidden_test_predictions.csv
V6,938011,not recorded,ASRGL1,Uncertain significance,Likely benign,moved_toward_benign,moved_toward_benign,0.0016476266189245513,0.0016476266189245513,true,correct high-confidence,0.9983523733810754,synonymous_consequence; criteria_without_conflict; classification_age; record_completeness,high,Missing older fields: phenotypes,unknown,unreviewed,,pass,recorded hidden_test_predictions.csv
V6,938534,not recorded,TNFRSF4,Uncertain significance,Likely benign,moved_toward_benign,moved_toward_benign,0.01856221480271452,0.01856221480271452,true,correct high-confidence,0.9814377851972855,synonymous_consequence; criteria_without_conflict; classification_age; record_completeness,high,Condition aggregation differed between snapshots.,unknown,unreviewed,,pass,recorded hidden_test_predictions.csv
V6,938558,not recorded,RP1,Uncertain significance,Pathogenic,moved_toward_pathogenic,moved_toward_pathogenic,0.9217585569736989,0.9217585569736989,true,correct high-confidence,0.9217585569736989,loss_of_function_consequence; criteria_without_conflict; classification_age; record_completeness,high,Missing older fields: phenotypes,unknown,unreviewed,,pass,recorded hidden_test_predictions.csv
V6,938939,not recorded,KCNC1,Uncertain significance,Likely pathogenic,moved_toward_pathogenic,moved_toward_benign,0.4919396533914038,0.4919396533914038,false,low-confidence,0.5080603466085962,missense_consequence; criteria_without_conflict; classification_age; record_completeness,high,Condition aggregation differed between snapshots.,model over-predicted benign,unreviewed,,pass,recorded hidden_test_predictions.csv
V6,940009,not recorded,GYS1,Uncertain significance,Likely benign,moved_toward_benign,moved_toward_benign,0.11088789321232262,0.11088789321232262,true,correct high-confidence,0.8891121067876774,noncoding_consequence; criteria_without_conflict; classification_age; record_completeness,high,Condition aggregation differed between snapshots.,unknown,unreviewed,,pass,recorded hidden_test_predictions.csv
V6,941172,not recorded,LMNA,Uncertain significance,Likely pathogenic,moved_toward_pathogenic,moved_toward_pathogenic,0.5002963398837404,0.5002963398837404,true,low-confidence,0.5002963398837404,missense_consequence; criteria_without_conflict; classification_age; record_completeness,high,Condition aggregation differed between snapshots.,unknown,unreviewed,,pass,recorded hidden_test_predictions.csv
V6,941217,not recorded,HNRNPU,Uncertain significance,Likely benign,moved_toward_benign,moved_toward_benign,0.49622731818033117,0.49622731818033117,true,low-confidence,0.5037726818196688,missense_consequence; criteria_without_conflict; classification_age; record_completeness,high,Condition aggregation differed between snapshots.,unknown,unreviewed,,pass,recorded hidden_test_predictions.csv
V6,941372,not recorded,PYGL,Uncertain significance,Likely pathogenic,moved_toward_pathogenic,moved_toward_benign,0.3548635612127069,0.3548635612127069,false,low-confidence,0.6451364387872931,missense_consequence; criteria_without_conflict; classification_age; record_completeness,high,,model over-predicted benign,unreviewed,,pass,recorded hidden_test_predictions.csv
V6,941426,not recorded,MFN2,Uncertain significance,Likely pathogenic,moved_toward_pathogenic,moved_toward_benign,0.4931769294778995,0.4931769294778995,false,low-confidence,0.5068230705221005,missense_consequence; criteria_without_conflict; classification_age; record_completeness,high,Condition aggregation differed between snapshots.,model over-predicted benign,unreviewed,,pass,recorded hidden_test_predictions.csv
V6,941440,not recorded,TINF2,Uncertain significance,Likely benign,moved_toward_benign,moved_toward_benign,0.010725747386161675,0.010725747386161675,true,correct high-confidence,0.9892742526138383,synonymous_consequence; criteria_without_conflict; classification_age; record_completeness,high,,unknown,unreviewed,,pass,recorded hidden_test_predictions.csv
V6,941488,not recorded,CNGA3,Uncertain significance,Likely pathogenic,moved_toward_pathogenic,moved_toward_pathogenic,0.6903753148901414,0.6903753148901414,true,low-confidence,0.6903753148901414,missense_consequence; criteria_without_conflict; classification_age; record_completeness,high,Missing older fields: phenotypes,unknown,unreviewed,,pass,recorded hidden_test_predictions.csv
V6,941757,not recorded,ZEB2,Uncertain significance,Likely benign,moved_toward_benign,moved_toward_benign,0.01781810848008738,0.01781810848008738,true,correct high-confidence,0.9821818915199126,synonymous_consequence; criteria_without_conflict; classification_age; record_completeness,high,,unknown,unreviewed,,pass,recorded hidden_test_predictions.csv
V6,942744,not recorded,CYP7B1,Uncertain significance,Pathogenic,moved_toward_pathogenic,moved_toward_benign,0.4867136085706274,0.4867136085706274,false,low-confidence,0.5132863914293726,missense_consequence; criteria_without_conflict; classification_age; record_completeness,high,,model over-predicted benign,unreviewed,,pass,recorded hidden_test_predictions.csv
V6,942905,not recorded,RHOH,Uncertain significance,Likely benign,moved_toward_benign,moved_toward_benign,0.01825729121911698,0.01825729121911698,true,correct high-confidence,0.981742708780883,synonymous_consequence; criteria_without_conflict; classification_age; record_completeness,high,,unknown,unreviewed,,pass,recorded hidden_test_predictions.csv
V6,943618,not recorded,MUTYH,Uncertain significance,Likely benign,moved_toward_benign,moved_toward_benign,0.0187337341635935,0.0187337341635935,true,correct high-confidence,0.9812662658364065,synonymous_consequence; criteria_without_conflict; classification_age; record_completeness,high,Condition aggregation differed between snapshots.,unknown,unreviewed,,pass,recorded hidden_test_predictions.csv
V6,943797,not recorded,BICD2,Uncertain significance,Likely benign,moved_toward_benign,moved_toward_benign,0.4382092749745441,0.4382092749745441,true,low-confidence,0.5617907250254559,missense_consequence; criteria_without_conflict; classification_age; record_completeness,high,Condition aggregation differed between snapshots.,unknown,unreviewed,,pass,recorded hidden_test_predictions.csv
V6,943917,not recorded,GNS,Uncertain significance,Likely benign,moved_toward_benign,moved_toward_benign,0.018812000835127598,0.018812000835127598,true,correct high-confidence,0.9811879991648724,synonymous_consequence; criteria_without_conflict; classification_age; record_completeness,high,Condition aggregation differed between snapshots.,unknown,unreviewed,,pass,recorded hidden_test_predictions.csv
V6,944844,not recorded,TRPS1,Uncertain significance,Likely benign,moved_toward_benign,moved_toward_pathogenic,0.5265847160215634,0.5265847160215634,false,low-confidence,0.5265847160215634,missense_consequence; criteria_without_conflict; classification_age; record_completeness,high,Condition aggregation differed between snapshots.,model over-predicted pathogenic,unreviewed,,pass,recorded hidden_test_predictions.csv
V6,945247,not recorded,FRRS1L,Uncertain significance,Likely benign,moved_toward_benign,moved_toward_benign,0.10851151759982301,0.10851151759982301,true,correct high-confidence,0.891488482400177,noncoding_consequence; criteria_without_conflict; classification_age; record_completeness,high,Condition aggregation differed between snapshots.,unknown,unreviewed,,pass,recorded hidden_test_predictions.csv
V6,945499,not recorded,STX1B,Uncertain significance,Likely pathogenic,moved_toward_pathogenic,moved_toward_pathogenic,0.5282074654449347,0.5282074654449347,true,low-confidence,0.5282074654449347,missense_consequence; criteria_without_conflict; classification_age; record_completeness,high,,unknown,unreviewed,,pass,recorded hidden_test_predictions.csv
V6,945595,not recorded,JMJD1C,Uncertain significance,Likely benign,moved_toward_benign,moved_toward_benign,0.018432891380053003,0.018432891380053003,true,correct high-confidence,0.981567108619947,synonymous_consequence; criteria_without_conflict; classification_age; record_completeness,high,,unknown,unreviewed,,pass,recorded hidden_test_predictions.csv
V6,946318,not recorded,EPG5,Uncertain significance,Likely benign,moved_toward_benign,moved_toward_benign,0.36255064941941323,0.36255064941941323,true,low-confidence,0.6374493505805867,missense_consequence; criteria_without_conflict; classification_age; record_completeness,high,,unknown,unreviewed,,pass,recorded hidden_test_predictions.csv
V6,946330,not recorded,CARS2,Uncertain significance,Likely benign,moved_toward_benign,moved_toward_benign,0.014687751422426157,0.014687751422426157,true,correct high-confidence,0.9853122485775738,synonymous_consequence; criteria_without_conflict; classification_age; record_completeness,high,Condition aggregation differed between snapshots.,unknown,unreviewed,,pass,recorded hidden_test_predictions.csv
V6,946703,not recorded,COLQ,Uncertain significance,Likely benign,moved_toward_benign,moved_toward_benign,0.018462308152475577,0.018462308152475577,true,correct high-confidence,0.9815376918475244,synonymous_consequence; criteria_without_conflict; classification_age; record_completeness,high,Condition aggregation differed between snapshots.,unknown,unreviewed,,pass,recorded hidden_test_predictions.csv
V6,947596,not recorded,NLRP12,Uncertain significance,Likely benign,moved_toward_benign,moved_toward_benign,0.01874752268190157,0.01874752268190157,true,correct high-confidence,0.9812524773180984,synonymous_consequence; criteria_without_conflict; classification_age; record_completeness,high,,unknown,unreviewed,,pass,recorded hidden_test_predictions.csv
V6,947806,not recorded,CNTN1,Uncertain significance,Likely benign,moved_toward_benign,moved_toward_pathogenic,0.5116876718221652,0.5116876718221652,false,low-confidence,0.5116876718221652,missense_consequence; criteria_without_conflict; classification_age; record_completeness,high,Condition aggregation differed between snapshots.,model over-predicted pathogenic,unreviewed,,pass,recorded hidden_test_predictions.csv
V6,947891,not recorded,ENG,Uncertain significance,Likely pathogenic,moved_toward_pathogenic,moved_toward_pathogenic,0.5384696375683804,0.5384696375683804,true,low-confidence,0.5384696375683804,missense_consequence; criteria_without_conflict; classification_age; record_completeness,high,,unknown,unreviewed,,pass,recorded hidden_test_predictions.csv
V6,948034,not recorded,IL7R,Uncertain significance,Likely pathogenic,moved_toward_pathogenic,moved_toward_pathogenic,0.5179213972143739,0.5179213972143739,true,low-confidence,0.5179213972143739,missense_consequence; criteria_without_conflict; classification_age; record_completeness,high,Condition aggregation differed between snapshots.,unknown,unreviewed,,pass,recorded hidden_test_predictions.csv
V6,948538,not recorded,TPP1,Uncertain significance,Likely benign,moved_toward_benign,moved_toward_benign,0.0009281499984693377,0.0009281499984693377,true,correct high-confidence,0.9990718500015306,synonymous_consequence; criteria_without_conflict; classification_age; record_completeness,high,Missing older fields: phenotypes; Condition aggregation differed between snapshots.,unknown,unreviewed,,pass,recorded hidden_test_predictions.csv
V6,948889,not recorded,GSS,Uncertain significance,Likely benign,moved_toward_benign,moved_toward_benign,0.008322031151790718,0.008322031151790718,true,correct high-confidence,0.9916779688482092,synonymous_consequence; criteria_without_conflict; classification_age; record_completeness,high,,unknown,unreviewed,,pass,recorded hidden_test_predictions.csv
V6,949075,not recorded,SLC52A2,Uncertain significance,Pathogenic,moved_toward_pathogenic,moved_toward_pathogenic,0.9989643269629813,0.9989643269629813,true,correct high-confidence,0.9989643269629813,loss_of_function_consequence; criteria_without_conflict; classification_age; record_completeness,high,Condition aggregation differed between snapshots.,unknown,unreviewed,,pass,recorded hidden_test_predictions.csv
V6,949094,not recorded,SDHA,Uncertain significance,Likely benign,moved_toward_benign,moved_toward_benign,0.01711724562852537,0.01711724562852537,true,correct high-confidence,0.9828827543714747,synonymous_consequence; criteria_without_conflict; classification_age; record_completeness,high,,unknown,unreviewed,,pass,recorded hidden_test_predictions.csv
V6,950668,not recorded,PRDM8,Uncertain significance,Likely benign,moved_toward_benign,moved_toward_benign,0.018667229770336753,0.018667229770336753,true,correct high-confidence,0.9813327702296633,synonymous_consequence; criteria_without_conflict; classification_age; record_completeness,high,Condition aggregation differed between snapshots.,unknown,unreviewed,,pass,recorded hidden_test_predictions.csv
V6,951081,not recorded,DST,Uncertain significance,Likely benign,moved_toward_benign,moved_toward_benign,0.11758313350049757,0.11758313350049757,true,correct high-confidence,0.8824168664995025,noncoding_consequence; criteria_without_conflict; classification_age; record_completeness,high,Condition aggregation differed between snapshots.,unknown,unreviewed,,pass,recorded hidden_test_predictions.csv
V6,951853,not recorded,SLC2A10,Uncertain significance,Likely benign,moved_toward_benign,moved_toward_benign,0.01873603155897426,0.01873603155897426,true,correct high-confidence,0.9812639684410257,synonymous_consequence; criteria_without_conflict; classification_age; record_completeness,high,,unknown,unreviewed,,pass,recorded hidden_test_predictions.csv
V6,951871,not recorded,AHDC1,Uncertain significance,Pathogenic,moved_toward_pathogenic,moved_toward_pathogenic,0.9360808314946245,0.9360808314946245,true,correct high-confidence,0.9360808314946245,loss_of_function_consequence; criteria_without_conflict; classification_age; record_completeness,high,Missing older fields: phenotypes,unknown,unreviewed,,pass,recorded hidden_test_predictions.csv
V6,952823,not recorded,AP4E1,Uncertain significance,Likely benign,moved_toward_benign,moved_toward_benign,0.11257835098570744,0.11257835098570744,true,correct high-confidence,0.8874216490142925,noncoding_consequence; criteria_without_conflict; classification_age; record_completeness,high,,unknown,unreviewed,,pass,recorded hidden_test_predictions.csv
V6,952979,not recorded,SH2D1A,Uncertain significance,Likely benign,moved_toward_benign,moved_toward_benign,0.018731437044539813,0.018731437044539813,true,correct high-confidence,0.9812685629554602,synonymous_consequence; criteria_without_conflict; classification_age; record_completeness,high,Condition aggregation differed between snapshots.,unknown,unreviewed,,pass,recorded hidden_test_predictions.csv
V6,953160,not recorded,STK4,Uncertain significance,Likely benign,moved_toward_benign,moved_toward_benign,0.34327475412757347,0.34327475412757347,true,low-confidence,0.6567252458724265,missense_consequence; criteria_without_conflict; classification_age; record_completeness,high,Condition aggregation differed between snapshots.,unknown,unreviewed,,pass,recorded hidden_test_predictions.csv
V6,953530,not recorded,VCAN,Uncertain significance,Likely benign,moved_toward_benign,moved_toward_benign,0.0012849019846636286,0.0012849019846636286,true,correct high-confidence,0.9987150980153364,synonymous_consequence; criteria_without_conflict; classification_age; record_completeness,high,Missing older fields: phenotypes,unknown,unreviewed,,pass,recorded hidden_test_predictions.csv
V6,953604,not recorded,AGBL5,Uncertain significance,Likely benign,moved_toward_benign,moved_toward_benign,0.0017772100729830616,0.0017772100729830616,true,correct high-confidence,0.998222789927017,synonymous_consequence; criteria_without_conflict; classification_age; record_completeness,high,Missing older fields: phenotypes,unknown,unreviewed,,pass,recorded hidden_test_predictions.csv
V6,953724,not recorded,HMX1,Uncertain significance,Likely benign,moved_toward_benign,moved_toward_benign,0.0009179912656218394,0.0009179912656218394,true,correct high-confidence,0.9990820087343781,synonymous_consequence; criteria_without_conflict; classification_age; record_completeness,high,Missing older fields: phenotypes,unknown,unreviewed,,pass,recorded hidden_test_predictions.csv
V6,953737,not recorded,MEF2C,Uncertain significance,Likely benign,moved_toward_benign,moved_toward_benign,0.4929294670891919,0.4929294670891919,true,low-confidence,0.5070705329108081,missense_consequence; criteria_without_conflict; classification_age; record_completeness,high,Condition aggregation differed between snapshots.,unknown,unreviewed,,pass,recorded hidden_test_predictions.csv
V6,953963,not recorded,ALDH5A1,Uncertain significance,Likely benign,moved_toward_benign,moved_toward_benign,0.37565591970695283,0.37565591970695283,true,low-confidence,0.6243440802930471,missense_consequence; criteria_without_conflict; classification_age; record_completeness,high,,unknown,unreviewed,,pass,recorded hidden_test_predictions.csv
V6,954426,not recorded,NLGN4X,Uncertain significance,Likely benign,moved_toward_benign,moved_toward_benign,0.0019302019594594354,0.0019302019594594354,true,correct high-confidence,0.9980697980405405,synonymous_consequence; criteria_without_conflict; classification_age; record_completeness,high,Missing older fields: phenotypes,unknown,unreviewed,,pass,recorded hidden_test_predictions.csv
V6,954535,not recorded,DNMT1,Uncertain significance,Likely benign,moved_toward_benign,moved_toward_benign,0.1081824170211914,0.1081824170211914,true,correct high-confidence,0.8918175829788086,noncoding_consequence; criteria_without_conflict; classification_age; record_completeness,high,Condition aggregation differed between snapshots.,unknown,unreviewed,,pass,recorded hidden_test_predictions.csv
V6,955029,not recorded,PEX7,Uncertain significance,Likely benign,moved_toward_benign,moved_toward_benign,0.1111280197112182,0.1111280197112182,true,correct high-confidence,0.8888719802887818,noncoding_consequence; criteria_without_conflict; classification_age; record_completeness,high,,unknown,unreviewed,,pass,recorded hidden_test_predictions.csv
V6,955087,not recorded,PDGFRB,Uncertain significance,Likely benign,moved_toward_benign,moved_toward_benign,0.4836950814776947,0.4836950814776947,true,low-confidence,0.5163049185223053,missense_consequence; criteria_without_conflict; classification_age; record_completeness,high,Condition aggregation differed between snapshots.,unknown,unreviewed,,pass,recorded hidden_test_predictions.csv
V6,955140,not recorded,GRIN2A,Uncertain significance,Likely benign,moved_toward_benign,moved_toward_benign,0.4914447697533849,0.4914447697533849,true,low-confidence,0.5085552302466151,missense_consequence; criteria_without_conflict; classification_age; record_completeness,high,Condition aggregation differed between snapshots.,unknown,unreviewed,,pass,recorded hidden_test_predictions.csv
V6,955307,not recorded,IFT172,Uncertain significance,Likely pathogenic,moved_toward_pathogenic,moved_toward_benign,0.4318035998038106,0.4318035998038106,false,low-confidence,0.5681964001961894,missense_consequence; criteria_without_conflict; classification_age; record_completeness,high,,model over-predicted benign,unreviewed,,pass,recorded hidden_test_predictions.csv
V6,955750,not recorded,WWOX,Uncertain significance,Likely benign,moved_toward_benign,moved_toward_benign,0.11282167364078662,0.11282167364078662,true,correct high-confidence,0.8871783263592133,noncoding_consequence; criteria_without_conflict; classification_age; record_completeness,high,Condition aggregation differed between snapshots.,unknown,unreviewed,,pass,recorded hidden_test_predictions.csv
V6,955799,not recorded,TICAM1,Uncertain significance,Likely benign,moved_toward_benign,moved_toward_benign,0.01855083511524845,0.01855083511524845,true,correct high-confidence,0.9814491648847515,synonymous_consequence; criteria_without_conflict; classification_age; record_completeness,high,,unknown,unreviewed,,pass,recorded hidden_test_predictions.csv
V6,955807,not recorded,QDPR,Uncertain significance,Likely benign,moved_toward_benign,moved_toward_benign,0.11345646164718522,0.11345646164718522,true,correct high-confidence,0.8865435383528147,noncoding_consequence; criteria_without_conflict; classification_age; record_completeness,high,,unknown,unreviewed,,pass,recorded hidden_test_predictions.csv
V6,956332,not recorded,TEAD1,Uncertain significance,Likely benign,moved_toward_benign,moved_toward_benign,0.16899190123450736,0.16899190123450736,true,correct high-confidence,0.8310080987654926,noncoding_consequence; criteria_without_conflict; classification_age; record_completeness,high,Missing older fields: phenotypes,unknown,unreviewed,,pass,recorded hidden_test_predictions.csv
V6,956376,not recorded,ADA2,Uncertain significance,Pathogenic,moved_toward_pathogenic,moved_toward_benign,0.4847011358805697,0.4847011358805697,false,low-confidence,0.5152988641194303,missense_consequence; criteria_without_conflict; classification_age; record_completeness,high,Condition aggregation differed between snapshots.,model over-predicted benign,unreviewed,,pass,recorded hidden_test_predictions.csv
V6,956726,not recorded,ACBD5,Uncertain significance,Likely benign,moved_toward_benign,moved_toward_benign,0.0009281499984693377,0.0009281499984693377,true,correct high-confidence,0.9990718500015306,synonymous_consequence; criteria_without_conflict; classification_age; record_completeness,high,Missing older fields: phenotypes,unknown,unreviewed,,pass,recorded hidden_test_predictions.csv
V6,957127,not recorded,MYH7,Uncertain significance,Likely pathogenic,moved_toward_pathogenic,moved_toward_benign,0.49466176977664056,0.49466176977664056,false,low-confidence,0.5053382302233594,missense_consequence; criteria_without_conflict; classification_age; record_completeness,high,,model over-predicted benign,unreviewed,,pass,recorded hidden_test_predictions.csv
V6,957932,not recorded,RIMS1,Uncertain significance,Likely benign,moved_toward_benign,moved_toward_benign,0.42218630489576664,0.42218630489576664,true,low-confidence,0.5778136951042334,missense_consequence; criteria_without_conflict; classification_age; record_completeness,high,Missing older fields: phenotypes,unknown,unreviewed,,pass,recorded hidden_test_predictions.csv
V6,958326,not recorded,CEP78,Uncertain significance,Likely benign,moved_toward_benign,moved_toward_benign,0.44300125848857697,0.44300125848857697,true,low-confidence,0.556998741511423,noncoding_consequence; criteria_without_conflict; classification_age; record_completeness,high,Missing older fields: phenotypes,unknown,unreviewed,,pass,recorded hidden_test_predictions.csv
V6,958786,not recorded,PNPLA8,Uncertain significance,Likely benign,moved_toward_benign,moved_toward_benign,0.4365017168591379,0.4365017168591379,true,low-confidence,0.5634982831408621,noncoding_consequence; criteria_without_conflict; classification_age; record_completeness,high,Missing older fields: phenotypes,unknown,unreviewed,,pass,recorded hidden_test_predictions.csv
V6,959073,not recorded,WDR45,Uncertain significance,Likely benign,moved_toward_benign,moved_toward_pathogenic,0.5119587930209392,0.5119587930209392,false,low-confidence,0.5119587930209392,missense_consequence; criteria_without_conflict; classification_age; record_completeness,high,,model over-predicted pathogenic,unreviewed,,pass,recorded hidden_test_predictions.csv
V6,959151,not recorded,CDHR1,Uncertain significance,Likely benign,moved_toward_benign,moved_toward_pathogenic,0.6307247989457653,0.6307247989457653,false,low-confidence,0.6307247989457653,missense_consequence; criteria_without_conflict; classification_age; record_completeness,high,Missing older fields: phenotypes,model over-predicted pathogenic,unreviewed,,pass,recorded hidden_test_predictions.csv
V6,959208,not recorded,FIG4,Uncertain significance,Pathogenic,moved_toward_pathogenic,moved_toward_benign,0.4978548970774269,0.4978548970774269,false,low-confidence,0.5021451029225731,missense_consequence; criteria_without_conflict; classification_age; record_completeness,high,,model over-predicted benign,unreviewed,,pass,recorded hidden_test_predictions.csv
V6,959429,not recorded,ABHD12,Uncertain significance,Likely benign,moved_toward_benign,moved_toward_benign,0.45886301044575434,0.45886301044575434,true,low-confidence,0.5411369895542457,noncoding_consequence; criteria_without_conflict; classification_age; record_completeness,high,Missing older fields: phenotypes,unknown,unreviewed,,pass,recorded hidden_test_predictions.csv
V6,959449,not recorded,DOCK7,Uncertain significance,Likely benign,moved_toward_benign,moved_toward_benign,0.4867136085706274,0.4867136085706274,true,low-confidence,0.5132863914293726,missense_consequence; criteria_without_conflict; classification_age; record_completeness,high,Condition aggregation differed between snapshots.,unknown,unreviewed,,pass,recorded hidden_test_predictions.csv
V6,959463,not recorded,SLC5A7,Uncertain significance,Likely benign,moved_toward_benign,moved_toward_benign,0.017913660822876754,0.017913660822876754,true,correct high-confidence,0.9820863391771233,synonymous_consequence; criteria_without_conflict; classification_age; record_completeness,high,Condition aggregation differed between snapshots.,unknown,unreviewed,,pass,recorded hidden_test_predictions.csv
V6,960101,not recorded,RYR2,Uncertain significance,Likely benign,moved_toward_benign,moved_toward_benign,0.01848723524175502,0.01848723524175502,true,correct high-confidence,0.981512764758245,synonymous_consequence; criteria_without_conflict; classification_age; record_completeness,high,Condition aggregation differed between snapshots.,unknown,unreviewed,,pass,recorded hidden_test_predictions.csv
V6,960158,not recorded,PLK4,Uncertain significance,Pathogenic,moved_toward_pathogenic,moved_toward_pathogenic,0.908320047741293,0.908320047741293,true,correct high-confidence,0.908320047741293,loss_of_function_consequence; criteria_without_conflict; classification_age; record_completeness,high,Missing older fields: phenotypes,unknown,unreviewed,,pass,recorded hidden_test_predictions.csv
V6,960231,not recorded,IL17RA,Uncertain significance,Likely benign,moved_toward_benign,moved_toward_benign,0.01825729121911698,0.01825729121911698,true,correct high-confidence,0.981742708780883,synonymous_consequence; criteria_without_conflict; classification_age; record_completeness,high,,unknown,unreviewed,,pass,recorded hidden_test_predictions.csv
V6,960291,not recorded,BAG3,Uncertain significance,Likely benign,moved_toward_benign,moved_toward_benign,0.018042842156255713,0.018042842156255713,true,correct high-confidence,0.9819571578437443,synonymous_consequence; criteria_without_conflict; classification_age; record_completeness,high,Condition aggregation differed between snapshots.,unknown,unreviewed,,pass,recorded hidden_test_predictions.csv
V6,960297,not recorded,CARD9,Uncertain significance,Likely benign,moved_toward_benign,moved_toward_benign,0.01857815787164247,0.01857815787164247,true,correct high-confidence,0.9814218421283575,synonymous_consequence; criteria_without_conflict; classification_age; record_completeness,high,Condition aggregation differed between snapshots.,unknown,unreviewed,,pass,recorded hidden_test_predictions.csv
V6,961414,not recorded,ADAMTS18,Uncertain significance,Likely benign,moved_toward_benign,moved_toward_benign,0.4485879572002396,0.4485879572002396,true,low-confidence,0.5514120427997604,noncoding_consequence; criteria_without_conflict; classification_age; record_completeness,high,Missing older fields: phenotypes,unknown,unreviewed,,pass,recorded hidden_test_predictions.csv
V6,961509,not recorded,REST,Uncertain significance,Likely benign,moved_toward_benign,moved_toward_benign,0.4231015690770557,0.4231015690770557,true,low-confidence,0.5768984309229443,missense_consequence; criteria_without_conflict; classification_age; record_completeness,high,Missing older fields: phenotypes,unknown,unreviewed,,pass,recorded hidden_test_predictions.csv
V6,961956,not recorded,CLCN4,Uncertain significance,Likely benign,moved_toward_benign,moved_toward_benign,0.0011938162151307933,0.0011938162151307933,true,correct high-confidence,0.9988061837848692,synonymous_consequence; criteria_without_conflict; classification_age; record_completeness,high,Missing older fields: phenotypes,unknown,unreviewed,,pass,recorded hidden_test_predictions.csv
V6,962219,not recorded,ADCY10,Uncertain significance,Likely benign,moved_toward_benign,moved_toward_benign,0.4187094612632818,0.4187094612632818,true,low-confidence,0.5812905387367182,missense_consequence; criteria_without_conflict; classification_age; record_completeness,high,Missing older fields: phenotypes,unknown,unreviewed,,pass,recorded hidden_test_predictions.csv
V6,962263,not recorded,IL10RA,Uncertain significance,Likely benign,moved_toward_benign,moved_toward_benign,0.01855083511524845,0.01855083511524845,true,correct high-confidence,0.9814491648847515,synonymous_consequence; criteria_without_conflict; classification_age; record_completeness,high,Condition aggregation differed between snapshots.,unknown,unreviewed,,pass,recorded hidden_test_predictions.csv
V6,962411,not recorded,TTR,Uncertain significance,Pathogenic/Likely pathogenic,moved_toward_pathogenic,moved_toward_benign,0.34248217954289045,0.34248217954289045,false,low-confidence,0.6575178204571095,missense_consequence; criteria_without_conflict; classification_age; record_completeness,high,Condition aggregation differed between snapshots.,model over-predicted benign,unreviewed,,pass,recorded hidden_test_predictions.csv
V6,962676,not recorded,SOS2,Uncertain significance,Likely benign,moved_toward_benign,moved_toward_benign,0.4857073142922208,0.4857073142922208,true,low-confidence,0.5142926857077792,missense_consequence; criteria_without_conflict; classification_age; record_completeness,high,,unknown,unreviewed,,pass,recorded hidden_test_predictions.csv
V6,962941,not recorded,EGFR,Uncertain significance,Likely benign,moved_toward_benign,moved_toward_benign,0.018426109428059077,0.018426109428059077,true,correct high-confidence,0.9815738905719409,synonymous_consequence; criteria_without_conflict; classification_age; record_completeness,high,,unknown,unreviewed,,pass,recorded hidden_test_predictions.csv
V6,963227,not recorded,PAX3,Uncertain significance,Likely pathogenic,moved_toward_pathogenic,moved_toward_pathogenic,0.7263987691694166,0.7263987691694166,true,low-confidence,0.7263987691694166,missense_consequence; criteria_without_conflict; classification_age; record_completeness,high,Missing older fields: phenotypes,unknown,unreviewed,,pass,recorded hidden_test_predictions.csv
V6,963308,not recorded,SYNE2,Uncertain significance,Likely benign,moved_toward_benign,moved_toward_benign,0.01863977850455849,0.01863977850455849,true,correct high-confidence,0.9813602214954416,synonymous_consequence; criteria_without_conflict; classification_age; record_completeness,high,,unknown,unreviewed,,pass,recorded hidden_test_predictions.csv
V6,963422,not recorded,MERTK,Uncertain significance,Pathogenic,moved_toward_pathogenic,moved_toward_pathogenic,0.8532595395027694,0.8532595395027694,true,correct high-confidence,0.8532595395027694,loss_of_function_consequence; criteria_without_conflict; classification_age; record_completeness,high,Missing older fields: phenotypes,unknown,unreviewed,,pass,recorded hidden_test_predictions.csv
V6,963834,not recorded,ATR,Uncertain significance,Likely benign,moved_toward_benign,moved_toward_pathogenic,0.7072519261508788,0.7072519261508788,false,low-confidence,0.7072519261508788,missense_consequence; criteria_without_conflict; classification_age; record_completeness,high,Missing older fields: phenotypes; Condition aggregation differed between snapshots.,model over-predicted pathogenic,unreviewed,,pass,recorded hidden_test_predictions.csv
V6,963883,not recorded,PAX6,Uncertain significance,Likely pathogenic,moved_toward_pathogenic,moved_toward_benign,0.4536112714471022,0.4536112714471022,false,low-confidence,0.5463887285528978,missense_consequence; criteria_without_conflict; classification_age; record_completeness,high,,model over-predicted benign,unreviewed,,pass,recorded hidden_test_predictions.csv
V6,964135,not recorded,CYP4V2,Uncertain significance,Likely benign,moved_toward_benign,moved_toward_pathogenic,0.7077400737500422,0.7077400737500422,false,low-confidence,0.7077400737500422,missense_consequence; criteria_without_conflict; classification_age; record_completeness,high,Missing older fields: phenotypes,model over-predicted pathogenic,unreviewed,,pass,recorded hidden_test_predictions.csv
V6,964188,not recorded,RHO,Uncertain significance,Likely benign,moved_toward_benign,moved_toward_benign,0.4231015690770557,0.4231015690770557,true,low-confidence,0.5768984309229443,missense_consequence; criteria_without_conflict; classification_age; record_completeness,high,Missing older fields: phenotypes,unknown,unreviewed,,pass,recorded hidden_test_predictions.csv
V6,964303,not recorded,COPA,Uncertain significance,Likely benign,moved_toward_benign,moved_toward_benign,0.4983974351823473,0.4983974351823473,true,low-confidence,0.5016025648176528,missense_consequence; criteria_without_conflict; classification_age; record_completeness,high,Condition aggregation differed between snapshots.,unknown,unreviewed,,pass,recorded hidden_test_predictions.csv
V6,964944,not recorded,GATAD1,Uncertain significance,Likely benign,moved_toward_benign,moved_toward_benign,0.018475900655661313,0.018475900655661313,true,correct high-confidence,0.9815240993443387,synonymous_consequence; criteria_without_conflict; classification_age; record_completeness,high,Condition aggregation differed between snapshots.,unknown,unreviewed,,pass,recorded hidden_test_predictions.csv
V6,965624,not recorded,LRP5,Uncertain significance,Likely benign,moved_toward_benign,moved_toward_benign,0.0009475013168327108,0.0009475013168327108,true,correct high-confidence,0.9990524986831673,synonymous_consequence; criteria_without_conflict; classification_age; record_completeness,high,Missing older fields: phenotypes,unknown,unreviewed,,pass,recorded hidden_test_predictions.csv
V6,965712,not recorded,PEX6,Uncertain significance,Likely benign,moved_toward_benign,moved_toward_pathogenic,0.5344221869066396,0.5344221869066396,false,low-confidence,0.5344221869066396,missense_consequence; criteria_without_conflict; classification_age; record_completeness,high,Condition aggregation differed between snapshots.,model over-predicted pathogenic,unreviewed,,pass,recorded hidden_test_predictions.csv
V6,965784,not recorded,NUS1,Uncertain significance,Likely benign,moved_toward_benign,moved_toward_benign,0.018482700588840308,0.018482700588840308,true,correct high-confidence,0.9815172994111597,synonymous_consequence; criteria_without_conflict; classification_age; record_completeness,high,Condition aggregation differed between snapshots.,unknown,unreviewed,,pass,recorded hidden_test_predictions.csv
V6,965881,not recorded,USH1C,Uncertain significance,Likely benign,moved_toward_benign,moved_toward_benign,0.0014825840618614369,0.0014825840618614369,true,correct high-confidence,0.9985174159381386,synonymous_consequence; criteria_without_conflict; classification_age; record_completeness,high,Missing older fields: phenotypes; Condition aggregation differed between snapshots.,unknown,unreviewed,,pass,recorded hidden_test_predictions.csv
V6,966006,not recorded,GATA4,Uncertain significance,Likely benign,moved_toward_benign,moved_toward_benign,0.01843063045728738,0.01843063045728738,true,correct high-confidence,0.9815693695427126,synonymous_consequence; criteria_without_conflict; classification_age; record_completeness,high,Condition aggregation differed between snapshots.,unknown,unreviewed,,pass,recorded hidden_test_predictions.csv
V6,966008,not recorded,POLG,Uncertain significance,Likely pathogenic,moved_toward_pathogenic,moved_toward_benign,0.48067774368007243,0.48067774368007243,false,low-confidence,0.5193222563199276,missense_consequence; criteria_without_conflict; classification_age; record_completeness,high,,model over-predicted benign,unreviewed,,pass,recorded hidden_test_predictions.csv
V6,966163,not recorded,PIK3CD,Uncertain significance,Likely benign,moved_toward_benign,moved_toward_benign,0.01846457288810822,0.01846457288810822,true,correct high-confidence,0.9815354271118918,synonymous_consequence; criteria_without_conflict; classification_age; record_completeness,high,,unknown,unreviewed,,pass,recorded hidden_test_predictions.csv
V6,966481,not recorded,ZNF408,Uncertain significance,Likely benign,moved_toward_benign,moved_toward_benign,0.001573727475606579,0.001573727475606579,true,correct high-confidence,0.9984262725243934,synonymous_consequence; criteria_without_conflict; classification_age; record_completeness,high,Missing older fields: phenotypes,unknown,unreviewed,,pass,recorded hidden_test_predictions.csv
V6,966755,not recorded,PLCG2,Uncertain significance,Likely benign,moved_toward_benign,moved_toward_benign,0.018450988561968536,0.018450988561968536,true,correct high-confidence,0.9815490114380314,synonymous_consequence; criteria_without_conflict; classification_age; record_completeness,high,,unknown,unreviewed,,pass,recorded hidden_test_predictions.csv
V6,966907,not recorded,GAA,Uncertain significance,Likely benign,moved_toward_benign,moved_toward_benign,0.004487379920418081,0.004487379920418081,true,correct high-confidence,0.995512620079582,synonymous_consequence; criteria_without_conflict; classification_age; record_completeness,high,Condition aggregation differed between snapshots.,unknown,unreviewed,,pass,recorded hidden_test_predictions.csv
V6,967025,not recorded,PSEN1,Uncertain significance,Likely benign,moved_toward_benign,moved_toward_benign,0.018482700588840308,0.018482700588840308,true,correct high-confidence,0.9815172994111597,synonymous_consequence; criteria_without_conflict; classification_age; record_completeness,high,Condition aggregation differed between snapshots.,unknown,unreviewed,,pass,recorded hidden_test_predictions.csv
V6,967439,not recorded,ISG15,Uncertain significance,Likely benign,moved_toward_benign,moved_toward_benign,0.10997955059125493,0.10997955059125493,true,correct high-confidence,0.890020449408745,noncoding_consequence; criteria_without_conflict; classification_age; record_completeness,high,Condition aggregation differed between snapshots.,unknown,unreviewed,,pass,recorded hidden_test_predictions.csv
V6,967488,not recorded,ALG12,Uncertain significance,Likely pathogenic,moved_toward_pathogenic,moved_toward_pathogenic,0.9978397345482823,0.9978397345482823,true,correct high-confidence,0.9978397345482823,loss_of_function_consequence; criteria_without_conflict; classification_age; record_completeness,high,,unknown,unreviewed,,pass,recorded hidden_test_predictions.csv
V6,967944,not recorded,UMOD,Uncertain significance,Likely benign,moved_toward_benign,moved_toward_benign,0.4331107066752189,0.4331107066752189,true,low-confidence,0.5668892933247811,noncoding_consequence; criteria_without_conflict; classification_age; record_completeness,high,Missing older fields: phenotypes,unknown,unreviewed,,pass,recorded hidden_test_predictions.csv
V6,968723,not recorded,FAH,Uncertain significance,Likely benign,moved_toward_benign,moved_toward_pathogenic,0.5460205972762802,0.5460205972762802,false,low-confidence,0.5460205972762802,missense_consequence; criteria_without_conflict; classification_age; record_completeness,high,,model over-predicted pathogenic,unreviewed,,pass,recorded hidden_test_predictions.csv
V6,968866,not recorded,POMGNT1,Uncertain significance,Likely benign,moved_toward_benign,moved_toward_benign,0.018428369806633225,0.018428369806633225,true,correct high-confidence,0.9815716301933668,synonymous_consequence; criteria_without_conflict; classification_age; record_completeness,high,Condition aggregation differed between snapshots.,unknown,unreviewed,,pass,recorded hidden_test_predictions.csv
V6,969150,not recorded,PDE6H,Uncertain significance,Likely benign,moved_toward_benign,moved_toward_benign,0.001530986169356938,0.001530986169356938,true,correct high-confidence,0.998469013830643,synonymous_consequence; criteria_without_conflict; classification_age; record_completeness,high,Missing older fields: phenotypes,unknown,unreviewed,,pass,recorded hidden_test_predictions.csv
V6,969850,not recorded,RPGR,Uncertain significance,Likely benign,moved_toward_benign,moved_toward_benign,0.4889706224417512,0.4889706224417512,true,low-confidence,0.5110293775582488,missense_consequence; criteria_without_conflict; classification_age; record_completeness,high,Condition aggregation differed between snapshots.,unknown,unreviewed,,pass,recorded hidden_test_predictions.csv
V6,969855,not recorded,DES,Uncertain significance,Likely pathogenic,moved_toward_pathogenic,moved_toward_benign,0.4826891592215976,0.4826891592215976,false,low-confidence,0.5173108407784024,missense_consequence; criteria_without_conflict; classification_age; record_completeness,high,Condition aggregation differed between snapshots.,model over-predicted benign,unreviewed,,pass,recorded hidden_test_predictions.csv
V6,970443,not recorded,PEX12,Uncertain significance,Likely benign,moved_toward_benign,moved_toward_benign,0.01041951359002166,0.01041951359002166,true,correct high-confidence,0.9895804864099783,synonymous_consequence; criteria_without_conflict; classification_age; record_completeness,high,Condition aggregation differed between snapshots.,unknown,unreviewed,,pass,recorded hidden_test_predictions.csv
V6,970627,not recorded,ARID2,Uncertain significance,Likely benign,moved_toward_benign,moved_toward_benign,0.0011905369818126141,0.0011905369818126141,true,correct high-confidence,0.9988094630181874,synonymous_consequence; criteria_without_conflict; classification_age; record_completeness,high,Missing older fields: phenotypes,unknown,unreviewed,,pass,recorded hidden_test_predictions.csv
V6,970788,not recorded,CHD8,Uncertain significance,Likely benign,moved_toward_benign,moved_toward_pathogenic,0.6827615898705409,0.6827615898705409,false,low-confidence,0.6827615898705409,missense_consequence; criteria_without_conflict; classification_age; record_completeness,high,Missing older fields: phenotypes,model over-predicted pathogenic,unreviewed,,pass,recorded hidden_test_predictions.csv
V6,971423,not recorded,SLC35C1,Uncertain significance,Likely benign,moved_toward_benign,moved_toward_benign,0.017071496615002114,0.017071496615002114,true,correct high-confidence,0.9829285033849979,synonymous_consequence; criteria_without_conflict; classification_age; record_completeness,high,,unknown,unreviewed,,pass,recorded hidden_test_predictions.csv
V6,971441,not recorded,RCBTB1,Uncertain significance,Pathogenic,moved_toward_pathogenic,moved_toward_benign,0.4405850393227104,0.4405850393227104,false,low-confidence,0.5594149606772896,missense_consequence; criteria_without_conflict; classification_age; record_completeness,high,Missing older fields: phenotypes,model over-predicted benign,unreviewed,,pass,recorded hidden_test_predictions.csv
V6,971824,not recorded,TRAPPC11,Uncertain significance,Likely benign,moved_toward_benign,moved_toward_benign,0.018428369806633225,0.018428369806633225,true,correct high-confidence,0.9815716301933668,synonymous_consequence; criteria_without_conflict; classification_age; record_completeness,high,Condition aggregation differed between snapshots.,unknown,unreviewed,,pass,recorded hidden_test_predictions.csv
V6,971911,not recorded,MFSD8,Uncertain significance,Likely benign,moved_toward_benign,moved_toward_benign,0.018475900655661313,0.018475900655661313,true,correct high-confidence,0.9815240993443387,synonymous_consequence; criteria_without_conflict; classification_age; record_completeness,high,Condition aggregation differed between snapshots.,unknown,unreviewed,,pass,recorded hidden_test_predictions.csv
V6,972430,not recorded,SGCA,Uncertain significance,Likely pathogenic,moved_toward_pathogenic,moved_toward_benign,0.48118054140393735,0.48118054140393735,false,low-confidence,0.5188194585960626,missense_consequence; criteria_without_conflict; classification_age; record_completeness,high,,model over-predicted benign,unreviewed,,pass,recorded hidden_test_predictions.csv
V6,972455,not recorded,PCDH15,Uncertain significance,Likely benign,moved_toward_benign,moved_toward_benign,0.46260855247924737,0.46260855247924737,true,low-confidence,0.5373914475207526,noncoding_consequence; criteria_without_conflict; classification_age; record_completeness,high,Missing older fields: phenotypes; Condition aggregation differed between snapshots.,unknown,unreviewed,,pass,recorded hidden_test_predictions.csv
V6,972608,not recorded,GNPTG,Uncertain significance,Likely benign,moved_toward_benign,moved_toward_pathogenic,0.678145601325014,0.678145601325014,false,low-confidence,0.678145601325014,missense_consequence; criteria_without_conflict; classification_age; record_completeness,high,Missing older fields: phenotypes; Condition aggregation differed between snapshots.,model over-predicted pathogenic,unreviewed,,pass,recorded hidden_test_predictions.csv
V6,972810,not recorded,HNF4A,Uncertain significance,Likely pathogenic,moved_toward_pathogenic,moved_toward_pathogenic,0.7868492045506397,0.7868492045506397,true,low-confidence,0.7868492045506397,missense_consequence; classification_age; record_completeness,high,Condition aggregation differed between snapshots.,unknown,unreviewed,,pass,recorded hidden_test_predictions.csv
V6,972832,not recorded,PKD1,Uncertain significance,Likely pathogenic,moved_toward_pathogenic,moved_toward_benign,0.12346264462125786,0.12346264462125786,false,wrong high-confidence,0.8765373553787421,noncoding_consequence; criteria_without_conflict; classification_age; record_completeness,high,,model over-predicted benign,unreviewed,,pass,recorded hidden_test_predictions.csv
V6,973094,not recorded,L2HGDH,Uncertain significance,Likely pathogenic,moved_toward_pathogenic,moved_toward_pathogenic,0.9984610710384428,0.9984610710384428,true,correct high-confidence,0.9984610710384428,loss_of_function_consequence; record_completeness,high,Condition aggregation differed between snapshots.,unknown,unreviewed,,pass,recorded hidden_test_predictions.csv
V6,973667,not recorded,RNF31,Uncertain significance,Likely benign,moved_toward_benign,moved_toward_pathogenic,0.7870181441829392,0.7870181441829392,false,low-confidence,0.7870181441829392,missense_consequence; classification_age; record_completeness,high,Condition aggregation differed between snapshots.,model over-predicted pathogenic,unreviewed,,pass,recorded hidden_test_predictions.csv
V6,973680,not recorded,TNFRSF13B,Uncertain significance,Pathogenic,moved_toward_pathogenic,moved_toward_pathogenic,0.9995913541610174,0.9995913541610174,true,correct high-confidence,0.9995913541610174,loss_of_function_consequence; classification_age; record_completeness,high,Condition aggregation differed between snapshots.,unknown,unreviewed,,pass,recorded hidden_test_predictions.csv
V6,973740,not recorded,WDR1,Uncertain significance,Likely benign,moved_toward_benign,moved_toward_pathogenic,0.7870181441829392,0.7870181441829392,false,low-confidence,0.7870181441829392,missense_consequence; classification_age; record_completeness,high,Condition aggregation differed between snapshots.,model over-predicted pathogenic,unreviewed,,pass,recorded hidden_test_predictions.csv
V6,977368,not recorded,TRIM8,Uncertain significance,Benign,moved_toward_benign,moved_toward_pathogenic,0.7869167921255881,0.7869167921255881,false,low-confidence,0.7869167921255881,missense_consequence; classification_age; record_completeness,high,Condition aggregation differed between snapshots.,model over-predicted pathogenic,unreviewed,,pass,recorded hidden_test_predictions.csv
V6,977391,not recorded,PACS2,Uncertain significance,Benign,moved_toward_benign,moved_toward_pathogenic,0.7867492026056206,0.7867492026056206,false,low-confidence,0.7867492026056206,missense_consequence; classification_age; record_completeness,high,Condition aggregation differed between snapshots.,model over-predicted pathogenic,unreviewed,,pass,recorded hidden_test_predictions.csv
V6,977441,not recorded,KCNQ5,Uncertain significance,Benign,moved_toward_benign,moved_toward_pathogenic,0.7867520200298811,0.7867520200298811,false,low-confidence,0.7867520200298811,missense_consequence; classification_age; record_completeness,high,Condition aggregation differed between snapshots.,model over-predicted pathogenic,unreviewed,,pass,recorded hidden_test_predictions.csv
V6,978411,not recorded,OFD1,Uncertain significance,Likely benign,moved_toward_benign,moved_toward_benign,0.39565147735064643,0.39565147735064643,true,low-confidence,0.6043485226493536,missense_consequence; record_completeness,high,Condition aggregation differed between snapshots.,unknown,unreviewed,,pass,recorded hidden_test_predictions.csv
V6,979260,not recorded,DMRT2,Uncertain significance,Likely benign,moved_toward_benign,moved_toward_benign,0.447215767318145,0.447215767318145,true,low-confidence,0.5527842326818551,classification_age; record_completeness,high,Molecular consequence was not recognized from older HGVS text.; Missing older fields: phenotypes,unknown,unreviewed,,pass,recorded hidden_test_predictions.csv
V6,980867,not recorded,MYOM2;FBXO25;ERICH1;CLN8;TDRP;KBTBD11;DLGAP2;ZNF596;ARHGEF10,Uncertain significance,Pathogenic,moved_toward_pathogenic,moved_toward_benign,0.38407520960669633,0.38407520960669633,false,low-confidence,0.6159247903933036,classification_age; record_completeness,high,Molecular consequence was not recognized from older HGVS text.; Missing older fields: phenotypes; Gene text differed between snapshots.,model over-predicted benign,unreviewed,,pass,recorded hidden_test_predictions.csv
V6,980909,not recorded,SLC1A1,Uncertain significance,Likely benign,moved_toward_benign,moved_toward_benign,0.41448644268420987,0.41448644268420987,true,low-confidence,0.5855135573157901,classification_age; record_completeness,high,Molecular consequence was not recognized from older HGVS text.; Missing older fields: phenotypes,unknown,unreviewed,,pass,recorded hidden_test_predictions.csv
V6,982202,not recorded,ZNF292,Uncertain significance,Likely pathogenic,moved_toward_pathogenic,moved_toward_pathogenic,0.9984610710384428,0.9984610710384428,true,correct high-confidence,0.9984610710384428,loss_of_function_consequence; record_completeness,high,Condition aggregation differed between snapshots.,unknown,unreviewed,,pass,recorded hidden_test_predictions.csv
V6,982726,not recorded,SMC3,Uncertain significance,Likely pathogenic,moved_toward_pathogenic,moved_toward_pathogenic,0.5505381364435148,0.5505381364435148,true,low-confidence,0.5505381364435148,missense_consequence; criteria_without_conflict; classification_age; record_completeness,high,,unknown,unreviewed,,pass,recorded hidden_test_predictions.csv
V6,982810,not recorded,ATP2B1,Uncertain significance,Likely pathogenic,moved_toward_pathogenic,moved_toward_pathogenic,0.5505381364435148,0.5505381364435148,true,low-confidence,0.5505381364435148,missense_consequence; criteria_without_conflict; classification_age; record_completeness,high,,unknown,unreviewed,,pass,recorded hidden_test_predictions.csv
V6,984555,not recorded,STX1A,Uncertain significance,Likely pathogenic,moved_toward_pathogenic,moved_toward_pathogenic,0.7870378474436924,0.7870378474436924,true,low-confidence,0.7870378474436924,missense_consequence; classification_age; record_completeness,high,Condition aggregation differed between snapshots.,unknown,unreviewed,,pass,recorded hidden_test_predictions.csv
V6,984717,not recorded,NAPB,Uncertain significance,Pathogenic,moved_toward_pathogenic,moved_toward_pathogenic,0.8339455356272475,0.8339455356272475,true,correct high-confidence,0.8339455356272475,loss_of_function_consequence; criteria_without_conflict; classification_age; record_completeness,high,Missing older fields: phenotypes; Condition aggregation differed between snapshots.,unknown,unreviewed,,pass,recorded hidden_test_predictions.csv
V6,985593,not recorded,SOX6,Uncertain significance,Pathogenic,moved_toward_pathogenic,moved_toward_pathogenic,0.9996931661567643,0.9996931661567643,true,correct high-confidence,0.9996931661567643,loss_of_function_consequence; criteria_without_conflict; classification_age; record_completeness,high,,unknown,unreviewed,,pass,recorded hidden_test_predictions.csv
V6,985642,not recorded,TRAPPC12,Uncertain significance,Likely pathogenic,moved_toward_pathogenic,moved_toward_pathogenic,0.9999742565626297,0.9999742565626297,true,correct high-confidence,0.9999742565626297,canonical_splice_consequence; criteria_without_conflict; classification_age; record_completeness,high,,unknown,unreviewed,,pass,recorded hidden_test_predictions.csv
V6,985721,not recorded,SRP54,Uncertain significance,Likely pathogenic,moved_toward_pathogenic,moved_toward_benign,0.48017498508979717,0.48017498508979717,false,low-confidence,0.5198250149102028,missense_consequence; criteria_without_conflict; classification_age; record_completeness,high,,model over-predicted benign,unreviewed,,pass,recorded hidden_test_predictions.csv
V6,986026,not recorded,WASHC5,Uncertain significance,Likely pathogenic,moved_toward_pathogenic,moved_toward_pathogenic,0.5885726506835728,0.5885726506835728,true,low-confidence,0.5885726506835728,missense_consequence; criteria_without_conflict; classification_age; record_completeness,high,,unknown,unreviewed,,pass,recorded hidden_test_predictions.csv
V6,986034,not recorded,CLCN3,Uncertain significance,Likely pathogenic,moved_toward_pathogenic,moved_toward_pathogenic,0.5622149298425868,0.5622149298425868,true,low-confidence,0.5622149298425868,missense_consequence; criteria_without_conflict; classification_age; record_completeness,high,,unknown,unreviewed,,pass,recorded hidden_test_predictions.csv
V6,986116,not recorded,FOXP1,Uncertain significance,Pathogenic,moved_toward_pathogenic,moved_toward_benign,0.09268222780196674,0.09268222780196674,false,wrong high-confidence,0.9073177721980332,noncoding_consequence; criteria_without_conflict; classification_age; record_completeness,high,,model over-predicted benign,unreviewed,,pass,recorded hidden_test_predictions.csv
V6,986144,not recorded,DPF2,Uncertain significance,Likely pathogenic,moved_toward_pathogenic,moved_toward_pathogenic,0.5311809337857832,0.5311809337857832,true,low-confidence,0.5311809337857832,missense_consequence; criteria_without_conflict; classification_age; record_completeness,high,,unknown,unreviewed,,pass,recorded hidden_test_predictions.csv
V6,986389,not recorded,KIF5B,Uncertain significance,Pathogenic/Likely pathogenic,moved_toward_pathogenic,moved_toward_pathogenic,0.9091682131745105,0.9091682131745105,true,correct high-confidence,0.9091682131745105,criteria_without_conflict; classification_age; record_completeness,high,In-frame indel was recognized but has zero Version 1 points.; Condition aggregation differed between snapshots.,unknown,unreviewed,,pass,recorded hidden_test_predictions.csv
V6,988868,not recorded,MPL,Uncertain significance,Likely pathogenic,moved_toward_pathogenic,moved_toward_pathogenic,0.7869899943611478,0.7869899943611478,true,low-confidence,0.7869899943611478,missense_consequence; classification_age; record_completeness,high,Condition aggregation differed between snapshots.,unknown,unreviewed,,pass,recorded hidden_test_predictions.csv
V6,989624,not recorded,CBS,Uncertain significance,Likely benign,moved_toward_benign,moved_toward_benign,0.00010659124919435188,0.00010659124919435188,true,correct high-confidence,0.9998934087508057,synonymous_consequence; classification_age; record_completeness,high,Condition aggregation differed between snapshots.,unknown,unreviewed,,pass,recorded hidden_test_predictions.csv
V6,989642,not recorded,NPHS2,Uncertain significance,Likely benign,moved_toward_benign,moved_toward_benign,0.000106860207008668,0.000106860207008668,true,correct high-confidence,0.9998931397929913,synonymous_consequence; classification_age; record_completeness,high,Condition aggregation differed between snapshots.,unknown,unreviewed,,pass,recorded hidden_test_predictions.csv
V6,989850,not recorded,MPI,Uncertain significance,Likely benign,moved_toward_benign,moved_toward_benign,0.00012504657226155568,0.00012504657226155568,true,correct high-confidence,0.9998749534277385,synonymous_consequence; classification_age; record_completeness,high,Condition aggregation differed between snapshots.,unknown,unreviewed,,pass,recorded hidden_test_predictions.csv
V6,990107,not recorded,CPT1A,Uncertain significance,Likely benign,moved_toward_benign,moved_toward_benign,0.000106860207008668,0.000106860207008668,true,correct high-confidence,0.9998931397929913,synonymous_consequence; classification_age; record_completeness,high,Condition aggregation differed between snapshots.,unknown,unreviewed,,pass,recorded hidden_test_predictions.csv
V6,990348,not recorded,ACAT1,Uncertain significance,Likely benign,moved_toward_benign,moved_toward_benign,0.0001264215377474722,0.0001264215377474722,true,correct high-confidence,0.9998735784622526,synonymous_consequence; classification_age; record_completeness,high,,unknown,unreviewed,,pass,recorded hidden_test_predictions.csv
V6,990605,not recorded,SLC39A4,Uncertain significance,Likely benign,moved_toward_benign,moved_toward_benign,0.0028431050608257865,0.0028431050608257865,true,correct high-confidence,0.9971568949391743,noncoding_consequence; classification_age; record_completeness,high,Condition aggregation differed between snapshots.,unknown,unreviewed,,pass,recorded hidden_test_predictions.csv
V6,990653,not recorded,ELP1,Uncertain significance,Likely benign,moved_toward_benign,moved_toward_benign,0.0028472770755018115,0.0028472770755018115,true,correct high-confidence,0.9971527229244982,noncoding_consequence; classification_age; record_completeness,high,Condition aggregation differed between snapshots.,unknown,unreviewed,,pass,recorded hidden_test_predictions.csv
V6,990717,not recorded,AGL,Uncertain significance,Likely benign,moved_toward_benign,moved_toward_benign,0.00010672564338597952,0.00010672564338597952,true,correct high-confidence,0.999893274356614,synonymous_consequence; classification_age; record_completeness,high,,unknown,unreviewed,,pass,recorded hidden_test_predictions.csv
V6,990728,not recorded,HSD3B2,Uncertain significance,Likely benign,moved_toward_benign,moved_toward_benign,0.00010672564338597952,0.00010672564338597952,true,correct high-confidence,0.999893274356614,synonymous_consequence; classification_age; record_completeness,high,Condition aggregation differed between snapshots.,unknown,unreviewed,,pass,recorded hidden_test_predictions.csv
V6,990732,not recorded,PHGDH,Uncertain significance,Likely benign,moved_toward_benign,moved_toward_benign,0.00010485944624917443,0.00010485944624917443,true,correct high-confidence,0.9998951405537508,synonymous_consequence; classification_age; record_completeness,high,Condition aggregation differed between snapshots.,unknown,unreviewed,,pass,recorded hidden_test_predictions.csv
V6,990917,not recorded,CYP19A1,Uncertain significance,Likely benign,moved_toward_benign,moved_toward_benign,0.002391278263192915,0.002391278263192915,true,correct high-confidence,0.997608721736807,noncoding_consequence; classification_age; record_completeness,high,Condition aggregation differed between snapshots.,unknown,unreviewed,,pass,recorded hidden_test_predictions.csv
V6,990986,not recorded,IDUA,Uncertain significance,Likely benign,moved_toward_benign,moved_toward_benign,0.00010393861937591521,0.00010393861937591521,true,correct high-confidence,0.999896061380624,synonymous_consequence; classification_age; record_completeness,high,,unknown,unreviewed,,pass,recorded hidden_test_predictions.csv
V6,990990,not recorded,HSD17B4,Uncertain significance,Likely benign,moved_toward_benign,moved_toward_benign,0.000106860207008668,0.000106860207008668,true,correct high-confidence,0.9998931397929913,synonymous_consequence; classification_age; record_completeness,high,Condition aggregation differed between snapshots.,unknown,unreviewed,,pass,recorded hidden_test_predictions.csv
V6,991017,not recorded,RPGRIP1L,Uncertain significance,Likely benign,moved_toward_benign,moved_toward_benign,0.0001193970557648862,0.0001193970557648862,true,correct high-confidence,0.9998806029442351,synonymous_consequence; classification_age; record_completeness,high,Condition aggregation differed between snapshots.,unknown,unreviewed,,pass,recorded hidden_test_predictions.csv
V6,991049,not recorded,ABCC8,Uncertain significance,Likely benign,moved_toward_benign,moved_toward_benign,0.002366847468934722,0.002366847468934722,true,correct high-confidence,0.9976331525310653,noncoding_consequence; classification_age; record_completeness,high,Condition aggregation differed between snapshots.,unknown,unreviewed,,pass,recorded hidden_test_predictions.csv
V6,991181,not recorded,OPA3,Uncertain significance,Likely benign,moved_toward_benign,moved_toward_benign,0.000106860207008668,0.000106860207008668,true,correct high-confidence,0.9998931397929913,synonymous_consequence; classification_age; record_completeness,high,Condition aggregation differed between snapshots.,unknown,unreviewed,,pass,recorded hidden_test_predictions.csv
V6,991240,not recorded,AGPS,Uncertain significance,Likely benign,moved_toward_benign,moved_toward_benign,0.0001086250498666326,0.0001086250498666326,true,correct high-confidence,0.9998913749501334,synonymous_consequence; classification_age; record_completeness,high,Condition aggregation differed between snapshots.,unknown,unreviewed,,pass,recorded hidden_test_predictions.csv
V6,991324,not recorded,GLE1,Uncertain significance,Likely benign,moved_toward_benign,moved_toward_benign,0.000106860207008668,0.000106860207008668,true,correct high-confidence,0.9998931397929913,synonymous_consequence; classification_age; record_completeness,high,Condition aggregation differed between snapshots.,unknown,unreviewed,,pass,recorded hidden_test_predictions.csv
V6,991376,not recorded,MTM1,Uncertain significance,Likely benign,moved_toward_benign,moved_toward_benign,0.0028472770755018115,0.0028472770755018115,true,correct high-confidence,0.9971527229244982,noncoding_consequence; classification_age; record_completeness,high,,unknown,unreviewed,,pass,recorded hidden_test_predictions.csv
V6,991442,not recorded,HPS3,Uncertain significance,Likely benign,moved_toward_benign,moved_toward_benign,0.000106860207008668,0.000106860207008668,true,correct high-confidence,0.9998931397929913,synonymous_consequence; classification_age; record_completeness,high,Condition aggregation differed between snapshots.,unknown,unreviewed,,pass,recorded hidden_test_predictions.csv
V6,991473,not recorded,SLC7A7,Uncertain significance,Likely benign,moved_toward_benign,moved_toward_benign,0.002391278263192915,0.002391278263192915,true,correct high-confidence,0.997608721736807,noncoding_consequence; classification_age; record_completeness,high,,unknown,unreviewed,,pass,recorded hidden_test_predictions.csv
V6,991496,not recorded,COL7A1,Uncertain significance,Benign,moved_toward_benign,moved_toward_pathogenic,0.7871475984139076,0.7871475984139076,false,low-confidence,0.7871475984139076,missense_consequence; classification_age; record_completeness,high,Condition aggregation differed between snapshots.,model over-predicted pathogenic,unreviewed,,pass,recorded hidden_test_predictions.csv
V6,991591,not recorded,CPS1,Uncertain significance,Likely benign,moved_toward_benign,moved_toward_pathogenic,0.7869688802141068,0.7869688802141068,false,low-confidence,0.7869688802141068,missense_consequence; classification_age; record_completeness,high,,model over-predicted pathogenic,unreviewed,,pass,recorded hidden_test_predictions.csv
V6,991609,not recorded,ALDOB,Uncertain significance,Likely benign,moved_toward_benign,moved_toward_benign,0.000106860207008668,0.000106860207008668,true,correct high-confidence,0.9998931397929913,synonymous_consequence; classification_age; record_completeness,high,,unknown,unreviewed,,pass,recorded hidden_test_predictions.csv
V6,991637,not recorded,FAM161A,Uncertain significance,Likely benign,moved_toward_benign,moved_toward_benign,0.00010672564338597952,0.00010672564338597952,true,correct high-confidence,0.999893274356614,synonymous_consequence; classification_age; record_completeness,high,Condition aggregation differed between snapshots.,unknown,unreviewed,,pass,recorded hidden_test_predictions.csv
V6,991819,not recorded,TGM1,Uncertain significance,Likely benign,moved_toward_benign,moved_toward_benign,0.00012504657226155568,0.00012504657226155568,true,correct high-confidence,0.9998749534277385,synonymous_consequence; classification_age; record_completeness,high,Condition aggregation differed between snapshots.,unknown,unreviewed,,pass,recorded hidden_test_predictions.csv
V6,991849,not recorded,CYP17A1,Uncertain significance,Likely benign,moved_toward_benign,moved_toward_benign,0.00010672564338597952,0.00010672564338597952,true,correct high-confidence,0.999893274356614,synonymous_consequence; classification_age; record_completeness,high,Condition aggregation differed between snapshots.,unknown,unreviewed,,pass,recorded hidden_test_predictions.csv
V6,991866,not recorded,SLC12A6,Uncertain significance,Likely benign,moved_toward_benign,moved_toward_benign,0.00012521762188872222,0.00012521762188872222,true,correct high-confidence,0.9998747823781112,synonymous_consequence; classification_age; record_completeness,high,Condition aggregation differed between snapshots.,unknown,unreviewed,,pass,recorded hidden_test_predictions.csv
V6,991951,not recorded,AGA,Uncertain significance,Likely benign,moved_toward_benign,moved_toward_benign,0.0023877728075262237,0.0023877728075262237,true,correct high-confidence,0.9976122271924738,noncoding_consequence; classification_age; record_completeness,high,,unknown,unreviewed,,pass,recorded hidden_test_predictions.csv
V6,992050,not recorded,ARSB,Uncertain significance,Likely benign,moved_toward_benign,moved_toward_benign,0.000106860207008668,0.000106860207008668,true,correct high-confidence,0.9998931397929913,synonymous_consequence; classification_age; record_completeness,high,,unknown,unreviewed,,pass,recorded hidden_test_predictions.csv
V6,992059,not recorded,MTRR,Uncertain significance,Likely benign,moved_toward_benign,moved_toward_benign,0.00010672564338597952,0.00010672564338597952,true,correct high-confidence,0.999893274356614,synonymous_consequence; classification_age; record_completeness,high,Condition aggregation differed between snapshots.,unknown,unreviewed,,pass,recorded hidden_test_predictions.csv
V6,992135,not recorded,PYGM,Uncertain significance,Likely benign,moved_toward_benign,moved_toward_pathogenic,0.7869660648791803,0.7869660648791803,false,low-confidence,0.7869660648791803,missense_consequence; classification_age; record_completeness,high,,model over-predicted pathogenic,unreviewed,,pass,recorded hidden_test_predictions.csv
V6,992741,not recorded,RORA,Uncertain significance,Likely benign,moved_toward_benign,moved_toward_benign,0.11345646164718522,0.11345646164718522,true,correct high-confidence,0.8865435383528147,noncoding_consequence; criteria_without_conflict; classification_age; record_completeness,high,Condition aggregation differed between snapshots.,unknown,unreviewed,,pass,recorded hidden_test_predictions.csv
V6,995431,not recorded,SRCAP,Uncertain significance,Pathogenic/Likely pathogenic,moved_toward_pathogenic,moved_toward_pathogenic,0.9986035257078214,0.9986035257078214,true,correct high-confidence,0.9986035257078214,loss_of_function_consequence; criteria_without_conflict; classification_age; record_completeness,high,Condition aggregation differed between snapshots.,unknown,unreviewed,,pass,recorded hidden_test_predictions.csv
V6,998405,not recorded,SLC6A3,Uncertain significance,Likely benign,moved_toward_benign,moved_toward_benign,0.07574976976576583,0.07574976976576583,true,correct high-confidence,0.9242502302342341,noncoding_consequence; criteria_without_conflict; classification_age; record_completeness,high,,unknown,unreviewed,,pass,recorded hidden_test_predictions.csv
V6,998538,not recorded,GUCY2D,Uncertain significance,Likely benign,moved_toward_benign,moved_toward_benign,0.008039862117976906,0.008039862117976906,true,correct high-confidence,0.9919601378820231,synonymous_consequence; criteria_without_conflict; classification_age; record_completeness,high,,unknown,unreviewed,,pass,recorded hidden_test_predictions.csv
V6,999020,not recorded,SPTBN2,Uncertain significance,Likely benign,moved_toward_benign,moved_toward_benign,0.1624006820060563,0.1624006820060563,true,correct high-confidence,0.8375993179939437,noncoding_consequence; criteria_without_conflict; classification_age; record_completeness,high,Missing older fields: phenotypes,unknown,unreviewed,,pass,recorded hidden_test_predictions.csv
V6,999108,not recorded,NAGLU,Uncertain significance,Likely pathogenic,moved_toward_pathogenic,moved_toward_benign,0.37153988831440415,0.37153988831440415,false,low-confidence,0.6284601116855959,missense_consequence; criteria_without_conflict; classification_age; record_completeness,high,Condition aggregation differed between snapshots.,model over-predicted benign,unreviewed,,pass,recorded hidden_test_predictions.csv
V6,999395,not recorded,WRAP53,Uncertain significance,Likely benign,moved_toward_benign,moved_toward_benign,0.0008981771904148219,0.0008981771904148219,true,correct high-confidence,0.9991018228095851,synonymous_consequence; criteria_without_conflict; classification_age; record_completeness,high,Missing older fields: phenotypes,unknown,unreviewed,,pass,recorded hidden_test_predictions.csv
V6,999567,not recorded,STAMBP,Uncertain significance,Benign,moved_toward_benign,moved_toward_benign,0.16377086388362597,0.16377086388362597,true,correct high-confidence,0.8362291361163741,noncoding_consequence; criteria_without_conflict; classification_age; record_completeness,high,Missing older fields: phenotypes,unknown,unreviewed,,pass,recorded hidden_test_predictions.csv
V6,1000386,not recorded,LCA5,Uncertain significance,Likely benign,moved_toward_benign,moved_toward_benign,0.1641148585352461,0.1641148585352461,true,correct high-confidence,0.8358851414647539,noncoding_consequence; criteria_without_conflict; classification_age; record_completeness,high,Missing older fields: phenotypes; Condition aggregation differed between snapshots.,unknown,unreviewed,,pass,recorded hidden_test_predictions.csv
V6,1000935,not recorded,RTEL1,Uncertain significance,Likely benign,moved_toward_benign,moved_toward_benign,0.008505209399992676,0.008505209399992676,true,correct high-confidence,0.9914947906000073,synonymous_consequence; criteria_without_conflict; classification_age; record_completeness,high,Condition aggregation differed between snapshots.,unknown,unreviewed,,pass,recorded hidden_test_predictions.csv
V6,1001456,not recorded,DIAPH1,Uncertain significance,Likely benign,moved_toward_benign,moved_toward_benign,0.09038372544900894,0.09038372544900894,true,correct high-confidence,0.909616274550991,noncoding_consequence; criteria_without_conflict; classification_age; record_completeness,high,Condition aggregation differed between snapshots.,unknown,unreviewed,,pass,recorded hidden_test_predictions.csv
V6,1002044,not recorded,KIF11,Uncertain significance,Likely benign,moved_toward_benign,moved_toward_benign,0.21422647783589432,0.21422647783589432,true,low-confidence,0.7857735221641057,noncoding_consequence; criteria_without_conflict; classification_age; record_completeness,high,Missing older fields: phenotypes,unknown,unreviewed,,pass,recorded hidden_test_predictions.csv
V6,1002130,not recorded,OAT,Uncertain significance,Likely benign,moved_toward_benign,moved_toward_benign,0.018268557173245884,0.018268557173245884,true,correct high-confidence,0.9817314428267541,synonymous_consequence; criteria_without_conflict; classification_age; record_completeness,high,,unknown,unreviewed,,pass,recorded hidden_test_predictions.csv
V6,1002513,not recorded,TPM1,Uncertain significance,Likely pathogenic,moved_toward_pathogenic,moved_toward_benign,0.33945532555357,0.33945532555357,false,low-confidence,0.6605446744464301,missense_consequence; criteria_without_conflict; classification_age; record_completeness,high,,model over-predicted benign,unreviewed,,pass,recorded hidden_test_predictions.csv
V6,1002635,not recorded,GALNT12,Uncertain significance,Likely benign,moved_toward_benign,moved_toward_benign,0.0010205641246794597,0.0010205641246794597,true,correct high-confidence,0.9989794358753206,synonymous_consequence; criteria_without_conflict; classification_age; record_completeness,high,Missing older fields: phenotypes; Condition aggregation differed between snapshots.,unknown,unreviewed,,pass,recorded hidden_test_predictions.csv
V6,1002735,not recorded,RAX2,Uncertain significance,Likely benign,moved_toward_benign,moved_toward_benign,0.0009619479877775435,0.0009619479877775435,true,correct high-confidence,0.9990380520122225,synonymous_consequence; criteria_without_conflict; classification_age; record_completeness,high,Missing older fields: phenotypes,unknown,unreviewed,,pass,recorded hidden_test_predictions.csv
V6,1003082,not recorded,RPL11,Uncertain significance,Likely benign,moved_toward_benign,moved_toward_benign,0.07826187288075409,0.07826187288075409,true,correct high-confidence,0.921738127119246,noncoding_consequence; criteria_without_conflict; classification_age; record_completeness,high,Condition aggregation differed between snapshots.,unknown,unreviewed,,pass,recorded hidden_test_predictions.csv
V6,1003095,not recorded,RANBP2,Uncertain significance,Likely benign,moved_toward_benign,moved_toward_benign,0.012530693066119963,0.012530693066119963,true,correct high-confidence,0.98746930693388,synonymous_consequence; criteria_without_conflict; classification_age; record_completeness,high,Condition aggregation differed between snapshots.,unknown,unreviewed,,pass,recorded hidden_test_predictions.csv
V6,1003242,not recorded,PRICKLE1,Uncertain significance,Likely benign,moved_toward_benign,moved_toward_benign,0.01711724562852537,0.01711724562852537,true,correct high-confidence,0.9828827543714747,synonymous_consequence; criteria_without_conflict; classification_age; record_completeness,high,Condition aggregation differed between snapshots.,unknown,unreviewed,,pass,recorded hidden_test_predictions.csv
V6,1003392,not recorded,RAB28,Uncertain significance,Likely benign,moved_toward_benign,moved_toward_benign,0.0010827481548614545,0.0010827481548614545,true,correct high-confidence,0.9989172518451386,synonymous_consequence; criteria_without_conflict; classification_age; record_completeness,high,Missing older fields: phenotypes,unknown,unreviewed,,pass,recorded hidden_test_predictions.csv
V6,1003453,not recorded,RPS20,Uncertain significance,Likely benign,moved_toward_benign,moved_toward_benign,0.0009410065004932353,0.0009410065004932353,true,correct high-confidence,0.9990589934995068,synonymous_consequence; criteria_without_conflict; classification_age; record_completeness,high,Missing older fields: phenotypes,unknown,unreviewed,,pass,recorded hidden_test_predictions.csv
V6,1004014,not recorded,KCNMA1,Uncertain significance,Likely pathogenic,moved_toward_pathogenic,moved_toward_benign,0.4446418090945031,0.4446418090945031,false,low-confidence,0.5553581909054969,missense_consequence; criteria_without_conflict; classification_age; record_completeness,high,Condition aggregation differed between snapshots.,model over-predicted benign,unreviewed,,pass,recorded hidden_test_predictions.csv
V6,1004532,not recorded,SPRED1,Uncertain significance,Likely pathogenic,moved_toward_pathogenic,moved_toward_benign,0.3797899936443245,0.3797899936443245,false,low-confidence,0.6202100063556755,missense_consequence; criteria_without_conflict; classification_age; record_completeness,high,,model over-predicted benign,unreviewed,,pass,recorded hidden_test_predictions.csv
V6,1004686,not recorded,LRP2,Uncertain significance,Likely benign,moved_toward_benign,moved_toward_benign,0.0009281499984693377,0.0009281499984693377,true,correct high-confidence,0.9990718500015306,synonymous_consequence; criteria_without_conflict; classification_age; record_completeness,high,Missing older fields: phenotypes,unknown,unreviewed,,pass,recorded hidden_test_predictions.csv
V6,1004860,not recorded,LAMTOR2,Uncertain significance,Likely benign,moved_toward_benign,moved_toward_benign,0.0008981771904148219,0.0008981771904148219,true,correct high-confidence,0.9991018228095851,synonymous_consequence; criteria_without_conflict; classification_age; record_completeness,high,Missing older fields: phenotypes,unknown,unreviewed,,pass,recorded hidden_test_predictions.csv
V6,1005053,not recorded,SAMD9,Uncertain significance,Likely benign,moved_toward_benign,moved_toward_benign,0.4212039764482769,0.4212039764482769,true,low-confidence,0.5787960235517231,missense_consequence; criteria_without_conflict; classification_age; record_completeness,high,Missing older fields: phenotypes; Condition aggregation differed between snapshots.,unknown,unreviewed,,pass,recorded hidden_test_predictions.csv
V6,1006194,not recorded,RPS19,Uncertain significance,Pathogenic,moved_toward_pathogenic,moved_toward_benign,0.35607246105638235,0.35607246105638235,false,low-confidence,0.6439275389436176,missense_consequence; criteria_without_conflict; classification_age; record_completeness,high,Condition aggregation differed between snapshots.,model over-predicted benign,unreviewed,,pass,recorded hidden_test_predictions.csv
V6,1006209,not recorded,PDE6A,Uncertain significance,Likely benign,moved_toward_benign,moved_toward_benign,0.1877427837676367,0.1877427837676367,true,correct high-confidence,0.8122572162323634,noncoding_consequence; criteria_without_conflict; classification_age; record_completeness,high,Missing older fields: phenotypes,unknown,unreviewed,,pass,recorded hidden_test_predictions.csv
V6,1006460,not recorded,KCTD7,Uncertain significance,Likely benign,moved_toward_benign,moved_toward_benign,0.00809155095987569,0.00809155095987569,true,correct high-confidence,0.9919084490401243,synonymous_consequence; criteria_without_conflict; classification_age; record_completeness,high,Condition aggregation differed between snapshots.,unknown,unreviewed,,pass,recorded hidden_test_predictions.csv
V6,1006850,not recorded,FZD4,Uncertain significance,Likely benign,moved_toward_benign,moved_toward_pathogenic,0.5405486414782207,0.5405486414782207,false,low-confidence,0.5405486414782207,missense_consequence; criteria_without_conflict; classification_age; record_completeness,high,Missing older fields: phenotypes,model over-predicted pathogenic,unreviewed,,pass,recorded hidden_test_predictions.csv
V6,1006958,not recorded,WDPCP,Uncertain significance,Likely benign,moved_toward_benign,moved_toward_benign,0.01825959422752958,0.01825959422752958,true,correct high-confidence,0.9817404057724705,synonymous_consequence; criteria_without_conflict; classification_age; record_completeness,high,,unknown,unreviewed,,pass,recorded hidden_test_predictions.csv
V6,1007149,not recorded,MFRP,Uncertain significance,Likely benign,moved_toward_benign,moved_toward_benign,0.07813161787217811,0.07813161787217811,true,correct high-confidence,0.9218683821278219,noncoding_consequence; criteria_without_conflict; classification_age; record_completeness,high,Condition aggregation differed between snapshots.,unknown,unreviewed,,pass,recorded hidden_test_predictions.csv
V6,1007304,not recorded,CYP27B1,Uncertain significance,Likely pathogenic,moved_toward_pathogenic,moved_toward_pathogenic,0.5526324045173648,0.5526324045173648,true,low-confidence,0.5526324045173648,missense_consequence; criteria_without_conflict; classification_age; record_completeness,high,Missing older fields: phenotypes; Condition aggregation differed between snapshots.,unknown,unreviewed,,pass,recorded hidden_test_predictions.csv
V6,1007663,not recorded,AIP,Uncertain significance,Likely benign,moved_toward_benign,moved_toward_benign,0.0009267961136974095,0.0009267961136974095,true,correct high-confidence,0.9990732038863026,synonymous_consequence; criteria_without_conflict; classification_age; record_completeness,high,Missing older fields: phenotypes; Condition aggregation differed between snapshots.,unknown,unreviewed,,pass,recorded hidden_test_predictions.csv
V6,1007686,not recorded,PTPRC,Uncertain significance,Likely benign,moved_toward_benign,moved_toward_benign,0.07696822383818588,0.07696822383818588,true,correct high-confidence,0.9230317761618141,noncoding_consequence; criteria_without_conflict; classification_age; record_completeness,high,Condition aggregation differed between snapshots.,unknown,unreviewed,,pass,recorded hidden_test_predictions.csv
V6,1007843,not recorded,PRPF4,Uncertain significance,Likely benign,moved_toward_benign,moved_toward_benign,0.16829646348088304,0.16829646348088304,true,correct high-confidence,0.831703536519117,noncoding_consequence; criteria_without_conflict; classification_age; record_completeness,high,Missing older fields: phenotypes,unknown,unreviewed,,pass,recorded hidden_test_predictions.csv
V6,1007986,not recorded,TBL1XR1,Uncertain significance,Likely benign,moved_toward_benign,moved_toward_benign,0.42346155966957433,0.42346155966957433,true,low-confidence,0.5765384403304257,missense_consequence; criteria_without_conflict; classification_age; record_completeness,high,,unknown,unreviewed,,pass,recorded hidden_test_predictions.csv
V6,1008116,not recorded,RXYLT1,Uncertain significance,Likely pathogenic,moved_toward_pathogenic,moved_toward_pathogenic,0.8417866989035555,0.8417866989035555,true,correct high-confidence,0.8417866989035555,loss_of_function_consequence; criteria_without_conflict; classification_age; record_completeness,high,Missing older fields: phenotypes,unknown,unreviewed,,pass,recorded hidden_test_predictions.csv
V6,1008342,not recorded,TTC7A,Uncertain significance,Likely benign,moved_toward_benign,moved_toward_benign,0.012350851853298326,0.012350851853298326,true,correct high-confidence,0.9876491481467017,synonymous_consequence; criteria_without_conflict; classification_age; record_completeness,high,,unknown,unreviewed,,pass,recorded hidden_test_predictions.csv
V6,1008464,not recorded,AMT,Uncertain significance,Likely pathogenic,moved_toward_pathogenic,moved_toward_benign,0.3637709704174899,0.3637709704174899,false,low-confidence,0.6362290295825102,missense_consequence; criteria_without_conflict; classification_age; record_completeness,high,,model over-predicted benign,unreviewed,,pass,recorded hidden_test_predictions.csv
V6,1008542,not recorded,BMPR1B,Uncertain significance,Benign,moved_toward_benign,moved_toward_benign,0.3969170163393717,0.3969170163393717,true,low-confidence,0.6030829836606283,missense_consequence; criteria_without_conflict; classification_age; record_completeness,high,Condition aggregation differed between snapshots.,unknown,unreviewed,,pass,recorded hidden_test_predictions.csv
V6,1008638,not recorded,ANO5,Uncertain significance,Pathogenic,moved_toward_pathogenic,moved_toward_pathogenic,0.9644451279163109,0.9644451279163109,true,correct high-confidence,0.9644451279163109,criteria_without_conflict; classification_age; record_completeness,high,Molecular consequence was not recognized from older HGVS text.; Condition aggregation differed between snapshots.,unknown,unreviewed,,pass,recorded hidden_test_predictions.csv
V6,1008673,not recorded,ABCD4,Uncertain significance,Likely benign,moved_toward_benign,moved_toward_benign,0.4496207718694046,0.4496207718694046,true,low-confidence,0.5503792281305955,missense_consequence; criteria_without_conflict; classification_age; record_completeness,high,,unknown,unreviewed,,pass,recorded hidden_test_predictions.csv
V6,1008770,not recorded,SLC45A2,Uncertain significance,Pathogenic,moved_toward_pathogenic,moved_toward_pathogenic,0.6080025744193844,0.6080025744193844,true,low-confidence,0.6080025744193844,criteria_without_conflict; classification_age; record_completeness,high,Molecular consequence was not recognized from older HGVS text.; Missing older fields: phenotypes,unknown,unreviewed,,pass,recorded hidden_test_predictions.csv
V6,1009482,not recorded,DNAAF4,Uncertain significance,Likely benign,moved_toward_benign,moved_toward_benign,0.0009358426863693357,0.0009358426863693357,true,correct high-confidence,0.9990641573136306,synonymous_consequence; criteria_without_conflict; classification_age; record_completeness,high,Missing older fields: phenotypes,unknown,unreviewed,,pass,recorded hidden_test_predictions.csv
V6,1009913,not recorded,MORC2,Uncertain significance,Likely benign,moved_toward_benign,moved_toward_benign,0.4002900009724107,0.4002900009724107,true,low-confidence,0.5997099990275894,missense_consequence; criteria_without_conflict; classification_age; record_completeness,high,Condition aggregation differed between snapshots.,unknown,unreviewed,,pass,recorded hidden_test_predictions.csv
V6,1010002,not recorded,PDE6G,Uncertain significance,Likely benign,moved_toward_benign,moved_toward_benign,0.0009091935425973862,0.0009091935425973862,true,correct high-confidence,0.9990908064574027,synonymous_consequence; criteria_without_conflict; classification_age; record_completeness,high,Missing older fields: phenotypes,unknown,unreviewed,,pass,recorded hidden_test_predictions.csv
V6,1010303,not recorded,RFXANK,Uncertain significance,Likely benign,moved_toward_benign,moved_toward_benign,0.011783792087755512,0.011783792087755512,true,correct high-confidence,0.9882162079122445,synonymous_consequence; criteria_without_conflict; classification_age; record_completeness,high,Condition aggregation differed between snapshots.,unknown,unreviewed,,pass,recorded hidden_test_predictions.csv
V6,1011176,not recorded,ERCC2,Uncertain significance,Likely benign,moved_toward_benign,moved_toward_benign,0.0008893994905600553,0.0008893994905600553,true,correct high-confidence,0.9991106005094399,synonymous_consequence; criteria_without_conflict; classification_age; record_completeness,high,Missing older fields: phenotypes,unknown,unreviewed,,pass,recorded hidden_test_predictions.csv
V6,1011421,not recorded,BBS9,Uncertain significance,Likely benign,moved_toward_benign,moved_toward_benign,0.018083075390502246,0.018083075390502246,true,correct high-confidence,0.9819169246094978,synonymous_consequence; criteria_without_conflict; classification_age; record_completeness,high,,unknown,unreviewed,,pass,recorded hidden_test_predictions.csv
V6,1011539,not recorded,FLNA,Uncertain significance,Benign,moved_toward_benign,moved_toward_benign,0.37112929741428247,0.37112929741428247,true,low-confidence,0.6288707025857175,missense_consequence; criteria_without_conflict; classification_age; record_completeness,high,Condition aggregation differed between snapshots.,unknown,unreviewed,,pass,recorded hidden_test_predictions.csv
V6,1011633,not recorded,AHI1,Uncertain significance,Pathogenic,moved_toward_pathogenic,moved_toward_pathogenic,0.9617188680763754,0.9617188680763754,true,correct high-confidence,0.9617188680763754,criteria_without_conflict; classification_age; record_completeness,high,Molecular consequence was not recognized from older HGVS text.; Condition aggregation differed between snapshots.,unknown,unreviewed,,pass,recorded hidden_test_predictions.csv
V6,1011829,not recorded,TEK,Uncertain significance,Likely benign,moved_toward_benign,moved_toward_benign,0.4946903293103664,0.4946903293103664,true,low-confidence,0.5053096706896336,missense_consequence; criteria_without_conflict; classification_age; record_completeness,high,Missing older fields: phenotypes,unknown,unreviewed,,pass,recorded hidden_test_predictions.csv
V6,1012077,not recorded,PRPF6,Uncertain significance,Likely benign,moved_toward_benign,moved_toward_benign,0.16002512043107092,0.16002512043107092,true,correct high-confidence,0.839974879568929,noncoding_consequence; criteria_without_conflict; classification_age; record_completeness,high,Missing older fields: phenotypes,unknown,unreviewed,,pass,recorded hidden_test_predictions.csv
V6,1012078,not recorded,FAT4,Uncertain significance,Likely benign,moved_toward_benign,moved_toward_benign,0.4276856920266248,0.4276856920266248,true,low-confidence,0.5723143079733752,missense_consequence; criteria_without_conflict; classification_age; record_completeness,high,Missing older fields: phenotypes; Condition aggregation differed between snapshots.,unknown,unreviewed,,pass,recorded hidden_test_predictions.csv
V6,1012610,not recorded,TUBA1A,Uncertain significance,Pathogenic/Likely pathogenic,moved_toward_pathogenic,moved_toward_benign,0.46454442138718677,0.46454442138718677,false,low-confidence,0.5354555786128132,missense_consequence; criteria_without_conflict; classification_age; record_completeness,high,Missing older fields: phenotypes; Condition aggregation differed between snapshots.,model over-predicted benign,unreviewed,,pass,recorded hidden_test_predictions.csv
V6,1013188,not recorded,FSIP2,Uncertain significance,Likely benign,moved_toward_benign,moved_toward_benign,0.48531725904258355,0.48531725904258355,true,low-confidence,0.5146827409574164,missense_consequence; criteria_without_conflict; classification_age; record_completeness,high,Missing older fields: phenotypes,unknown,unreviewed,,pass,recorded hidden_test_predictions.csv
V6,1013535,not recorded,RAC1,Uncertain significance,Likely benign,moved_toward_benign,moved_toward_benign,0.1732635321088867,0.1732635321088867,true,correct high-confidence,0.8267364678911133,noncoding_consequence; criteria_without_conflict; classification_age; record_completeness,high,Missing older fields: phenotypes,unknown,unreviewed,,pass,recorded hidden_test_predictions.csv
V6,1013566,not recorded,WEE2;WEE2-AS1,Uncertain significance,Likely benign,moved_toward_benign,moved_toward_benign,0.0009384210449335666,0.0009384210449335666,true,correct high-confidence,0.9990615789550664,synonymous_consequence; criteria_without_conflict; classification_age; record_completeness,high,Missing older fields: phenotypes; Gene text differed between snapshots.,unknown,unreviewed,,pass,recorded hidden_test_predictions.csv
V6,1013759,not recorded,HK1,Uncertain significance,Likely benign,moved_toward_benign,moved_toward_benign,0.0009915048395961331,0.0009915048395961331,true,correct high-confidence,0.9990084951604039,synonymous_consequence; criteria_without_conflict; classification_age; record_completeness,high,Missing older fields: phenotypes,unknown,unreviewed,,pass,recorded hidden_test_predictions.csv
V6,1014569,not recorded,GEN1,Uncertain significance,Likely benign,moved_toward_benign,moved_toward_benign,0.0009038294525945238,0.0009038294525945238,true,correct high-confidence,0.9990961705474055,synonymous_consequence; criteria_without_conflict; classification_age; record_completeness,high,Missing older fields: phenotypes,unknown,unreviewed,,pass,recorded hidden_test_predictions.csv
V6,1014704,not recorded,SCN2A,Uncertain significance,Likely pathogenic,moved_toward_pathogenic,moved_toward_benign,0.39145688318329785,0.39145688318329785,false,low-confidence,0.6085431168167021,missense_consequence; criteria_without_conflict; classification_age; record_completeness,high,Condition aggregation differed between snapshots.,model over-predicted benign,unreviewed,,pass,recorded hidden_test_predictions.csv
V6,1014747,not recorded,COL11A2,Uncertain significance,Benign,moved_toward_benign,moved_toward_benign,0.4479934383693056,0.4479934383693056,true,low-confidence,0.5520065616306944,missense_consequence; criteria_without_conflict; classification_age; record_completeness,high,Missing older fields: phenotypes,unknown,unreviewed,,pass,recorded hidden_test_predictions.csv
V6,1014840,not recorded,CYBC1,Uncertain significance,Likely benign,moved_toward_benign,moved_toward_benign,0.1630846143769026,0.1630846143769026,true,correct high-confidence,0.8369153856230974,noncoding_consequence; criteria_without_conflict; classification_age; record_completeness,high,Missing older fields: phenotypes,unknown,unreviewed,,pass,recorded hidden_test_predictions.csv
V6,1014873,not recorded,DCTN1,Uncertain significance,Likely benign,moved_toward_benign,moved_toward_benign,0.07519003581343275,0.07519003581343275,true,correct high-confidence,0.9248099641865672,noncoding_consequence; criteria_without_conflict; classification_age; record_completeness,high,Condition aggregation differed between snapshots.,unknown,unreviewed,,pass,recorded hidden_test_predictions.csv
V6,1014925,not recorded,SLC7A14,Uncertain significance,Likely benign,moved_toward_benign,moved_toward_benign,0.0010107843720214282,0.0010107843720214282,true,correct high-confidence,0.9989892156279786,synonymous_consequence; criteria_without_conflict; classification_age; record_completeness,high,Missing older fields: phenotypes,unknown,unreviewed,,pass,recorded hidden_test_predictions.csv
V6,1014963,not recorded,TNFRSF11A,Uncertain significance,Likely benign,moved_toward_benign,moved_toward_benign,0.43136199111412177,0.43136199111412177,true,low-confidence,0.5686380088858782,missense_consequence; criteria_without_conflict; classification_age; record_completeness,high,Missing older fields: phenotypes,unknown,unreviewed,,pass,recorded hidden_test_predictions.csv
V6,1015123,not recorded,PCSK9,Uncertain significance,Likely pathogenic,moved_toward_pathogenic,moved_toward_benign,0.44563674554456706,0.44563674554456706,false,low-confidence,0.5543632544554329,missense_consequence; criteria_without_conflict; classification_age; record_completeness,high,Condition aggregation differed between snapshots.,model over-predicted benign,unreviewed,,pass,recorded hidden_test_predictions.csv
V6,1015267,not recorded,ACTN2,Uncertain significance,Likely benign,moved_toward_benign,moved_toward_benign,0.08308880682179409,0.08308880682179409,true,correct high-confidence,0.9169111931782059,noncoding_consequence; criteria_without_conflict; classification_age; record_completeness,high,,unknown,unreviewed,,pass,recorded hidden_test_predictions.csv
V6,1015561,not recorded,NOTCH3,Uncertain significance,Likely benign,moved_toward_benign,moved_toward_benign,0.0012549423717133652,0.0012549423717133652,true,correct high-confidence,0.9987450576282866,synonymous_consequence; criteria_without_conflict; classification_age; record_completeness,high,Missing older fields: phenotypes,unknown,unreviewed,,pass,recorded hidden_test_predictions.csv
V6,1016004,not recorded,BCKDHB,Uncertain significance,Likely benign,moved_toward_benign,moved_toward_benign,0.015447939323761912,0.015447939323761912,true,correct high-confidence,0.9845520606762381,synonymous_consequence; criteria_without_conflict; classification_age; record_completeness,high,Condition aggregation differed between snapshots.,unknown,unreviewed,,pass,recorded hidden_test_predictions.csv
V6,1016088,not recorded,PANK2,Uncertain significance,Likely benign,moved_toward_benign,moved_toward_benign,0.010571533528104611,0.010571533528104611,true,correct high-confidence,0.9894284664718954,synonymous_consequence; criteria_without_conflict; classification_age; record_completeness,high,,unknown,unreviewed,,pass,recorded hidden_test_predictions.csv
V6,1016209,not recorded,KRAS,Uncertain significance,Likely pathogenic,moved_toward_pathogenic,moved_toward_pathogenic,0.5642481705694012,0.5642481705694012,true,low-confidence,0.5642481705694012,missense_consequence; criteria_without_conflict; classification_age; record_completeness,high,Condition aggregation differed between snapshots.,unknown,unreviewed,,pass,recorded hidden_test_predictions.csv
V6,1016554,not recorded,CYP2R1,Uncertain significance,Pathogenic,moved_toward_pathogenic,moved_toward_pathogenic,0.8327119605616166,0.8327119605616166,true,correct high-confidence,0.8327119605616166,loss_of_function_consequence; criteria_without_conflict; classification_age; record_completeness,high,Missing older fields: phenotypes,unknown,unreviewed,,pass,recorded hidden_test_predictions.csv
V6,1016681,not recorded,CEBPA,Uncertain significance,Likely pathogenic,moved_toward_pathogenic,moved_toward_benign,0.3452600084277401,0.3452600084277401,false,low-confidence,0.6547399915722599,missense_consequence; criteria_without_conflict; classification_age; record_completeness,high,,model over-predicted benign,unreviewed,,pass,recorded hidden_test_predictions.csv
V6,1016693,not recorded,CACNA2D2,Uncertain significance,Likely benign,moved_toward_benign,moved_toward_benign,0.07419094735003758,0.07419094735003758,true,correct high-confidence,0.9258090526499624,noncoding_consequence; criteria_without_conflict; classification_age; record_completeness,high,,unknown,unreviewed,,pass,recorded hidden_test_predictions.csv
V6,1016808,not recorded,SNTA1,Uncertain significance,Likely benign,moved_toward_benign,moved_toward_benign,0.11652963250783561,0.11652963250783561,true,correct high-confidence,0.8834703674921643,noncoding_consequence; criteria_without_conflict; classification_age; record_completeness,high,,unknown,unreviewed,,pass,recorded hidden_test_predictions.csv
V6,1016882,not recorded,NF1,Uncertain significance,Likely benign,moved_toward_benign,moved_toward_benign,0.008039862117976906,0.008039862117976906,true,correct high-confidence,0.9919601378820231,synonymous_consequence; criteria_without_conflict; classification_age; record_completeness,high,,unknown,unreviewed,,pass,recorded hidden_test_predictions.csv
V6,1016961,not recorded,DDC,Uncertain significance,Likely pathogenic,moved_toward_pathogenic,moved_toward_benign,0.3339862093387991,0.3339862093387991,false,low-confidence,0.6660137906612009,missense_consequence; criteria_without_conflict; classification_age; record_completeness,high,,model over-predicted benign,unreviewed,,pass,recorded hidden_test_predictions.csv
V6,1017102,not recorded,DDX58,Uncertain significance,Likely benign,moved_toward_benign,moved_toward_benign,0.4946903293103664,0.4946903293103664,true,low-confidence,0.5053096706896336,missense_consequence; criteria_without_conflict; classification_age; record_completeness,high,Missing older fields: phenotypes; Gene text differed between snapshots.,unknown,unreviewed,,pass,recorded hidden_test_predictions.csv
V6,1017233,not recorded,KCNH5,Uncertain significance,Likely benign,moved_toward_benign,moved_toward_benign,0.36052071820060566,0.36052071820060566,true,low-confidence,0.6394792817993944,missense_consequence; criteria_without_conflict; classification_age; record_completeness,high,,unknown,unreviewed,,pass,recorded hidden_test_predictions.csv
V6,1017251,not recorded,NRL,Uncertain significance,Likely benign,moved_toward_benign,moved_toward_benign,0.0012739411170104267,0.0012739411170104267,true,correct high-confidence,0.9987260588829896,synonymous_consequence; criteria_without_conflict; classification_age; record_completeness,high,Missing older fields: phenotypes,unknown,unreviewed,,pass,recorded hidden_test_predictions.csv
V6,1017289,not recorded,CLN6,Uncertain significance,Pathogenic/Likely pathogenic,moved_toward_pathogenic,moved_toward_benign,0.3496465349082392,0.3496465349082392,false,low-confidence,0.6503534650917608,missense_consequence; criteria_without_conflict; classification_age; record_completeness,high,,model over-predicted benign,unreviewed,,pass,recorded hidden_test_predictions.csv
V6,1017504,not recorded,KMT2C,Uncertain significance,Likely benign,moved_toward_benign,moved_toward_benign,0.4946903293103664,0.4946903293103664,true,low-confidence,0.5053096706896336,missense_consequence; criteria_without_conflict; classification_age; record_completeness,high,Missing older fields: phenotypes,unknown,unreviewed,,pass,recorded hidden_test_predictions.csv
V6,1017902,not recorded,DHX38,Uncertain significance,Likely benign,moved_toward_benign,moved_toward_benign,0.0012611744271258001,0.0012611744271258001,true,correct high-confidence,0.9987388255728742,synonymous_consequence; criteria_without_conflict; classification_age; record_completeness,high,Missing older fields: phenotypes,unknown,unreviewed,,pass,recorded hidden_test_predictions.csv
V6,1018042,not recorded,RNU4ATAC,Uncertain significance,Benign,moved_toward_benign,moved_toward_benign,0.16549664541487996,0.16549664541487996,true,correct high-confidence,0.83450335458512,noncoding_consequence; criteria_without_conflict; classification_age; record_completeness,high,Missing older fields: phenotypes,unknown,unreviewed,,pass,recorded hidden_test_predictions.csv
V6,1018339,not recorded,TSC1,Uncertain significance,Likely benign,moved_toward_benign,moved_toward_benign,0.010571533528104611,0.010571533528104611,true,correct high-confidence,0.9894284664718954,synonymous_consequence; criteria_without_conflict; classification_age; record_completeness,high,Condition aggregation differed between snapshots.,unknown,unreviewed,,pass,recorded hidden_test_predictions.csv
V6,1018406,not recorded,PHEX,Uncertain significance,Likely pathogenic,moved_toward_pathogenic,moved_toward_pathogenic,0.5926490901493051,0.5926490901493051,true,low-confidence,0.5926490901493051,missense_consequence; criteria_without_conflict; classification_age; record_completeness,high,Missing older fields: phenotypes,unknown,unreviewed,,pass,recorded hidden_test_predictions.csv
V6,1018548,not recorded,RBP3,Uncertain significance,Likely benign,moved_toward_benign,moved_toward_benign,0.0011144786397917108,0.0011144786397917108,true,correct high-confidence,0.9988855213602083,synonymous_consequence; criteria_without_conflict; classification_age; record_completeness,high,Missing older fields: phenotypes,unknown,unreviewed,,pass,recorded hidden_test_predictions.csv
V6,1018869,not recorded,LIG4,Uncertain significance,Likely benign,moved_toward_benign,moved_toward_benign,0.01820430418993469,0.01820430418993469,true,correct high-confidence,0.9817956958100653,synonymous_consequence; criteria_without_conflict; classification_age; record_completeness,high,Condition aggregation differed between snapshots.,unknown,unreviewed,,pass,recorded hidden_test_predictions.csv
V6,1019549,not recorded,CRTAP,Uncertain significance,Pathogenic,moved_toward_pathogenic,moved_toward_benign,0.08612136394453862,0.08612136394453862,false,wrong high-confidence,0.9138786360554614,noncoding_consequence; criteria_without_conflict; classification_age; record_completeness,high,,model over-predicted benign,unreviewed,,pass,recorded hidden_test_predictions.csv
V6,1019576,not recorded,IRF6,Uncertain significance,Pathogenic,moved_toward_pathogenic,moved_toward_benign,0.36255064941941323,0.36255064941941323,false,low-confidence,0.6374493505805867,missense_consequence; criteria_without_conflict; classification_age; record_completeness,high,Condition aggregation differed between snapshots.,model over-predicted benign,unreviewed,,pass,recorded hidden_test_predictions.csv
V6,1019919,not recorded,SPATA5,Uncertain significance,Likely benign,moved_toward_benign,moved_toward_benign,0.09268222780196674,0.09268222780196674,true,correct high-confidence,0.9073177721980332,noncoding_consequence; criteria_without_conflict; classification_age; record_completeness,high,Gene text differed between snapshots.; Condition aggregation differed between snapshots.,unknown,unreviewed,,pass,recorded hidden_test_predictions.csv
V6,1020421,not recorded,USH1G,Uncertain significance,Likely benign,moved_toward_benign,moved_toward_benign,0.0011710496562856918,0.0011710496562856918,true,correct high-confidence,0.9988289503437143,synonymous_consequence; criteria_without_conflict; classification_age; record_completeness,high,Missing older fields: phenotypes,unknown,unreviewed,,pass,recorded hidden_test_predictions.csv
V6,1020750,not recorded,EXT1,Uncertain significance,Likely pathogenic,moved_toward_pathogenic,moved_toward_benign,0.4411728362024987,0.4411728362024987,false,low-confidence,0.5588271637975013,missense_consequence; criteria_without_conflict; classification_age; record_completeness,high,,model over-predicted benign,unreviewed,,pass,recorded hidden_test_predictions.csv
V6,1020852,not recorded,RP2,Uncertain significance,Likely benign,moved_toward_benign,moved_toward_benign,0.42218630489576664,0.42218630489576664,true,low-confidence,0.5778136951042334,missense_consequence; criteria_without_conflict; classification_age; record_completeness,high,Missing older fields: phenotypes,unknown,unreviewed,,pass,recorded hidden_test_predictions.csv
V6,1021352,not recorded,NR2E3,Uncertain significance,Likely pathogenic,moved_toward_pathogenic,moved_toward_pathogenic,0.5209337466001419,0.5209337466001419,true,low-confidence,0.5209337466001419,missense_consequence; criteria_without_conflict; classification_age; record_completeness,high,Missing older fields: phenotypes; Condition aggregation differed between snapshots.,unknown,unreviewed,,pass,recorded hidden_test_predictions.csv
V6,1021525,not recorded,ATP1A2,Uncertain significance,Likely benign,moved_toward_benign,moved_toward_benign,0.3617380839396728,0.3617380839396728,true,low-confidence,0.6382619160603271,missense_consequence; criteria_without_conflict; classification_age; record_completeness,high,,unknown,unreviewed,,pass,recorded hidden_test_predictions.csv
V6,1022086,not recorded,CHRNA2,Uncertain significance,Likely benign,moved_toward_benign,moved_toward_benign,0.36499304703612684,0.36499304703612684,true,low-confidence,0.6350069529638731,missense_consequence; criteria_without_conflict; classification_age; record_completeness,high,,unknown,unreviewed,,pass,recorded hidden_test_predictions.csv
V6,1022302,not recorded,NSMCE3,Uncertain significance,Likely benign,moved_toward_benign,moved_toward_benign,0.4290604446599288,0.4290604446599288,true,low-confidence,0.5709395553400711,missense_consequence; criteria_without_conflict; classification_age; record_completeness,high,Missing older fields: phenotypes,unknown,unreviewed,,pass,recorded hidden_test_predictions.csv
V6,1022480,not recorded,ADGRV1,Uncertain significance,Likely benign,moved_toward_benign,moved_toward_benign,0.4684761376187693,0.4684761376187693,true,low-confidence,0.5315238623812307,missense_consequence; criteria_without_conflict; classification_age; record_completeness,high,Missing older fields: phenotypes,unknown,unreviewed,,pass,recorded hidden_test_predictions.csv
V6,1022567,not recorded,GNAT2,Uncertain significance,Likely benign,moved_toward_benign,moved_toward_pathogenic,0.6005964650385958,0.6005964650385958,false,low-confidence,0.6005964650385958,missense_consequence; criteria_without_conflict; classification_age; record_completeness,high,Missing older fields: phenotypes,model over-predicted pathogenic,unreviewed,,pass,recorded hidden_test_predictions.csv
V6,1022760,not recorded,KCTD17,Uncertain significance,Likely benign,moved_toward_benign,moved_toward_benign,0.01820430418993469,0.01820430418993469,true,correct high-confidence,0.9817956958100653,synonymous_consequence; criteria_without_conflict; classification_age; record_completeness,high,Condition aggregation differed between snapshots.,unknown,unreviewed,,pass,recorded hidden_test_predictions.csv
V6,1023151,not recorded,ARL13B,Uncertain significance,Likely benign,moved_toward_benign,moved_toward_benign,0.07504670978190331,0.07504670978190331,true,correct high-confidence,0.9249532902180967,noncoding_consequence; criteria_without_conflict; classification_age; record_completeness,high,,unknown,unreviewed,,pass,recorded hidden_test_predictions.csv
V6,1023267,not recorded,SELENON,Uncertain significance,Likely benign,moved_toward_benign,moved_toward_benign,0.011324122283139525,0.011324122283139525,true,correct high-confidence,0.9886758777168605,synonymous_consequence; criteria_without_conflict; classification_age; record_completeness,high,,unknown,unreviewed,,pass,recorded hidden_test_predictions.csv
V6,1023399,not recorded,ATRX,Uncertain significance,Likely benign,moved_toward_benign,moved_toward_benign,0.34032997466786125,0.34032997466786125,true,low-confidence,0.6596700253321388,missense_consequence; criteria_without_conflict; classification_age; record_completeness,high,,unknown,unreviewed,,pass,recorded hidden_test_predictions.csv
V6,1023612,not recorded,NPHP3,Uncertain significance,Likely benign,moved_toward_benign,moved_toward_benign,0.01820430418993469,0.01820430418993469,true,correct high-confidence,0.9817956958100653,synonymous_consequence; criteria_without_conflict; classification_age; record_completeness,high,,unknown,unreviewed,,pass,recorded hidden_test_predictions.csv
V6,1023649,not recorded,GDF6,Uncertain significance,Benign,moved_toward_benign,moved_toward_benign,0.34486252298146475,0.34486252298146475,true,low-confidence,0.6551374770185352,missense_consequence; criteria_without_conflict; classification_age; record_completeness,high,Condition aggregation differed between snapshots.,unknown,unreviewed,,pass,recorded hidden_test_predictions.csv
V6,1024178,not recorded,EYA4,Uncertain significance,Likely benign,moved_toward_benign,moved_toward_benign,0.07469743254516373,0.07469743254516373,true,correct high-confidence,0.9253025674548363,noncoding_consequence; criteria_without_conflict; classification_age; record_completeness,high,,unknown,unreviewed,,pass,recorded hidden_test_predictions.csv
V6,1024568,not recorded,BCKDHA,Uncertain significance,Likely benign,moved_toward_benign,moved_toward_benign,0.08308880682179409,0.08308880682179409,true,correct high-confidence,0.9169111931782059,noncoding_consequence; criteria_without_conflict; classification_age; record_completeness,high,,unknown,unreviewed,,pass,recorded hidden_test_predictions.csv
V6,1024583,not recorded,TP63,Uncertain significance,Pathogenic,moved_toward_pathogenic,moved_toward_pathogenic,0.9913243909067389,0.9913243909067389,true,correct high-confidence,0.9913243909067389,loss_of_function_consequence; criteria_without_conflict; classification_age; record_completeness,high,Condition aggregation differed between snapshots.,unknown,unreviewed,,pass,recorded hidden_test_predictions.csv
V6,1024783,not recorded,EMC1,Uncertain significance,Likely benign,moved_toward_benign,moved_toward_benign,0.0012220564535079753,0.0012220564535079753,true,correct high-confidence,0.9987779435464921,synonymous_consequence; criteria_without_conflict; classification_age; record_completeness,high,Missing older fields: phenotypes,unknown,unreviewed,,pass,recorded hidden_test_predictions.csv
V6,1025392,not recorded,CSF2RB,Uncertain significance,Likely benign,moved_toward_benign,moved_toward_benign,0.4267678472024906,0.4267678472024906,true,low-confidence,0.5732321527975094,missense_consequence; criteria_without_conflict; classification_age; record_completeness,high,Missing older fields: phenotypes,unknown,unreviewed,,pass,recorded hidden_test_predictions.csv
V6,1025460,not recorded,GPR179,Uncertain significance,Likely benign,moved_toward_benign,moved_toward_benign,0.0008981771904148219,0.0008981771904148219,true,correct high-confidence,0.9991018228095851,synonymous_consequence; criteria_without_conflict; classification_age; record_completeness,high,Missing older fields: phenotypes,unknown,unreviewed,,pass,recorded hidden_test_predictions.csv
V6,1025538,not recorded,CACNA1F,Uncertain significance,Likely benign,moved_toward_benign,moved_toward_benign,0.0008893994905600553,0.0008893994905600553,true,correct high-confidence,0.9991106005094399,synonymous_consequence; criteria_without_conflict; classification_age; record_completeness,high,Missing older fields: phenotypes,unknown,unreviewed,,pass,recorded hidden_test_predictions.csv
V6,1025723,not recorded,IFIH1,Uncertain significance,Likely benign,moved_toward_benign,moved_toward_benign,0.37153988831440415,0.37153988831440415,true,low-confidence,0.6284601116855959,missense_consequence; criteria_without_conflict; classification_age; record_completeness,high,,unknown,unreviewed,,pass,recorded hidden_test_predictions.csv
V6,1025828,not recorded,PRRT2,Uncertain significance,Likely benign,moved_toward_benign,moved_toward_benign,0.4461343777016412,0.4461343777016412,true,low-confidence,0.5538656222983588,missense_consequence; criteria_without_conflict; classification_age; record_completeness,high,Condition aggregation differed between snapshots.,unknown,unreviewed,,pass,recorded hidden_test_predictions.csv
V6,1026059,not recorded,CHKB,Uncertain significance,Likely benign,moved_toward_benign,moved_toward_benign,0.10393803005478178,0.10393803005478178,true,correct high-confidence,0.8960619699452183,noncoding_consequence; criteria_without_conflict; classification_age; record_completeness,high,,unknown,unreviewed,,pass,recorded hidden_test_predictions.csv
V6,1026130,not recorded,TNFRSF1A,Uncertain significance,Likely benign,moved_toward_benign,moved_toward_benign,0.3777207339152252,0.3777207339152252,true,low-confidence,0.6222792660847748,missense_consequence; criteria_without_conflict; classification_age; record_completeness,high,,unknown,unreviewed,,pass,recorded hidden_test_predictions.csv
V6,1026533,not recorded,STT3B,Uncertain significance,Likely benign,moved_toward_benign,moved_toward_benign,0.011000994101664573,0.011000994101664573,true,correct high-confidence,0.9889990058983354,synonymous_consequence; criteria_without_conflict; classification_age; record_completeness,high,Condition aggregation differed between snapshots.,unknown,unreviewed,,pass,recorded hidden_test_predictions.csv
V6,1026650,not recorded,FKRP,Uncertain significance,Likely pathogenic,moved_toward_pathogenic,moved_toward_benign,0.4382092749745441,0.4382092749745441,false,low-confidence,0.5617907250254559,missense_consequence; criteria_without_conflict; classification_age; record_completeness,high,Condition aggregation differed between snapshots.,model over-predicted benign,unreviewed,,pass,recorded hidden_test_predictions.csv
V6,1026709,not recorded,ORC4,Uncertain significance,Pathogenic,moved_toward_pathogenic,moved_toward_pathogenic,0.6803862621500081,0.6803862621500081,true,low-confidence,0.6803862621500081,loss_of_function_consequence; criteria_without_conflict; classification_age; record_completeness,high,Missing older fields: phenotypes,unknown,unreviewed,,pass,recorded hidden_test_predictions.csv
V6,1026751,not recorded,RNF113A,Uncertain significance,Likely benign,moved_toward_benign,moved_toward_pathogenic,0.7365173632840032,0.7365173632840032,false,low-confidence,0.7365173632840032,missense_consequence; criteria_without_conflict; classification_age; record_completeness,high,Missing older fields: phenotypes; Condition aggregation differed between snapshots.,model over-predicted pathogenic,unreviewed,,pass,recorded hidden_test_predictions.csv
V6,1026793,not recorded,LBR,Uncertain significance,Likely benign,moved_toward_benign,moved_toward_benign,0.0010233756618444729,0.0010233756618444729,true,correct high-confidence,0.9989766243381555,synonymous_consequence; criteria_without_conflict; classification_age; record_completeness,high,Missing older fields: phenotypes,unknown,unreviewed,,pass,recorded hidden_test_predictions.csv
V6,1026940,not recorded,SETX,Uncertain significance,Likely benign,moved_toward_benign,moved_toward_benign,0.37400731300041307,0.37400731300041307,true,low-confidence,0.6259926869995869,missense_consequence; criteria_without_conflict; classification_age; record_completeness,high,,unknown,unreviewed,,pass,recorded hidden_test_predictions.csv
V6,1026945,not recorded,COL6A3,Uncertain significance,Likely benign,moved_toward_benign,moved_toward_benign,0.011080911102287214,0.011080911102287214,true,correct high-confidence,0.9889190888977127,synonymous_consequence; criteria_without_conflict; classification_age; record_completeness,high,,unknown,unreviewed,,pass,recorded hidden_test_predictions.csv
V6,1027062,not recorded,TNFAIP3,Uncertain significance,Benign,moved_toward_benign,moved_toward_benign,0.4180300332290909,0.4180300332290909,true,low-confidence,0.5819699667709091,missense_consequence; criteria_without_conflict; classification_age; record_completeness,high,Missing older fields: phenotypes,unknown,unreviewed,,pass,recorded hidden_test_predictions.csv
V6,1027123,not recorded,NYX,Uncertain significance,Likely benign,moved_toward_benign,moved_toward_benign,0.0009606256107520862,0.0009606256107520862,true,correct high-confidence,0.999039374389248,synonymous_consequence; criteria_without_conflict; classification_age; record_completeness,high,Missing older fields: phenotypes,unknown,unreviewed,,pass,recorded hidden_test_predictions.csv
V6,1034603,not recorded,TCF4,Uncertain significance,Likely pathogenic,moved_toward_pathogenic,moved_toward_benign,0.34248217954289045,0.34248217954289045,false,low-confidence,0.6575178204571095,missense_consequence; criteria_without_conflict; classification_age; record_completeness,high,,model over-predicted benign,unreviewed,,pass,recorded hidden_test_predictions.csv
V6,1034697,not recorded,KIF22,Uncertain significance,Benign,moved_toward_benign,moved_toward_benign,0.4396607780238922,0.4396607780238922,true,low-confidence,0.5603392219761079,missense_consequence; criteria_without_conflict; classification_age; record_completeness,high,Missing older fields: phenotypes,unknown,unreviewed,,pass,recorded hidden_test_predictions.csv
V6,1034720,not recorded,RTN4IP1,Uncertain significance,Pathogenic,moved_toward_pathogenic,moved_toward_pathogenic,0.6366941259458118,0.6366941259458118,true,low-confidence,0.6366941259458118,loss_of_function_consequence; criteria_without_conflict; classification_age; record_completeness,high,Missing older fields: phenotypes,unknown,unreviewed,,pass,recorded hidden_test_predictions.csv
V6,1034849,not recorded,ZNF513,Uncertain significance,Likely benign,moved_toward_benign,moved_toward_benign,0.0011424144357381077,0.0011424144357381077,true,correct high-confidence,0.9988575855642619,synonymous_consequence; criteria_without_conflict; classification_age; record_completeness,high,Missing older fields: phenotypes,unknown,unreviewed,,pass,recorded hidden_test_predictions.csv
V6,1035140,not recorded,GABRA1,Uncertain significance,Likely benign,moved_toward_benign,moved_toward_benign,0.36458549391087247,0.36458549391087247,true,low-confidence,0.6354145060891275,missense_consequence; criteria_without_conflict; classification_age; record_completeness,high,Condition aggregation differed between snapshots.,unknown,unreviewed,,pass,recorded hidden_test_predictions.csv
V6,1035618,not recorded,ACTN4,Uncertain significance,Likely benign,moved_toward_benign,moved_toward_benign,0.17283820855370383,0.17283820855370383,true,correct high-confidence,0.8271617914462962,noncoding_consequence; criteria_without_conflict; classification_age; record_completeness,high,Missing older fields: phenotypes,unknown,unreviewed,,pass,recorded hidden_test_predictions.csv
V6,1035693,not recorded,ALPL,Uncertain significance,Likely pathogenic,moved_toward_pathogenic,moved_toward_pathogenic,0.5526324045173648,0.5526324045173648,true,low-confidence,0.5526324045173648,missense_consequence; criteria_without_conflict; classification_age; record_completeness,high,Missing older fields: phenotypes,unknown,unreviewed,,pass,recorded hidden_test_predictions.csv
V6,1035854,not recorded,VPS13B,Uncertain significance,Likely benign,moved_toward_benign,moved_toward_benign,0.3760685237647371,0.3760685237647371,true,low-confidence,0.6239314762352629,missense_consequence; criteria_without_conflict; classification_age; record_completeness,high,,unknown,unreviewed,,pass,recorded hidden_test_predictions.csv
V6,1036148,not recorded,RINT1,Uncertain significance,Pathogenic,moved_toward_pathogenic,moved_toward_pathogenic,0.9971712990249078,0.9971712990249078,true,correct high-confidence,0.9971712990249078,loss_of_function_consequence; criteria_without_conflict; classification_age; record_completeness,high,Missing older fields: phenotypes,unknown,unreviewed,,pass,recorded hidden_test_predictions.csv
V6,1036151,not recorded,TUBGCP4,Uncertain significance,Likely benign,moved_toward_benign,moved_toward_benign,0.19411866376926615,0.19411866376926615,true,correct high-confidence,0.8058813362307339,noncoding_consequence; criteria_without_conflict; classification_age; record_completeness,high,Missing older fields: phenotypes,unknown,unreviewed,,pass,recorded hidden_test_predictions.csv
V6,1036244,not recorded,TTC21B,Uncertain significance,Likely benign,moved_toward_benign,moved_toward_benign,0.07495925004076062,0.07495925004076062,true,correct high-confidence,0.9250407499592394,noncoding_consequence; criteria_without_conflict; classification_age; record_completeness,high,Condition aggregation differed between snapshots.,unknown,unreviewed,,pass,recorded hidden_test_predictions.csv
V6,1036308,not recorded,KCNV2,Uncertain significance,Likely benign,moved_toward_benign,moved_toward_pathogenic,0.6135368809538081,0.6135368809538081,false,low-confidence,0.6135368809538081,missense_consequence; criteria_without_conflict; classification_age; record_completeness,high,Missing older fields: phenotypes,model over-predicted pathogenic,unreviewed,,pass,recorded hidden_test_predictions.csv
V6,1036452,not recorded,BMPR2,Uncertain significance,Benign,moved_toward_benign,moved_toward_pathogenic,0.5717309459524376,0.5717309459524376,false,low-confidence,0.5717309459524376,missense_consequence; criteria_without_conflict; classification_age; record_completeness,high,,model over-predicted pathogenic,unreviewed,,pass,recorded hidden_test_predictions.csv
V6,1036491,not recorded,AICDA,Uncertain significance,Likely benign,moved_toward_benign,moved_toward_benign,0.008083865722219332,0.008083865722219332,true,correct high-confidence,0.9919161342777807,synonymous_consequence; criteria_without_conflict; classification_age; record_completeness,high,,unknown,unreviewed,,pass,recorded hidden_test_predictions.csv
V6,1036501,not recorded,P3H2,Uncertain significance,Likely benign,moved_toward_benign,moved_toward_benign,0.001179130353979143,0.001179130353979143,true,correct high-confidence,0.9988208696460209,synonymous_consequence; criteria_without_conflict; classification_age; record_completeness,high,Missing older fields: phenotypes,unknown,unreviewed,,pass,recorded hidden_test_predictions.csv
V6,1036662,not recorded,NEK8,Uncertain significance,Likely benign,moved_toward_benign,moved_toward_benign,0.3678513119272376,0.3678513119272376,true,low-confidence,0.6321486880727625,missense_consequence; criteria_without_conflict; classification_age; record_completeness,high,,unknown,unreviewed,,pass,recorded hidden_test_predictions.csv
V6,1036904,not recorded,RGS9,Uncertain significance,Likely benign,moved_toward_benign,moved_toward_benign,0.0011455612716020174,0.0011455612716020174,true,correct high-confidence,0.998854438728398,synonymous_consequence; criteria_without_conflict; classification_age; record_completeness,high,Missing older fields: phenotypes,unknown,unreviewed,,pass,recorded hidden_test_predictions.csv
V6,1036919,not recorded,HGSNAT,Uncertain significance,Likely benign,moved_toward_benign,moved_toward_benign,0.4198593888421703,0.4198593888421703,true,low-confidence,0.5801406111578298,missense_consequence; criteria_without_conflict; classification_age; record_completeness,high,Condition aggregation differed between snapshots.,unknown,unreviewed,,pass,recorded hidden_test_predictions.csv
V6,1037319,not recorded,RPL26,Uncertain significance,Likely benign,moved_toward_benign,moved_toward_benign,0.07690514726197431,0.07690514726197431,true,correct high-confidence,0.9230948527380257,noncoding_consequence; criteria_without_conflict; classification_age; record_completeness,high,Condition aggregation differed between snapshots.,unknown,unreviewed,,pass,recorded hidden_test_predictions.csv
V6,1037561,not recorded,RDH12,Uncertain significance,Pathogenic/Likely pathogenic,moved_toward_pathogenic,moved_toward_benign,0.4172911133724599,0.4172911133724599,false,low-confidence,0.5827088866275401,missense_consequence; criteria_without_conflict; classification_age; record_completeness,high,,model over-predicted benign,unreviewed,,pass,recorded hidden_test_predictions.csv
V6,1037774,not recorded,NADK2,Uncertain significance,Likely benign,moved_toward_benign,moved_toward_benign,0.35768718373078806,0.35768718373078806,true,low-confidence,0.642312816269212,missense_consequence; criteria_without_conflict; classification_age; record_completeness,high,Condition aggregation differed between snapshots.,unknown,unreviewed,,pass,recorded hidden_test_predictions.csv
V6,1038639,not recorded,IRAK4,Uncertain significance,Likely benign,moved_toward_benign,moved_toward_benign,0.10173017285987562,0.10173017285987562,true,correct high-confidence,0.8982698271401244,noncoding_consequence; criteria_without_conflict; classification_age; record_completeness,high,,unknown,unreviewed,,pass,recorded hidden_test_predictions.csv
V6,1038715,not recorded,SOX2,Uncertain significance,Likely pathogenic,moved_toward_pathogenic,moved_toward_benign,0.33359962275649996,0.33359962275649996,false,low-confidence,0.6664003772435001,missense_consequence; criteria_without_conflict; classification_age; record_completeness,high,,model over-predicted benign,unreviewed,,pass,recorded hidden_test_predictions.csv
V6,1038789,not recorded,LCK,Uncertain significance,Pathogenic,moved_toward_pathogenic,moved_toward_pathogenic,0.9933464716572112,0.9933464716572112,true,correct high-confidence,0.9933464716572112,loss_of_function_consequence; criteria_without_conflict; classification_age; record_completeness,high,Condition aggregation differed between snapshots.,unknown,unreviewed,,pass,recorded hidden_test_predictions.csv
V6,1038825,not recorded,PIGG,Uncertain significance,Likely benign,moved_toward_benign,moved_toward_benign,0.0087556788079901,0.0087556788079901,true,correct high-confidence,0.9912443211920099,synonymous_consequence; criteria_without_conflict; classification_age; record_completeness,high,Condition aggregation differed between snapshots.,unknown,unreviewed,,pass,recorded hidden_test_predictions.csv
V6,1038889,not recorded,TOPORS,Uncertain significance,Likely benign,moved_toward_benign,moved_toward_benign,0.001033277114379693,0.001033277114379693,true,correct high-confidence,0.9989667228856203,synonymous_consequence; criteria_without_conflict; classification_age; record_completeness,high,Missing older fields: phenotypes,unknown,unreviewed,,pass,recorded hidden_test_predictions.csv
V6,1039350,not recorded,MOGS,Uncertain significance,Pathogenic,moved_toward_pathogenic,moved_toward_pathogenic,0.9955556966874758,0.9955556966874758,true,correct high-confidence,0.9955556966874758,loss_of_function_consequence; criteria_without_conflict; classification_age; record_completeness,high,Condition aggregation differed between snapshots.,unknown,unreviewed,,pass,recorded hidden_test_predictions.csv
V6,1039621,not recorded,PIGL,Uncertain significance,Likely benign,moved_toward_benign,moved_toward_pathogenic,0.5012540923938366,0.5012540923938366,false,low-confidence,0.5012540923938366,missense_consequence; criteria_without_conflict; classification_age; record_completeness,high,Missing older fields: phenotypes,model over-predicted pathogenic,unreviewed,,pass,recorded hidden_test_predictions.csv
V6,1040153,not recorded,INPP5E,Uncertain significance,Likely benign,moved_toward_benign,moved_toward_benign,0.08795173074328909,0.08795173074328909,true,correct high-confidence,0.9120482692567109,noncoding_consequence; criteria_without_conflict; classification_age; record_completeness,high,Condition aggregation differed between snapshots.,unknown,unreviewed,,pass,recorded hidden_test_predictions.csv
V6,1040218,not recorded,SMARCD2,Uncertain significance,Likely benign,moved_toward_benign,moved_toward_benign,0.000893077793396413,0.000893077793396413,true,correct high-confidence,0.9991069222066036,synonymous_consequence; criteria_without_conflict; classification_age; record_completeness,high,Missing older fields: phenotypes,unknown,unreviewed,,pass,recorded hidden_test_predictions.csv
V6,1040478,not recorded,SLC52A1,Uncertain significance,Likely benign,moved_toward_benign,moved_toward_benign,0.011000994101664573,0.011000994101664573,true,correct high-confidence,0.9889990058983354,synonymous_consequence; criteria_without_conflict; classification_age; record_completeness,high,Condition aggregation differed between snapshots.,unknown,unreviewed,,pass,recorded hidden_test_predictions.csv
V6,1040706,not recorded,ODAD1,Uncertain significance,Likely benign,moved_toward_benign,moved_toward_pathogenic,0.5720100627937682,0.5720100627937682,false,low-confidence,0.5720100627937682,missense_consequence; criteria_without_conflict; classification_age; record_completeness,high,Condition aggregation differed between snapshots.,model over-predicted pathogenic,unreviewed,,pass,recorded hidden_test_predictions.csv
V6,1041065,not recorded,CNGB3,Uncertain significance,Likely benign,moved_toward_benign,moved_toward_pathogenic,0.759797269121254,0.759797269121254,false,low-confidence,0.759797269121254,loss_of_function_consequence; criteria_without_conflict; classification_age; record_completeness,high,Missing older fields: phenotypes,model over-predicted pathogenic,unreviewed,,pass,recorded hidden_test_predictions.csv
V6,1041124,not recorded,TUBGCP6,Uncertain significance,Likely benign,moved_toward_benign,moved_toward_benign,0.0008906239066136747,0.0008906239066136747,true,correct high-confidence,0.9991093760933863,synonymous_consequence; criteria_without_conflict; classification_age; record_completeness,high,Missing older fields: phenotypes,unknown,unreviewed,,pass,recorded hidden_test_predictions.csv
V6,1041732,not recorded,KBTBD13,Uncertain significance,Benign,moved_toward_benign,moved_toward_benign,0.3544610051243584,0.3544610051243584,true,low-confidence,0.6455389948756416,missense_consequence; criteria_without_conflict; classification_age; record_completeness,high,,unknown,unreviewed,,pass,recorded hidden_test_predictions.csv
V6,1041922,not recorded,ATF6,Uncertain significance,Likely benign,moved_toward_benign,moved_toward_benign,0.16958430693384288,0.16958430693384288,true,correct high-confidence,0.8304156930661571,noncoding_consequence; criteria_without_conflict; classification_age; record_completeness,high,Missing older fields: phenotypes,unknown,unreviewed,,pass,recorded hidden_test_predictions.csv
V6,1041975,not recorded,CHIT1,Uncertain significance,Benign,moved_toward_benign,moved_toward_pathogenic,0.5592665448666642,0.5592665448666642,false,low-confidence,0.5592665448666642,missense_consequence; criteria_without_conflict; classification_age; record_completeness,high,,model over-predicted pathogenic,unreviewed,,pass,recorded hidden_test_predictions.csv
V6,1042091,not recorded,STRADA,Uncertain significance,Likely benign,moved_toward_benign,moved_toward_benign,0.00894831605048092,0.00894831605048092,true,correct high-confidence,0.991051683949519,synonymous_consequence; criteria_without_conflict; classification_age; record_completeness,high,,unknown,unreviewed,,pass,recorded hidden_test_predictions.csv
V6,1042500,not recorded,PLEKHG2,Uncertain significance,Likely benign,moved_toward_benign,moved_toward_benign,0.4221770511357367,0.4221770511357367,true,low-confidence,0.5778229488642632,missense_consequence; criteria_without_conflict; classification_age; record_completeness,high,Missing older fields: phenotypes,unknown,unreviewed,,pass,recorded hidden_test_predictions.csv
V6,1042627,not recorded,EDAR,Uncertain significance,Likely pathogenic,moved_toward_pathogenic,moved_toward_benign,0.4416671766945262,0.4416671766945262,false,low-confidence,0.5583328233054738,missense_consequence; criteria_without_conflict; classification_age; record_completeness,high,,model over-predicted benign,unreviewed,,pass,recorded hidden_test_predictions.csv
V6,1043604,not recorded,BCL11B,Uncertain significance,Benign,moved_toward_benign,moved_toward_benign,0.4203536203233664,0.4203536203233664,true,low-confidence,0.5796463796766336,missense_consequence; criteria_without_conflict; classification_age; record_completeness,high,Missing older fields: phenotypes,unknown,unreviewed,,pass,recorded hidden_test_predictions.csv
V6,1043845,not recorded,GNAL,Uncertain significance,Likely pathogenic,moved_toward_pathogenic,moved_toward_benign,0.0739430900881385,0.0739430900881385,false,wrong high-confidence,0.9260569099118615,noncoding_consequence; criteria_without_conflict; classification_age; record_completeness,high,Condition aggregation differed between snapshots.,model over-predicted benign,unreviewed,,pass,recorded hidden_test_predictions.csv
V6,1043917,not recorded,BBS12,Uncertain significance,Pathogenic,moved_toward_pathogenic,moved_toward_benign,0.43722238942933317,0.43722238942933317,false,low-confidence,0.5627776105706668,missense_consequence; criteria_without_conflict; classification_age; record_completeness,high,,model over-predicted benign,unreviewed,,pass,recorded hidden_test_predictions.csv
V6,1044007,not recorded,SNAP25,Uncertain significance,Likely benign,moved_toward_benign,moved_toward_benign,0.018052892219393758,0.018052892219393758,true,correct high-confidence,0.9819471077806062,synonymous_consequence; criteria_without_conflict; classification_age; record_completeness,high,Condition aggregation differed between snapshots.,unknown,unreviewed,,pass,recorded hidden_test_predictions.csv
V6,1044207,not recorded,IQCB1,Uncertain significance,Likely benign,moved_toward_benign,moved_toward_benign,0.01831343670677338,0.01831343670677338,true,correct high-confidence,0.9816865632932266,synonymous_consequence; criteria_without_conflict; classification_age; record_completeness,high,,unknown,unreviewed,,pass,recorded hidden_test_predictions.csv
V6,1044665,not recorded,ARHGEF18,Uncertain significance,Likely benign,moved_toward_benign,moved_toward_benign,0.0013306200370778985,0.0013306200370778985,true,correct high-confidence,0.9986693799629222,synonymous_consequence; criteria_without_conflict; classification_age; record_completeness,high,Missing older fields: phenotypes,unknown,unreviewed,,pass,recorded hidden_test_predictions.csv
V6,1045158,not recorded,MAGT1,Uncertain significance,Likely benign,moved_toward_benign,moved_toward_benign,0.01830894388892291,0.01830894388892291,true,correct high-confidence,0.9816910561110771,synonymous_consequence; criteria_without_conflict; classification_age; record_completeness,high,Condition aggregation differed between snapshots.,unknown,unreviewed,,pass,recorded hidden_test_predictions.csv
V6,1045268,not recorded,BBS5,Uncertain significance,Likely benign,moved_toward_benign,moved_toward_benign,0.018254754585663318,0.018254754585663318,true,correct high-confidence,0.9817452454143367,synonymous_consequence; criteria_without_conflict; classification_age; record_completeness,high,,unknown,unreviewed,,pass,recorded hidden_test_predictions.csv
V6,1045670,not recorded,CACNA1C,Uncertain significance,Likely benign,moved_toward_benign,moved_toward_benign,0.08739896063794286,0.08739896063794286,true,correct high-confidence,0.9126010393620572,noncoding_consequence; criteria_without_conflict; classification_age; record_completeness,high,,unknown,unreviewed,,pass,recorded hidden_test_predictions.csv
V6,1045678,not recorded,SLC19A2,Uncertain significance,Likely benign,moved_toward_benign,moved_toward_pathogenic,0.6218470131989361,0.6218470131989361,false,low-confidence,0.6218470131989361,criteria_without_conflict; classification_age; record_completeness,high,In-frame indel was recognized but has zero Version 1 points.; Missing older fields: phenotypes,model over-predicted pathogenic,unreviewed,,pass,recorded hidden_test_predictions.csv
V6,1045781,not recorded,LRRC8A,Uncertain significance,Likely benign,moved_toward_benign,moved_toward_benign,0.0008869783934119163,0.0008869783934119163,true,correct high-confidence,0.9991130216065881,synonymous_consequence; criteria_without_conflict; classification_age; record_completeness,high,Missing older fields: phenotypes,unknown,unreviewed,,pass,recorded hidden_test_predictions.csv
V6,1046004,not recorded,ST3GAL5,Uncertain significance,Likely benign,moved_toward_benign,moved_toward_benign,0.00808507187280358,0.00808507187280358,true,correct high-confidence,0.9919149281271964,synonymous_consequence; criteria_without_conflict; classification_age; record_completeness,high,,unknown,unreviewed,,pass,recorded hidden_test_predictions.csv
V6,1046025,not recorded,AHR,Uncertain significance,Likely benign,moved_toward_benign,moved_toward_benign,0.0009192550071064064,0.0009192550071064064,true,correct high-confidence,0.9990807449928936,synonymous_consequence; criteria_without_conflict; classification_age; record_completeness,high,Missing older fields: phenotypes,unknown,unreviewed,,pass,recorded hidden_test_predictions.csv
V6,1046426,not recorded,CRX,Uncertain significance,Pathogenic,moved_toward_pathogenic,moved_toward_pathogenic,0.9347797827108477,0.9347797827108477,true,correct high-confidence,0.9347797827108477,criteria_without_conflict; classification_age; record_completeness,high,Molecular consequence was not recognized from older HGVS text.; Condition aggregation differed between snapshots.,unknown,unreviewed,,pass,recorded hidden_test_predictions.csv
V6,1046435,not recorded,RFX6,Uncertain significance,Benign,moved_toward_benign,moved_toward_benign,0.1624006820060563,0.1624006820060563,true,correct high-confidence,0.8375993179939437,noncoding_consequence; criteria_without_conflict; classification_age; record_completeness,high,Missing older fields: phenotypes,unknown,unreviewed,,pass,recorded hidden_test_predictions.csv
V6,1046606,not recorded,GNB3,Uncertain significance,Likely benign,moved_toward_benign,moved_toward_benign,0.0010121757265880178,0.0010121757265880178,true,correct high-confidence,0.9989878242734119,synonymous_consequence; criteria_without_conflict; classification_age; record_completeness,high,Missing older fields: phenotypes,unknown,unreviewed,,pass,recorded hidden_test_predictions.csv
V6,1046646,not recorded,RAB7A,Uncertain significance,Likely benign,moved_toward_benign,moved_toward_benign,0.41857469939127995,0.41857469939127995,true,low-confidence,0.58142530060872,missense_consequence; criteria_without_conflict; classification_age; record_completeness,high,,unknown,unreviewed,,pass,recorded hidden_test_predictions.csv
V6,1046744,not recorded,NEUROG3,Uncertain significance,Likely benign,moved_toward_benign,moved_toward_benign,0.4212039764482769,0.4212039764482769,true,low-confidence,0.5787960235517231,missense_consequence; criteria_without_conflict; classification_age; record_completeness,high,Missing older fields: phenotypes,unknown,unreviewed,,pass,recorded hidden_test_predictions.csv
V6,1046822,not recorded,PMP22,Uncertain significance,Likely pathogenic,moved_toward_pathogenic,moved_toward_benign,0.33945532555357,0.33945532555357,false,low-confidence,0.6605446744464301,missense_consequence; criteria_without_conflict; classification_age; record_completeness,high,,model over-predicted benign,unreviewed,,pass,recorded hidden_test_predictions.csv
V6,1046865,not recorded,BBS7,Uncertain significance,Likely benign,moved_toward_benign,moved_toward_benign,0.07431516237448042,0.07431516237448042,true,correct high-confidence,0.9256848376255196,noncoding_consequence; criteria_without_conflict; classification_age; record_completeness,high,,unknown,unreviewed,,pass,recorded hidden_test_predictions.csv
V6,1046908,not recorded,DYRK1A,Uncertain significance,Likely benign,moved_toward_benign,moved_toward_benign,0.3889458658321645,0.3889458658321645,true,low-confidence,0.6110541341678355,missense_consequence; criteria_without_conflict; classification_age; record_completeness,high,Condition aggregation differed between snapshots.,unknown,unreviewed,,pass,recorded hidden_test_predictions.csv
V6,1047332,not recorded,KMT2A,Uncertain significance,Benign,moved_toward_benign,moved_toward_benign,0.0008918500067883696,0.0008918500067883696,true,correct high-confidence,0.9991081499932116,synonymous_consequence; criteria_without_conflict; classification_age; record_completeness,high,Missing older fields: phenotypes,unknown,unreviewed,,pass,recorded hidden_test_predictions.csv
V6,1047750,not recorded,EIF2AK3,Uncertain significance,Likely benign,moved_toward_benign,moved_toward_benign,0.0008981771904148219,0.0008981771904148219,true,correct high-confidence,0.9991018228095851,synonymous_consequence; criteria_without_conflict; classification_age; record_completeness,high,Missing older fields: phenotypes,unknown,unreviewed,,pass,recorded hidden_test_predictions.csv
V6,1051185,not recorded,CPT2,Uncertain significance,Pathogenic,moved_toward_pathogenic,moved_toward_benign,0.37153988831440415,0.37153988831440415,false,low-confidence,0.6284601116855959,missense_consequence; criteria_without_conflict; classification_age; record_completeness,high,,model over-predicted benign,unreviewed,,pass,recorded hidden_test_predictions.csv
V6,1051203,not recorded,CNTNAP2,Uncertain significance,Likely benign,moved_toward_benign,moved_toward_benign,0.10471107115564009,0.10471107115564009,true,correct high-confidence,0.89528892884436,noncoding_consequence; criteria_without_conflict; classification_age; record_completeness,high,Condition aggregation differed between snapshots.,unknown,unreviewed,,pass,recorded hidden_test_predictions.csv
V6,1051728,not recorded,EEF1A2,Uncertain significance,Likely benign,moved_toward_benign,moved_toward_benign,0.012944842223067514,0.012944842223067514,true,correct high-confidence,0.9870551577769325,synonymous_consequence; criteria_without_conflict; classification_age; record_completeness,high,Condition aggregation differed between snapshots.,unknown,unreviewed,,pass,recorded hidden_test_predictions.csv
V6,1051780,not recorded,HPS1,Uncertain significance,Likely benign,moved_toward_benign,moved_toward_benign,0.16863974641065385,0.16863974641065385,true,correct high-confidence,0.8313602535893462,noncoding_consequence; criteria_without_conflict; classification_age; record_completeness,high,Missing older fields: phenotypes; Condition aggregation differed between snapshots.,unknown,unreviewed,,pass,recorded hidden_test_predictions.csv
V6,1051919,not recorded,ATL1,Uncertain significance,Likely pathogenic,moved_toward_pathogenic,moved_toward_benign,0.3460556281397805,0.3460556281397805,false,low-confidence,0.6539443718602195,missense_consequence; criteria_without_conflict; classification_age; record_completeness,high,,model over-predicted benign,unreviewed,,pass,recorded hidden_test_predictions.csv
V6,1052121,not recorded,CFTR,Uncertain significance,Likely pathogenic,moved_toward_pathogenic,moved_toward_benign,0.35365651152758404,0.35365651152758404,false,low-confidence,0.646343488472416,missense_consequence; criteria_without_conflict; classification_age; record_completeness,high,Condition aggregation differed between snapshots.,model over-predicted benign,unreviewed,,pass,recorded hidden_test_predictions.csv
V6,1052169,not recorded,DDR2,Uncertain significance,Pathogenic,moved_toward_pathogenic,moved_toward_pathogenic,0.619700546278587,0.619700546278587,true,low-confidence,0.619700546278587,loss_of_function_consequence; criteria_without_conflict; classification_age; record_completeness,high,Missing older fields: phenotypes,unknown,unreviewed,,pass,recorded hidden_test_predictions.csv
V6,1052240,not recorded,SAMD11,Uncertain significance,Likely benign,moved_toward_benign,moved_toward_benign,0.16765547272841747,0.16765547272841747,true,correct high-confidence,0.8323445272715826,noncoding_consequence; criteria_without_conflict; classification_age; record_completeness,high,Missing older fields: phenotypes,unknown,unreviewed,,pass,recorded hidden_test_predictions.csv
V6,1052324,not recorded,COMP,Uncertain significance,Likely benign,moved_toward_benign,moved_toward_benign,0.4610119029239276,0.4610119029239276,true,low-confidence,0.5389880970760724,missense_consequence; criteria_without_conflict; classification_age; record_completeness,high,Missing older fields: phenotypes,unknown,unreviewed,,pass,recorded hidden_test_predictions.csv
V6,1052512,not recorded,FTL,Uncertain significance,Likely pathogenic,moved_toward_pathogenic,moved_toward_benign,0.10402871353721849,0.10402871353721849,false,wrong high-confidence,0.8959712864627816,noncoding_consequence; criteria_without_conflict; classification_age; record_completeness,high,,model over-predicted benign,unreviewed,,pass,recorded hidden_test_predictions.csv
V6,1052594,not recorded,HOXB13,Uncertain significance,Likely benign,moved_toward_benign,moved_toward_benign,0.0009267961136974095,0.0009267961136974095,true,correct high-confidence,0.9990732038863026,synonymous_consequence; criteria_without_conflict; classification_age; record_completeness,high,Missing older fields: phenotypes; Condition aggregation differed between snapshots.,unknown,unreviewed,,pass,recorded hidden_test_predictions.csv
V6,1053045,not recorded,ALG3,Uncertain significance,Pathogenic,moved_toward_pathogenic,moved_toward_benign,0.37112929741428247,0.37112929741428247,false,low-confidence,0.6288707025857175,missense_consequence; criteria_without_conflict; classification_age; record_completeness,high,Condition aggregation differed between snapshots.,model over-predicted benign,unreviewed,,pass,recorded hidden_test_predictions.csv
V6,1053337,not recorded,GNAT1,Uncertain significance,Likely benign,moved_toward_benign,moved_toward_benign,0.0012674373917084907,0.0012674373917084907,true,correct high-confidence,0.9987325626082915,synonymous_consequence; criteria_without_conflict; classification_age; record_completeness,high,Missing older fields: phenotypes,unknown,unreviewed,,pass,recorded hidden_test_predictions.csv
V6,1053908,not recorded,SAG,Uncertain significance,Likely benign,moved_toward_benign,moved_toward_benign,0.0012287976020560689,0.0012287976020560689,true,correct high-confidence,0.9987712023979439,synonymous_consequence; criteria_without_conflict; classification_age; record_completeness,high,Missing older fields: phenotypes,unknown,unreviewed,,pass,recorded hidden_test_predictions.csv
V6,1054008,not recorded,LRBA,Uncertain significance,Likely benign,moved_toward_benign,moved_toward_benign,0.07984049956280909,0.07984049956280909,true,correct high-confidence,0.920159500437191,noncoding_consequence; criteria_without_conflict; classification_age; record_completeness,high,Condition aggregation differed between snapshots.,unknown,unreviewed,,pass,recorded hidden_test_predictions.csv
V6,1054065,not recorded,DOCK8,Uncertain significance,Likely benign,moved_toward_benign,moved_toward_benign,0.00885147807199172,0.00885147807199172,true,correct high-confidence,0.9911485219280083,synonymous_consequence; criteria_without_conflict; classification_age; record_completeness,high,Condition aggregation differed between snapshots.,unknown,unreviewed,,pass,recorded hidden_test_predictions.csv
V6,1054300,not recorded,ATP2A1,Uncertain significance,Likely benign,moved_toward_benign,moved_toward_benign,0.0094484775380333,0.0094484775380333,true,correct high-confidence,0.9905515224619666,synonymous_consequence; criteria_without_conflict; classification_age; record_completeness,high,,unknown,unreviewed,,pass,recorded hidden_test_predictions.csv
V6,1054456,not recorded,FOXI3,Uncertain significance,Likely benign,moved_toward_benign,moved_toward_pathogenic,0.6068406476255088,0.6068406476255088,false,low-confidence,0.6068406476255088,criteria_without_conflict; classification_age; record_completeness,high,Molecular consequence was not recognized from older HGVS text.; Missing older fields: phenotypes,model over-predicted pathogenic,unreviewed,,pass,recorded hidden_test_predictions.csv
V6,1054920,not recorded,SLC6A1,Uncertain significance,Likely benign,moved_toward_benign,moved_toward_benign,0.37153988831440415,0.37153988831440415,true,low-confidence,0.6284601116855959,missense_consequence; criteria_without_conflict; classification_age; record_completeness,high,Condition aggregation differed between snapshots.,unknown,unreviewed,,pass,recorded hidden_test_predictions.csv
V6,1055002,not recorded,IRF7,Uncertain significance,Likely benign,moved_toward_benign,moved_toward_benign,0.0827384880880275,0.0827384880880275,true,correct high-confidence,0.9172615119119725,noncoding_consequence; criteria_without_conflict; classification_age; record_completeness,high,,unknown,unreviewed,,pass,recorded hidden_test_predictions.csv
V6,1055376,not recorded,POMGNT2,Uncertain significance,Pathogenic,moved_toward_pathogenic,moved_toward_pathogenic,0.9922427366781398,0.9922427366781398,true,correct high-confidence,0.9922427366781398,loss_of_function_consequence; criteria_without_conflict; classification_age; record_completeness,high,,unknown,unreviewed,,pass,recorded hidden_test_predictions.csv
V6,1055404,not recorded,MALT1,Uncertain significance,Likely benign,moved_toward_benign,moved_toward_benign,0.010725747386161675,0.010725747386161675,true,correct high-confidence,0.9892742526138383,synonymous_consequence; criteria_without_conflict; classification_age; record_completeness,high,Condition aggregation differed between snapshots.,unknown,unreviewed,,pass,recorded hidden_test_predictions.csv
V6,1055526,not recorded,TCAP,Uncertain significance,Pathogenic,moved_toward_pathogenic,moved_toward_benign,0.10182023929025567,0.10182023929025567,false,wrong high-confidence,0.8981797607097444,noncoding_consequence; criteria_without_conflict; classification_age; record_completeness,high,Condition aggregation differed between snapshots.,model over-predicted benign,unreviewed,,pass,recorded hidden_test_predictions.csv
V6,1055631,not recorded,SLC22A5,Uncertain significance,Likely pathogenic,moved_toward_pathogenic,moved_toward_benign,0.33945532555357,0.33945532555357,false,low-confidence,0.6605446744464301,missense_consequence; criteria_without_conflict; classification_age; record_completeness,high,,model over-predicted benign,unreviewed,,pass,recorded hidden_test_predictions.csv
V6,1055725,not recorded,RLBP1,Uncertain significance,Likely benign,moved_toward_benign,moved_toward_pathogenic,0.6140960301036164,0.6140960301036164,false,low-confidence,0.6140960301036164,missense_consequence; criteria_without_conflict; classification_age; record_completeness,high,Missing older fields: phenotypes,model over-predicted pathogenic,unreviewed,,pass,recorded hidden_test_predictions.csv
V6,1056087,not recorded,DVL1,Uncertain significance,Likely benign,moved_toward_benign,moved_toward_benign,0.4221770511357367,0.4221770511357367,true,low-confidence,0.5778229488642632,missense_consequence; criteria_without_conflict; classification_age; record_completeness,high,Missing older fields: phenotypes,unknown,unreviewed,,pass,recorded hidden_test_predictions.csv
V6,1056133,not recorded,NAXD,Uncertain significance,Likely benign,moved_toward_benign,moved_toward_benign,0.0009009988932003637,0.0009009988932003637,true,correct high-confidence,0.9990990011067996,synonymous_consequence; criteria_without_conflict; classification_age; record_completeness,high,Missing older fields: phenotypes,unknown,unreviewed,,pass,recorded hidden_test_predictions.csv
V6,1056493,not recorded,MMP9,Uncertain significance,Likely benign,moved_toward_benign,moved_toward_benign,0.0010418402076715258,0.0010418402076715258,true,correct high-confidence,0.9989581597923285,synonymous_consequence; criteria_without_conflict; classification_age; record_completeness,high,Missing older fields: phenotypes,unknown,unreviewed,,pass,recorded hidden_test_predictions.csv
V6,1057572,not recorded,ADSL,Uncertain significance,Likely pathogenic,moved_toward_pathogenic,moved_toward_benign,0.432295563219596,0.432295563219596,false,low-confidence,0.567704436780404,missense_consequence; criteria_without_conflict; classification_age; record_completeness,high,,model over-predicted benign,unreviewed,,pass,recorded hidden_test_predictions.csv
V6,1057627,not recorded,SPG7,Uncertain significance,Likely benign,moved_toward_benign,moved_toward_benign,0.4273820937219935,0.4273820937219935,true,low-confidence,0.5726179062780066,missense_consequence; criteria_without_conflict; classification_age; record_completeness,high,,unknown,unreviewed,,pass,recorded hidden_test_predictions.csv
V6,1057635,not recorded,PIK3CA,Uncertain significance,Pathogenic/Likely pathogenic,moved_toward_pathogenic,moved_toward_benign,0.37112929741428247,0.37112929741428247,false,low-confidence,0.6288707025857175,missense_consequence; criteria_without_conflict; classification_age; record_completeness,high,Condition aggregation differed between snapshots.,model over-predicted benign,unreviewed,,pass,recorded hidden_test_predictions.csv
V6,1057859,not recorded,STAT2,Uncertain significance,Likely benign,moved_toward_benign,moved_toward_benign,0.42787281305586444,0.42787281305586444,true,low-confidence,0.5721271869441356,missense_consequence; criteria_without_conflict; classification_age; record_completeness,high,Condition aggregation differed between snapshots.,unknown,unreviewed,,pass,recorded hidden_test_predictions.csv
V6,1058256,not recorded,AGRN,Uncertain significance,Likely benign,moved_toward_benign,moved_toward_benign,0.019901922301800278,0.019901922301800278,true,correct high-confidence,0.9800980776981997,synonymous_consequence; criteria_without_conflict; classification_age; record_completeness,high,Condition aggregation differed between snapshots.,unknown,unreviewed,,pass,recorded hidden_test_predictions.csv
V6,1058323,not recorded,ACADM,Uncertain significance,Likely pathogenic,moved_toward_pathogenic,moved_toward_benign,0.37689427109999757,0.37689427109999757,false,low-confidence,0.6231057289000024,missense_consequence; criteria_without_conflict; classification_age; record_completeness,high,,model over-predicted benign,unreviewed,,pass,recorded hidden_test_predictions.csv
V6,1058749,not recorded,PHYH,Uncertain significance,Likely benign,moved_toward_benign,moved_toward_benign,0.0009281499984693377,0.0009281499984693377,true,correct high-confidence,0.9990718500015306,synonymous_consequence; criteria_without_conflict; classification_age; record_completeness,high,Missing older fields: phenotypes,unknown,unreviewed,,pass,recorded hidden_test_predictions.csv
V6,1059075,not recorded,PCDH19,Uncertain significance,Pathogenic,moved_toward_pathogenic,moved_toward_benign,0.33418624253133844,0.33418624253133844,false,low-confidence,0.6658137574686616,missense_consequence; criteria_without_conflict; classification_age; record_completeness,high,Condition aggregation differed between snapshots.,model over-predicted benign,unreviewed,,pass,recorded hidden_test_predictions.csv
V6,1059458,not recorded,ZC4H2,Uncertain significance,Pathogenic,moved_toward_pathogenic,moved_toward_pathogenic,0.5293515892638481,0.5293515892638481,true,low-confidence,0.5293515892638481,missense_consequence; criteria_without_conflict; classification_age; record_completeness,high,Missing older fields: phenotypes,unknown,unreviewed,,pass,recorded hidden_test_predictions.csv
V6,1059678,not recorded,PIGN,Uncertain significance,Likely benign,moved_toward_benign,moved_toward_benign,0.017255216650435685,0.017255216650435685,true,correct high-confidence,0.9827447833495643,synonymous_consequence; criteria_without_conflict; classification_age; record_completeness,high,,unknown,unreviewed,,pass,recorded hidden_test_predictions.csv
V6,1059896,not recorded,CABP4,Uncertain significance,Likely benign,moved_toward_benign,moved_toward_pathogenic,0.5209337466001419,0.5209337466001419,false,low-confidence,0.5209337466001419,missense_consequence; criteria_without_conflict; classification_age; record_completeness,high,Missing older fields: phenotypes,model over-predicted pathogenic,unreviewed,,pass,recorded hidden_test_predictions.csv
V6,1059966,not recorded,TBX1,Uncertain significance,Likely benign,moved_toward_benign,moved_toward_pathogenic,0.9385143136645684,0.9385143136645684,false,wrong high-confidence,0.9385143136645684,criteria_without_conflict; classification_age; record_completeness,high,In-frame indel was recognized but has zero Version 1 points.; Condition aggregation differed between snapshots.,model over-predicted pathogenic,unreviewed,,pass,recorded hidden_test_predictions.csv
V6,1060384,not recorded,PNPLA6,Uncertain significance,Likely benign,moved_toward_benign,moved_toward_benign,0.3362773286903927,0.3362773286903927,true,low-confidence,0.6637226713096074,missense_consequence; criteria_without_conflict; classification_age; record_completeness,high,,unknown,unreviewed,,pass,recorded hidden_test_predictions.csv
V6,1060513,not recorded,GJC2,Uncertain significance,Likely benign,moved_toward_benign,moved_toward_benign,0.009312455281636165,0.009312455281636165,true,correct high-confidence,0.9906875447183638,synonymous_consequence; criteria_without_conflict; classification_age; record_completeness,high,,unknown,unreviewed,,pass,recorded hidden_test_predictions.csv
V6,1060546,not recorded,PALLD,Uncertain significance,Likely benign,moved_toward_benign,moved_toward_benign,0.10335028924356046,0.10335028924356046,true,correct high-confidence,0.8966497107564395,noncoding_consequence; criteria_without_conflict; classification_age; record_completeness,high,,unknown,unreviewed,,pass,recorded hidden_test_predictions.csv
V6,1060646,not recorded,PGM2L1,Uncertain significance,Pathogenic,moved_toward_pathogenic,moved_toward_pathogenic,0.9955658624138738,0.9955658624138738,true,correct high-confidence,0.9955658624138738,loss_of_function_consequence; criteria_without_conflict; classification_age; record_completeness,high,Missing older fields: phenotypes; Condition aggregation differed between snapshots.,unknown,unreviewed,,pass,recorded hidden_test_predictions.csv
V6,1060883,not recorded,HEXA,Uncertain significance,Likely benign,moved_toward_benign,moved_toward_benign,0.0087556788079901,0.0087556788079901,true,correct high-confidence,0.9912443211920099,synonymous_consequence; criteria_without_conflict; classification_age; record_completeness,high,,unknown,unreviewed,,pass,recorded hidden_test_predictions.csv
V6,1061131,not recorded,CEP83,Uncertain significance,Likely benign,moved_toward_benign,moved_toward_benign,0.08037313862670449,0.08037313862670449,true,correct high-confidence,0.9196268613732955,noncoding_consequence; criteria_without_conflict; classification_age; record_completeness,high,,unknown,unreviewed,,pass,recorded hidden_test_predictions.csv
V6,1061288,not recorded,MCM3AP,Uncertain significance,Pathogenic,moved_toward_pathogenic,moved_toward_pathogenic,0.9971712990249078,0.9971712990249078,true,correct high-confidence,0.9971712990249078,loss_of_function_consequence; criteria_without_conflict; classification_age; record_completeness,high,Missing older fields: phenotypes,unknown,unreviewed,,pass,recorded hidden_test_predictions.csv
V6,1062001,not recorded,ELN,Uncertain significance,Likely benign,moved_toward_benign,moved_toward_benign,0.07690514726197431,0.07690514726197431,true,correct high-confidence,0.9230948527380257,noncoding_consequence; criteria_without_conflict; classification_age; record_completeness,high,,unknown,unreviewed,,pass,recorded hidden_test_predictions.csv
V6,1062627,not recorded,KIF1A,Uncertain significance,Likely benign,moved_toward_benign,moved_toward_benign,0.38978222431383425,0.38978222431383425,true,low-confidence,0.6102177756861658,missense_consequence; criteria_without_conflict; classification_age; record_completeness,high,Condition aggregation differed between snapshots.,unknown,unreviewed,,pass,recorded hidden_test_predictions.csv
V6,1062818,not recorded,CARD11,Uncertain significance,Likely benign,moved_toward_benign,moved_toward_benign,0.42444081019912805,0.42444081019912805,true,low-confidence,0.575559189800872,missense_consequence; criteria_without_conflict; classification_age; record_completeness,high,Condition aggregation differed between snapshots.,unknown,unreviewed,,pass,recorded hidden_test_predictions.csv
V6,1063595,not recorded,RECQL,Uncertain significance,Likely benign,moved_toward_benign,moved_toward_benign,0.26078681907714474,0.26078681907714474,true,low-confidence,0.7392131809228553,noncoding_consequence; criteria_without_conflict; classification_age; record_completeness,high,Missing older fields: phenotypes,unknown,unreviewed,,pass,recorded hidden_test_predictions.csv
V6,1063662,not recorded,ABCA4,Uncertain significance,Likely benign,moved_toward_benign,moved_toward_benign,0.0009448980333650761,0.0009448980333650761,true,correct high-confidence,0.9990551019666349,synonymous_consequence; criteria_without_conflict; classification_age; record_completeness,high,Missing older fields: phenotypes,unknown,unreviewed,,pass,recorded hidden_test_predictions.csv
V6,1063748,not recorded,CNNM4,Uncertain significance,Likely benign,moved_toward_benign,moved_toward_benign,0.0010093949281028058,0.0010093949281028058,true,correct high-confidence,0.9989906050718972,synonymous_consequence; criteria_without_conflict; classification_age; record_completeness,high,Missing older fields: phenotypes,unknown,unreviewed,,pass,recorded hidden_test_predictions.csv
V6,1063933,not recorded,SETD2,Uncertain significance,Benign,moved_toward_benign,moved_toward_benign,0.34032997466786125,0.34032997466786125,true,low-confidence,0.6596700253321388,missense_consequence; criteria_without_conflict; classification_age; record_completeness,high,Condition aggregation differed between snapshots.,unknown,unreviewed,,pass,recorded hidden_test_predictions.csv
V6,1064522,not recorded,DLK1,Uncertain significance,Benign,moved_toward_benign,moved_toward_pathogenic,0.9260410521547536,0.9260410521547536,false,wrong high-confidence,0.9260410521547536,missense_consequence; classification_age; record_completeness,high,Condition aggregation differed between snapshots.,model over-predicted pathogenic,unreviewed,,pass,recorded hidden_test_predictions.csv
V6,1098269,not recorded,TRIP11,Uncertain significance,Pathogenic,moved_toward_pathogenic,moved_toward_benign,0.02501544303968844,0.02501544303968844,false,wrong high-confidence,0.9749845569603116,noncoding_consequence; record_completeness,high,,model over-predicted benign,unreviewed,,pass,recorded hidden_test_predictions.csv
V6,1162317,not recorded,AHNAK2,Uncertain significance,Benign,moved_toward_benign,moved_toward_benign,0.39565147735064643,0.39565147735064643,true,low-confidence,0.6043485226493536,missense_consequence; record_completeness,high,Condition aggregation differed between snapshots.,unknown,unreviewed,,pass,recorded hidden_test_predictions.csv
V6,1174937,not recorded,KDM5C,Uncertain significance,Pathogenic,moved_toward_pathogenic,moved_toward_pathogenic,0.599001474375997,0.599001474375997,true,low-confidence,0.599001474375997,missense_consequence; record_completeness,high,Missing older fields: phenotypes; Condition aggregation differed between snapshots.,unknown,unreviewed,,pass,recorded hidden_test_predictions.csv
V6,1174944,not recorded,CRYAB,Uncertain significance,Likely benign,moved_toward_benign,moved_toward_benign,0.2212652881295884,0.2212652881295884,true,low-confidence,0.7787347118704115,noncoding_consequence; record_completeness,high,Missing older fields: phenotypes; Condition aggregation differed between snapshots.,unknown,unreviewed,,pass,recorded hidden_test_predictions.csv
V6,1175053,not recorded,SH3PXD2B,Uncertain significance,Benign,moved_toward_benign,moved_toward_pathogenic,0.599001474375997,0.599001474375997,false,low-confidence,0.599001474375997,missense_consequence; record_completeness,high,Missing older fields: phenotypes,model over-predicted pathogenic,unreviewed,,pass,recorded hidden_test_predictions.csv
V6,1175065,not recorded,AP5Z1,Uncertain significance,Likely pathogenic,moved_toward_pathogenic,moved_toward_pathogenic,0.9999992987747323,0.9999992987747323,true,correct high-confidence,0.9999992987747323,canonical_splice_consequence; record_completeness,high,Missing older fields: phenotypes; Condition aggregation differed between snapshots.,unknown,unreviewed,,pass,recorded hidden_test_predictions.csv
V6,1175172,not recorded,OPA1,Uncertain significance,Likely benign,moved_toward_benign,moved_toward_pathogenic,0.599001474375997,0.599001474375997,false,low-confidence,0.599001474375997,missense_consequence; record_completeness,high,Missing older fields: phenotypes,model over-predicted pathogenic,unreviewed,,pass,recorded hidden_test_predictions.csv
V6,1175294,not recorded,PRPH2,Uncertain significance,Pathogenic,moved_toward_pathogenic,moved_toward_pathogenic,0.8874917930299823,0.8874917930299823,true,correct high-confidence,0.8874917930299823,missense_consequence; classification_age; record_completeness,high,Missing older fields: phenotypes; Condition aggregation differed between snapshots.,unknown,unreviewed,,pass,recorded hidden_test_predictions.csv
V6,1176695,not recorded,QRICH2,Uncertain significance,Likely benign,moved_toward_benign,moved_toward_benign,0.0019735722174426536,0.0019735722174426536,true,correct high-confidence,0.9980264277825573,synonymous_consequence; criteria_without_conflict; classification_age; record_completeness,high,Missing older fields: phenotypes,unknown,unreviewed,,pass,recorded hidden_test_predictions.csv
V6,1202606,not recorded,TGIF1,Uncertain significance,Benign,moved_toward_benign,moved_toward_benign,0.016692495244202618,0.016692495244202618,true,correct high-confidence,0.9833075047557974,noncoding_consequence; classification_age; record_completeness,high,Condition aggregation differed between snapshots.,unknown,unreviewed,,pass,recorded hidden_test_predictions.csv
V6,1203848,not recorded,OPHN1,Uncertain significance,Likely benign,moved_toward_benign,moved_toward_benign,0.44706605585210407,0.44706605585210407,true,low-confidence,0.552933944147896,missense_consequence; criteria_without_conflict; classification_age; record_completeness,high,Missing older fields: phenotypes,unknown,unreviewed,,pass,recorded hidden_test_predictions.csv
V6,1206034,not recorded,CEP63,Uncertain significance,Pathogenic,moved_toward_pathogenic,moved_toward_pathogenic,0.9983890885068288,0.9983890885068288,true,correct high-confidence,0.9983890885068288,loss_of_function_consequence; record_completeness,high,Missing older fields: phenotypes,unknown,unreviewed,,pass,recorded hidden_test_predictions.csv
V6,1206233,not recorded,NPR3,Uncertain significance,Likely benign,moved_toward_benign,moved_toward_pathogenic,0.599001474375997,0.599001474375997,false,low-confidence,0.599001474375997,missense_consequence; record_completeness,high,Missing older fields: phenotypes,model over-predicted pathogenic,unreviewed,,pass,recorded hidden_test_predictions.csv
V6,1206305,not recorded,ABCA2,Uncertain significance,Likely benign,moved_toward_benign,moved_toward_pathogenic,0.599001474375997,0.599001474375997,false,low-confidence,0.599001474375997,missense_consequence; record_completeness,high,Missing older fields: phenotypes,model over-predicted pathogenic,unreviewed,,pass,recorded hidden_test_predictions.csv
V6,1209033,not recorded,STXBP1,Uncertain significance,Likely benign,moved_toward_benign,moved_toward_benign,0.3176005291633512,0.3176005291633512,true,low-confidence,0.6823994708366488,noncoding_consequence; criteria_without_conflict; classification_age; record_completeness,high,Missing older fields: phenotypes,unknown,unreviewed,,pass,recorded hidden_test_predictions.csv
V6,1210088,not recorded,FNIP1,Uncertain significance,Benign,moved_toward_benign,moved_toward_pathogenic,0.599001474375997,0.599001474375997,false,low-confidence,0.599001474375997,missense_consequence; record_completeness,high,Missing older fields: phenotypes,model over-predicted pathogenic,unreviewed,,pass,recorded hidden_test_predictions.csv
V6,1211263,not recorded,PLD1,Uncertain significance,Likely pathogenic,moved_toward_pathogenic,moved_toward_benign,0.4182071618578147,0.4182071618578147,false,low-confidence,0.5817928381421853,missense_consequence; criteria_without_conflict; classification_age; record_completeness,high,Missing older fields: phenotypes,model over-predicted benign,unreviewed,,pass,recorded hidden_test_predictions.csv
V6,1251924,not recorded,AGO1,Uncertain significance,Pathogenic/Likely pathogenic,moved_toward_pathogenic,moved_toward_pathogenic,0.9289796491050901,0.9289796491050901,true,correct high-confidence,0.9289796491050901,criteria_without_conflict; classification_age; record_completeness,high,In-frame indel was recognized but has zero Version 1 points.; Condition aggregation differed between snapshots.,unknown,unreviewed,,pass,recorded hidden_test_predictions.csv
V6,1297494,not recorded,LZTR1,Uncertain significance,Likely pathogenic,moved_toward_pathogenic,moved_toward_pathogenic,0.599001474375997,0.599001474375997,true,low-confidence,0.599001474375997,missense_consequence; record_completeness,high,Missing older fields: phenotypes; Condition aggregation differed between snapshots.,unknown,unreviewed,,pass,recorded hidden_test_predictions.csv
V6,1297527,not recorded,FOXP2,Uncertain significance,Likely benign,moved_toward_benign,moved_toward_pathogenic,0.599001474375997,0.599001474375997,false,low-confidence,0.599001474375997,missense_consequence; record_completeness,high,Missing older fields: phenotypes; Condition aggregation differed between snapshots.,model over-predicted pathogenic,unreviewed,,pass,recorded hidden_test_predictions.csv
V6,1297539,not recorded,OSBPL2,Uncertain significance,Likely benign,moved_toward_benign,moved_toward_pathogenic,0.599001474375997,0.599001474375997,false,low-confidence,0.599001474375997,missense_consequence; record_completeness,high,Missing older fields: phenotypes,model over-predicted pathogenic,unreviewed,,pass,recorded hidden_test_predictions.csv
V6,1297557,not recorded,PPP2R1A,Uncertain significance,Pathogenic,moved_toward_pathogenic,moved_toward_pathogenic,0.599001474375997,0.599001474375997,true,low-confidence,0.599001474375997,missense_consequence; record_completeness,high,Missing older fields: phenotypes,unknown,unreviewed,,pass,recorded hidden_test_predictions.csv
V6,1297719,not recorded,BEST1,Uncertain significance,Pathogenic,moved_toward_pathogenic,moved_toward_benign,0.16194206255884305,0.16194206255884305,false,wrong high-confidence,0.838057937441157,missense_consequence; record_completeness,high,Missing older fields: phenotypes,model over-predicted benign,unreviewed,,pass,recorded hidden_test_predictions.csv
V6,1297744,not recorded,POU4F3,Uncertain significance,Likely pathogenic,moved_toward_pathogenic,moved_toward_pathogenic,0.599001474375997,0.599001474375997,true,low-confidence,0.599001474375997,missense_consequence; record_completeness,high,Missing older fields: phenotypes; Condition aggregation differed between snapshots.,unknown,unreviewed,,pass,recorded hidden_test_predictions.csv
V6,1298586,not recorded,SPTB,Uncertain significance,Benign/Likely benign,moved_toward_benign,moved_toward_pathogenic,0.6658182023477002,0.6658182023477002,false,low-confidence,0.6658182023477002,missense_consequence; criteria_without_conflict; classification_age; record_completeness,high,Missing older fields: phenotypes,model over-predicted pathogenic,unreviewed,,pass,recorded hidden_test_predictions.csv
V6,1298666,not recorded,CARMIL2,Uncertain significance,Likely pathogenic,moved_toward_pathogenic,moved_toward_pathogenic,0.6658182023477002,0.6658182023477002,true,low-confidence,0.6658182023477002,missense_consequence; criteria_without_conflict; classification_age; record_completeness,high,Missing older fields: phenotypes,unknown,unreviewed,,pass,recorded hidden_test_predictions.csv
V6,1298704,not recorded,TUBG1,Uncertain significance,Likely pathogenic,moved_toward_pathogenic,moved_toward_pathogenic,0.6878348535343923,0.6878348535343923,true,low-confidence,0.6878348535343923,missense_consequence; criteria_without_conflict; classification_age; record_completeness,high,Missing older fields: phenotypes,unknown,unreviewed,,pass,recorded hidden_test_predictions.csv
V6,1299882,not recorded,BCORL1,Uncertain significance,Likely benign,moved_toward_benign,moved_toward_pathogenic,0.599001474375997,0.599001474375997,false,low-confidence,0.599001474375997,missense_consequence; record_completeness,high,Missing older fields: phenotypes,model over-predicted pathogenic,unreviewed,,pass,recorded hidden_test_predictions.csv
V6,1299916,not recorded,CNGA1,Uncertain significance,Benign,moved_toward_benign,moved_toward_pathogenic,0.599001474375997,0.599001474375997,false,low-confidence,0.599001474375997,missense_consequence; record_completeness,high,Missing older fields: phenotypes,model over-predicted pathogenic,unreviewed,,pass,recorded hidden_test_predictions.csv
V6,1301814,not recorded,FBXO22,Uncertain significance,Pathogenic,moved_toward_pathogenic,moved_toward_pathogenic,0.9894981804601374,0.9894981804601374,true,correct high-confidence,0.9894981804601374,loss_of_function_consequence; criteria_without_conflict; classification_age; record_completeness,high,Condition aggregation differed between snapshots.,unknown,unreviewed,,pass,recorded hidden_test_predictions.csv
V6,1302074,not recorded,CD36,Uncertain significance,Likely pathogenic,moved_toward_pathogenic,moved_toward_pathogenic,0.9999647496545891,0.9999647496545891,true,correct high-confidence,0.9999647496545891,canonical_splice_consequence; criteria_without_conflict; classification_age; record_completeness,high,Missing older fields: phenotypes,unknown,unreviewed,,pass,recorded hidden_test_predictions.csv
V6,1302635,not recorded,SKI,Uncertain significance,Likely benign,moved_toward_benign,moved_toward_pathogenic,0.775376467309822,0.775376467309822,false,low-confidence,0.775376467309822,missense_consequence; criteria_without_conflict; classification_age; record_completeness,high,Missing older fields: phenotypes,model over-predicted pathogenic,unreviewed,,pass,recorded hidden_test_predictions.csv
V6,1303403,not recorded,KMT2E,Uncertain significance,Pathogenic,moved_toward_pathogenic,moved_toward_pathogenic,0.9223966993640041,0.9223966993640041,true,correct high-confidence,0.9223966993640041,loss_of_function_consequence; criteria_without_conflict; classification_age; record_completeness,high,Missing older fields: phenotypes,unknown,unreviewed,,pass,recorded hidden_test_predictions.csv
V6,1304321,not recorded,NPRL2,Uncertain significance,Likely pathogenic,moved_toward_pathogenic,moved_toward_benign,0.3183620147592865,0.3183620147592865,false,low-confidence,0.6816379852407135,noncoding_consequence; criteria_without_conflict; classification_age; record_completeness,high,Missing older fields: phenotypes,model over-predicted benign,unreviewed,,pass,recorded hidden_test_predictions.csv
V6,1304559,not recorded,PAX2,Uncertain significance,Likely pathogenic,moved_toward_pathogenic,moved_toward_pathogenic,0.7197867203696445,0.7197867203696445,true,low-confidence,0.7197867203696445,missense_consequence; criteria_without_conflict; classification_age; record_completeness,high,Missing older fields: phenotypes,unknown,unreviewed,,pass,recorded hidden_test_predictions.csv
V6,1305419,not recorded,CTU2,Uncertain significance,Likely pathogenic,moved_toward_pathogenic,moved_toward_pathogenic,0.9999673253956005,0.9999673253956005,true,correct high-confidence,0.9999673253956005,canonical_splice_consequence; criteria_without_conflict; classification_age; record_completeness,high,Missing older fields: phenotypes,unknown,unreviewed,,pass,recorded hidden_test_predictions.csv
V6,1305765,not recorded,HDAC4,Uncertain significance,Likely pathogenic,moved_toward_pathogenic,moved_toward_pathogenic,0.7586776986348444,0.7586776986348444,true,low-confidence,0.7586776986348444,missense_consequence; criteria_without_conflict; classification_age; record_completeness,high,Missing older fields: phenotypes,unknown,unreviewed,,pass,recorded hidden_test_predictions.csv
V6,1306764,not recorded,EBF3,Uncertain significance,Pathogenic,moved_toward_pathogenic,moved_toward_pathogenic,0.6005964650385958,0.6005964650385958,true,low-confidence,0.6005964650385958,missense_consequence; criteria_without_conflict; classification_age; record_completeness,high,Missing older fields: phenotypes,unknown,unreviewed,,pass,recorded hidden_test_predictions.csv
V6,1306975,not recorded,ACTG1,Uncertain significance,Likely pathogenic,moved_toward_pathogenic,moved_toward_pathogenic,0.792130413563757,0.792130413563757,true,low-confidence,0.792130413563757,missense_consequence; criteria_without_conflict; classification_age; record_completeness,high,Missing older fields: phenotypes,unknown,unreviewed,,pass,recorded hidden_test_predictions.csv
V6,1308239,not recorded,ATP1A1,Uncertain significance,Likely pathogenic,moved_toward_pathogenic,moved_toward_pathogenic,0.6028576436355598,0.6028576436355598,true,low-confidence,0.6028576436355598,missense_consequence; criteria_without_conflict; classification_age; record_completeness,high,Missing older fields: phenotypes,unknown,unreviewed,,pass,recorded hidden_test_predictions.csv
V6,1308257,not recorded,RNF13,Uncertain significance,Likely pathogenic,moved_toward_pathogenic,moved_toward_pathogenic,0.9576810540043447,0.9576810540043447,true,correct high-confidence,0.9576810540043447,loss_of_function_consequence; criteria_without_conflict; classification_age; record_completeness,high,Missing older fields: phenotypes,unknown,unreviewed,,pass,recorded hidden_test_predictions.csv
V6,1308445,not recorded,PKD1L1,Uncertain significance,Pathogenic,moved_toward_pathogenic,moved_toward_pathogenic,0.9569552663254494,0.9569552663254494,true,correct high-confidence,0.9569552663254494,loss_of_function_consequence; criteria_without_conflict; classification_age; record_completeness,high,Missing older fields: phenotypes,unknown,unreviewed,,pass,recorded hidden_test_predictions.csv
V6,1309032,not recorded,ZNF335,Uncertain significance,Likely benign,moved_toward_benign,moved_toward_benign,0.001599207949714426,0.001599207949714426,true,correct high-confidence,0.9984007920502855,synonymous_consequence; criteria_without_conflict; classification_age; record_completeness,high,Missing older fields: phenotypes,unknown,unreviewed,,pass,recorded hidden_test_predictions.csv
V6,1309188,not recorded,TPRN,Uncertain significance,Pathogenic,moved_toward_pathogenic,moved_toward_pathogenic,0.9049370392014626,0.9049370392014626,true,correct high-confidence,0.9049370392014626,loss_of_function_consequence; criteria_without_conflict; classification_age; record_completeness,high,Missing older fields: phenotypes,unknown,unreviewed,,pass,recorded hidden_test_predictions.csv
V6,1309760,not recorded,NSD1,Uncertain significance,Likely pathogenic,moved_toward_pathogenic,moved_toward_pathogenic,0.6786602314134357,0.6786602314134357,true,low-confidence,0.6786602314134357,missense_consequence; criteria_without_conflict; classification_age; record_completeness,high,Missing older fields: phenotypes,unknown,unreviewed,,pass,recorded hidden_test_predictions.csv
V6,1309975,not recorded,ZMYM2,Uncertain significance,Pathogenic,moved_toward_pathogenic,moved_toward_pathogenic,0.9171555852507531,0.9171555852507531,true,correct high-confidence,0.9171555852507531,loss_of_function_consequence; criteria_without_conflict; classification_age; record_completeness,high,Missing older fields: phenotypes,unknown,unreviewed,,pass,recorded hidden_test_predictions.csv
V6,1310135,not recorded,DARS2,Uncertain significance,Likely pathogenic,moved_toward_pathogenic,moved_toward_pathogenic,0.6682864503744513,0.6682864503744513,true,low-confidence,0.6682864503744513,missense_consequence; criteria_without_conflict; classification_age; record_completeness,high,Missing older fields: phenotypes,unknown,unreviewed,,pass,recorded hidden_test_predictions.csv
V6,1310391,not recorded,ARID1B,Uncertain significance,Likely benign,moved_toward_benign,moved_toward_pathogenic,0.6661915267115849,0.6661915267115849,false,low-confidence,0.6661915267115849,missense_consequence; criteria_without_conflict; classification_age; record_completeness,high,Missing older fields: phenotypes,model over-predicted pathogenic,unreviewed,,pass,recorded hidden_test_predictions.csv
V6,1310596,not recorded,MYH9,Uncertain significance,Likely benign,moved_toward_benign,moved_toward_benign,0.416933536902406,0.416933536902406,true,low-confidence,0.583066463097594,noncoding_consequence; criteria_without_conflict; classification_age; record_completeness,high,Missing older fields: phenotypes,unknown,unreviewed,,pass,recorded hidden_test_predictions.csv
V6,1311170,not recorded,SHANK1,Uncertain significance,Pathogenic,moved_toward_pathogenic,moved_toward_pathogenic,0.8775160692896316,0.8775160692896316,true,correct high-confidence,0.8775160692896316,loss_of_function_consequence; criteria_without_conflict; classification_age; record_completeness,high,Missing older fields: phenotypes; Condition aggregation differed between snapshots.,unknown,unreviewed,,pass,recorded hidden_test_predictions.csv
V6,1311176,not recorded,CIC,Uncertain significance,Likely pathogenic,moved_toward_pathogenic,moved_toward_benign,0.0013847669659890305,0.0013847669659890305,false,wrong high-confidence,0.998615233034011,synonymous_consequence; criteria_without_conflict; classification_age; record_completeness,high,Missing older fields: phenotypes,model over-predicted benign,unreviewed,,pass,recorded hidden_test_predictions.csv
V6,1311522,not recorded,RFX3,Uncertain significance,Likely pathogenic,moved_toward_pathogenic,moved_toward_pathogenic,0.8614051663445115,0.8614051663445115,true,correct high-confidence,0.8614051663445115,loss_of_function_consequence; criteria_without_conflict; classification_age; record_completeness,high,Missing older fields: phenotypes,unknown,unreviewed,,pass,recorded hidden_test_predictions.csv
V6,1311928,not recorded,TSPEAR,Uncertain significance,Pathogenic,moved_toward_pathogenic,moved_toward_pathogenic,0.8576521188640098,0.8576521188640098,true,correct high-confidence,0.8576521188640098,loss_of_function_consequence; criteria_without_conflict; classification_age; record_completeness,high,Missing older fields: phenotypes,unknown,unreviewed,,pass,recorded hidden_test_predictions.csv
V6,1312189,not recorded,YWHAG,Uncertain significance,Likely pathogenic,moved_toward_pathogenic,moved_toward_pathogenic,0.6973895978332831,0.6973895978332831,true,low-confidence,0.6973895978332831,missense_consequence; criteria_without_conflict; classification_age; record_completeness,high,Missing older fields: phenotypes,unknown,unreviewed,,pass,recorded hidden_test_predictions.csv
V6,1312353,not recorded,DDX41,Uncertain significance,Likely pathogenic,moved_toward_pathogenic,moved_toward_pathogenic,0.9079041643906318,0.9079041643906318,true,correct high-confidence,0.9079041643906318,criteria_without_conflict; classification_age; record_completeness,high,In-frame indel was recognized but has zero Version 1 points.; Missing older fields: phenotypes,unknown,unreviewed,,pass,recorded hidden_test_predictions.csv
V6,1313493,not recorded,PURA,Uncertain significance,Likely pathogenic,moved_toward_pathogenic,moved_toward_pathogenic,0.6218919327452167,0.6218919327452167,true,low-confidence,0.6218919327452167,missense_consequence; criteria_without_conflict; classification_age; record_completeness,high,Missing older fields: phenotypes,unknown,unreviewed,,pass,recorded hidden_test_predictions.csv
V6,1313838,not recorded,DDX23,Uncertain significance,Pathogenic,moved_toward_pathogenic,moved_toward_pathogenic,0.5061875082439327,0.5061875082439327,true,low-confidence,0.5061875082439327,criteria_without_conflict; classification_age; record_completeness,high,In-frame indel was recognized but has zero Version 1 points.; Missing older fields: phenotypes,unknown,unreviewed,,pass,recorded hidden_test_predictions.csv
V6,1314376,not recorded,JARID2,Uncertain significance,Likely benign,moved_toward_benign,moved_toward_benign,0.0017958969384771026,0.0017958969384771026,true,correct high-confidence,0.9982041030615229,synonymous_consequence; criteria_without_conflict; classification_age; record_completeness,high,Missing older fields: phenotypes,unknown,unreviewed,,pass,recorded hidden_test_predictions.csv
V6,1314809,not recorded,WASF1,Uncertain significance,Likely pathogenic,moved_toward_pathogenic,moved_toward_pathogenic,0.6034472639485238,0.6034472639485238,true,low-confidence,0.6034472639485238,missense_consequence; criteria_without_conflict; classification_age; record_completeness,high,Missing older fields: phenotypes,unknown,unreviewed,,pass,recorded hidden_test_predictions.csv
V6,1315717,not recorded,EEF2,Uncertain significance,Likely pathogenic,moved_toward_pathogenic,moved_toward_pathogenic,0.9041702397940518,0.9041702397940518,true,correct high-confidence,0.9041702397940518,loss_of_function_consequence; criteria_without_conflict; classification_age; record_completeness,high,Missing older fields: phenotypes,unknown,unreviewed,,pass,recorded hidden_test_predictions.csv
V6,1316034,not recorded,AGO2,Uncertain significance,Pathogenic/Likely pathogenic,moved_toward_pathogenic,moved_toward_pathogenic,0.6378378757087814,0.6378378757087814,true,low-confidence,0.6378378757087814,missense_consequence; criteria_without_conflict; classification_age; record_completeness,high,Missing older fields: phenotypes; Condition aggregation differed between snapshots.,unknown,unreviewed,,pass,recorded hidden_test_predictions.csv
V6,1318173,not recorded,VWA1,Uncertain significance,Likely pathogenic,moved_toward_pathogenic,moved_toward_pathogenic,0.5758218095026323,0.5758218095026323,true,low-confidence,0.5758218095026323,loss_of_function_consequence; criteria_without_conflict; classification_age; record_completeness,high,Missing older fields: phenotypes,unknown,unreviewed,,pass,recorded hidden_test_predictions.csv
V6,1318637,not recorded,BICRA,Uncertain significance,Pathogenic,moved_toward_pathogenic,moved_toward_pathogenic,0.8515836138602041,0.8515836138602041,true,correct high-confidence,0.8515836138602041,loss_of_function_consequence; criteria_without_conflict; classification_age; record_completeness,high,Missing older fields: phenotypes,unknown,unreviewed,,pass,recorded hidden_test_predictions.csv
V6,1318755,not recorded,ACAN,Uncertain significance,Likely pathogenic,moved_toward_pathogenic,moved_toward_pathogenic,0.7463914648251072,0.7463914648251072,true,low-confidence,0.7463914648251072,missense_consequence; criteria_without_conflict; classification_age; record_completeness,high,Missing older fields: phenotypes,unknown,unreviewed,,pass,recorded hidden_test_predictions.csv
V6,1318838,not recorded,SPTBN1,Uncertain significance,Likely pathogenic,moved_toward_pathogenic,moved_toward_pathogenic,0.7150045489215586,0.7150045489215586,true,low-confidence,0.7150045489215586,missense_consequence; criteria_without_conflict; classification_age; record_completeness,high,Missing older fields: phenotypes,unknown,unreviewed,,pass,recorded hidden_test_predictions.csv
V6,1318856,not recorded,TANC2,Uncertain significance,Pathogenic,moved_toward_pathogenic,moved_toward_pathogenic,0.921437688036816,0.921437688036816,true,correct high-confidence,0.921437688036816,loss_of_function_consequence; criteria_without_conflict; classification_age; record_completeness,high,Missing older fields: phenotypes,unknown,unreviewed,,pass,recorded hidden_test_predictions.csv
V6,1321016,not recorded,SEMA6B,Uncertain significance,Pathogenic,moved_toward_pathogenic,moved_toward_pathogenic,0.9258219817247515,0.9258219817247515,true,correct high-confidence,0.9258219817247515,loss_of_function_consequence; criteria_without_conflict; classification_age; record_completeness,high,Missing older fields: phenotypes,unknown,unreviewed,,pass,recorded hidden_test_predictions.csv
V6,1326566,not recorded,GRIN2D,Uncertain significance,Likely benign,moved_toward_benign,moved_toward_pathogenic,0.6393184205016416,0.6393184205016416,false,low-confidence,0.6393184205016416,missense_consequence; criteria_without_conflict; classification_age; record_completeness,high,Missing older fields: phenotypes,model over-predicted pathogenic,unreviewed,,pass,recorded hidden_test_predictions.csv
V6,1327540,not recorded,GLA,Uncertain significance,Likely benign,moved_toward_benign,moved_toward_pathogenic,0.6857226973681835,0.6857226973681835,false,low-confidence,0.6857226973681835,missense_consequence; criteria_without_conflict; classification_age; record_completeness,high,Condition aggregation differed between snapshots.,model over-predicted pathogenic,unreviewed,,pass,recorded hidden_test_predictions.csv
V6,1327680,not recorded,EIF5A,Uncertain significance,Likely pathogenic,moved_toward_pathogenic,moved_toward_pathogenic,0.7797466066311464,0.7797466066311464,true,low-confidence,0.7797466066311464,missense_consequence; criteria_without_conflict; classification_age; record_completeness,high,Missing older fields: phenotypes,unknown,unreviewed,,pass,recorded hidden_test_predictions.csv
V6,1328260,not recorded,MYH7B,Uncertain significance,Benign,moved_toward_benign,moved_toward_benign,0.3969382370677471,0.3969382370677471,true,low-confidence,0.6030617629322529,record_completeness,high,Molecular consequence was not recognized from older HGVS text.; Missing older fields: phenotypes,unknown,unreviewed,,pass,recorded hidden_test_predictions.csv
V6,1329607,not recorded,KDM6A,Uncertain significance,Likely pathogenic,moved_toward_pathogenic,moved_toward_pathogenic,0.6614682532881397,0.6614682532881397,true,low-confidence,0.6614682532881397,missense_consequence; criteria_without_conflict; classification_age; record_completeness,high,Missing older fields: phenotypes,unknown,unreviewed,,pass,recorded hidden_test_predictions.csv
