model_version,variation_id,vcv_accession,gene,old_classification,actual_later_classification,actual_outcome,predicted_class,pathogenic_probability,score_or_probability,correct,analysis_bucket,confidence,key_features,match_confidence,warning_flags,suspected_error_category,manual_review_status,notes,leakage_audit_status,source
V7,2071697,not recorded,NFKB1,not recorded,not recorded,moved_toward_benign,moved_toward_benign,0.004330154808975773,0.004330154808975773,true,correct high-confidence,0.9956698451910242,not recorded,not recorded,,unknown,unreviewed,,pass,recorded hidden_test_predictions.csv
V7,1737731,not recorded,EPAS1,not recorded,not recorded,moved_toward_benign,moved_toward_pathogenic,0.3688746201682576,0.3688746201682576,false,low-confidence,0.6311253798317424,not recorded,not recorded,,model over-predicted pathogenic,unreviewed,,pass,recorded hidden_test_predictions.csv
V7,1715021,not recorded,SATB2,not recorded,not recorded,moved_toward_benign,moved_toward_benign,0.2375565406539888,0.2375565406539888,true,low-confidence,0.7624434593460112,not recorded,not recorded,,unknown,unreviewed,,pass,recorded hidden_test_predictions.csv
V7,2441110,not recorded,DYSF,not recorded,not recorded,moved_toward_pathogenic,moved_toward_benign,0.2743720558020856,0.2743720558020856,false,low-confidence,0.7256279441979143,not recorded,not recorded,,model over-predicted benign,unreviewed,,pass,recorded hidden_test_predictions.csv
V7,2169835,not recorded,TCTN1,not recorded,not recorded,moved_toward_benign,moved_toward_benign,0.07377667666265943,0.07377667666265943,true,correct high-confidence,0.9262233233373406,not recorded,not recorded,,unknown,unreviewed,,pass,recorded hidden_test_predictions.csv
V7,1496417,not recorded,SLC12A5,not recorded,not recorded,moved_toward_benign,moved_toward_benign,0.07488397593894369,0.07488397593894369,true,correct high-confidence,0.9251160240610563,not recorded,not recorded,,unknown,unreviewed,,pass,recorded hidden_test_predictions.csv
V7,1943028,not recorded,OPA1,not recorded,not recorded,moved_toward_benign,moved_toward_benign,0.004021627514129141,0.004021627514129141,true,correct high-confidence,0.9959783724858708,not recorded,not recorded,,unknown,unreviewed,,pass,recorded hidden_test_predictions.csv
V7,2101489,not recorded,SLC6A8,not recorded,not recorded,moved_toward_benign,moved_toward_benign,0.22805493216608788,0.22805493216608788,true,low-confidence,0.7719450678339121,not recorded,not recorded,,unknown,unreviewed,,pass,recorded hidden_test_predictions.csv
V7,1770391,not recorded,FLCN,not recorded,not recorded,moved_toward_benign,moved_toward_pathogenic,0.34908109336650994,0.34908109336650994,false,low-confidence,0.6509189066334901,not recorded,not recorded,,model over-predicted pathogenic,unreviewed,,pass,recorded hidden_test_predictions.csv
V7,1766307,not recorded,BRCA2,not recorded,not recorded,moved_toward_benign,moved_toward_pathogenic,0.32932102317676415,0.32932102317676415,false,low-confidence,0.6706789768232359,not recorded,not recorded,,model over-predicted pathogenic,unreviewed,,pass,recorded hidden_test_predictions.csv
V7,2139198,not recorded,ABCG5,not recorded,not recorded,moved_toward_benign,moved_toward_benign,0.0038549423389642487,0.0038549423389642487,true,correct high-confidence,0.9961450576610358,not recorded,not recorded,,unknown,unreviewed,,pass,recorded hidden_test_predictions.csv
V7,1506589,not recorded,TTN,not recorded,not recorded,moved_toward_pathogenic,moved_toward_pathogenic,0.9599454928440633,0.9599454928440633,true,correct high-confidence,0.9599454928440633,not recorded,not recorded,,unknown,unreviewed,,pass,recorded hidden_test_predictions.csv
V7,2070916,not recorded,CDC73,not recorded,not recorded,moved_toward_benign,moved_toward_benign,0.07874820402632407,0.07874820402632407,true,correct high-confidence,0.9212517959736759,not recorded,not recorded,,unknown,unreviewed,,pass,recorded hidden_test_predictions.csv
V7,2060696,not recorded,IMPDH1,not recorded,not recorded,moved_toward_pathogenic,moved_toward_pathogenic,0.9643707634043326,0.9643707634043326,true,correct high-confidence,0.9643707634043326,not recorded,not recorded,,unknown,unreviewed,,pass,recorded hidden_test_predictions.csv
V7,2596573,not recorded,ZNF292,not recorded,not recorded,moved_toward_benign,moved_toward_pathogenic,0.5940403308783316,0.5940403308783316,false,low-confidence,0.5940403308783316,not recorded,not recorded,,model over-predicted pathogenic,unreviewed,,pass,recorded hidden_test_predictions.csv
V7,1503003,not recorded,CARD9,not recorded,not recorded,moved_toward_benign,moved_toward_benign,0.007421686531211472,0.007421686531211472,true,correct high-confidence,0.9925783134687886,not recorded,not recorded,,unknown,unreviewed,,pass,recorded hidden_test_predictions.csv
V7,1481736,not recorded,STX1B,not recorded,not recorded,moved_toward_pathogenic,moved_toward_pathogenic,0.3311123258420362,0.3311123258420362,true,low-confidence,0.6688876741579638,not recorded,not recorded,,unknown,unreviewed,,pass,recorded hidden_test_predictions.csv
V7,1392050,not recorded,CR2,not recorded,not recorded,moved_toward_benign,moved_toward_benign,0.08230632895422622,0.08230632895422622,true,correct high-confidence,0.9176936710457738,not recorded,not recorded,,unknown,unreviewed,,pass,recorded hidden_test_predictions.csv
V7,2102981,not recorded,KMT2B,not recorded,not recorded,moved_toward_benign,moved_toward_benign,0.08912145587383012,0.08912145587383012,true,correct high-confidence,0.9108785441261699,not recorded,not recorded,,unknown,unreviewed,,pass,recorded hidden_test_predictions.csv
V7,1491610,not recorded,SAMD11,not recorded,not recorded,moved_toward_benign,moved_toward_benign,0.018936266950290742,0.018936266950290742,true,correct high-confidence,0.9810637330497093,not recorded,not recorded,,unknown,unreviewed,,pass,recorded hidden_test_predictions.csv
V7,2087752,not recorded,ZEB2,not recorded,not recorded,moved_toward_benign,moved_toward_pathogenic,0.3115619900180327,0.3115619900180327,false,low-confidence,0.6884380099819674,not recorded,not recorded,,model over-predicted pathogenic,unreviewed,,pass,recorded hidden_test_predictions.csv
V7,2196156,not recorded,OCRL,not recorded,not recorded,moved_toward_benign,moved_toward_pathogenic,0.32932102317676415,0.32932102317676415,false,low-confidence,0.6706789768232359,not recorded,not recorded,,model over-predicted pathogenic,unreviewed,,pass,recorded hidden_test_predictions.csv
V7,1721655,not recorded,SCN8A,not recorded,not recorded,moved_toward_pathogenic,moved_toward_pathogenic,0.3081909997359218,0.3081909997359218,true,low-confidence,0.6918090002640782,not recorded,not recorded,,unknown,unreviewed,,pass,recorded hidden_test_predictions.csv
V7,1428611,not recorded,TTN,not recorded,not recorded,moved_toward_pathogenic,moved_toward_pathogenic,0.9562378890557934,0.9562378890557934,true,correct high-confidence,0.9562378890557934,not recorded,not recorded,,unknown,unreviewed,,pass,recorded hidden_test_predictions.csv
V7,1985461,not recorded,PRKDC,not recorded,not recorded,moved_toward_benign,moved_toward_benign,0.07101477886814697,0.07101477886814697,true,correct high-confidence,0.928985221131853,not recorded,not recorded,,unknown,unreviewed,,pass,recorded hidden_test_predictions.csv
V7,1376859,not recorded,SMARCE1,not recorded,not recorded,moved_toward_benign,moved_toward_benign,0.08230632895422622,0.08230632895422622,true,correct high-confidence,0.9176936710457738,not recorded,not recorded,,unknown,unreviewed,,pass,recorded hidden_test_predictions.csv
V7,1500219,not recorded,HSPG2,not recorded,not recorded,moved_toward_benign,moved_toward_benign,0.009443350218480829,0.009443350218480829,true,correct high-confidence,0.9905566497815191,not recorded,not recorded,,unknown,unreviewed,,pass,recorded hidden_test_predictions.csv
V7,2028205,not recorded,RUNX1,not recorded,not recorded,moved_toward_pathogenic,moved_toward_pathogenic,0.9551944722311404,0.9551944722311404,true,correct high-confidence,0.9551944722311404,not recorded,not recorded,,unknown,unreviewed,,pass,recorded hidden_test_predictions.csv
V7,2021590,not recorded,ZSWIM6,not recorded,not recorded,moved_toward_benign,moved_toward_benign,0.06397633321481741,0.06397633321481741,true,correct high-confidence,0.9360236667851826,not recorded,not recorded,,unknown,unreviewed,,pass,recorded hidden_test_predictions.csv
V7,1991240,not recorded,MAP3K20,not recorded,not recorded,moved_toward_benign,moved_toward_benign,0.004222346803906763,0.004222346803906763,true,correct high-confidence,0.9957776531960932,not recorded,not recorded,,unknown,unreviewed,,pass,recorded hidden_test_predictions.csv
V7,1399796,not recorded,SGCA,not recorded,not recorded,moved_toward_pathogenic,moved_toward_pathogenic,0.3217166179271983,0.3217166179271983,true,low-confidence,0.6782833820728017,not recorded,not recorded,,unknown,unreviewed,,pass,recorded hidden_test_predictions.csv
V7,1428921,not recorded,SETX,not recorded,not recorded,moved_toward_benign,moved_toward_benign,0.08230632895422622,0.08230632895422622,true,correct high-confidence,0.9176936710457738,not recorded,not recorded,,unknown,unreviewed,,pass,recorded hidden_test_predictions.csv
V7,1486510,not recorded,GRIN2A,not recorded,not recorded,moved_toward_benign,moved_toward_benign,0.015175964889338941,0.015175964889338941,true,correct high-confidence,0.9848240351106611,not recorded,not recorded,,unknown,unreviewed,,pass,recorded hidden_test_predictions.csv
V7,2154082,not recorded,SON,not recorded,not recorded,moved_toward_benign,moved_toward_benign,0.2159768967229677,0.2159768967229677,true,low-confidence,0.7840231032770323,not recorded,not recorded,,unknown,unreviewed,,pass,recorded hidden_test_predictions.csv
V7,1955182,not recorded,ZSWIM6,not recorded,not recorded,moved_toward_benign,moved_toward_benign,0.10508126214295055,0.10508126214295055,true,correct high-confidence,0.8949187378570495,not recorded,not recorded,,unknown,unreviewed,,pass,recorded hidden_test_predictions.csv
V7,2413815,not recorded,VPS13C,not recorded,not recorded,moved_toward_pathogenic,moved_toward_pathogenic,0.957212602535569,0.957212602535569,true,correct high-confidence,0.957212602535569,not recorded,not recorded,,unknown,unreviewed,,pass,recorded hidden_test_predictions.csv
V7,2189912,not recorded,CHD8,not recorded,not recorded,moved_toward_benign,moved_toward_benign,0.21331152713226584,0.21331152713226584,true,low-confidence,0.7866884728677341,not recorded,not recorded,,unknown,unreviewed,,pass,recorded hidden_test_predictions.csv
V7,1482347,not recorded,SLC46A1,not recorded,not recorded,moved_toward_benign,moved_toward_benign,0.004330154808975773,0.004330154808975773,true,correct high-confidence,0.9956698451910242,not recorded,not recorded,,unknown,unreviewed,,pass,recorded hidden_test_predictions.csv
V7,1407691,not recorded,COL12A1,not recorded,not recorded,moved_toward_benign,moved_toward_pathogenic,0.3217166179271983,0.3217166179271983,false,low-confidence,0.6782833820728017,not recorded,not recorded,,model over-predicted pathogenic,unreviewed,,pass,recorded hidden_test_predictions.csv
V7,1441181,not recorded,NUP62,not recorded,not recorded,moved_toward_benign,moved_toward_benign,0.010553374600922375,0.010553374600922375,true,correct high-confidence,0.9894466253990776,not recorded,not recorded,,unknown,unreviewed,,pass,recorded hidden_test_predictions.csv
V7,1429209,not recorded,ABCA4,not recorded,not recorded,moved_toward_pathogenic,moved_toward_benign,0.14216636729706705,0.14216636729706705,false,wrong high-confidence,0.857833632702933,not recorded,not recorded,,model over-predicted benign,unreviewed,,pass,recorded hidden_test_predictions.csv
V7,2095451,not recorded,LTBP4,not recorded,not recorded,moved_toward_benign,moved_toward_benign,0.005088109102223237,0.005088109102223237,true,correct high-confidence,0.9949118908977768,not recorded,not recorded,,unknown,unreviewed,,pass,recorded hidden_test_predictions.csv
V7,1425121,not recorded,SOS2,not recorded,not recorded,moved_toward_benign,moved_toward_pathogenic,0.3217166179271983,0.3217166179271983,false,low-confidence,0.6782833820728017,not recorded,not recorded,,model over-predicted pathogenic,unreviewed,,pass,recorded hidden_test_predictions.csv
V7,1423012,not recorded,RAI1,not recorded,not recorded,moved_toward_benign,moved_toward_pathogenic,0.3678398013925165,0.3678398013925165,false,low-confidence,0.6321601986074835,not recorded,not recorded,,model over-predicted pathogenic,unreviewed,,pass,recorded hidden_test_predictions.csv
V7,1377233,not recorded,DDX3X,not recorded,not recorded,moved_toward_benign,moved_toward_benign,0.08912145587383012,0.08912145587383012,true,correct high-confidence,0.9108785441261699,not recorded,not recorded,,unknown,unreviewed,,pass,recorded hidden_test_predictions.csv
V7,2071928,not recorded,IL18BP,not recorded,not recorded,moved_toward_benign,moved_toward_benign,0.004156385018889586,0.004156385018889586,true,correct high-confidence,0.9958436149811104,not recorded,not recorded,,unknown,unreviewed,,pass,recorded hidden_test_predictions.csv
V7,1476781,not recorded,HRAS,not recorded,not recorded,moved_toward_benign,moved_toward_benign,0.07488397593894369,0.07488397593894369,true,correct high-confidence,0.9251160240610563,not recorded,not recorded,,unknown,unreviewed,,pass,recorded hidden_test_predictions.csv
V7,1481806,not recorded,SQSTM1,not recorded,not recorded,moved_toward_benign,moved_toward_benign,0.007421686531211472,0.007421686531211472,true,correct high-confidence,0.9925783134687886,not recorded,not recorded,,unknown,unreviewed,,pass,recorded hidden_test_predictions.csv
V7,1390511,not recorded,COL6A2,not recorded,not recorded,moved_toward_benign,moved_toward_benign,0.008528693801585625,0.008528693801585625,true,correct high-confidence,0.9914713061984144,not recorded,not recorded,,unknown,unreviewed,,pass,recorded hidden_test_predictions.csv
V7,1363471,not recorded,COL13A1,not recorded,not recorded,moved_toward_benign,moved_toward_benign,0.1058189890316926,0.1058189890316926,true,correct high-confidence,0.8941810109683074,not recorded,not recorded,,unknown,unreviewed,,pass,recorded hidden_test_predictions.csv
V7,2160690,not recorded,SPECC1L,not recorded,not recorded,moved_toward_benign,moved_toward_benign,0.10508126214295055,0.10508126214295055,true,correct high-confidence,0.8949187378570495,not recorded,not recorded,,unknown,unreviewed,,pass,recorded hidden_test_predictions.csv
V7,1502384,not recorded,POMT2,not recorded,not recorded,moved_toward_benign,moved_toward_benign,0.07488397593894369,0.07488397593894369,true,correct high-confidence,0.9251160240610563,not recorded,not recorded,,unknown,unreviewed,,pass,recorded hidden_test_predictions.csv
V7,2121310,not recorded,KCNQ5,not recorded,not recorded,moved_toward_pathogenic,moved_toward_pathogenic,0.962311412748623,0.962311412748623,true,correct high-confidence,0.962311412748623,not recorded,not recorded,,unknown,unreviewed,,pass,recorded hidden_test_predictions.csv
V7,1391984,not recorded,IRF2BP2,not recorded,not recorded,moved_toward_benign,moved_toward_benign,0.1007402875872402,0.1007402875872402,true,correct high-confidence,0.8992597124127598,not recorded,not recorded,,unknown,unreviewed,,pass,recorded hidden_test_predictions.csv
V7,1408652,not recorded,RELN,not recorded,not recorded,moved_toward_benign,moved_toward_pathogenic,0.3424203378326788,0.3424203378326788,false,low-confidence,0.6575796621673212,not recorded,not recorded,,model over-predicted pathogenic,unreviewed,,pass,recorded hidden_test_predictions.csv
V7,2021462,not recorded,PUS3,not recorded,not recorded,moved_toward_pathogenic,moved_toward_pathogenic,0.957212602535569,0.957212602535569,true,correct high-confidence,0.957212602535569,not recorded,not recorded,,unknown,unreviewed,,pass,recorded hidden_test_predictions.csv
V7,2182471,not recorded,INPPL1,not recorded,not recorded,moved_toward_benign,moved_toward_benign,0.005088109102223237,0.005088109102223237,true,correct high-confidence,0.9949118908977768,not recorded,not recorded,,unknown,unreviewed,,pass,recorded hidden_test_predictions.csv
V7,1478978,not recorded,CRX,not recorded,not recorded,moved_toward_pathogenic,moved_toward_pathogenic,0.9635728212799093,0.9635728212799093,true,correct high-confidence,0.9635728212799093,not recorded,not recorded,,unknown,unreviewed,,pass,recorded hidden_test_predictions.csv
V7,1404760,not recorded,MED25,not recorded,not recorded,moved_toward_benign,moved_toward_benign,0.091192591508629,0.091192591508629,true,correct high-confidence,0.908807408491371,not recorded,not recorded,,unknown,unreviewed,,pass,recorded hidden_test_predictions.csv
V7,2014678,not recorded,CRX,not recorded,not recorded,moved_toward_pathogenic,moved_toward_pathogenic,0.4385205022425045,0.4385205022425045,true,low-confidence,0.5614794977574955,not recorded,not recorded,,unknown,unreviewed,,pass,recorded hidden_test_predictions.csv
V7,1449549,not recorded,AKT2,not recorded,not recorded,moved_toward_benign,moved_toward_benign,0.23018714521261868,0.23018714521261868,true,low-confidence,0.7698128547873813,not recorded,not recorded,,unknown,unreviewed,,pass,recorded hidden_test_predictions.csv
V7,2111652,not recorded,OPLAH,not recorded,not recorded,moved_toward_benign,moved_toward_benign,0.0738874206553234,0.0738874206553234,true,correct high-confidence,0.9261125793446766,not recorded,not recorded,,unknown,unreviewed,,pass,recorded hidden_test_predictions.csv
V7,1966265,not recorded,PLCG2,not recorded,not recorded,moved_toward_benign,moved_toward_benign,0.015849397473589898,0.015849397473589898,true,correct high-confidence,0.9841506025264101,not recorded,not recorded,,unknown,unreviewed,,pass,recorded hidden_test_predictions.csv
V7,1513495,not recorded,POLE,not recorded,not recorded,moved_toward_benign,moved_toward_benign,0.07816264066690273,0.07816264066690273,true,correct high-confidence,0.9218373593330973,not recorded,not recorded,,unknown,unreviewed,,pass,recorded hidden_test_predictions.csv
V7,1352556,not recorded,IMPG1,not recorded,not recorded,moved_toward_pathogenic,moved_toward_pathogenic,0.9577417625359754,0.9577417625359754,true,correct high-confidence,0.9577417625359754,not recorded,not recorded,,unknown,unreviewed,,pass,recorded hidden_test_predictions.csv
V7,1365965,not recorded,EHMT1,not recorded,not recorded,moved_toward_benign,moved_toward_pathogenic,0.34449406758118695,0.34449406758118695,false,low-confidence,0.655505932418813,not recorded,not recorded,,model over-predicted pathogenic,unreviewed,,pass,recorded hidden_test_predictions.csv
V7,1739761,not recorded,PMS2,not recorded,not recorded,moved_toward_benign,moved_toward_pathogenic,0.318255641920412,0.318255641920412,false,low-confidence,0.681744358079588,not recorded,not recorded,,model over-predicted pathogenic,unreviewed,,pass,recorded hidden_test_predictions.csv
V7,1944692,not recorded,ADGRV1,not recorded,not recorded,moved_toward_benign,moved_toward_benign,0.22029526050553136,0.22029526050553136,true,low-confidence,0.7797047394944686,not recorded,not recorded,,unknown,unreviewed,,pass,recorded hidden_test_predictions.csv
V7,1965449,not recorded,MFAP5,not recorded,not recorded,moved_toward_pathogenic,moved_toward_pathogenic,0.9347006031680689,0.9347006031680689,true,correct high-confidence,0.9347006031680689,not recorded,not recorded,,unknown,unreviewed,,pass,recorded hidden_test_predictions.csv
V7,1385442,not recorded,NEB,not recorded,not recorded,moved_toward_benign,moved_toward_benign,0.0738874206553234,0.0738874206553234,true,correct high-confidence,0.9261125793446766,not recorded,not recorded,,unknown,unreviewed,,pass,recorded hidden_test_predictions.csv
V7,2164785,not recorded,DMD,not recorded,not recorded,moved_toward_benign,moved_toward_pathogenic,0.3076211661679912,0.3076211661679912,false,low-confidence,0.6923788338320088,not recorded,not recorded,,model over-predicted pathogenic,unreviewed,,pass,recorded hidden_test_predictions.csv
V7,1976237,not recorded,IMPG1,not recorded,not recorded,moved_toward_pathogenic,moved_toward_pathogenic,0.9561634714056338,0.9561634714056338,true,correct high-confidence,0.9561634714056338,not recorded,not recorded,,unknown,unreviewed,,pass,recorded hidden_test_predictions.csv
V7,1721755,not recorded,SCN1A,not recorded,not recorded,moved_toward_pathogenic,moved_toward_benign,0.19629403148253977,0.19629403148253977,false,wrong high-confidence,0.8037059685174602,not recorded,not recorded,,model over-predicted benign,unreviewed,,pass,recorded hidden_test_predictions.csv
V7,1355293,not recorded,EIF2B4,not recorded,not recorded,moved_toward_benign,moved_toward_benign,0.10135667041595701,0.10135667041595701,true,correct high-confidence,0.898643329584043,not recorded,not recorded,,unknown,unreviewed,,pass,recorded hidden_test_predictions.csv
V7,1957354,not recorded,COL10A1,not recorded,not recorded,moved_toward_benign,moved_toward_benign,0.21129272709848507,0.21129272709848507,true,low-confidence,0.788707272901515,not recorded,not recorded,,unknown,unreviewed,,pass,recorded hidden_test_predictions.csv
V7,1445919,not recorded,RAI1,not recorded,not recorded,moved_toward_benign,moved_toward_pathogenic,0.3844555055711162,0.3844555055711162,false,low-confidence,0.6155444944288838,not recorded,not recorded,,model over-predicted pathogenic,unreviewed,,pass,recorded hidden_test_predictions.csv
V7,1396395,not recorded,RAI1,not recorded,not recorded,moved_toward_benign,moved_toward_benign,0.008530672284574936,0.008530672284574936,true,correct high-confidence,0.9914693277154251,not recorded,not recorded,,unknown,unreviewed,,pass,recorded hidden_test_predictions.csv
V7,1373070,not recorded,TAOK2,not recorded,not recorded,moved_toward_benign,moved_toward_benign,0.11829649156874039,0.11829649156874039,true,correct high-confidence,0.8817035084312597,not recorded,not recorded,,unknown,unreviewed,,pass,recorded hidden_test_predictions.csv
V7,2059565,not recorded,SCN10A,not recorded,not recorded,moved_toward_benign,moved_toward_benign,0.07075931400820337,0.07075931400820337,true,correct high-confidence,0.9292406859917967,not recorded,not recorded,,unknown,unreviewed,,pass,recorded hidden_test_predictions.csv
V7,2413359,not recorded,PIK3AP1,not recorded,not recorded,moved_toward_benign,moved_toward_benign,0.015849397473589898,0.015849397473589898,true,correct high-confidence,0.9841506025264101,not recorded,not recorded,,unknown,unreviewed,,pass,recorded hidden_test_predictions.csv
V7,1738940,not recorded,ATM,not recorded,not recorded,moved_toward_pathogenic,moved_toward_benign,0.07075931400820337,0.07075931400820337,false,wrong high-confidence,0.9292406859917967,not recorded,not recorded,,model over-predicted benign,unreviewed,,pass,recorded hidden_test_predictions.csv
V7,2051862,not recorded,YWHAG,not recorded,not recorded,moved_toward_benign,moved_toward_benign,0.0212091537121144,0.0212091537121144,true,correct high-confidence,0.9787908462878856,not recorded,not recorded,,unknown,unreviewed,,pass,recorded hidden_test_predictions.csv
V7,1945231,not recorded,MAP3K20,not recorded,not recorded,moved_toward_benign,moved_toward_benign,0.004222346803906763,0.004222346803906763,true,correct high-confidence,0.9957776531960932,not recorded,not recorded,,unknown,unreviewed,,pass,recorded hidden_test_predictions.csv
V7,1490593,not recorded,SOS1,not recorded,not recorded,moved_toward_benign,moved_toward_benign,0.091192591508629,0.091192591508629,true,correct high-confidence,0.908807408491371,not recorded,not recorded,,unknown,unreviewed,,pass,recorded hidden_test_predictions.csv
V7,2128291,not recorded,TTN,not recorded,not recorded,moved_toward_pathogenic,moved_toward_pathogenic,0.9536284559524433,0.9536284559524433,true,correct high-confidence,0.9536284559524433,not recorded,not recorded,,unknown,unreviewed,,pass,recorded hidden_test_predictions.csv
V7,1354102,not recorded,VHL,not recorded,not recorded,moved_toward_benign,moved_toward_benign,0.07075931400820337,0.07075931400820337,true,correct high-confidence,0.9292406859917967,not recorded,not recorded,,unknown,unreviewed,,pass,recorded hidden_test_predictions.csv
V7,1972628,not recorded,TTN,not recorded,not recorded,moved_toward_pathogenic,moved_toward_pathogenic,0.9536284559524433,0.9536284559524433,true,correct high-confidence,0.9536284559524433,not recorded,not recorded,,unknown,unreviewed,,pass,recorded hidden_test_predictions.csv
V7,2574971,not recorded,TCF4,not recorded,not recorded,moved_toward_benign,moved_toward_pathogenic,0.4787403787705892,0.4787403787705892,false,low-confidence,0.5212596212294107,not recorded,not recorded,,model over-predicted pathogenic,unreviewed,,pass,recorded hidden_test_predictions.csv
V7,2041441,not recorded,KAT6A,not recorded,not recorded,moved_toward_benign,moved_toward_benign,0.02565548406742966,0.02565548406742966,true,correct high-confidence,0.9743445159325703,not recorded,not recorded,,unknown,unreviewed,,pass,recorded hidden_test_predictions.csv
V7,2179770,not recorded,MICAL1,not recorded,not recorded,moved_toward_pathogenic,moved_toward_benign,0.10508126214295055,0.10508126214295055,false,wrong high-confidence,0.8949187378570495,not recorded,not recorded,,model over-predicted benign,unreviewed,,pass,recorded hidden_test_predictions.csv
V7,2090423,not recorded,RELN,not recorded,not recorded,moved_toward_benign,moved_toward_benign,0.017005332593008418,0.017005332593008418,true,correct high-confidence,0.9829946674069916,not recorded,not recorded,,unknown,unreviewed,,pass,recorded hidden_test_predictions.csv
V7,1348510,not recorded,SLC6A5,not recorded,not recorded,moved_toward_benign,moved_toward_benign,0.091192591508629,0.091192591508629,true,correct high-confidence,0.908807408491371,not recorded,not recorded,,unknown,unreviewed,,pass,recorded hidden_test_predictions.csv
V7,1354992,not recorded,SURF1,not recorded,not recorded,moved_toward_benign,moved_toward_benign,0.08230632895422622,0.08230632895422622,true,correct high-confidence,0.9176936710457738,not recorded,not recorded,,unknown,unreviewed,,pass,recorded hidden_test_predictions.csv
V7,1476948,not recorded,POLA1,not recorded,not recorded,moved_toward_benign,moved_toward_pathogenic,0.37629227949046273,0.37629227949046273,false,low-confidence,0.6237077205095373,not recorded,not recorded,,model over-predicted pathogenic,unreviewed,,pass,recorded hidden_test_predictions.csv
V7,1970719,not recorded,LAMC3,not recorded,not recorded,moved_toward_benign,moved_toward_benign,0.005088109102223237,0.005088109102223237,true,correct high-confidence,0.9949118908977768,not recorded,not recorded,,unknown,unreviewed,,pass,recorded hidden_test_predictions.csv
V7,1408785,not recorded,VCAN,not recorded,not recorded,moved_toward_benign,moved_toward_benign,0.010553374600922375,0.010553374600922375,true,correct high-confidence,0.9894466253990776,not recorded,not recorded,,unknown,unreviewed,,pass,recorded hidden_test_predictions.csv
V7,1516764,not recorded,DYNC1H1,not recorded,not recorded,moved_toward_benign,moved_toward_pathogenic,0.34449406758118695,0.34449406758118695,false,low-confidence,0.655505932418813,not recorded,not recorded,,model over-predicted pathogenic,unreviewed,,pass,recorded hidden_test_predictions.csv
V7,1513746,not recorded,KCNC1,not recorded,not recorded,moved_toward_benign,moved_toward_benign,0.08638216928799206,0.08638216928799206,true,correct high-confidence,0.913617830712008,not recorded,not recorded,,unknown,unreviewed,,pass,recorded hidden_test_predictions.csv
V7,1430339,not recorded,COL1A1,not recorded,not recorded,moved_toward_benign,moved_toward_benign,0.00847833138855774,0.00847833138855774,true,correct high-confidence,0.9915216686114423,not recorded,not recorded,,unknown,unreviewed,,pass,recorded hidden_test_predictions.csv
V7,1346158,not recorded,COL11A1,not recorded,not recorded,moved_toward_benign,moved_toward_pathogenic,0.3844555055711162,0.3844555055711162,false,low-confidence,0.6155444944288838,not recorded,not recorded,,model over-predicted pathogenic,unreviewed,,pass,recorded hidden_test_predictions.csv
V7,1738938,not recorded,SMARCA4,not recorded,not recorded,moved_toward_benign,moved_toward_pathogenic,0.34449406758118695,0.34449406758118695,false,low-confidence,0.655505932418813,not recorded,not recorded,,model over-predicted pathogenic,unreviewed,,pass,recorded hidden_test_predictions.csv
V7,2434178,not recorded,NEB,not recorded,not recorded,moved_toward_benign,moved_toward_benign,0.13370599904927863,0.13370599904927863,true,correct high-confidence,0.8662940009507214,not recorded,not recorded,,unknown,unreviewed,,pass,recorded hidden_test_predictions.csv
V7,1378581,not recorded,DPAGT1,not recorded,not recorded,moved_toward_benign,moved_toward_benign,0.007421686531211472,0.007421686531211472,true,correct high-confidence,0.9925783134687886,not recorded,not recorded,,unknown,unreviewed,,pass,recorded hidden_test_predictions.csv
V7,1979803,not recorded,USH2A,not recorded,not recorded,moved_toward_benign,moved_toward_benign,0.05834355969926427,0.05834355969926427,true,correct high-confidence,0.9416564403007357,not recorded,not recorded,,unknown,unreviewed,,pass,recorded hidden_test_predictions.csv
V7,2102748,not recorded,BRCA2,not recorded,not recorded,moved_toward_benign,moved_toward_benign,0.0738874206553234,0.0738874206553234,true,correct high-confidence,0.9261125793446766,not recorded,not recorded,,unknown,unreviewed,,pass,recorded hidden_test_predictions.csv
V7,1376137,not recorded,OTOGL,not recorded,not recorded,moved_toward_benign,moved_toward_benign,0.11692038309912584,0.11692038309912584,true,correct high-confidence,0.8830796169008741,not recorded,not recorded,,unknown,unreviewed,,pass,recorded hidden_test_predictions.csv
V7,1378678,not recorded,TBX20,not recorded,not recorded,moved_toward_pathogenic,moved_toward_pathogenic,0.9741226057593085,0.9741226057593085,true,correct high-confidence,0.9741226057593085,not recorded,not recorded,,unknown,unreviewed,,pass,recorded hidden_test_predictions.csv
V7,1500961,not recorded,FN1,not recorded,not recorded,moved_toward_benign,moved_toward_pathogenic,0.4006513015550138,0.4006513015550138,false,low-confidence,0.5993486984449863,not recorded,not recorded,,model over-predicted pathogenic,unreviewed,,pass,recorded hidden_test_predictions.csv
V7,1776335,not recorded,SUFU,not recorded,not recorded,moved_toward_benign,moved_toward_benign,0.2694509795145266,0.2694509795145266,true,low-confidence,0.7305490204854734,not recorded,not recorded,,unknown,unreviewed,,pass,recorded hidden_test_predictions.csv
V7,2170963,not recorded,BBS2,not recorded,not recorded,moved_toward_benign,moved_toward_benign,0.07198124403156887,0.07198124403156887,true,correct high-confidence,0.9280187559684311,not recorded,not recorded,,unknown,unreviewed,,pass,recorded hidden_test_predictions.csv
V7,1431436,not recorded,RNF43,not recorded,not recorded,moved_toward_benign,moved_toward_benign,0.1058189890316926,0.1058189890316926,true,correct high-confidence,0.8941810109683074,not recorded,not recorded,,unknown,unreviewed,,pass,recorded hidden_test_predictions.csv
V7,1505304,not recorded,QARS1,not recorded,not recorded,moved_toward_benign,moved_toward_benign,0.0738874206553234,0.0738874206553234,true,correct high-confidence,0.9261125793446766,not recorded,not recorded,,unknown,unreviewed,,pass,recorded hidden_test_predictions.csv
V7,1431211,not recorded,CACNA1H,not recorded,not recorded,moved_toward_benign,moved_toward_pathogenic,0.3424203378326788,0.3424203378326788,false,low-confidence,0.6575796621673212,not recorded,not recorded,,model over-predicted pathogenic,unreviewed,,pass,recorded hidden_test_predictions.csv
V7,1433227,not recorded,DIP2C,not recorded,not recorded,moved_toward_benign,moved_toward_benign,0.009443350218480829,0.009443350218480829,true,correct high-confidence,0.9905566497815191,not recorded,not recorded,,unknown,unreviewed,,pass,recorded hidden_test_predictions.csv
V7,1896368,not recorded,SLC25A26,not recorded,not recorded,moved_toward_benign,moved_toward_benign,0.08912145587383012,0.08912145587383012,true,correct high-confidence,0.9108785441261699,not recorded,not recorded,,unknown,unreviewed,,pass,recorded hidden_test_predictions.csv
V7,2188003,not recorded,HIVEP2,not recorded,not recorded,moved_toward_benign,moved_toward_benign,0.06648408312570443,0.06648408312570443,true,correct high-confidence,0.9335159168742956,not recorded,not recorded,,unknown,unreviewed,,pass,recorded hidden_test_predictions.csv
V7,2143009,not recorded,ALG9,not recorded,not recorded,moved_toward_benign,moved_toward_benign,0.07075931400820337,0.07075931400820337,true,correct high-confidence,0.9292406859917967,not recorded,not recorded,,unknown,unreviewed,,pass,recorded hidden_test_predictions.csv
V7,2672994,not recorded,WDFY3,not recorded,not recorded,moved_toward_benign,moved_toward_pathogenic,0.5895497692256777,0.5895497692256777,false,low-confidence,0.5895497692256777,not recorded,not recorded,,model over-predicted pathogenic,unreviewed,,pass,recorded hidden_test_predictions.csv
V7,1925689,not recorded,CACNA1A,not recorded,not recorded,moved_toward_benign,moved_toward_benign,0.015849397473589898,0.015849397473589898,true,correct high-confidence,0.9841506025264101,not recorded,not recorded,,unknown,unreviewed,,pass,recorded hidden_test_predictions.csv
V7,1475795,not recorded,LAMB2,not recorded,not recorded,moved_toward_benign,moved_toward_benign,0.007421686531211472,0.007421686531211472,true,correct high-confidence,0.9925783134687886,not recorded,not recorded,,unknown,unreviewed,,pass,recorded hidden_test_predictions.csv
V7,2160344,not recorded,RECQL4,not recorded,not recorded,moved_toward_benign,moved_toward_benign,0.0038549423389642487,0.0038549423389642487,true,correct high-confidence,0.9961450576610358,not recorded,not recorded,,unknown,unreviewed,,pass,recorded hidden_test_predictions.csv
V7,1985073,not recorded,CCDC141,not recorded,not recorded,moved_toward_benign,moved_toward_benign,0.0212091537121144,0.0212091537121144,true,correct high-confidence,0.9787908462878856,not recorded,not recorded,,unknown,unreviewed,,pass,recorded hidden_test_predictions.csv
V7,1516344,not recorded,GNPTAB,not recorded,not recorded,moved_toward_benign,moved_toward_benign,0.007421686531211472,0.007421686531211472,true,correct high-confidence,0.9925783134687886,not recorded,not recorded,,unknown,unreviewed,,pass,recorded hidden_test_predictions.csv
V7,1985532,not recorded,ALMS1,not recorded,not recorded,moved_toward_benign,moved_toward_benign,0.07101477886814697,0.07101477886814697,true,correct high-confidence,0.928985221131853,not recorded,not recorded,,unknown,unreviewed,,pass,recorded hidden_test_predictions.csv
V7,1467666,not recorded,POLD1,not recorded,not recorded,moved_toward_benign,moved_toward_benign,0.091192591508629,0.091192591508629,true,correct high-confidence,0.908807408491371,not recorded,not recorded,,unknown,unreviewed,,pass,recorded hidden_test_predictions.csv
V7,2077656,not recorded,NAGA,not recorded,not recorded,moved_toward_benign,moved_toward_benign,0.0738874206553234,0.0738874206553234,true,correct high-confidence,0.9261125793446766,not recorded,not recorded,,unknown,unreviewed,,pass,recorded hidden_test_predictions.csv
V7,2418226,not recorded,TTN,not recorded,not recorded,moved_toward_pathogenic,moved_toward_pathogenic,0.9470033219492459,0.9470033219492459,true,correct high-confidence,0.9470033219492459,not recorded,not recorded,,unknown,unreviewed,,pass,recorded hidden_test_predictions.csv
V7,1740033,not recorded,TNXB,not recorded,not recorded,moved_toward_benign,moved_toward_pathogenic,0.34449406758118695,0.34449406758118695,false,low-confidence,0.655505932418813,not recorded,not recorded,,model over-predicted pathogenic,unreviewed,,pass,recorded hidden_test_predictions.csv
V7,1503752,not recorded,COL18A1,not recorded,not recorded,moved_toward_benign,moved_toward_benign,0.002231949382898142,0.002231949382898142,true,correct high-confidence,0.9977680506171018,not recorded,not recorded,,unknown,unreviewed,,pass,recorded hidden_test_predictions.csv
V7,1479213,not recorded,IMPG1,not recorded,not recorded,moved_toward_pathogenic,moved_toward_pathogenic,0.9682381961510531,0.9682381961510531,true,correct high-confidence,0.9682381961510531,not recorded,not recorded,,unknown,unreviewed,,pass,recorded hidden_test_predictions.csv
V7,1430473,not recorded,WASHC5,not recorded,not recorded,moved_toward_pathogenic,moved_toward_pathogenic,0.9647384984080992,0.9647384984080992,true,correct high-confidence,0.9647384984080992,not recorded,not recorded,,unknown,unreviewed,,pass,recorded hidden_test_predictions.csv
V7,1676077,not recorded,CUX1,not recorded,not recorded,moved_toward_pathogenic,moved_toward_pathogenic,0.964997891950658,0.964997891950658,true,correct high-confidence,0.964997891950658,not recorded,not recorded,,unknown,unreviewed,,pass,recorded hidden_test_predictions.csv
V7,1371702,not recorded,ABL1,not recorded,not recorded,moved_toward_benign,moved_toward_pathogenic,0.4442978228659409,0.4442978228659409,false,low-confidence,0.5557021771340591,not recorded,not recorded,,model over-predicted pathogenic,unreviewed,,pass,recorded hidden_test_predictions.csv
V7,2080773,not recorded,PEX5,not recorded,not recorded,moved_toward_benign,moved_toward_benign,0.07075931400820337,0.07075931400820337,true,correct high-confidence,0.9292406859917967,not recorded,not recorded,,unknown,unreviewed,,pass,recorded hidden_test_predictions.csv
V7,2179338,not recorded,AHDC1,not recorded,not recorded,moved_toward_benign,moved_toward_benign,0.22029526050553136,0.22029526050553136,true,low-confidence,0.7797047394944686,not recorded,not recorded,,unknown,unreviewed,,pass,recorded hidden_test_predictions.csv
V7,1409338,not recorded,ROM1,not recorded,not recorded,moved_toward_benign,moved_toward_benign,0.0212091537121144,0.0212091537121144,true,correct high-confidence,0.9787908462878856,not recorded,not recorded,,unknown,unreviewed,,pass,recorded hidden_test_predictions.csv
V7,1473509,not recorded,TTN,not recorded,not recorded,moved_toward_pathogenic,moved_toward_pathogenic,0.9569222503126095,0.9569222503126095,true,correct high-confidence,0.9569222503126095,not recorded,not recorded,,unknown,unreviewed,,pass,recorded hidden_test_predictions.csv
V7,1508071,not recorded,FAR1,not recorded,not recorded,moved_toward_benign,moved_toward_benign,0.018936266950290742,0.018936266950290742,true,correct high-confidence,0.9810637330497093,not recorded,not recorded,,unknown,unreviewed,,pass,recorded hidden_test_predictions.csv
V7,1443596,not recorded,SETBP1,not recorded,not recorded,moved_toward_benign,moved_toward_pathogenic,0.39844500476543826,0.39844500476543826,false,low-confidence,0.6015549952345618,not recorded,not recorded,,model over-predicted pathogenic,unreviewed,,pass,recorded hidden_test_predictions.csv
V7,2440308,not recorded,COL4A1,not recorded,not recorded,moved_toward_pathogenic,moved_toward_pathogenic,0.4006513015550138,0.4006513015550138,true,low-confidence,0.5993486984449863,not recorded,not recorded,,unknown,unreviewed,,pass,recorded hidden_test_predictions.csv
V7,2577099,not recorded,SLC25A13,not recorded,not recorded,moved_toward_pathogenic,moved_toward_pathogenic,0.5940403308783316,0.5940403308783316,true,low-confidence,0.5940403308783316,not recorded,not recorded,,unknown,unreviewed,,pass,recorded hidden_test_predictions.csv
V7,1991214,not recorded,SYNGAP1,not recorded,not recorded,moved_toward_benign,moved_toward_benign,0.23018714521261868,0.23018714521261868,true,low-confidence,0.7698128547873813,not recorded,not recorded,,unknown,unreviewed,,pass,recorded hidden_test_predictions.csv
V7,1380144,not recorded,LIG4,not recorded,not recorded,moved_toward_benign,moved_toward_benign,0.0068913471995887,0.0068913471995887,true,correct high-confidence,0.9931086528004113,not recorded,not recorded,,unknown,unreviewed,,pass,recorded hidden_test_predictions.csv
V7,1438636,not recorded,RYR2,not recorded,not recorded,moved_toward_benign,moved_toward_benign,0.08638216928799206,0.08638216928799206,true,correct high-confidence,0.913617830712008,not recorded,not recorded,,unknown,unreviewed,,pass,recorded hidden_test_predictions.csv
V7,1915837,not recorded,LTBP4,not recorded,not recorded,moved_toward_benign,moved_toward_benign,0.08353749337592022,0.08353749337592022,true,correct high-confidence,0.9164625066240798,not recorded,not recorded,,unknown,unreviewed,,pass,recorded hidden_test_predictions.csv
V7,1469960,not recorded,POLG,not recorded,not recorded,moved_toward_benign,moved_toward_benign,0.08230632895422622,0.08230632895422622,true,correct high-confidence,0.9176936710457738,not recorded,not recorded,,unknown,unreviewed,,pass,recorded hidden_test_predictions.csv
V7,2140863,not recorded,PRKDC,not recorded,not recorded,moved_toward_benign,moved_toward_benign,0.07198124403156887,0.07198124403156887,true,correct high-confidence,0.9280187559684311,not recorded,not recorded,,unknown,unreviewed,,pass,recorded hidden_test_predictions.csv
V7,1440681,not recorded,PACS2,not recorded,not recorded,moved_toward_benign,moved_toward_pathogenic,0.31383375154496645,0.31383375154496645,false,low-confidence,0.6861662484550335,not recorded,not recorded,,model over-predicted pathogenic,unreviewed,,pass,recorded hidden_test_predictions.csv
V7,1765543,not recorded,TNXB,not recorded,not recorded,moved_toward_benign,moved_toward_pathogenic,0.34449406758118695,0.34449406758118695,false,low-confidence,0.655505932418813,not recorded,not recorded,,model over-predicted pathogenic,unreviewed,,pass,recorded hidden_test_predictions.csv
V7,2501589,not recorded,KDM5C,not recorded,not recorded,moved_toward_pathogenic,moved_toward_pathogenic,0.3559546457957879,0.3559546457957879,true,low-confidence,0.6440453542042122,not recorded,not recorded,,unknown,unreviewed,,pass,recorded hidden_test_predictions.csv
V7,1407052,not recorded,KMT2D,not recorded,not recorded,moved_toward_benign,moved_toward_pathogenic,0.3424203378326788,0.3424203378326788,false,low-confidence,0.6575796621673212,not recorded,not recorded,,model over-predicted pathogenic,unreviewed,,pass,recorded hidden_test_predictions.csv
V7,1496476,not recorded,GFM2,not recorded,not recorded,moved_toward_benign,moved_toward_benign,0.10135667041595701,0.10135667041595701,true,correct high-confidence,0.898643329584043,not recorded,not recorded,,unknown,unreviewed,,pass,recorded hidden_test_predictions.csv
V7,1403779,not recorded,FANCI,not recorded,not recorded,moved_toward_benign,moved_toward_benign,0.07816264066690273,0.07816264066690273,true,correct high-confidence,0.9218373593330973,not recorded,not recorded,,unknown,unreviewed,,pass,recorded hidden_test_predictions.csv
V7,1443645,not recorded,DEPDC5,not recorded,not recorded,moved_toward_benign,moved_toward_benign,0.08638216928799206,0.08638216928799206,true,correct high-confidence,0.913617830712008,not recorded,not recorded,,unknown,unreviewed,,pass,recorded hidden_test_predictions.csv
V7,2149216,not recorded,ALG9,not recorded,not recorded,moved_toward_benign,moved_toward_benign,0.003831475403637806,0.003831475403637806,true,correct high-confidence,0.9961685245963622,not recorded,not recorded,,unknown,unreviewed,,pass,recorded hidden_test_predictions.csv
V7,1441992,not recorded,CTNNA1,not recorded,not recorded,moved_toward_pathogenic,moved_toward_pathogenic,0.5864991971380511,0.5864991971380511,true,low-confidence,0.5864991971380511,not recorded,not recorded,,unknown,unreviewed,,pass,recorded hidden_test_predictions.csv
V7,1365361,not recorded,FZD4,not recorded,not recorded,moved_toward_benign,moved_toward_benign,0.0212091537121144,0.0212091537121144,true,correct high-confidence,0.9787908462878856,not recorded,not recorded,,unknown,unreviewed,,pass,recorded hidden_test_predictions.csv
V7,1466287,not recorded,ADAM9,not recorded,not recorded,moved_toward_benign,moved_toward_benign,0.018936266950290742,0.018936266950290742,true,correct high-confidence,0.9810637330497093,not recorded,not recorded,,unknown,unreviewed,,pass,recorded hidden_test_predictions.csv
V7,2200940,not recorded,CPT1C,not recorded,not recorded,moved_toward_benign,moved_toward_benign,0.07816264066690273,0.07816264066690273,true,correct high-confidence,0.9218373593330973,not recorded,not recorded,,unknown,unreviewed,,pass,recorded hidden_test_predictions.csv
V7,1524855,not recorded,IL17RA,not recorded,not recorded,moved_toward_benign,moved_toward_benign,0.0738874206553234,0.0738874206553234,true,correct high-confidence,0.9261125793446766,not recorded,not recorded,,unknown,unreviewed,,pass,recorded hidden_test_predictions.csv
V7,2120558,not recorded,PCDH19,not recorded,not recorded,moved_toward_pathogenic,moved_toward_pathogenic,0.9536284559524433,0.9536284559524433,true,correct high-confidence,0.9536284559524433,not recorded,not recorded,,unknown,unreviewed,,pass,recorded hidden_test_predictions.csv
V7,2110521,not recorded,ALMS1,not recorded,not recorded,moved_toward_benign,moved_toward_benign,0.003831475403637806,0.003831475403637806,true,correct high-confidence,0.9961685245963622,not recorded,not recorded,,unknown,unreviewed,,pass,recorded hidden_test_predictions.csv
V7,2119520,not recorded,TUBGCP6,not recorded,not recorded,moved_toward_benign,moved_toward_benign,0.003769228847893471,0.003769228847893471,true,correct high-confidence,0.9962307711521066,not recorded,not recorded,,unknown,unreviewed,,pass,recorded hidden_test_predictions.csv
V7,1805892,not recorded,DLG4,not recorded,not recorded,moved_toward_pathogenic,moved_toward_benign,0.23018714521261868,0.23018714521261868,false,low-confidence,0.7698128547873813,not recorded,not recorded,,model over-predicted benign,unreviewed,,pass,recorded hidden_test_predictions.csv
V7,1371484,not recorded,ZFPM2,not recorded,not recorded,moved_toward_benign,moved_toward_benign,0.08230632895422622,0.08230632895422622,true,correct high-confidence,0.9176936710457738,not recorded,not recorded,,unknown,unreviewed,,pass,recorded hidden_test_predictions.csv
V7,1497833,not recorded,COL2A1,not recorded,not recorded,moved_toward_benign,moved_toward_pathogenic,0.3844555055711162,0.3844555055711162,false,low-confidence,0.6155444944288838,not recorded,not recorded,,model over-predicted pathogenic,unreviewed,,pass,recorded hidden_test_predictions.csv
V7,1399714,not recorded,LMF1,not recorded,not recorded,moved_toward_pathogenic,moved_toward_pathogenic,0.4006513015550138,0.4006513015550138,true,low-confidence,0.5993486984449863,not recorded,not recorded,,unknown,unreviewed,,pass,recorded hidden_test_predictions.csv
V7,2032335,not recorded,TTN,not recorded,not recorded,moved_toward_pathogenic,moved_toward_pathogenic,0.9521003683807824,0.9521003683807824,true,correct high-confidence,0.9521003683807824,not recorded,not recorded,,unknown,unreviewed,,pass,recorded hidden_test_predictions.csv
V7,1445527,not recorded,LFNG,not recorded,not recorded,moved_toward_benign,moved_toward_benign,0.00847833138855774,0.00847833138855774,true,correct high-confidence,0.9915216686114423,not recorded,not recorded,,unknown,unreviewed,,pass,recorded hidden_test_predictions.csv
V7,1428910,not recorded,COL7A1,not recorded,not recorded,moved_toward_benign,moved_toward_benign,0.09649923818604884,0.09649923818604884,true,correct high-confidence,0.9035007618139511,not recorded,not recorded,,unknown,unreviewed,,pass,recorded hidden_test_predictions.csv
V7,2118244,not recorded,NPRL3,not recorded,not recorded,moved_toward_benign,moved_toward_benign,0.07075931400820337,0.07075931400820337,true,correct high-confidence,0.9292406859917967,not recorded,not recorded,,unknown,unreviewed,,pass,recorded hidden_test_predictions.csv
V7,1365505,not recorded,KCNQ5,not recorded,not recorded,moved_toward_benign,moved_toward_benign,0.14216636729706705,0.14216636729706705,true,correct high-confidence,0.857833632702933,not recorded,not recorded,,unknown,unreviewed,,pass,recorded hidden_test_predictions.csv
V7,1423541,not recorded,MTOR,not recorded,not recorded,moved_toward_benign,moved_toward_pathogenic,0.3863739366663815,0.3863739366663815,false,low-confidence,0.6136260633336186,not recorded,not recorded,,model over-predicted pathogenic,unreviewed,,pass,recorded hidden_test_predictions.csv
V7,1773679,not recorded,LZTR1,not recorded,not recorded,moved_toward_benign,moved_toward_pathogenic,0.32932102317676415,0.32932102317676415,false,low-confidence,0.6706789768232359,not recorded,not recorded,,model over-predicted pathogenic,unreviewed,,pass,recorded hidden_test_predictions.csv
V7,1359834,not recorded,COL6A1,not recorded,not recorded,moved_toward_benign,moved_toward_benign,0.0068913471995887,0.0068913471995887,true,correct high-confidence,0.9931086528004113,not recorded,not recorded,,unknown,unreviewed,,pass,recorded hidden_test_predictions.csv
V7,2429721,not recorded,ACTL6B,not recorded,not recorded,moved_toward_pathogenic,moved_toward_benign,0.22029526050553136,0.22029526050553136,false,low-confidence,0.7797047394944686,not recorded,not recorded,,model over-predicted benign,unreviewed,,pass,recorded hidden_test_predictions.csv
V7,2577338,not recorded,ABCA3,not recorded,not recorded,moved_toward_pathogenic,moved_toward_pathogenic,0.5940403308783316,0.5940403308783316,true,low-confidence,0.5940403308783316,not recorded,not recorded,,unknown,unreviewed,,pass,recorded hidden_test_predictions.csv
V7,2031243,not recorded,RECQL4,not recorded,not recorded,moved_toward_benign,moved_toward_benign,0.004016160264892066,0.004016160264892066,true,correct high-confidence,0.995983839735108,not recorded,not recorded,,unknown,unreviewed,,pass,recorded hidden_test_predictions.csv
V7,1509679,not recorded,IFT140,not recorded,not recorded,moved_toward_benign,moved_toward_benign,0.08230632895422622,0.08230632895422622,true,correct high-confidence,0.9176936710457738,not recorded,not recorded,,unknown,unreviewed,,pass,recorded hidden_test_predictions.csv
V7,2135697,not recorded,PRKDC,not recorded,not recorded,moved_toward_benign,moved_toward_benign,0.0038549423389642487,0.0038549423389642487,true,correct high-confidence,0.9961450576610358,not recorded,not recorded,,unknown,unreviewed,,pass,recorded hidden_test_predictions.csv
V7,1479858,not recorded,CHEK2,not recorded,not recorded,moved_toward_benign,moved_toward_benign,0.08638216928799206,0.08638216928799206,true,correct high-confidence,0.913617830712008,not recorded,not recorded,,unknown,unreviewed,,pass,recorded hidden_test_predictions.csv
V7,2016242,not recorded,PPP1R12A,not recorded,not recorded,moved_toward_benign,moved_toward_benign,0.003769228847893471,0.003769228847893471,true,correct high-confidence,0.9962307711521066,not recorded,not recorded,,unknown,unreviewed,,pass,recorded hidden_test_predictions.csv
V7,1908050,not recorded,FCHO1,not recorded,not recorded,moved_toward_benign,moved_toward_benign,0.004222346803906763,0.004222346803906763,true,correct high-confidence,0.9957776531960932,not recorded,not recorded,,unknown,unreviewed,,pass,recorded hidden_test_predictions.csv
V7,1924829,not recorded,SNRNP200,not recorded,not recorded,moved_toward_benign,moved_toward_pathogenic,0.31383375154496645,0.31383375154496645,false,low-confidence,0.6861662484550335,not recorded,not recorded,,model over-predicted pathogenic,unreviewed,,pass,recorded hidden_test_predictions.csv
V7,1776913,not recorded,SDHA,not recorded,not recorded,moved_toward_benign,moved_toward_pathogenic,0.34449406758118695,0.34449406758118695,false,low-confidence,0.655505932418813,not recorded,not recorded,,model over-predicted pathogenic,unreviewed,,pass,recorded hidden_test_predictions.csv
V7,1378378,not recorded,TBX5,not recorded,not recorded,moved_toward_benign,moved_toward_benign,0.08846816076897372,0.08846816076897372,true,correct high-confidence,0.9115318392310263,not recorded,not recorded,,unknown,unreviewed,,pass,recorded hidden_test_predictions.csv
V7,2176871,not recorded,MTOR,not recorded,not recorded,moved_toward_benign,moved_toward_pathogenic,0.3844555055711162,0.3844555055711162,false,low-confidence,0.6155444944288838,not recorded,not recorded,,model over-predicted pathogenic,unreviewed,,pass,recorded hidden_test_predictions.csv
V7,2193549,not recorded,PACS1,not recorded,not recorded,moved_toward_benign,moved_toward_pathogenic,0.3115619900180327,0.3115619900180327,false,low-confidence,0.6884380099819674,not recorded,not recorded,,model over-predicted pathogenic,unreviewed,,pass,recorded hidden_test_predictions.csv
V7,1386665,not recorded,TTN,not recorded,not recorded,moved_toward_pathogenic,moved_toward_pathogenic,0.9557182716026495,0.9557182716026495,true,correct high-confidence,0.9557182716026495,not recorded,not recorded,,unknown,unreviewed,,pass,recorded hidden_test_predictions.csv
V7,1407268,not recorded,OTOG,not recorded,not recorded,moved_toward_benign,moved_toward_benign,0.11692038309912584,0.11692038309912584,true,correct high-confidence,0.8830796169008741,not recorded,not recorded,,unknown,unreviewed,,pass,recorded hidden_test_predictions.csv
V7,1713786,not recorded,SON,not recorded,not recorded,moved_toward_benign,moved_toward_benign,0.22029526050553136,0.22029526050553136,true,low-confidence,0.7797047394944686,not recorded,not recorded,,unknown,unreviewed,,pass,recorded hidden_test_predictions.csv
V7,1439297,not recorded,AHI1,not recorded,not recorded,moved_toward_benign,moved_toward_benign,0.0068913471995887,0.0068913471995887,true,correct high-confidence,0.9931086528004113,not recorded,not recorded,,unknown,unreviewed,,pass,recorded hidden_test_predictions.csv
V7,1721605,not recorded,TPM1,not recorded,not recorded,moved_toward_pathogenic,moved_toward_benign,0.2132544605962542,0.2132544605962542,false,low-confidence,0.7867455394037458,not recorded,not recorded,,model over-predicted benign,unreviewed,,pass,recorded hidden_test_predictions.csv
V7,1501667,not recorded,LDB3,not recorded,not recorded,moved_toward_pathogenic,moved_toward_pathogenic,0.9691504426416427,0.9691504426416427,true,correct high-confidence,0.9691504426416427,not recorded,not recorded,,unknown,unreviewed,,pass,recorded hidden_test_predictions.csv
V7,1486967,not recorded,RUNX1,not recorded,not recorded,moved_toward_benign,moved_toward_benign,0.007421686531211472,0.007421686531211472,true,correct high-confidence,0.9925783134687886,not recorded,not recorded,,unknown,unreviewed,,pass,recorded hidden_test_predictions.csv
V7,2076368,not recorded,DRC1,not recorded,not recorded,moved_toward_benign,moved_toward_benign,0.003495766183212086,0.003495766183212086,true,correct high-confidence,0.9965042338167879,not recorded,not recorded,,unknown,unreviewed,,pass,recorded hidden_test_predictions.csv
V7,1450682,not recorded,CTR9,not recorded,not recorded,moved_toward_benign,moved_toward_benign,0.1058189890316926,0.1058189890316926,true,correct high-confidence,0.8941810109683074,not recorded,not recorded,,unknown,unreviewed,,pass,recorded hidden_test_predictions.csv
V7,1377204,not recorded,RAI1,not recorded,not recorded,moved_toward_benign,moved_toward_pathogenic,0.3678398013925165,0.3678398013925165,false,low-confidence,0.6321601986074835,not recorded,not recorded,,model over-predicted pathogenic,unreviewed,,pass,recorded hidden_test_predictions.csv
V7,1524739,not recorded,CDH23,not recorded,not recorded,moved_toward_benign,moved_toward_benign,0.009443350218480829,0.009443350218480829,true,correct high-confidence,0.9905566497815191,not recorded,not recorded,,unknown,unreviewed,,pass,recorded hidden_test_predictions.csv
V7,2053029,not recorded,SCN3A,not recorded,not recorded,moved_toward_benign,moved_toward_benign,0.10062135471730758,0.10062135471730758,true,correct high-confidence,0.8993786452826924,not recorded,not recorded,,unknown,unreviewed,,pass,recorded hidden_test_predictions.csv
V7,1507549,not recorded,ROM1,not recorded,not recorded,moved_toward_benign,moved_toward_benign,0.009443350218480829,0.009443350218480829,true,correct high-confidence,0.9905566497815191,not recorded,not recorded,,unknown,unreviewed,,pass,recorded hidden_test_predictions.csv
V7,2173962,not recorded,NFAT5,not recorded,not recorded,moved_toward_benign,moved_toward_benign,0.017005332593008418,0.017005332593008418,true,correct high-confidence,0.9829946674069916,not recorded,not recorded,,unknown,unreviewed,,pass,recorded hidden_test_predictions.csv
V7,1393917,not recorded,COL5A1,not recorded,not recorded,moved_toward_benign,moved_toward_pathogenic,0.3217166179271983,0.3217166179271983,false,low-confidence,0.6782833820728017,not recorded,not recorded,,model over-predicted pathogenic,unreviewed,,pass,recorded hidden_test_predictions.csv
V7,2418786,not recorded,NPC1,not recorded,not recorded,moved_toward_benign,moved_toward_benign,0.0738874206553234,0.0738874206553234,true,correct high-confidence,0.9261125793446766,not recorded,not recorded,,unknown,unreviewed,,pass,recorded hidden_test_predictions.csv
V7,1412784,not recorded,TPM3,not recorded,not recorded,moved_toward_pathogenic,moved_toward_pathogenic,0.6230175339512716,0.6230175339512716,true,low-confidence,0.6230175339512716,not recorded,not recorded,,unknown,unreviewed,,pass,recorded hidden_test_predictions.csv
V7,1710149,not recorded,ZMYM3,not recorded,not recorded,moved_toward_pathogenic,moved_toward_benign,0.18760801934618074,0.18760801934618074,false,wrong high-confidence,0.8123919806538192,not recorded,not recorded,,model over-predicted benign,unreviewed,,pass,recorded hidden_test_predictions.csv
V7,1769475,not recorded,POT1,not recorded,not recorded,moved_toward_benign,moved_toward_pathogenic,0.34908109336650994,0.34908109336650994,false,low-confidence,0.6509189066334901,not recorded,not recorded,,model over-predicted pathogenic,unreviewed,,pass,recorded hidden_test_predictions.csv
V7,1487122,not recorded,CACNA1E,not recorded,not recorded,moved_toward_benign,moved_toward_pathogenic,0.4442978228659409,0.4442978228659409,false,low-confidence,0.5557021771340591,not recorded,not recorded,,model over-predicted pathogenic,unreviewed,,pass,recorded hidden_test_predictions.csv
V7,1977377,not recorded,PRKDC,not recorded,not recorded,moved_toward_benign,moved_toward_benign,0.0038549423389642487,0.0038549423389642487,true,correct high-confidence,0.9961450576610358,not recorded,not recorded,,unknown,unreviewed,,pass,recorded hidden_test_predictions.csv
V7,2182958,not recorded,NEB,not recorded,not recorded,moved_toward_benign,moved_toward_benign,0.07075931400820337,0.07075931400820337,true,correct high-confidence,0.9292406859917967,not recorded,not recorded,,unknown,unreviewed,,pass,recorded hidden_test_predictions.csv
V7,2539510,not recorded,HERC1,not recorded,not recorded,moved_toward_benign,moved_toward_pathogenic,0.4833809111570796,0.4833809111570796,false,low-confidence,0.5166190888429204,not recorded,not recorded,,model over-predicted pathogenic,unreviewed,,pass,recorded hidden_test_predictions.csv
V7,2429159,not recorded,ATM,not recorded,not recorded,moved_toward_benign,moved_toward_benign,0.13323695037824695,0.13323695037824695,true,correct high-confidence,0.8667630496217531,not recorded,not recorded,,unknown,unreviewed,,pass,recorded hidden_test_predictions.csv
V7,1362783,not recorded,PIEZO2,not recorded,not recorded,moved_toward_benign,moved_toward_benign,0.011273738157448702,0.011273738157448702,true,correct high-confidence,0.9887262618425513,not recorded,not recorded,,unknown,unreviewed,,pass,recorded hidden_test_predictions.csv
V7,1904682,not recorded,LRP2,not recorded,not recorded,moved_toward_benign,moved_toward_benign,0.08353749337592022,0.08353749337592022,true,correct high-confidence,0.9164625066240798,not recorded,not recorded,,unknown,unreviewed,,pass,recorded hidden_test_predictions.csv
V7,2634155,not recorded,PLXNA1,not recorded,not recorded,moved_toward_benign,moved_toward_pathogenic,0.4833809111570796,0.4833809111570796,false,low-confidence,0.5166190888429204,not recorded,not recorded,,model over-predicted pathogenic,unreviewed,,pass,recorded hidden_test_predictions.csv
V7,2147385,not recorded,NOTCH3,not recorded,not recorded,moved_toward_benign,moved_toward_benign,0.22029526050553136,0.22029526050553136,true,low-confidence,0.7797047394944686,not recorded,not recorded,,unknown,unreviewed,,pass,recorded hidden_test_predictions.csv
V7,1374531,not recorded,TRPM1,not recorded,not recorded,moved_toward_benign,moved_toward_benign,0.010553374600922375,0.010553374600922375,true,correct high-confidence,0.9894466253990776,not recorded,not recorded,,unknown,unreviewed,,pass,recorded hidden_test_predictions.csv
V7,2037350,not recorded,KAT6B,not recorded,not recorded,moved_toward_benign,moved_toward_benign,0.23018714521261868,0.23018714521261868,true,low-confidence,0.7698128547873813,not recorded,not recorded,,unknown,unreviewed,,pass,recorded hidden_test_predictions.csv
V7,2089431,not recorded,SBF1,not recorded,not recorded,moved_toward_benign,moved_toward_benign,0.10062135471730758,0.10062135471730758,true,correct high-confidence,0.8993786452826924,not recorded,not recorded,,unknown,unreviewed,,pass,recorded hidden_test_predictions.csv
V7,2573582,not recorded,LDLRAP1,not recorded,not recorded,moved_toward_benign,moved_toward_benign,0.2075929134805612,0.2075929134805612,true,low-confidence,0.7924070865194388,not recorded,not recorded,,unknown,unreviewed,,pass,recorded hidden_test_predictions.csv
V7,1358321,not recorded,UNC80,not recorded,not recorded,moved_toward_benign,moved_toward_benign,0.009443350218480829,0.009443350218480829,true,correct high-confidence,0.9905566497815191,not recorded,not recorded,,unknown,unreviewed,,pass,recorded hidden_test_predictions.csv
V7,1519048,not recorded,SMARCD2,not recorded,not recorded,moved_toward_benign,moved_toward_benign,0.11692038309912584,0.11692038309912584,true,correct high-confidence,0.8830796169008741,not recorded,not recorded,,unknown,unreviewed,,pass,recorded hidden_test_predictions.csv
V7,2114511,not recorded,PCLO,not recorded,not recorded,moved_toward_benign,moved_toward_benign,0.018306340417518028,0.018306340417518028,true,correct high-confidence,0.981693659582482,not recorded,not recorded,,unknown,unreviewed,,pass,recorded hidden_test_predictions.csv
V7,2165942,not recorded,MTO1,not recorded,not recorded,moved_toward_benign,moved_toward_benign,0.06480521240405537,0.06480521240405537,true,correct high-confidence,0.9351947875959447,not recorded,not recorded,,unknown,unreviewed,,pass,recorded hidden_test_predictions.csv
V7,1486187,not recorded,ERCC3,not recorded,not recorded,moved_toward_benign,moved_toward_benign,0.10135667041595701,0.10135667041595701,true,correct high-confidence,0.898643329584043,not recorded,not recorded,,unknown,unreviewed,,pass,recorded hidden_test_predictions.csv
V7,1372206,not recorded,ADGRV1,not recorded,not recorded,moved_toward_benign,moved_toward_pathogenic,0.39844500476543826,0.39844500476543826,false,low-confidence,0.6015549952345618,not recorded,not recorded,,model over-predicted pathogenic,unreviewed,,pass,recorded hidden_test_predictions.csv
V7,2161303,not recorded,CACNA1E,not recorded,not recorded,moved_toward_benign,moved_toward_benign,0.11345999625094376,0.11345999625094376,true,correct high-confidence,0.8865400037490563,not recorded,not recorded,,unknown,unreviewed,,pass,recorded hidden_test_predictions.csv
V7,1397357,not recorded,CARS2,not recorded,not recorded,moved_toward_benign,moved_toward_benign,0.007421686531211472,0.007421686531211472,true,correct high-confidence,0.9925783134687886,not recorded,not recorded,,unknown,unreviewed,,pass,recorded hidden_test_predictions.csv
V7,1419035,not recorded,CLCN7,not recorded,not recorded,moved_toward_benign,moved_toward_pathogenic,0.3844555055711162,0.3844555055711162,false,low-confidence,0.6155444944288838,not recorded,not recorded,,model over-predicted pathogenic,unreviewed,,pass,recorded hidden_test_predictions.csv
V7,2421715,not recorded,NR2E3,not recorded,not recorded,moved_toward_benign,moved_toward_benign,0.004021627514129141,0.004021627514129141,true,correct high-confidence,0.9959783724858708,not recorded,not recorded,,unknown,unreviewed,,pass,recorded hidden_test_predictions.csv
V7,2022196,not recorded,ALPK1,not recorded,not recorded,moved_toward_benign,moved_toward_benign,0.06648408312570443,0.06648408312570443,true,correct high-confidence,0.9335159168742956,not recorded,not recorded,,unknown,unreviewed,,pass,recorded hidden_test_predictions.csv
V7,1343384,not recorded,SEPHS1,not recorded,not recorded,moved_toward_pathogenic,moved_toward_pathogenic,0.31383375154496645,0.31383375154496645,true,low-confidence,0.6861662484550335,not recorded,not recorded,,unknown,unreviewed,,pass,recorded hidden_test_predictions.csv
V7,2156060,not recorded,NEB,not recorded,not recorded,moved_toward_benign,moved_toward_benign,0.07198124403156887,0.07198124403156887,true,correct high-confidence,0.9280187559684311,not recorded,not recorded,,unknown,unreviewed,,pass,recorded hidden_test_predictions.csv
V7,1466565,not recorded,COL1A1,not recorded,not recorded,moved_toward_benign,moved_toward_benign,0.08638216928799206,0.08638216928799206,true,correct high-confidence,0.913617830712008,not recorded,not recorded,,unknown,unreviewed,,pass,recorded hidden_test_predictions.csv
V7,2124440,not recorded,WRN,not recorded,not recorded,moved_toward_benign,moved_toward_benign,0.05728767455256806,0.05728767455256806,true,correct high-confidence,0.9427123254474319,not recorded,not recorded,,unknown,unreviewed,,pass,recorded hidden_test_predictions.csv
V7,1506256,not recorded,ABCA4,not recorded,not recorded,moved_toward_pathogenic,moved_toward_pathogenic,0.4442978228659409,0.4442978228659409,true,low-confidence,0.5557021771340591,not recorded,not recorded,,unknown,unreviewed,,pass,recorded hidden_test_predictions.csv
V7,1437552,not recorded,PHGDH,not recorded,not recorded,moved_toward_benign,moved_toward_benign,0.08230632895422622,0.08230632895422622,true,correct high-confidence,0.9176936710457738,not recorded,not recorded,,unknown,unreviewed,,pass,recorded hidden_test_predictions.csv
V7,2441525,not recorded,FLT4,not recorded,not recorded,moved_toward_pathogenic,moved_toward_pathogenic,0.31383375154496645,0.31383375154496645,true,low-confidence,0.6861662484550335,not recorded,not recorded,,unknown,unreviewed,,pass,recorded hidden_test_predictions.csv
V7,1472570,not recorded,TOR1AIP1,not recorded,not recorded,moved_toward_benign,moved_toward_benign,0.0068913471995887,0.0068913471995887,true,correct high-confidence,0.9931086528004113,not recorded,not recorded,,unknown,unreviewed,,pass,recorded hidden_test_predictions.csv
V7,1439226,not recorded,ZBTB20,not recorded,not recorded,moved_toward_benign,moved_toward_benign,0.19730205775218992,0.19730205775218992,true,correct high-confidence,0.8026979422478101,not recorded,not recorded,,unknown,unreviewed,,pass,recorded hidden_test_predictions.csv
V7,1505337,not recorded,TRIOBP,not recorded,not recorded,moved_toward_benign,moved_toward_benign,0.11829649156874039,0.11829649156874039,true,correct high-confidence,0.8817035084312597,not recorded,not recorded,,unknown,unreviewed,,pass,recorded hidden_test_predictions.csv
V7,2428411,not recorded,TCF20,not recorded,not recorded,moved_toward_benign,moved_toward_benign,0.22029526050553136,0.22029526050553136,true,low-confidence,0.7797047394944686,not recorded,not recorded,,unknown,unreviewed,,pass,recorded hidden_test_predictions.csv
V7,2201587,not recorded,NOTCH3,not recorded,not recorded,moved_toward_pathogenic,moved_toward_pathogenic,0.964997891950658,0.964997891950658,true,correct high-confidence,0.964997891950658,not recorded,not recorded,,unknown,unreviewed,,pass,recorded hidden_test_predictions.csv
V7,2057023,not recorded,TBX20,not recorded,not recorded,moved_toward_pathogenic,moved_toward_pathogenic,0.9643707634043326,0.9643707634043326,true,correct high-confidence,0.9643707634043326,not recorded,not recorded,,unknown,unreviewed,,pass,recorded hidden_test_predictions.csv
V7,2003882,not recorded,PRKDC,not recorded,not recorded,moved_toward_benign,moved_toward_benign,0.0039024942907751495,0.0039024942907751495,true,correct high-confidence,0.9960975057092248,not recorded,not recorded,,unknown,unreviewed,,pass,recorded hidden_test_predictions.csv
V7,1984920,not recorded,SLC1A2,not recorded,not recorded,moved_toward_benign,moved_toward_pathogenic,0.3844555055711162,0.3844555055711162,false,low-confidence,0.6155444944288838,not recorded,not recorded,,model over-predicted pathogenic,unreviewed,,pass,recorded hidden_test_predictions.csv
V7,1432739,not recorded,ZSWIM6,not recorded,not recorded,moved_toward_benign,moved_toward_pathogenic,0.31383375154496645,0.31383375154496645,false,low-confidence,0.6861662484550335,not recorded,not recorded,,model over-predicted pathogenic,unreviewed,,pass,recorded hidden_test_predictions.csv
V7,1479345,not recorded,ADAMTS2,not recorded,not recorded,moved_toward_benign,moved_toward_benign,0.007421686531211472,0.007421686531211472,true,correct high-confidence,0.9925783134687886,not recorded,not recorded,,unknown,unreviewed,,pass,recorded hidden_test_predictions.csv
V7,2068481,not recorded,MTHFR,not recorded,not recorded,moved_toward_benign,moved_toward_benign,0.1621003428382758,0.1621003428382758,true,correct high-confidence,0.8378996571617242,not recorded,not recorded,,unknown,unreviewed,,pass,recorded hidden_test_predictions.csv
V7,1494468,not recorded,SGCA,not recorded,not recorded,moved_toward_pathogenic,moved_toward_pathogenic,0.3424203378326788,0.3424203378326788,true,low-confidence,0.6575796621673212,not recorded,not recorded,,unknown,unreviewed,,pass,recorded hidden_test_predictions.csv
V7,1745085,not recorded,PMS2,not recorded,not recorded,moved_toward_pathogenic,moved_toward_pathogenic,0.34449406758118695,0.34449406758118695,true,low-confidence,0.655505932418813,not recorded,not recorded,,unknown,unreviewed,,pass,recorded hidden_test_predictions.csv
V7,1496790,not recorded,RAI1,not recorded,not recorded,moved_toward_benign,moved_toward_pathogenic,0.3844555055711162,0.3844555055711162,false,low-confidence,0.6155444944288838,not recorded,not recorded,,model over-predicted pathogenic,unreviewed,,pass,recorded hidden_test_predictions.csv
V7,1941570,not recorded,BEST1,not recorded,not recorded,moved_toward_pathogenic,moved_toward_benign,0.06648408312570443,0.06648408312570443,false,wrong high-confidence,0.9335159168742956,not recorded,not recorded,,model over-predicted benign,unreviewed,,pass,recorded hidden_test_predictions.csv
V7,1972051,not recorded,BPTF,not recorded,not recorded,moved_toward_benign,moved_toward_benign,0.22029526050553136,0.22029526050553136,true,low-confidence,0.7797047394944686,not recorded,not recorded,,unknown,unreviewed,,pass,recorded hidden_test_predictions.csv
V7,2420721,not recorded,CYFIP2,not recorded,not recorded,moved_toward_benign,moved_toward_benign,0.06729528524566912,0.06729528524566912,true,correct high-confidence,0.9327047147543309,not recorded,not recorded,,unknown,unreviewed,,pass,recorded hidden_test_predictions.csv
V7,1484723,not recorded,TRPM4,not recorded,not recorded,moved_toward_benign,moved_toward_benign,0.08230632895422622,0.08230632895422622,true,correct high-confidence,0.9176936710457738,not recorded,not recorded,,unknown,unreviewed,,pass,recorded hidden_test_predictions.csv
V7,1434042,not recorded,SLC52A2,not recorded,not recorded,moved_toward_benign,moved_toward_benign,0.08230632895422622,0.08230632895422622,true,correct high-confidence,0.9176936710457738,not recorded,not recorded,,unknown,unreviewed,,pass,recorded hidden_test_predictions.csv
V7,2126973,not recorded,ZMYND11,not recorded,not recorded,moved_toward_benign,moved_toward_pathogenic,0.3678398013925165,0.3678398013925165,false,low-confidence,0.6321601986074835,not recorded,not recorded,,model over-predicted pathogenic,unreviewed,,pass,recorded hidden_test_predictions.csv
V7,1518335,not recorded,ALMS1,not recorded,not recorded,moved_toward_benign,moved_toward_benign,0.07874820402632407,0.07874820402632407,true,correct high-confidence,0.9212517959736759,not recorded,not recorded,,unknown,unreviewed,,pass,recorded hidden_test_predictions.csv
V7,1487440,not recorded,PALB2,not recorded,not recorded,moved_toward_benign,moved_toward_benign,0.00847833138855774,0.00847833138855774,true,correct high-confidence,0.9915216686114423,not recorded,not recorded,,unknown,unreviewed,,pass,recorded hidden_test_predictions.csv
V7,2005237,not recorded,TTN,not recorded,not recorded,moved_toward_pathogenic,moved_toward_pathogenic,0.9569222503126095,0.9569222503126095,true,correct high-confidence,0.9569222503126095,not recorded,not recorded,,unknown,unreviewed,,pass,recorded hidden_test_predictions.csv
V7,2092800,not recorded,CRX,not recorded,not recorded,moved_toward_pathogenic,moved_toward_pathogenic,0.9572723795621789,0.9572723795621789,true,correct high-confidence,0.9572723795621789,not recorded,not recorded,,unknown,unreviewed,,pass,recorded hidden_test_predictions.csv
V7,1401966,not recorded,ANO3,not recorded,not recorded,moved_toward_benign,moved_toward_benign,0.008528693801585625,0.008528693801585625,true,correct high-confidence,0.9914713061984144,not recorded,not recorded,,unknown,unreviewed,,pass,recorded hidden_test_predictions.csv
V7,1795355,not recorded,TSC2,not recorded,not recorded,moved_toward_pathogenic,moved_toward_pathogenic,0.3450485821538383,0.3450485821538383,true,low-confidence,0.6549514178461617,not recorded,not recorded,,unknown,unreviewed,,pass,recorded hidden_test_predictions.csv
V7,1400989,not recorded,DNAH1,not recorded,not recorded,moved_toward_benign,moved_toward_benign,0.08230632895422622,0.08230632895422622,true,correct high-confidence,0.9176936710457738,not recorded,not recorded,,unknown,unreviewed,,pass,recorded hidden_test_predictions.csv
V7,2107473,not recorded,MOCS1,not recorded,not recorded,moved_toward_benign,moved_toward_benign,0.0038549423389642487,0.0038549423389642487,true,correct high-confidence,0.9961450576610358,not recorded,not recorded,,unknown,unreviewed,,pass,recorded hidden_test_predictions.csv
V7,1987664,not recorded,SON,not recorded,not recorded,moved_toward_benign,moved_toward_benign,0.21331152713226584,0.21331152713226584,true,low-confidence,0.7866884728677341,not recorded,not recorded,,unknown,unreviewed,,pass,recorded hidden_test_predictions.csv
V7,1483065,not recorded,WDR1,not recorded,not recorded,moved_toward_benign,moved_toward_benign,0.009443350218480829,0.009443350218480829,true,correct high-confidence,0.9905566497815191,not recorded,not recorded,,unknown,unreviewed,,pass,recorded hidden_test_predictions.csv
V7,1449534,not recorded,SCN1B,not recorded,not recorded,moved_toward_pathogenic,moved_toward_pathogenic,0.9635728212799093,0.9635728212799093,true,correct high-confidence,0.9635728212799093,not recorded,not recorded,,unknown,unreviewed,,pass,recorded hidden_test_predictions.csv
V7,2079484,not recorded,KIAA0586,not recorded,not recorded,moved_toward_benign,moved_toward_benign,0.07816264066690273,0.07816264066690273,true,correct high-confidence,0.9218373593330973,not recorded,not recorded,,unknown,unreviewed,,pass,recorded hidden_test_predictions.csv
V7,1381617,not recorded,BICD2,not recorded,not recorded,moved_toward_benign,moved_toward_pathogenic,0.3311123258420362,0.3311123258420362,false,low-confidence,0.6688876741579638,not recorded,not recorded,,model over-predicted pathogenic,unreviewed,,pass,recorded hidden_test_predictions.csv
V7,1346292,not recorded,TMEM67,not recorded,not recorded,moved_toward_benign,moved_toward_benign,0.07816264066690273,0.07816264066690273,true,correct high-confidence,0.9218373593330973,not recorded,not recorded,,unknown,unreviewed,,pass,recorded hidden_test_predictions.csv
V7,1428439,not recorded,KCNK4,not recorded,not recorded,moved_toward_benign,moved_toward_benign,0.14216636729706705,0.14216636729706705,true,correct high-confidence,0.857833632702933,not recorded,not recorded,,unknown,unreviewed,,pass,recorded hidden_test_predictions.csv
V7,1372758,not recorded,ADAR,not recorded,not recorded,moved_toward_benign,moved_toward_benign,0.07874820402632407,0.07874820402632407,true,correct high-confidence,0.9212517959736759,not recorded,not recorded,,unknown,unreviewed,,pass,recorded hidden_test_predictions.csv
V7,1495743,not recorded,POLA1,not recorded,not recorded,moved_toward_benign,moved_toward_pathogenic,0.39844500476543826,0.39844500476543826,false,low-confidence,0.6015549952345618,not recorded,not recorded,,model over-predicted pathogenic,unreviewed,,pass,recorded hidden_test_predictions.csv
V7,1926018,not recorded,SCN1A,not recorded,not recorded,moved_toward_pathogenic,moved_toward_pathogenic,0.319104986627024,0.319104986627024,true,low-confidence,0.680895013372976,not recorded,not recorded,,unknown,unreviewed,,pass,recorded hidden_test_predictions.csv
V7,1347033,not recorded,COL2A1,not recorded,not recorded,moved_toward_benign,moved_toward_pathogenic,0.4442978228659409,0.4442978228659409,false,low-confidence,0.5557021771340591,not recorded,not recorded,,model over-predicted pathogenic,unreviewed,,pass,recorded hidden_test_predictions.csv
V7,2147749,not recorded,CACNA1B,not recorded,not recorded,moved_toward_benign,moved_toward_benign,0.004222346803906763,0.004222346803906763,true,correct high-confidence,0.9957776531960932,not recorded,not recorded,,unknown,unreviewed,,pass,recorded hidden_test_predictions.csv
V7,1462538,not recorded,LTBP2,not recorded,not recorded,moved_toward_benign,moved_toward_benign,0.11829649156874039,0.11829649156874039,true,correct high-confidence,0.8817035084312597,not recorded,not recorded,,unknown,unreviewed,,pass,recorded hidden_test_predictions.csv
V7,1965978,not recorded,GARS1,not recorded,not recorded,moved_toward_benign,moved_toward_benign,0.003831475403637806,0.003831475403637806,true,correct high-confidence,0.9961685245963622,not recorded,not recorded,,unknown,unreviewed,,pass,recorded hidden_test_predictions.csv
V7,1466398,not recorded,MYBPC3,not recorded,not recorded,moved_toward_benign,moved_toward_benign,0.008528693801585625,0.008528693801585625,true,correct high-confidence,0.9914713061984144,not recorded,not recorded,,unknown,unreviewed,,pass,recorded hidden_test_predictions.csv
V7,2120044,not recorded,ENG,not recorded,not recorded,moved_toward_pathogenic,moved_toward_pathogenic,0.319104986627024,0.319104986627024,true,low-confidence,0.680895013372976,not recorded,not recorded,,unknown,unreviewed,,pass,recorded hidden_test_predictions.csv
V7,1446878,not recorded,PRKDC,not recorded,not recorded,moved_toward_benign,moved_toward_benign,0.07377667666265943,0.07377667666265943,true,correct high-confidence,0.9262233233373406,not recorded,not recorded,,unknown,unreviewed,,pass,recorded hidden_test_predictions.csv
V7,1918015,not recorded,LTBP4,not recorded,not recorded,moved_toward_benign,moved_toward_benign,0.06492973913197732,0.06492973913197732,true,correct high-confidence,0.9350702608680227,not recorded,not recorded,,unknown,unreviewed,,pass,recorded hidden_test_predictions.csv
V7,2036681,not recorded,PHEX,not recorded,not recorded,moved_toward_pathogenic,moved_toward_benign,0.022330121530087517,0.022330121530087517,false,wrong high-confidence,0.9776698784699125,not recorded,not recorded,,model over-predicted benign,unreviewed,,pass,recorded hidden_test_predictions.csv
V7,1476203,not recorded,TTN,not recorded,not recorded,moved_toward_pathogenic,moved_toward_pathogenic,0.9551944722311404,0.9551944722311404,true,correct high-confidence,0.9551944722311404,not recorded,not recorded,,unknown,unreviewed,,pass,recorded hidden_test_predictions.csv
V7,1471751,not recorded,COL1A1,not recorded,not recorded,moved_toward_benign,moved_toward_benign,0.0068913471995887,0.0068913471995887,true,correct high-confidence,0.9931086528004113,not recorded,not recorded,,unknown,unreviewed,,pass,recorded hidden_test_predictions.csv
V7,1401188,not recorded,SKI,not recorded,not recorded,moved_toward_benign,moved_toward_pathogenic,0.3424203378326788,0.3424203378326788,false,low-confidence,0.6575796621673212,not recorded,not recorded,,model over-predicted pathogenic,unreviewed,,pass,recorded hidden_test_predictions.csv
V7,1401606,not recorded,MICAL1,not recorded,not recorded,moved_toward_benign,moved_toward_benign,0.09649923818604884,0.09649923818604884,true,correct high-confidence,0.9035007618139511,not recorded,not recorded,,unknown,unreviewed,,pass,recorded hidden_test_predictions.csv
V7,2156139,not recorded,WNT10A,not recorded,not recorded,moved_toward_pathogenic,moved_toward_benign,0.19960060539017066,0.19960060539017066,false,wrong high-confidence,0.8003993946098293,not recorded,not recorded,,model over-predicted benign,unreviewed,,pass,recorded hidden_test_predictions.csv
V7,1393491,not recorded,DNAH1,not recorded,not recorded,moved_toward_benign,moved_toward_benign,0.08230632895422622,0.08230632895422622,true,correct high-confidence,0.9176936710457738,not recorded,not recorded,,unknown,unreviewed,,pass,recorded hidden_test_predictions.csv
V7,2008185,not recorded,ZDHHC9,not recorded,not recorded,moved_toward_benign,moved_toward_benign,0.007421686531211472,0.007421686531211472,true,correct high-confidence,0.9925783134687886,not recorded,not recorded,,unknown,unreviewed,,pass,recorded hidden_test_predictions.csv
V7,1357969,not recorded,HSPG2,not recorded,not recorded,moved_toward_benign,moved_toward_benign,0.009443350218480829,0.009443350218480829,true,correct high-confidence,0.9905566497815191,not recorded,not recorded,,unknown,unreviewed,,pass,recorded hidden_test_predictions.csv
V7,1984298,not recorded,NEFL,not recorded,not recorded,moved_toward_benign,moved_toward_benign,0.0030765659769483693,0.0030765659769483693,true,correct high-confidence,0.9969234340230516,not recorded,not recorded,,unknown,unreviewed,,pass,recorded hidden_test_predictions.csv
V7,2030739,not recorded,PRKAG2,not recorded,not recorded,moved_toward_pathogenic,moved_toward_benign,0.24191741012343843,0.24191741012343843,false,low-confidence,0.7580825898765615,not recorded,not recorded,,model over-predicted benign,unreviewed,,pass,recorded hidden_test_predictions.csv
V7,2139563,not recorded,RAI1,not recorded,not recorded,moved_toward_benign,moved_toward_pathogenic,0.31383375154496645,0.31383375154496645,false,low-confidence,0.6861662484550335,not recorded,not recorded,,model over-predicted pathogenic,unreviewed,,pass,recorded hidden_test_predictions.csv
V7,2203403,not recorded,SLC22A5,not recorded,not recorded,moved_toward_benign,moved_toward_benign,0.015849397473589898,0.015849397473589898,true,correct high-confidence,0.9841506025264101,not recorded,not recorded,,unknown,unreviewed,,pass,recorded hidden_test_predictions.csv
V7,2123281,not recorded,DOCK7,not recorded,not recorded,moved_toward_benign,moved_toward_benign,0.003831475403637806,0.003831475403637806,true,correct high-confidence,0.9961685245963622,not recorded,not recorded,,unknown,unreviewed,,pass,recorded hidden_test_predictions.csv
V7,1409024,not recorded,HNRNPU,not recorded,not recorded,moved_toward_benign,moved_toward_benign,0.07198124403156887,0.07198124403156887,true,correct high-confidence,0.9280187559684311,not recorded,not recorded,,unknown,unreviewed,,pass,recorded hidden_test_predictions.csv
V7,1412648,not recorded,ABL1,not recorded,not recorded,moved_toward_benign,moved_toward_pathogenic,0.39844500476543826,0.39844500476543826,false,low-confidence,0.6015549952345618,not recorded,not recorded,,model over-predicted pathogenic,unreviewed,,pass,recorded hidden_test_predictions.csv
V7,1499250,not recorded,TSC2,not recorded,not recorded,moved_toward_benign,moved_toward_pathogenic,0.34449406758118695,0.34449406758118695,false,low-confidence,0.655505932418813,not recorded,not recorded,,model over-predicted pathogenic,unreviewed,,pass,recorded hidden_test_predictions.csv
V7,1484342,not recorded,PDGFRA,not recorded,not recorded,moved_toward_benign,moved_toward_benign,0.008528693801585625,0.008528693801585625,true,correct high-confidence,0.9914713061984144,not recorded,not recorded,,unknown,unreviewed,,pass,recorded hidden_test_predictions.csv
V7,2115383,not recorded,PHEX,not recorded,not recorded,moved_toward_pathogenic,moved_toward_benign,0.06648408312570443,0.06648408312570443,false,wrong high-confidence,0.9335159168742956,not recorded,not recorded,,model over-predicted benign,unreviewed,,pass,recorded hidden_test_predictions.csv
V7,1439417,not recorded,ADGRV1,not recorded,not recorded,moved_toward_benign,moved_toward_pathogenic,0.3844555055711162,0.3844555055711162,false,low-confidence,0.6155444944288838,not recorded,not recorded,,model over-predicted pathogenic,unreviewed,,pass,recorded hidden_test_predictions.csv
V7,1993163,not recorded,COL18A1,not recorded,not recorded,moved_toward_benign,moved_toward_benign,0.005088109102223237,0.005088109102223237,true,correct high-confidence,0.9949118908977768,not recorded,not recorded,,unknown,unreviewed,,pass,recorded hidden_test_predictions.csv
V7,1391671,not recorded,RGS9,not recorded,not recorded,moved_toward_benign,moved_toward_benign,0.009443350218480829,0.009443350218480829,true,correct high-confidence,0.9905566497815191,not recorded,not recorded,,unknown,unreviewed,,pass,recorded hidden_test_predictions.csv
V7,1358022,not recorded,MFN2,not recorded,not recorded,moved_toward_benign,moved_toward_benign,0.08230632895422622,0.08230632895422622,true,correct high-confidence,0.9176936710457738,not recorded,not recorded,,unknown,unreviewed,,pass,recorded hidden_test_predictions.csv
V7,1444763,not recorded,TMEM106B,not recorded,not recorded,moved_toward_benign,moved_toward_pathogenic,0.6626279397525584,0.6626279397525584,false,low-confidence,0.6626279397525584,not recorded,not recorded,,model over-predicted pathogenic,unreviewed,,pass,recorded hidden_test_predictions.csv
V7,1525556,not recorded,CHRNA4,not recorded,not recorded,moved_toward_benign,moved_toward_benign,0.008528693801585625,0.008528693801585625,true,correct high-confidence,0.9914713061984144,not recorded,not recorded,,unknown,unreviewed,,pass,recorded hidden_test_predictions.csv
V7,1424519,not recorded,PACS2,not recorded,not recorded,moved_toward_benign,moved_toward_benign,0.08216722174561292,0.08216722174561292,true,correct high-confidence,0.9178327782543871,not recorded,not recorded,,unknown,unreviewed,,pass,recorded hidden_test_predictions.csv
V7,2201981,not recorded,DMD,not recorded,not recorded,moved_toward_benign,moved_toward_benign,0.07075931400820337,0.07075931400820337,true,correct high-confidence,0.9292406859917967,not recorded,not recorded,,unknown,unreviewed,,pass,recorded hidden_test_predictions.csv
V7,1394454,not recorded,SLC52A2,not recorded,not recorded,moved_toward_benign,moved_toward_benign,0.008528693801585625,0.008528693801585625,true,correct high-confidence,0.9914713061984144,not recorded,not recorded,,unknown,unreviewed,,pass,recorded hidden_test_predictions.csv
V7,2120575,not recorded,NEUROG3,not recorded,not recorded,moved_toward_pathogenic,moved_toward_pathogenic,0.962311412748623,0.962311412748623,true,correct high-confidence,0.962311412748623,not recorded,not recorded,,unknown,unreviewed,,pass,recorded hidden_test_predictions.csv
V7,2024074,not recorded,PRKDC,not recorded,not recorded,moved_toward_benign,moved_toward_benign,0.07377667666265943,0.07377667666265943,true,correct high-confidence,0.9262233233373406,not recorded,not recorded,,unknown,unreviewed,,pass,recorded hidden_test_predictions.csv
V7,1444547,not recorded,RINT1,not recorded,not recorded,moved_toward_benign,moved_toward_benign,0.1058189890316926,0.1058189890316926,true,correct high-confidence,0.8941810109683074,not recorded,not recorded,,unknown,unreviewed,,pass,recorded hidden_test_predictions.csv
V7,1385185,not recorded,KCNH1,not recorded,not recorded,moved_toward_benign,moved_toward_pathogenic,0.37629227949046273,0.37629227949046273,false,low-confidence,0.6237077205095373,not recorded,not recorded,,model over-predicted pathogenic,unreviewed,,pass,recorded hidden_test_predictions.csv
V7,1397381,not recorded,FASN,not recorded,not recorded,moved_toward_benign,moved_toward_benign,0.00847833138855774,0.00847833138855774,true,correct high-confidence,0.9915216686114423,not recorded,not recorded,,unknown,unreviewed,,pass,recorded hidden_test_predictions.csv
V7,1463872,not recorded,ANOS1,not recorded,not recorded,moved_toward_benign,moved_toward_pathogenic,0.32932102317676415,0.32932102317676415,false,low-confidence,0.6706789768232359,not recorded,not recorded,,model over-predicted pathogenic,unreviewed,,pass,recorded hidden_test_predictions.csv
V7,1483189,not recorded,BEST1,not recorded,not recorded,moved_toward_pathogenic,moved_toward_pathogenic,0.3844555055711162,0.3844555055711162,true,low-confidence,0.6155444944288838,not recorded,not recorded,,unknown,unreviewed,,pass,recorded hidden_test_predictions.csv
V7,1403910,not recorded,TTN,not recorded,not recorded,moved_toward_pathogenic,moved_toward_pathogenic,0.9551151196251263,0.9551151196251263,true,correct high-confidence,0.9551151196251263,not recorded,not recorded,,unknown,unreviewed,,pass,recorded hidden_test_predictions.csv
V7,1928133,not recorded,CACNA1E,not recorded,not recorded,moved_toward_benign,moved_toward_pathogenic,0.3678398013925165,0.3678398013925165,false,low-confidence,0.6321601986074835,not recorded,not recorded,,model over-predicted pathogenic,unreviewed,,pass,recorded hidden_test_predictions.csv
V7,2053355,not recorded,FNIP1,not recorded,not recorded,moved_toward_benign,moved_toward_benign,0.004222346803906763,0.004222346803906763,true,correct high-confidence,0.9957776531960932,not recorded,not recorded,,unknown,unreviewed,,pass,recorded hidden_test_predictions.csv
V7,2125179,not recorded,FAM111A,not recorded,not recorded,moved_toward_benign,moved_toward_benign,0.10508126214295055,0.10508126214295055,true,correct high-confidence,0.8949187378570495,not recorded,not recorded,,unknown,unreviewed,,pass,recorded hidden_test_predictions.csv
V7,2445915,not recorded,PRKCG,not recorded,not recorded,moved_toward_benign,moved_toward_benign,0.13323695037824695,0.13323695037824695,true,correct high-confidence,0.8667630496217531,not recorded,not recorded,,unknown,unreviewed,,pass,recorded hidden_test_predictions.csv
V7,1682140,not recorded,AARS1,not recorded,not recorded,moved_toward_benign,moved_toward_benign,0.2132544605962542,0.2132544605962542,true,low-confidence,0.7867455394037458,not recorded,not recorded,,unknown,unreviewed,,pass,recorded hidden_test_predictions.csv
V7,2111868,not recorded,MED13L,not recorded,not recorded,moved_toward_benign,moved_toward_pathogenic,0.3115619900180327,0.3115619900180327,false,low-confidence,0.6884380099819674,not recorded,not recorded,,model over-predicted pathogenic,unreviewed,,pass,recorded hidden_test_predictions.csv
V7,1386561,not recorded,RBM20,not recorded,not recorded,moved_toward_benign,moved_toward_pathogenic,0.34449406758118695,0.34449406758118695,false,low-confidence,0.655505932418813,not recorded,not recorded,,model over-predicted pathogenic,unreviewed,,pass,recorded hidden_test_predictions.csv
V7,1928478,not recorded,HERC1,not recorded,not recorded,moved_toward_benign,moved_toward_benign,0.004330154808975773,0.004330154808975773,true,correct high-confidence,0.9956698451910242,not recorded,not recorded,,unknown,unreviewed,,pass,recorded hidden_test_predictions.csv
V7,2036013,not recorded,CDKL5,not recorded,not recorded,moved_toward_pathogenic,moved_toward_benign,0.059440575053809064,0.059440575053809064,false,wrong high-confidence,0.9405594249461909,not recorded,not recorded,,model over-predicted benign,unreviewed,,pass,recorded hidden_test_predictions.csv
V7,1360989,not recorded,GRIN2B,not recorded,not recorded,moved_toward_benign,moved_toward_benign,0.008528693801585625,0.008528693801585625,true,correct high-confidence,0.9914713061984144,not recorded,not recorded,,unknown,unreviewed,,pass,recorded hidden_test_predictions.csv
V7,1449139,not recorded,JUP,not recorded,not recorded,moved_toward_benign,moved_toward_benign,0.008528693801585625,0.008528693801585625,true,correct high-confidence,0.9914713061984144,not recorded,not recorded,,unknown,unreviewed,,pass,recorded hidden_test_predictions.csv
V7,2027343,not recorded,KIF5A,not recorded,not recorded,moved_toward_pathogenic,moved_toward_pathogenic,0.9551944722311404,0.9551944722311404,true,correct high-confidence,0.9551944722311404,not recorded,not recorded,,unknown,unreviewed,,pass,recorded hidden_test_predictions.csv
V7,1433526,not recorded,DNAH11,not recorded,not recorded,moved_toward_benign,moved_toward_pathogenic,0.3217166179271983,0.3217166179271983,false,low-confidence,0.6782833820728017,not recorded,not recorded,,model over-predicted pathogenic,unreviewed,,pass,recorded hidden_test_predictions.csv
V7,2513392,not recorded,PTPRO,not recorded,not recorded,moved_toward_benign,moved_toward_pathogenic,0.5570217052307858,0.5570217052307858,false,low-confidence,0.5570217052307858,not recorded,not recorded,,model over-predicted pathogenic,unreviewed,,pass,recorded hidden_test_predictions.csv
V7,2048602,not recorded,TTN,not recorded,not recorded,moved_toward_pathogenic,moved_toward_pathogenic,0.950800437284978,0.950800437284978,true,correct high-confidence,0.950800437284978,not recorded,not recorded,,unknown,unreviewed,,pass,recorded hidden_test_predictions.csv
V7,2185679,not recorded,DYNC2H1,not recorded,not recorded,moved_toward_pathogenic,moved_toward_pathogenic,0.319104986627024,0.319104986627024,true,low-confidence,0.680895013372976,not recorded,not recorded,,unknown,unreviewed,,pass,recorded hidden_test_predictions.csv
V7,1412316,not recorded,FBXO11,not recorded,not recorded,moved_toward_benign,moved_toward_benign,0.26721688057651466,0.26721688057651466,true,low-confidence,0.7327831194234853,not recorded,not recorded,,unknown,unreviewed,,pass,recorded hidden_test_predictions.csv
V7,1950183,not recorded,KCNK4,not recorded,not recorded,moved_toward_benign,moved_toward_pathogenic,0.30339931876635756,0.30339931876635756,false,low-confidence,0.6966006812336425,not recorded,not recorded,,model over-predicted pathogenic,unreviewed,,pass,recorded hidden_test_predictions.csv
V7,1961044,not recorded,ZSWIM6,not recorded,not recorded,moved_toward_benign,moved_toward_benign,0.21331152713226584,0.21331152713226584,true,low-confidence,0.7866884728677341,not recorded,not recorded,,unknown,unreviewed,,pass,recorded hidden_test_predictions.csv
V7,1439169,not recorded,KMT2B,not recorded,not recorded,moved_toward_benign,moved_toward_pathogenic,0.4006513015550138,0.4006513015550138,false,low-confidence,0.5993486984449863,not recorded,not recorded,,model over-predicted pathogenic,unreviewed,,pass,recorded hidden_test_predictions.csv
V7,1938299,not recorded,MAP3K20,not recorded,not recorded,moved_toward_benign,moved_toward_benign,0.10062135471730758,0.10062135471730758,true,correct high-confidence,0.8993786452826924,not recorded,not recorded,,unknown,unreviewed,,pass,recorded hidden_test_predictions.csv
V7,1962885,not recorded,PRKDC,not recorded,not recorded,moved_toward_benign,moved_toward_benign,0.07377667666265943,0.07377667666265943,true,correct high-confidence,0.9262233233373406,not recorded,not recorded,,unknown,unreviewed,,pass,recorded hidden_test_predictions.csv
V7,2180328,not recorded,TCF20,not recorded,not recorded,moved_toward_benign,moved_toward_pathogenic,0.3844555055711162,0.3844555055711162,false,low-confidence,0.6155444944288838,not recorded,not recorded,,model over-predicted pathogenic,unreviewed,,pass,recorded hidden_test_predictions.csv
V7,2140418,not recorded,UNC13D,not recorded,not recorded,moved_toward_benign,moved_toward_benign,0.011643879489147446,0.011643879489147446,true,correct high-confidence,0.9883561205108525,not recorded,not recorded,,unknown,unreviewed,,pass,recorded hidden_test_predictions.csv
V7,1514323,not recorded,MAP3K20,not recorded,not recorded,moved_toward_benign,moved_toward_benign,0.22029526050553136,0.22029526050553136,true,low-confidence,0.7797047394944686,not recorded,not recorded,,unknown,unreviewed,,pass,recorded hidden_test_predictions.csv
V7,1443298,not recorded,CYFIP2,not recorded,not recorded,moved_toward_benign,moved_toward_pathogenic,0.4006513015550138,0.4006513015550138,false,low-confidence,0.5993486984449863,not recorded,not recorded,,model over-predicted pathogenic,unreviewed,,pass,recorded hidden_test_predictions.csv
V7,1944323,not recorded,MCPH1,not recorded,not recorded,moved_toward_benign,moved_toward_benign,0.10062135471730758,0.10062135471730758,true,correct high-confidence,0.8993786452826924,not recorded,not recorded,,unknown,unreviewed,,pass,recorded hidden_test_predictions.csv
V7,1902951,not recorded,KIF2A,not recorded,not recorded,moved_toward_benign,moved_toward_pathogenic,0.3844555055711162,0.3844555055711162,false,low-confidence,0.6155444944288838,not recorded,not recorded,,model over-predicted pathogenic,unreviewed,,pass,recorded hidden_test_predictions.csv
V7,2611415,not recorded,PALB2,not recorded,not recorded,moved_toward_benign,moved_toward_pathogenic,0.5570217052307858,0.5570217052307858,false,low-confidence,0.5570217052307858,not recorded,not recorded,,model over-predicted pathogenic,unreviewed,,pass,recorded hidden_test_predictions.csv
V7,1937358,not recorded,POLE,not recorded,not recorded,moved_toward_benign,moved_toward_benign,0.07198124403156887,0.07198124403156887,true,correct high-confidence,0.9280187559684311,not recorded,not recorded,,unknown,unreviewed,,pass,recorded hidden_test_predictions.csv
V7,2160888,not recorded,ALMS1,not recorded,not recorded,moved_toward_benign,moved_toward_benign,0.017005332593008418,0.017005332593008418,true,correct high-confidence,0.9829946674069916,not recorded,not recorded,,unknown,unreviewed,,pass,recorded hidden_test_predictions.csv
V7,1980834,not recorded,PRKDC,not recorded,not recorded,moved_toward_benign,moved_toward_benign,0.052404298791745886,0.052404298791745886,true,correct high-confidence,0.9475957012082541,not recorded,not recorded,,unknown,unreviewed,,pass,recorded hidden_test_predictions.csv
V7,1481815,not recorded,SH2D1A,not recorded,not recorded,moved_toward_benign,moved_toward_benign,0.007421686531211472,0.007421686531211472,true,correct high-confidence,0.9925783134687886,not recorded,not recorded,,unknown,unreviewed,,pass,recorded hidden_test_predictions.csv
V7,1989633,not recorded,COL18A1,not recorded,not recorded,moved_toward_benign,moved_toward_benign,0.08912145587383012,0.08912145587383012,true,correct high-confidence,0.9108785441261699,not recorded,not recorded,,unknown,unreviewed,,pass,recorded hidden_test_predictions.csv
V7,2132892,not recorded,PTEN,not recorded,not recorded,moved_toward_benign,moved_toward_benign,0.003831475403637806,0.003831475403637806,true,correct high-confidence,0.9961685245963622,not recorded,not recorded,,unknown,unreviewed,,pass,recorded hidden_test_predictions.csv
V7,1488683,not recorded,POLG,not recorded,not recorded,moved_toward_benign,moved_toward_benign,0.015175964889338941,0.015175964889338941,true,correct high-confidence,0.9848240351106611,not recorded,not recorded,,unknown,unreviewed,,pass,recorded hidden_test_predictions.csv
V7,1369765,not recorded,MUTYH,not recorded,not recorded,moved_toward_benign,moved_toward_benign,0.00847833138855774,0.00847833138855774,true,correct high-confidence,0.9915216686114423,not recorded,not recorded,,unknown,unreviewed,,pass,recorded hidden_test_predictions.csv
V7,1435129,not recorded,RPS20,not recorded,not recorded,moved_toward_benign,moved_toward_benign,0.11692038309912584,0.11692038309912584,true,correct high-confidence,0.8830796169008741,not recorded,not recorded,,unknown,unreviewed,,pass,recorded hidden_test_predictions.csv
V7,2035698,not recorded,SLC6A1,not recorded,not recorded,moved_toward_pathogenic,moved_toward_benign,0.19960060539017066,0.19960060539017066,false,wrong high-confidence,0.8003993946098293,not recorded,not recorded,,model over-predicted benign,unreviewed,,pass,recorded hidden_test_predictions.csv
V7,2078650,not recorded,TTN,not recorded,not recorded,moved_toward_pathogenic,moved_toward_pathogenic,0.950800437284978,0.950800437284978,true,correct high-confidence,0.950800437284978,not recorded,not recorded,,unknown,unreviewed,,pass,recorded hidden_test_predictions.csv
V7,2129553,not recorded,MMP14,not recorded,not recorded,moved_toward_benign,moved_toward_benign,0.08353749337592022,0.08353749337592022,true,correct high-confidence,0.9164625066240798,not recorded,not recorded,,unknown,unreviewed,,pass,recorded hidden_test_predictions.csv
V7,1478993,not recorded,TUBA8,not recorded,not recorded,moved_toward_benign,moved_toward_benign,0.1058189890316926,0.1058189890316926,true,correct high-confidence,0.8941810109683074,not recorded,not recorded,,unknown,unreviewed,,pass,recorded hidden_test_predictions.csv
V7,1378078,not recorded,LMNA,not recorded,not recorded,moved_toward_benign,moved_toward_benign,0.091192591508629,0.091192591508629,true,correct high-confidence,0.908807408491371,not recorded,not recorded,,unknown,unreviewed,,pass,recorded hidden_test_predictions.csv
V7,1467268,not recorded,POLE,not recorded,not recorded,moved_toward_benign,moved_toward_benign,0.08230632895422622,0.08230632895422622,true,correct high-confidence,0.9176936710457738,not recorded,not recorded,,unknown,unreviewed,,pass,recorded hidden_test_predictions.csv
V7,2138373,not recorded,SOD1,not recorded,not recorded,moved_toward_pathogenic,moved_toward_benign,0.23018714521261868,0.23018714521261868,false,low-confidence,0.7698128547873813,not recorded,not recorded,,model over-predicted benign,unreviewed,,pass,recorded hidden_test_predictions.csv
V7,1474574,not recorded,ECHS1,not recorded,not recorded,moved_toward_benign,moved_toward_benign,0.009443350218480829,0.009443350218480829,true,correct high-confidence,0.9905566497815191,not recorded,not recorded,,unknown,unreviewed,,pass,recorded hidden_test_predictions.csv
V7,1911547,not recorded,IMPDH1,not recorded,not recorded,moved_toward_pathogenic,moved_toward_pathogenic,0.9545541331267025,0.9545541331267025,true,correct high-confidence,0.9545541331267025,not recorded,not recorded,,unknown,unreviewed,,pass,recorded hidden_test_predictions.csv
V7,1424766,not recorded,EHMT1,not recorded,not recorded,moved_toward_benign,moved_toward_pathogenic,0.3217166179271983,0.3217166179271983,false,low-confidence,0.6782833820728017,not recorded,not recorded,,model over-predicted pathogenic,unreviewed,,pass,recorded hidden_test_predictions.csv
V7,1758457,not recorded,BRCA2,not recorded,not recorded,moved_toward_benign,moved_toward_pathogenic,0.3076211661679912,0.3076211661679912,false,low-confidence,0.6923788338320088,not recorded,not recorded,,model over-predicted pathogenic,unreviewed,,pass,recorded hidden_test_predictions.csv
V7,1398472,not recorded,FANCM,not recorded,not recorded,moved_toward_benign,moved_toward_benign,0.00847833138855774,0.00847833138855774,true,correct high-confidence,0.9915216686114423,not recorded,not recorded,,unknown,unreviewed,,pass,recorded hidden_test_predictions.csv
V7,2110272,not recorded,FGF12,not recorded,not recorded,moved_toward_benign,moved_toward_benign,0.0702659926576246,0.0702659926576246,true,correct high-confidence,0.9297340073423754,not recorded,not recorded,,unknown,unreviewed,,pass,recorded hidden_test_predictions.csv
V7,2115047,not recorded,PIK3R2,not recorded,not recorded,moved_toward_benign,moved_toward_benign,0.07075931400820337,0.07075931400820337,true,correct high-confidence,0.9292406859917967,not recorded,not recorded,,unknown,unreviewed,,pass,recorded hidden_test_predictions.csv
V7,2008798,not recorded,RUNX1,not recorded,not recorded,moved_toward_pathogenic,moved_toward_pathogenic,0.9557182716026495,0.9557182716026495,true,correct high-confidence,0.9557182716026495,not recorded,not recorded,,unknown,unreviewed,,pass,recorded hidden_test_predictions.csv
V7,1376316,not recorded,PCGF2,not recorded,not recorded,moved_toward_benign,moved_toward_benign,0.22029526050553136,0.22029526050553136,true,low-confidence,0.7797047394944686,not recorded,not recorded,,unknown,unreviewed,,pass,recorded hidden_test_predictions.csv
V7,2163808,not recorded,AGL,not recorded,not recorded,moved_toward_benign,moved_toward_benign,0.015175964889338941,0.015175964889338941,true,correct high-confidence,0.9848240351106611,not recorded,not recorded,,unknown,unreviewed,,pass,recorded hidden_test_predictions.csv
V7,1981037,not recorded,RYR2,not recorded,not recorded,moved_toward_benign,moved_toward_benign,0.003831475403637806,0.003831475403637806,true,correct high-confidence,0.9961685245963622,not recorded,not recorded,,unknown,unreviewed,,pass,recorded hidden_test_predictions.csv
V7,1371247,not recorded,RB1,not recorded,not recorded,moved_toward_benign,moved_toward_benign,0.07488397593894369,0.07488397593894369,true,correct high-confidence,0.9251160240610563,not recorded,not recorded,,unknown,unreviewed,,pass,recorded hidden_test_predictions.csv
V7,2054990,not recorded,SHOC2,not recorded,not recorded,moved_toward_benign,moved_toward_benign,0.07816264066690273,0.07816264066690273,true,correct high-confidence,0.9218373593330973,not recorded,not recorded,,unknown,unreviewed,,pass,recorded hidden_test_predictions.csv
V7,2042178,not recorded,FOXI3,not recorded,not recorded,moved_toward_benign,moved_toward_benign,0.003769228847893471,0.003769228847893471,true,correct high-confidence,0.9962307711521066,not recorded,not recorded,,unknown,unreviewed,,pass,recorded hidden_test_predictions.csv
V7,2015291,not recorded,ACADVL,not recorded,not recorded,moved_toward_benign,moved_toward_benign,0.06061571795055814,0.06061571795055814,true,correct high-confidence,0.9393842820494419,not recorded,not recorded,,unknown,unreviewed,,pass,recorded hidden_test_predictions.csv
V7,1523145,not recorded,COL13A1,not recorded,not recorded,moved_toward_benign,moved_toward_benign,0.009443350218480829,0.009443350218480829,true,correct high-confidence,0.9905566497815191,not recorded,not recorded,,unknown,unreviewed,,pass,recorded hidden_test_predictions.csv
V7,1461177,not recorded,PIGG,not recorded,not recorded,moved_toward_benign,moved_toward_benign,0.00847833138855774,0.00847833138855774,true,correct high-confidence,0.9915216686114423,not recorded,not recorded,,unknown,unreviewed,,pass,recorded hidden_test_predictions.csv
V7,1923731,not recorded,RERE,not recorded,not recorded,moved_toward_benign,moved_toward_pathogenic,0.39844500476543826,0.39844500476543826,false,low-confidence,0.6015549952345618,not recorded,not recorded,,model over-predicted pathogenic,unreviewed,,pass,recorded hidden_test_predictions.csv
V7,2199461,not recorded,AKT2,not recorded,not recorded,moved_toward_benign,moved_toward_benign,0.0738874206553234,0.0738874206553234,true,correct high-confidence,0.9261125793446766,not recorded,not recorded,,unknown,unreviewed,,pass,recorded hidden_test_predictions.csv
V7,1409576,not recorded,CTNNA1,not recorded,not recorded,moved_toward_benign,moved_toward_benign,0.08115667704178002,0.08115667704178002,true,correct high-confidence,0.91884332295822,not recorded,not recorded,,unknown,unreviewed,,pass,recorded hidden_test_predictions.csv
V7,1369889,not recorded,OFD1,not recorded,not recorded,moved_toward_benign,moved_toward_benign,0.008528693801585625,0.008528693801585625,true,correct high-confidence,0.9914713061984144,not recorded,not recorded,,unknown,unreviewed,,pass,recorded hidden_test_predictions.csv
V7,1348047,not recorded,CLCN7,not recorded,not recorded,moved_toward_pathogenic,moved_toward_pathogenic,0.37629227949046273,0.37629227949046273,true,low-confidence,0.6237077205095373,not recorded,not recorded,,unknown,unreviewed,,pass,recorded hidden_test_predictions.csv
V7,1383822,not recorded,VPS13A,not recorded,not recorded,moved_toward_benign,moved_toward_benign,0.1058189890316926,0.1058189890316926,true,correct high-confidence,0.8941810109683074,not recorded,not recorded,,unknown,unreviewed,,pass,recorded hidden_test_predictions.csv
V7,1969376,not recorded,ATP2A2,not recorded,not recorded,moved_toward_benign,moved_toward_benign,0.05834355969926427,0.05834355969926427,true,correct high-confidence,0.9416564403007357,not recorded,not recorded,,unknown,unreviewed,,pass,recorded hidden_test_predictions.csv
V7,1378325,not recorded,KCNQ2,not recorded,not recorded,moved_toward_benign,moved_toward_benign,0.007421686531211472,0.007421686531211472,true,correct high-confidence,0.9925783134687886,not recorded,not recorded,,unknown,unreviewed,,pass,recorded hidden_test_predictions.csv
V7,1468109,not recorded,IL6R,not recorded,not recorded,moved_toward_benign,moved_toward_benign,0.009443350218480829,0.009443350218480829,true,correct high-confidence,0.9905566497815191,not recorded,not recorded,,unknown,unreviewed,,pass,recorded hidden_test_predictions.csv
V7,2062290,not recorded,CLCN7,not recorded,not recorded,moved_toward_benign,moved_toward_benign,0.0212091537121144,0.0212091537121144,true,correct high-confidence,0.9787908462878856,not recorded,not recorded,,unknown,unreviewed,,pass,recorded hidden_test_predictions.csv
V7,2018237,not recorded,COL18A1,not recorded,not recorded,moved_toward_benign,moved_toward_benign,0.05834355969926427,0.05834355969926427,true,correct high-confidence,0.9416564403007357,not recorded,not recorded,,unknown,unreviewed,,pass,recorded hidden_test_predictions.csv
V7,1443334,not recorded,POP1,not recorded,not recorded,moved_toward_pathogenic,moved_toward_pathogenic,0.6776415602968462,0.6776415602968462,true,low-confidence,0.6776415602968462,not recorded,not recorded,,unknown,unreviewed,,pass,recorded hidden_test_predictions.csv
V7,1491369,not recorded,ST3GAL5,not recorded,not recorded,moved_toward_benign,moved_toward_benign,0.008528693801585625,0.008528693801585625,true,correct high-confidence,0.9914713061984144,not recorded,not recorded,,unknown,unreviewed,,pass,recorded hidden_test_predictions.csv
V7,2133570,not recorded,REEP6,not recorded,not recorded,moved_toward_pathogenic,moved_toward_pathogenic,0.5983074618031374,0.5983074618031374,true,low-confidence,0.5983074618031374,not recorded,not recorded,,unknown,unreviewed,,pass,recorded hidden_test_predictions.csv
V7,1991330,not recorded,COL9A2,not recorded,not recorded,moved_toward_benign,moved_toward_benign,0.08353749337592022,0.08353749337592022,true,correct high-confidence,0.9164625066240798,not recorded,not recorded,,unknown,unreviewed,,pass,recorded hidden_test_predictions.csv
V7,1369960,not recorded,ZEB2,not recorded,not recorded,moved_toward_benign,moved_toward_pathogenic,0.319104986627024,0.319104986627024,false,low-confidence,0.680895013372976,not recorded,not recorded,,model over-predicted pathogenic,unreviewed,,pass,recorded hidden_test_predictions.csv
V7,2077694,not recorded,MSX2,not recorded,not recorded,moved_toward_benign,moved_toward_pathogenic,0.3076211661679912,0.3076211661679912,false,low-confidence,0.6923788338320088,not recorded,not recorded,,model over-predicted pathogenic,unreviewed,,pass,recorded hidden_test_predictions.csv
V7,1370323,not recorded,SLC22A4,not recorded,not recorded,moved_toward_benign,moved_toward_benign,0.018936266950290742,0.018936266950290742,true,correct high-confidence,0.9810637330497093,not recorded,not recorded,,unknown,unreviewed,,pass,recorded hidden_test_predictions.csv
V7,1936409,not recorded,HMBS,not recorded,not recorded,moved_toward_benign,moved_toward_benign,0.08353749337592022,0.08353749337592022,true,correct high-confidence,0.9164625066240798,not recorded,not recorded,,unknown,unreviewed,,pass,recorded hidden_test_predictions.csv
V7,1461607,not recorded,AHDC1,not recorded,not recorded,moved_toward_benign,moved_toward_benign,0.009443350218480829,0.009443350218480829,true,correct high-confidence,0.9905566497815191,not recorded,not recorded,,unknown,unreviewed,,pass,recorded hidden_test_predictions.csv
V7,2003054,not recorded,ARMC9,not recorded,not recorded,moved_toward_benign,moved_toward_benign,0.004021627514129141,0.004021627514129141,true,correct high-confidence,0.9959783724858708,not recorded,not recorded,,unknown,unreviewed,,pass,recorded hidden_test_predictions.csv
V7,2176366,not recorded,KMT2C,not recorded,not recorded,moved_toward_benign,moved_toward_benign,0.14216636729706705,0.14216636729706705,true,correct high-confidence,0.857833632702933,not recorded,not recorded,,unknown,unreviewed,,pass,recorded hidden_test_predictions.csv
V7,2014292,not recorded,HSPG2,not recorded,not recorded,moved_toward_benign,moved_toward_benign,0.10135667041595701,0.10135667041595701,true,correct high-confidence,0.898643329584043,not recorded,not recorded,,unknown,unreviewed,,pass,recorded hidden_test_predictions.csv
V7,2203424,not recorded,CASR,not recorded,not recorded,moved_toward_pathogenic,moved_toward_pathogenic,0.5913164421415888,0.5913164421415888,true,low-confidence,0.5913164421415888,not recorded,not recorded,,unknown,unreviewed,,pass,recorded hidden_test_predictions.csv
V7,1956940,not recorded,GRIN2A,not recorded,not recorded,moved_toward_benign,moved_toward_benign,0.017005332593008418,0.017005332593008418,true,correct high-confidence,0.9829946674069916,not recorded,not recorded,,unknown,unreviewed,,pass,recorded hidden_test_predictions.csv
V7,1783082,not recorded,OBSCN,not recorded,not recorded,moved_toward_benign,moved_toward_benign,0.08846816076897372,0.08846816076897372,true,correct high-confidence,0.9115318392310263,not recorded,not recorded,,unknown,unreviewed,,pass,recorded hidden_test_predictions.csv
V7,2067453,not recorded,MYL3,not recorded,not recorded,moved_toward_benign,moved_toward_benign,0.0738874206553234,0.0738874206553234,true,correct high-confidence,0.9261125793446766,not recorded,not recorded,,unknown,unreviewed,,pass,recorded hidden_test_predictions.csv
V7,2096054,not recorded,FLNC,not recorded,not recorded,moved_toward_benign,moved_toward_benign,0.07075931400820337,0.07075931400820337,true,correct high-confidence,0.9292406859917967,not recorded,not recorded,,unknown,unreviewed,,pass,recorded hidden_test_predictions.csv
V7,1362388,not recorded,FLNB,not recorded,not recorded,moved_toward_benign,moved_toward_pathogenic,0.3863739366663815,0.3863739366663815,false,low-confidence,0.6136260633336186,not recorded,not recorded,,model over-predicted pathogenic,unreviewed,,pass,recorded hidden_test_predictions.csv
V7,1378420,not recorded,NTRK1,not recorded,not recorded,moved_toward_benign,moved_toward_benign,0.07488397593894369,0.07488397593894369,true,correct high-confidence,0.9251160240610563,not recorded,not recorded,,unknown,unreviewed,,pass,recorded hidden_test_predictions.csv
V7,1677189,not recorded,PPP2R1A,not recorded,not recorded,moved_toward_benign,moved_toward_benign,0.0738874206553234,0.0738874206553234,true,correct high-confidence,0.9261125793446766,not recorded,not recorded,,unknown,unreviewed,,pass,recorded hidden_test_predictions.csv
V7,2007303,not recorded,TTN,not recorded,not recorded,moved_toward_pathogenic,moved_toward_pathogenic,0.9551944722311404,0.9551944722311404,true,correct high-confidence,0.9551944722311404,not recorded,not recorded,,unknown,unreviewed,,pass,recorded hidden_test_predictions.csv
V7,2131645,not recorded,RERE,not recorded,not recorded,moved_toward_benign,moved_toward_benign,0.08353749337592022,0.08353749337592022,true,correct high-confidence,0.9164625066240798,not recorded,not recorded,,unknown,unreviewed,,pass,recorded hidden_test_predictions.csv
V7,2166809,not recorded,COL4A4,not recorded,not recorded,moved_toward_pathogenic,moved_toward_benign,0.2159768967229677,0.2159768967229677,false,low-confidence,0.7840231032770323,not recorded,not recorded,,model over-predicted benign,unreviewed,,pass,recorded hidden_test_predictions.csv
V7,1418845,not recorded,RHOBTB2,not recorded,not recorded,moved_toward_benign,moved_toward_benign,0.011273738157448702,0.011273738157448702,true,correct high-confidence,0.9887262618425513,not recorded,not recorded,,unknown,unreviewed,,pass,recorded hidden_test_predictions.csv
V7,1520698,not recorded,DYNC1H1,not recorded,not recorded,moved_toward_benign,moved_toward_pathogenic,0.34449406758118695,0.34449406758118695,false,low-confidence,0.655505932418813,not recorded,not recorded,,model over-predicted pathogenic,unreviewed,,pass,recorded hidden_test_predictions.csv
V7,1352930,not recorded,KMT2D,not recorded,not recorded,moved_toward_benign,moved_toward_pathogenic,0.3217166179271983,0.3217166179271983,false,low-confidence,0.6782833820728017,not recorded,not recorded,,model over-predicted pathogenic,unreviewed,,pass,recorded hidden_test_predictions.csv
V7,2106549,not recorded,SLC2A1,not recorded,not recorded,moved_toward_pathogenic,moved_toward_pathogenic,0.6025354011789936,0.6025354011789936,true,low-confidence,0.6025354011789936,not recorded,not recorded,,unknown,unreviewed,,pass,recorded hidden_test_predictions.csv
V7,1435181,not recorded,DYRK1B,not recorded,not recorded,moved_toward_benign,moved_toward_benign,0.018936266950290742,0.018936266950290742,true,correct high-confidence,0.9810637330497093,not recorded,not recorded,,unknown,unreviewed,,pass,recorded hidden_test_predictions.csv
V7,2025568,not recorded,MTOR,not recorded,not recorded,moved_toward_benign,moved_toward_pathogenic,0.9554959284011917,0.9554959284011917,false,wrong high-confidence,0.9554959284011917,not recorded,not recorded,,model over-predicted pathogenic,unreviewed,,pass,recorded hidden_test_predictions.csv
V7,2445885,not recorded,HGSNAT,not recorded,not recorded,moved_toward_pathogenic,moved_toward_pathogenic,0.4833809111570796,0.4833809111570796,true,low-confidence,0.5166190888429204,not recorded,not recorded,,unknown,unreviewed,,pass,recorded hidden_test_predictions.csv
V7,2181842,not recorded,SLC19A2,not recorded,not recorded,moved_toward_benign,moved_toward_benign,0.004222346803906763,0.004222346803906763,true,correct high-confidence,0.9957776531960932,not recorded,not recorded,,unknown,unreviewed,,pass,recorded hidden_test_predictions.csv
V7,1526197,not recorded,COL7A1,not recorded,not recorded,moved_toward_pathogenic,moved_toward_pathogenic,0.32932102317676415,0.32932102317676415,true,low-confidence,0.6706789768232359,not recorded,not recorded,,unknown,unreviewed,,pass,recorded hidden_test_predictions.csv
V7,2196455,not recorded,FGF12,not recorded,not recorded,moved_toward_benign,moved_toward_pathogenic,0.3844555055711162,0.3844555055711162,false,low-confidence,0.6155444944288838,not recorded,not recorded,,model over-predicted pathogenic,unreviewed,,pass,recorded hidden_test_predictions.csv
V7,2176599,not recorded,KCNK4,not recorded,not recorded,moved_toward_benign,moved_toward_benign,0.11345999625094376,0.11345999625094376,true,correct high-confidence,0.8865400037490563,not recorded,not recorded,,unknown,unreviewed,,pass,recorded hidden_test_predictions.csv
V7,2421034,not recorded,CHD7,not recorded,not recorded,moved_toward_benign,moved_toward_pathogenic,0.32932102317676415,0.32932102317676415,false,low-confidence,0.6706789768232359,not recorded,not recorded,,model over-predicted pathogenic,unreviewed,,pass,recorded hidden_test_predictions.csv
V7,1476159,not recorded,ITPR1,not recorded,not recorded,moved_toward_benign,moved_toward_benign,0.11692038309912584,0.11692038309912584,true,correct high-confidence,0.8830796169008741,not recorded,not recorded,,unknown,unreviewed,,pass,recorded hidden_test_predictions.csv
V7,1370713,not recorded,UNC80,not recorded,not recorded,moved_toward_benign,moved_toward_benign,0.11829649156874039,0.11829649156874039,true,correct high-confidence,0.8817035084312597,not recorded,not recorded,,unknown,unreviewed,,pass,recorded hidden_test_predictions.csv
V7,1969257,not recorded,CCT5,not recorded,not recorded,moved_toward_benign,moved_toward_benign,0.015175964889338941,0.015175964889338941,true,correct high-confidence,0.9848240351106611,not recorded,not recorded,,unknown,unreviewed,,pass,recorded hidden_test_predictions.csv
V7,1435294,not recorded,GUCY2C,not recorded,not recorded,moved_toward_benign,moved_toward_benign,0.11829649156874039,0.11829649156874039,true,correct high-confidence,0.8817035084312597,not recorded,not recorded,,unknown,unreviewed,,pass,recorded hidden_test_predictions.csv
V7,2205312,not recorded,RECQL4,not recorded,not recorded,moved_toward_benign,moved_toward_benign,0.17609068528234076,0.17609068528234076,true,correct high-confidence,0.8239093147176593,not recorded,not recorded,,unknown,unreviewed,,pass,recorded hidden_test_predictions.csv
V7,2162673,not recorded,PPM1D,not recorded,not recorded,moved_toward_benign,moved_toward_pathogenic,0.3678398013925165,0.3678398013925165,false,low-confidence,0.6321601986074835,not recorded,not recorded,,model over-predicted pathogenic,unreviewed,,pass,recorded hidden_test_predictions.csv
V7,2088171,not recorded,GATA4,not recorded,not recorded,moved_toward_benign,moved_toward_benign,0.07816264066690273,0.07816264066690273,true,correct high-confidence,0.9218373593330973,not recorded,not recorded,,unknown,unreviewed,,pass,recorded hidden_test_predictions.csv
V7,1909554,not recorded,TCF20,not recorded,not recorded,moved_toward_benign,moved_toward_benign,0.08216722174561292,0.08216722174561292,true,correct high-confidence,0.9178327782543871,not recorded,not recorded,,unknown,unreviewed,,pass,recorded hidden_test_predictions.csv
V7,1481193,not recorded,IHH,not recorded,not recorded,moved_toward_pathogenic,moved_toward_pathogenic,0.9620518852661398,0.9620518852661398,true,correct high-confidence,0.9620518852661398,not recorded,not recorded,,unknown,unreviewed,,pass,recorded hidden_test_predictions.csv
V7,1925731,not recorded,PRKDC,not recorded,not recorded,moved_toward_benign,moved_toward_benign,0.06480521240405537,0.06480521240405537,true,correct high-confidence,0.9351947875959447,not recorded,not recorded,,unknown,unreviewed,,pass,recorded hidden_test_predictions.csv
V7,2048339,not recorded,AKT2,not recorded,not recorded,moved_toward_benign,moved_toward_benign,0.23018714521261868,0.23018714521261868,true,low-confidence,0.7698128547873813,not recorded,not recorded,,unknown,unreviewed,,pass,recorded hidden_test_predictions.csv
V7,2183778,not recorded,NR2E3,not recorded,not recorded,moved_toward_benign,moved_toward_benign,0.06397633321481741,0.06397633321481741,true,correct high-confidence,0.9360236667851826,not recorded,not recorded,,unknown,unreviewed,,pass,recorded hidden_test_predictions.csv
V7,1421328,not recorded,NACC1,not recorded,not recorded,moved_toward_benign,moved_toward_benign,0.018936266950290742,0.018936266950290742,true,correct high-confidence,0.9810637330497093,not recorded,not recorded,,unknown,unreviewed,,pass,recorded hidden_test_predictions.csv
V7,2120391,not recorded,DIP2C,not recorded,not recorded,moved_toward_pathogenic,moved_toward_pathogenic,0.962311412748623,0.962311412748623,true,correct high-confidence,0.962311412748623,not recorded,not recorded,,unknown,unreviewed,,pass,recorded hidden_test_predictions.csv
V7,1638046,not recorded,CDH2,not recorded,not recorded,moved_toward_benign,moved_toward_benign,0.0024322035457784927,0.0024322035457784927,true,correct high-confidence,0.9975677964542216,not recorded,not recorded,,unknown,unreviewed,,pass,recorded hidden_test_predictions.csv
V7,1916252,not recorded,RECQL4,not recorded,not recorded,moved_toward_benign,moved_toward_benign,0.06061571795055814,0.06061571795055814,true,correct high-confidence,0.9393842820494419,not recorded,not recorded,,unknown,unreviewed,,pass,recorded hidden_test_predictions.csv
V7,1954625,not recorded,CD19,not recorded,not recorded,moved_toward_benign,moved_toward_benign,0.08353749337592022,0.08353749337592022,true,correct high-confidence,0.9164625066240798,not recorded,not recorded,,unknown,unreviewed,,pass,recorded hidden_test_predictions.csv
V7,1756833,not recorded,PHOX2B,not recorded,not recorded,moved_toward_benign,moved_toward_pathogenic,0.46677133425548684,0.46677133425548684,false,low-confidence,0.5332286657445131,not recorded,not recorded,,model over-predicted pathogenic,unreviewed,,pass,recorded hidden_test_predictions.csv
V7,2055182,not recorded,PHIP,not recorded,not recorded,moved_toward_benign,moved_toward_pathogenic,0.5204483604661388,0.5204483604661388,false,low-confidence,0.5204483604661388,not recorded,not recorded,,model over-predicted pathogenic,unreviewed,,pass,recorded hidden_test_predictions.csv
V7,1430051,not recorded,TSC2,not recorded,not recorded,moved_toward_benign,moved_toward_benign,0.07874820402632407,0.07874820402632407,true,correct high-confidence,0.9212517959736759,not recorded,not recorded,,unknown,unreviewed,,pass,recorded hidden_test_predictions.csv
V7,1431018,not recorded,DNAJB11,not recorded,not recorded,moved_toward_benign,moved_toward_benign,0.009443350218480829,0.009443350218480829,true,correct high-confidence,0.9905566497815191,not recorded,not recorded,,unknown,unreviewed,,pass,recorded hidden_test_predictions.csv
V7,2157904,not recorded,AUTS2,not recorded,not recorded,moved_toward_benign,moved_toward_benign,0.21331152713226584,0.21331152713226584,true,low-confidence,0.7866884728677341,not recorded,not recorded,,unknown,unreviewed,,pass,recorded hidden_test_predictions.csv
V7,1522824,not recorded,EYS,not recorded,not recorded,moved_toward_pathogenic,moved_toward_benign,0.10062135471730758,0.10062135471730758,false,wrong high-confidence,0.8993786452826924,not recorded,not recorded,,model over-predicted benign,unreviewed,,pass,recorded hidden_test_predictions.csv
V7,2629529,not recorded,PLXNA4,not recorded,not recorded,moved_toward_benign,moved_toward_benign,0.23363718595774313,0.23363718595774313,true,low-confidence,0.7663628140422569,not recorded,not recorded,,unknown,unreviewed,,pass,recorded hidden_test_predictions.csv
V7,1417202,not recorded,FLRT1,not recorded,not recorded,moved_toward_benign,moved_toward_benign,0.007421686531211472,0.007421686531211472,true,correct high-confidence,0.9925783134687886,not recorded,not recorded,,unknown,unreviewed,,pass,recorded hidden_test_predictions.csv
V7,1933964,not recorded,RECQL4,not recorded,not recorded,moved_toward_benign,moved_toward_benign,0.07377667666265943,0.07377667666265943,true,correct high-confidence,0.9262233233373406,not recorded,not recorded,,unknown,unreviewed,,pass,recorded hidden_test_predictions.csv
V7,2099118,not recorded,USH1G,not recorded,not recorded,moved_toward_benign,moved_toward_benign,0.018306340417518028,0.018306340417518028,true,correct high-confidence,0.981693659582482,not recorded,not recorded,,unknown,unreviewed,,pass,recorded hidden_test_predictions.csv
V7,2133450,not recorded,INF2,not recorded,not recorded,moved_toward_benign,moved_toward_pathogenic,0.319104986627024,0.319104986627024,false,low-confidence,0.680895013372976,not recorded,not recorded,,model over-predicted pathogenic,unreviewed,,pass,recorded hidden_test_predictions.csv
V7,1970855,not recorded,STAG2,not recorded,not recorded,moved_toward_benign,moved_toward_benign,0.0212091537121144,0.0212091537121144,true,correct high-confidence,0.9787908462878856,not recorded,not recorded,,unknown,unreviewed,,pass,recorded hidden_test_predictions.csv
V7,1464487,not recorded,SETD5,not recorded,not recorded,moved_toward_benign,moved_toward_pathogenic,0.4006513015550138,0.4006513015550138,false,low-confidence,0.5993486984449863,not recorded,not recorded,,model over-predicted pathogenic,unreviewed,,pass,recorded hidden_test_predictions.csv
V7,1488152,not recorded,COL6A1,not recorded,not recorded,moved_toward_benign,moved_toward_pathogenic,0.34449406758118695,0.34449406758118695,false,low-confidence,0.655505932418813,not recorded,not recorded,,model over-predicted pathogenic,unreviewed,,pass,recorded hidden_test_predictions.csv
V7,2428317,not recorded,PHIP,not recorded,not recorded,moved_toward_benign,moved_toward_pathogenic,0.3678398013925165,0.3678398013925165,false,low-confidence,0.6321601986074835,not recorded,not recorded,,model over-predicted pathogenic,unreviewed,,pass,recorded hidden_test_predictions.csv
V7,2003618,not recorded,PRKDC,not recorded,not recorded,moved_toward_benign,moved_toward_benign,0.003831475403637806,0.003831475403637806,true,correct high-confidence,0.9961685245963622,not recorded,not recorded,,unknown,unreviewed,,pass,recorded hidden_test_predictions.csv
V7,1498748,not recorded,ATM,not recorded,not recorded,moved_toward_benign,moved_toward_benign,0.08230632895422622,0.08230632895422622,true,correct high-confidence,0.9176936710457738,not recorded,not recorded,,unknown,unreviewed,,pass,recorded hidden_test_predictions.csv
V7,2203360,not recorded,COL7A1,not recorded,not recorded,moved_toward_pathogenic,moved_toward_benign,0.21129272709848507,0.21129272709848507,false,low-confidence,0.788707272901515,not recorded,not recorded,,model over-predicted benign,unreviewed,,pass,recorded hidden_test_predictions.csv
V7,2191372,not recorded,RBM20,not recorded,not recorded,moved_toward_pathogenic,moved_toward_pathogenic,0.9536284559524433,0.9536284559524433,true,correct high-confidence,0.9536284559524433,not recorded,not recorded,,unknown,unreviewed,,pass,recorded hidden_test_predictions.csv
V7,2172167,not recorded,LAMA5,not recorded,not recorded,moved_toward_benign,moved_toward_benign,0.005088109102223237,0.005088109102223237,true,correct high-confidence,0.9949118908977768,not recorded,not recorded,,unknown,unreviewed,,pass,recorded hidden_test_predictions.csv
V7,1516744,not recorded,IDH3B,not recorded,not recorded,moved_toward_pathogenic,moved_toward_pathogenic,0.9825895726056285,0.9825895726056285,true,correct high-confidence,0.9825895726056285,not recorded,not recorded,,unknown,unreviewed,,pass,recorded hidden_test_predictions.csv
V7,1468857,not recorded,EXOSC9,not recorded,not recorded,moved_toward_pathogenic,moved_toward_pathogenic,0.9608259614335463,0.9608259614335463,true,correct high-confidence,0.9608259614335463,not recorded,not recorded,,unknown,unreviewed,,pass,recorded hidden_test_predictions.csv
V7,2090583,not recorded,KMT2B,not recorded,not recorded,moved_toward_benign,moved_toward_benign,0.08912145587383012,0.08912145587383012,true,correct high-confidence,0.9108785441261699,not recorded,not recorded,,unknown,unreviewed,,pass,recorded hidden_test_predictions.csv
V7,1516466,not recorded,KCNQ1,not recorded,not recorded,moved_toward_benign,moved_toward_benign,0.00847833138855774,0.00847833138855774,true,correct high-confidence,0.9915216686114423,not recorded,not recorded,,unknown,unreviewed,,pass,recorded hidden_test_predictions.csv
V7,1410844,not recorded,ABCD1,not recorded,not recorded,moved_toward_pathogenic,moved_toward_benign,0.07198124403156887,0.07198124403156887,false,wrong high-confidence,0.9280187559684311,not recorded,not recorded,,model over-predicted benign,unreviewed,,pass,recorded hidden_test_predictions.csv
V7,1506275,not recorded,SPG21,not recorded,not recorded,moved_toward_benign,moved_toward_benign,0.007421686531211472,0.007421686531211472,true,correct high-confidence,0.9925783134687886,not recorded,not recorded,,unknown,unreviewed,,pass,recorded hidden_test_predictions.csv
V7,1795064,not recorded,POLD1,not recorded,not recorded,moved_toward_benign,moved_toward_pathogenic,0.34449406758118695,0.34449406758118695,false,low-confidence,0.655505932418813,not recorded,not recorded,,model over-predicted pathogenic,unreviewed,,pass,recorded hidden_test_predictions.csv
V7,2171580,not recorded,SLC37A4,not recorded,not recorded,moved_toward_benign,moved_toward_benign,0.07377667666265943,0.07377667666265943,true,correct high-confidence,0.9262233233373406,not recorded,not recorded,,unknown,unreviewed,,pass,recorded hidden_test_predictions.csv
V7,1350997,not recorded,ATM,not recorded,not recorded,moved_toward_benign,moved_toward_benign,0.0068913471995887,0.0068913471995887,true,correct high-confidence,0.9931086528004113,not recorded,not recorded,,unknown,unreviewed,,pass,recorded hidden_test_predictions.csv
V7,1475518,not recorded,CYFIP2,not recorded,not recorded,moved_toward_benign,moved_toward_benign,0.06397633321481741,0.06397633321481741,true,correct high-confidence,0.9360236667851826,not recorded,not recorded,,unknown,unreviewed,,pass,recorded hidden_test_predictions.csv
V7,1906726,not recorded,SETBP1,not recorded,not recorded,moved_toward_benign,moved_toward_benign,0.10508126214295055,0.10508126214295055,true,correct high-confidence,0.8949187378570495,not recorded,not recorded,,unknown,unreviewed,,pass,recorded hidden_test_predictions.csv
V7,1497844,not recorded,ITGAM,not recorded,not recorded,moved_toward_benign,moved_toward_benign,0.1058189890316926,0.1058189890316926,true,correct high-confidence,0.8941810109683074,not recorded,not recorded,,unknown,unreviewed,,pass,recorded hidden_test_predictions.csv
V7,2064217,not recorded,NEB,not recorded,not recorded,moved_toward_benign,moved_toward_benign,0.07075931400820337,0.07075931400820337,true,correct high-confidence,0.9292406859917967,not recorded,not recorded,,unknown,unreviewed,,pass,recorded hidden_test_predictions.csv
V7,2138734,not recorded,F9,not recorded,not recorded,moved_toward_pathogenic,moved_toward_pathogenic,0.319104986627024,0.319104986627024,true,low-confidence,0.680895013372976,not recorded,not recorded,,unknown,unreviewed,,pass,recorded hidden_test_predictions.csv
V7,2088575,not recorded,GOT2,not recorded,not recorded,moved_toward_benign,moved_toward_benign,0.0212091537121144,0.0212091537121144,true,correct high-confidence,0.9787908462878856,not recorded,not recorded,,unknown,unreviewed,,pass,recorded hidden_test_predictions.csv
V7,2107846,not recorded,ARMC9,not recorded,not recorded,moved_toward_benign,moved_toward_benign,0.005088109102223237,0.005088109102223237,true,correct high-confidence,0.9949118908977768,not recorded,not recorded,,unknown,unreviewed,,pass,recorded hidden_test_predictions.csv
V7,2055136,not recorded,VPS13C,not recorded,not recorded,moved_toward_benign,moved_toward_pathogenic,0.3678398013925165,0.3678398013925165,false,low-confidence,0.6321601986074835,not recorded,not recorded,,model over-predicted pathogenic,unreviewed,,pass,recorded hidden_test_predictions.csv
V7,1919603,not recorded,PACS2,not recorded,not recorded,moved_toward_benign,moved_toward_benign,0.03161944905825128,0.03161944905825128,true,correct high-confidence,0.9683805509417487,not recorded,not recorded,,unknown,unreviewed,,pass,recorded hidden_test_predictions.csv
V7,1379801,not recorded,LCA5,not recorded,not recorded,moved_toward_benign,moved_toward_benign,0.010553374600922375,0.010553374600922375,true,correct high-confidence,0.9894466253990776,not recorded,not recorded,,unknown,unreviewed,,pass,recorded hidden_test_predictions.csv
V7,1963124,not recorded,FKRP,not recorded,not recorded,moved_toward_pathogenic,moved_toward_benign,0.2132544605962542,0.2132544605962542,false,low-confidence,0.7867455394037458,not recorded,not recorded,,model over-predicted benign,unreviewed,,pass,recorded hidden_test_predictions.csv
V7,2059401,not recorded,DNM2,not recorded,not recorded,moved_toward_benign,moved_toward_benign,0.015849397473589898,0.015849397473589898,true,correct high-confidence,0.9841506025264101,not recorded,not recorded,,unknown,unreviewed,,pass,recorded hidden_test_predictions.csv
V7,1935491,not recorded,SPRED1,not recorded,not recorded,moved_toward_benign,moved_toward_benign,0.017005332593008418,0.017005332593008418,true,correct high-confidence,0.9829946674069916,not recorded,not recorded,,unknown,unreviewed,,pass,recorded hidden_test_predictions.csv
V7,2147335,not recorded,DMD,not recorded,not recorded,moved_toward_benign,moved_toward_benign,0.23018714521261868,0.23018714521261868,true,low-confidence,0.7698128547873813,not recorded,not recorded,,unknown,unreviewed,,pass,recorded hidden_test_predictions.csv
V7,1513106,not recorded,RECQL4,not recorded,not recorded,moved_toward_benign,moved_toward_benign,0.08230632895422622,0.08230632895422622,true,correct high-confidence,0.9176936710457738,not recorded,not recorded,,unknown,unreviewed,,pass,recorded hidden_test_predictions.csv
V7,1973249,not recorded,MED13L,not recorded,not recorded,moved_toward_benign,moved_toward_benign,0.19960060539017066,0.19960060539017066,true,correct high-confidence,0.8003993946098293,not recorded,not recorded,,unknown,unreviewed,,pass,recorded hidden_test_predictions.csv
V7,2421069,not recorded,MAP3K14,not recorded,not recorded,moved_toward_benign,moved_toward_benign,0.003831475403637806,0.003831475403637806,true,correct high-confidence,0.9961685245963622,not recorded,not recorded,,unknown,unreviewed,,pass,recorded hidden_test_predictions.csv
V7,2161217,not recorded,GLB1,not recorded,not recorded,moved_toward_benign,moved_toward_benign,0.07075931400820337,0.07075931400820337,true,correct high-confidence,0.9292406859917967,not recorded,not recorded,,unknown,unreviewed,,pass,recorded hidden_test_predictions.csv
V7,2203641,not recorded,LIFR,not recorded,not recorded,moved_toward_pathogenic,moved_toward_pathogenic,0.4006513015550138,0.4006513015550138,true,low-confidence,0.5993486984449863,not recorded,not recorded,,unknown,unreviewed,,pass,recorded hidden_test_predictions.csv
V7,1953786,not recorded,RSPO1,not recorded,not recorded,moved_toward_benign,moved_toward_benign,0.018306340417518028,0.018306340417518028,true,correct high-confidence,0.981693659582482,not recorded,not recorded,,unknown,unreviewed,,pass,recorded hidden_test_predictions.csv
V7,1716100,not recorded,ADGRV1,not recorded,not recorded,moved_toward_benign,moved_toward_benign,0.22029526050553136,0.22029526050553136,true,low-confidence,0.7797047394944686,not recorded,not recorded,,unknown,unreviewed,,pass,recorded hidden_test_predictions.csv
V7,2049169,not recorded,TTN,not recorded,not recorded,moved_toward_pathogenic,moved_toward_pathogenic,0.9569222503126095,0.9569222503126095,true,correct high-confidence,0.9569222503126095,not recorded,not recorded,,unknown,unreviewed,,pass,recorded hidden_test_predictions.csv
V7,1403676,not recorded,DGUOK,not recorded,not recorded,moved_toward_pathogenic,moved_toward_benign,0.06648408312570443,0.06648408312570443,false,wrong high-confidence,0.9335159168742956,not recorded,not recorded,,model over-predicted benign,unreviewed,,pass,recorded hidden_test_predictions.csv
V7,1338462,not recorded,HNF1A,not recorded,not recorded,moved_toward_pathogenic,moved_toward_pathogenic,0.3500580904585964,0.3500580904585964,true,low-confidence,0.6499419095414036,not recorded,not recorded,,unknown,unreviewed,,pass,recorded hidden_test_predictions.csv
V7,1417805,not recorded,FLCN,not recorded,not recorded,moved_toward_benign,moved_toward_benign,0.007421686531211472,0.007421686531211472,true,correct high-confidence,0.9925783134687886,not recorded,not recorded,,unknown,unreviewed,,pass,recorded hidden_test_predictions.csv
V7,1487112,not recorded,RYR1,not recorded,not recorded,moved_toward_benign,moved_toward_benign,0.011643879489147446,0.011643879489147446,true,correct high-confidence,0.9883561205108525,not recorded,not recorded,,unknown,unreviewed,,pass,recorded hidden_test_predictions.csv
V7,2446564,not recorded,MYO3A,not recorded,not recorded,moved_toward_pathogenic,moved_toward_pathogenic,0.9056256080884691,0.9056256080884691,true,correct high-confidence,0.9056256080884691,not recorded,not recorded,,unknown,unreviewed,,pass,recorded hidden_test_predictions.csv
V7,1438200,not recorded,SETBP1,not recorded,not recorded,moved_toward_benign,moved_toward_benign,0.010553374600922375,0.010553374600922375,true,correct high-confidence,0.9894466253990776,not recorded,not recorded,,unknown,unreviewed,,pass,recorded hidden_test_predictions.csv
V7,1473117,not recorded,TTN,not recorded,not recorded,moved_toward_pathogenic,moved_toward_pathogenic,0.9679462667584305,0.9679462667584305,true,correct high-confidence,0.9679462667584305,not recorded,not recorded,,unknown,unreviewed,,pass,recorded hidden_test_predictions.csv
V7,1396201,not recorded,IDH3B,not recorded,not recorded,moved_toward_pathogenic,moved_toward_pathogenic,0.9545541331267025,0.9545541331267025,true,correct high-confidence,0.9545541331267025,not recorded,not recorded,,unknown,unreviewed,,pass,recorded hidden_test_predictions.csv
V7,2015442,not recorded,P2RX2,not recorded,not recorded,moved_toward_benign,moved_toward_benign,0.004330154808975773,0.004330154808975773,true,correct high-confidence,0.9956698451910242,not recorded,not recorded,,unknown,unreviewed,,pass,recorded hidden_test_predictions.csv
V7,1488121,not recorded,PTPN23,not recorded,not recorded,moved_toward_pathogenic,moved_toward_pathogenic,0.9561634714056338,0.9561634714056338,true,correct high-confidence,0.9561634714056338,not recorded,not recorded,,unknown,unreviewed,,pass,recorded hidden_test_predictions.csv
V7,2076191,not recorded,ACADSB,not recorded,not recorded,moved_toward_benign,moved_toward_benign,0.2375565406539888,0.2375565406539888,true,low-confidence,0.7624434593460112,not recorded,not recorded,,unknown,unreviewed,,pass,recorded hidden_test_predictions.csv
V7,1934493,not recorded,ARG1,not recorded,not recorded,moved_toward_benign,moved_toward_benign,0.091192591508629,0.091192591508629,true,correct high-confidence,0.908807408491371,not recorded,not recorded,,unknown,unreviewed,,pass,recorded hidden_test_predictions.csv
V7,1727996,not recorded,KIF1B,not recorded,not recorded,moved_toward_benign,moved_toward_pathogenic,0.34449406758118695,0.34449406758118695,false,low-confidence,0.655505932418813,not recorded,not recorded,,model over-predicted pathogenic,unreviewed,,pass,recorded hidden_test_predictions.csv
V7,2038830,not recorded,PPP2R1A,not recorded,not recorded,moved_toward_benign,moved_toward_benign,0.10135667041595701,0.10135667041595701,true,correct high-confidence,0.898643329584043,not recorded,not recorded,,unknown,unreviewed,,pass,recorded hidden_test_predictions.csv
V7,2005004,not recorded,MED13L,not recorded,not recorded,moved_toward_benign,moved_toward_pathogenic,0.3076211661679912,0.3076211661679912,false,low-confidence,0.6923788338320088,not recorded,not recorded,,model over-predicted pathogenic,unreviewed,,pass,recorded hidden_test_predictions.csv
V7,2181499,not recorded,KAT6A,not recorded,not recorded,moved_toward_benign,moved_toward_pathogenic,0.3844555055711162,0.3844555055711162,false,low-confidence,0.6155444944288838,not recorded,not recorded,,model over-predicted pathogenic,unreviewed,,pass,recorded hidden_test_predictions.csv
V7,2565960,not recorded,BRCA2,not recorded,not recorded,moved_toward_benign,moved_toward_pathogenic,0.4833809111570796,0.4833809111570796,false,low-confidence,0.5166190888429204,not recorded,not recorded,,model over-predicted pathogenic,unreviewed,,pass,recorded hidden_test_predictions.csv
V7,2113045,not recorded,DNMT3B,not recorded,not recorded,moved_toward_benign,moved_toward_benign,0.0738874206553234,0.0738874206553234,true,correct high-confidence,0.9261125793446766,not recorded,not recorded,,unknown,unreviewed,,pass,recorded hidden_test_predictions.csv
V7,1185100,not recorded,OTOF,not recorded,not recorded,moved_toward_pathogenic,moved_toward_pathogenic,0.9465827880559141,0.9465827880559141,true,correct high-confidence,0.9465827880559141,not recorded,not recorded,,unknown,unreviewed,,pass,recorded hidden_test_predictions.csv
V7,2098921,not recorded,HYOU1,not recorded,not recorded,moved_toward_benign,moved_toward_benign,0.003147297929955497,0.003147297929955497,true,correct high-confidence,0.9968527020700445,not recorded,not recorded,,unknown,unreviewed,,pass,recorded hidden_test_predictions.csv
V7,2500962,not recorded,NEB,not recorded,not recorded,moved_toward_pathogenic,moved_toward_pathogenic,0.9641092518034946,0.9641092518034946,true,correct high-confidence,0.9641092518034946,not recorded,not recorded,,unknown,unreviewed,,pass,recorded hidden_test_predictions.csv
V7,1708988,not recorded,BRCA2,not recorded,not recorded,moved_toward_benign,moved_toward_pathogenic,0.32932102317676415,0.32932102317676415,false,low-confidence,0.6706789768232359,not recorded,not recorded,,model over-predicted pathogenic,unreviewed,,pass,recorded hidden_test_predictions.csv
V7,1450933,not recorded,MYO18B,not recorded,not recorded,moved_toward_benign,moved_toward_benign,0.1058189890316926,0.1058189890316926,true,correct high-confidence,0.8941810109683074,not recorded,not recorded,,unknown,unreviewed,,pass,recorded hidden_test_predictions.csv
V7,1414936,not recorded,WWOX,not recorded,not recorded,moved_toward_benign,moved_toward_benign,0.015175964889338941,0.015175964889338941,true,correct high-confidence,0.9848240351106611,not recorded,not recorded,,unknown,unreviewed,,pass,recorded hidden_test_predictions.csv
V7,1381642,not recorded,ATRX,not recorded,not recorded,moved_toward_benign,moved_toward_benign,0.2375565406539888,0.2375565406539888,true,low-confidence,0.7624434593460112,not recorded,not recorded,,unknown,unreviewed,,pass,recorded hidden_test_predictions.csv
V7,1376253,not recorded,KDM6A,not recorded,not recorded,moved_toward_benign,moved_toward_pathogenic,0.6476347794832346,0.6476347794832346,false,low-confidence,0.6476347794832346,not recorded,not recorded,,model over-predicted pathogenic,unreviewed,,pass,recorded hidden_test_predictions.csv
V7,1352504,not recorded,SNRNP200,not recorded,not recorded,moved_toward_benign,moved_toward_benign,0.14216636729706705,0.14216636729706705,true,correct high-confidence,0.857833632702933,not recorded,not recorded,,unknown,unreviewed,,pass,recorded hidden_test_predictions.csv
V7,1434165,not recorded,C8A,not recorded,not recorded,moved_toward_benign,moved_toward_benign,0.011273738157448702,0.011273738157448702,true,correct high-confidence,0.9887262618425513,not recorded,not recorded,,unknown,unreviewed,,pass,recorded hidden_test_predictions.csv
V7,2197038,not recorded,TCN2,not recorded,not recorded,moved_toward_benign,moved_toward_benign,0.004208072456381459,0.004208072456381459,true,correct high-confidence,0.9957919275436186,not recorded,not recorded,,unknown,unreviewed,,pass,recorded hidden_test_predictions.csv
V7,1934342,not recorded,AARS1,not recorded,not recorded,moved_toward_pathogenic,moved_toward_pathogenic,0.9551944722311404,0.9551944722311404,true,correct high-confidence,0.9551944722311404,not recorded,not recorded,,unknown,unreviewed,,pass,recorded hidden_test_predictions.csv
V7,1351903,not recorded,NBN,not recorded,not recorded,moved_toward_benign,moved_toward_benign,0.008528693801585625,0.008528693801585625,true,correct high-confidence,0.9914713061984144,not recorded,not recorded,,unknown,unreviewed,,pass,recorded hidden_test_predictions.csv
V7,2143870,not recorded,KCNB1,not recorded,not recorded,moved_toward_benign,moved_toward_benign,0.2323753028934531,0.2323753028934531,true,low-confidence,0.7676246971065469,not recorded,not recorded,,unknown,unreviewed,,pass,recorded hidden_test_predictions.csv
V7,1957123,not recorded,CYFIP2,not recorded,not recorded,moved_toward_benign,moved_toward_benign,0.08353749337592022,0.08353749337592022,true,correct high-confidence,0.9164625066240798,not recorded,not recorded,,unknown,unreviewed,,pass,recorded hidden_test_predictions.csv
V7,2124588,not recorded,COX20,not recorded,not recorded,moved_toward_benign,moved_toward_benign,0.06492973913197732,0.06492973913197732,true,correct high-confidence,0.9350702608680227,not recorded,not recorded,,unknown,unreviewed,,pass,recorded hidden_test_predictions.csv
V7,2427319,not recorded,TSPEAR,not recorded,not recorded,moved_toward_pathogenic,moved_toward_pathogenic,0.4091369060588198,0.4091369060588198,true,low-confidence,0.5908630939411802,not recorded,not recorded,,unknown,unreviewed,,pass,recorded hidden_test_predictions.csv
V7,1419553,not recorded,ABCA1,not recorded,not recorded,moved_toward_benign,moved_toward_pathogenic,0.39844500476543826,0.39844500476543826,false,low-confidence,0.6015549952345618,not recorded,not recorded,,model over-predicted pathogenic,unreviewed,,pass,recorded hidden_test_predictions.csv
V7,1461796,not recorded,PEX26,not recorded,not recorded,moved_toward_benign,moved_toward_benign,0.017005332593008418,0.017005332593008418,true,correct high-confidence,0.9829946674069916,not recorded,not recorded,,unknown,unreviewed,,pass,recorded hidden_test_predictions.csv
V7,1691483,not recorded,ITGB3,not recorded,not recorded,moved_toward_pathogenic,moved_toward_pathogenic,0.47034833234384577,0.47034833234384577,true,low-confidence,0.5296516676561542,not recorded,not recorded,,unknown,unreviewed,,pass,recorded hidden_test_predictions.csv
V7,1954024,not recorded,PRF1,not recorded,not recorded,moved_toward_benign,moved_toward_benign,0.017005332593008418,0.017005332593008418,true,correct high-confidence,0.9829946674069916,not recorded,not recorded,,unknown,unreviewed,,pass,recorded hidden_test_predictions.csv
V7,1995562,not recorded,POLR3F,not recorded,not recorded,moved_toward_benign,moved_toward_benign,0.0702659926576246,0.0702659926576246,true,correct high-confidence,0.9297340073423754,not recorded,not recorded,,unknown,unreviewed,,pass,recorded hidden_test_predictions.csv
V7,1405298,not recorded,COL10A1,not recorded,not recorded,moved_toward_pathogenic,moved_toward_pathogenic,0.9741226057593085,0.9741226057593085,true,correct high-confidence,0.9741226057593085,not recorded,not recorded,,unknown,unreviewed,,pass,recorded hidden_test_predictions.csv
V7,1404769,not recorded,SON,not recorded,not recorded,moved_toward_benign,moved_toward_pathogenic,0.3863739366663815,0.3863739366663815,false,low-confidence,0.6136260633336186,not recorded,not recorded,,model over-predicted pathogenic,unreviewed,,pass,recorded hidden_test_predictions.csv
V7,1478048,not recorded,SCARB2,not recorded,not recorded,moved_toward_benign,moved_toward_benign,0.0068913471995887,0.0068913471995887,true,correct high-confidence,0.9931086528004113,not recorded,not recorded,,unknown,unreviewed,,pass,recorded hidden_test_predictions.csv
V7,1783134,not recorded,LAMA4,not recorded,not recorded,moved_toward_benign,moved_toward_pathogenic,0.3115619900180327,0.3115619900180327,false,low-confidence,0.6884380099819674,not recorded,not recorded,,model over-predicted pathogenic,unreviewed,,pass,recorded hidden_test_predictions.csv
V7,2166401,not recorded,TRRAP,not recorded,not recorded,moved_toward_benign,moved_toward_pathogenic,0.30339931876635756,0.30339931876635756,false,low-confidence,0.6966006812336425,not recorded,not recorded,,model over-predicted pathogenic,unreviewed,,pass,recorded hidden_test_predictions.csv
V7,1504815,not recorded,LRP2,not recorded,not recorded,moved_toward_benign,moved_toward_benign,0.11345999625094376,0.11345999625094376,true,correct high-confidence,0.8865400037490563,not recorded,not recorded,,unknown,unreviewed,,pass,recorded hidden_test_predictions.csv
V7,2095505,not recorded,EVC,not recorded,not recorded,moved_toward_benign,moved_toward_benign,0.0738874206553234,0.0738874206553234,true,correct high-confidence,0.9261125793446766,not recorded,not recorded,,unknown,unreviewed,,pass,recorded hidden_test_predictions.csv
V7,1516635,not recorded,SBF2,not recorded,not recorded,moved_toward_benign,moved_toward_benign,0.008528693801585625,0.008528693801585625,true,correct high-confidence,0.9914713061984144,not recorded,not recorded,,unknown,unreviewed,,pass,recorded hidden_test_predictions.csv
V7,1431264,not recorded,TTN,not recorded,not recorded,moved_toward_pathogenic,moved_toward_pathogenic,0.9635728212799093,0.9635728212799093,true,correct high-confidence,0.9635728212799093,not recorded,not recorded,,unknown,unreviewed,,pass,recorded hidden_test_predictions.csv
V7,1527122,not recorded,SPATA5,not recorded,not recorded,moved_toward_pathogenic,moved_toward_pathogenic,0.6025354011789936,0.6025354011789936,true,low-confidence,0.6025354011789936,not recorded,not recorded,,unknown,unreviewed,,pass,recorded hidden_test_predictions.csv
V7,1390084,not recorded,CXCR4,not recorded,not recorded,moved_toward_pathogenic,moved_toward_pathogenic,0.9536284559524433,0.9536284559524433,true,correct high-confidence,0.9536284559524433,not recorded,not recorded,,unknown,unreviewed,,pass,recorded hidden_test_predictions.csv
V7,1525990,not recorded,CCIN,not recorded,not recorded,moved_toward_pathogenic,moved_toward_pathogenic,0.3072525078899928,0.3072525078899928,true,low-confidence,0.6927474921100072,not recorded,not recorded,,unknown,unreviewed,,pass,recorded hidden_test_predictions.csv
V7,2549834,not recorded,SIN3A,not recorded,not recorded,moved_toward_benign,moved_toward_pathogenic,0.5940403308783316,0.5940403308783316,false,low-confidence,0.5940403308783316,not recorded,not recorded,,model over-predicted pathogenic,unreviewed,,pass,recorded hidden_test_predictions.csv
V7,1471068,not recorded,SH3BP2,not recorded,not recorded,moved_toward_benign,moved_toward_benign,0.015175964889338941,0.015175964889338941,true,correct high-confidence,0.9848240351106611,not recorded,not recorded,,unknown,unreviewed,,pass,recorded hidden_test_predictions.csv
V7,1488648,not recorded,KMT2C,not recorded,not recorded,moved_toward_benign,moved_toward_pathogenic,0.4006513015550138,0.4006513015550138,false,low-confidence,0.5993486984449863,not recorded,not recorded,,model over-predicted pathogenic,unreviewed,,pass,recorded hidden_test_predictions.csv
V7,1432422,not recorded,KIF1A,not recorded,not recorded,moved_toward_benign,moved_toward_benign,0.091192591508629,0.091192591508629,true,correct high-confidence,0.908807408491371,not recorded,not recorded,,unknown,unreviewed,,pass,recorded hidden_test_predictions.csv
V7,1388927,not recorded,GRIN2B,not recorded,not recorded,moved_toward_benign,moved_toward_pathogenic,0.3424203378326788,0.3424203378326788,false,low-confidence,0.6575796621673212,not recorded,not recorded,,model over-predicted pathogenic,unreviewed,,pass,recorded hidden_test_predictions.csv
V7,2077889,not recorded,KIZ,not recorded,not recorded,moved_toward_benign,moved_toward_benign,0.004330154808975773,0.004330154808975773,true,correct high-confidence,0.9956698451910242,not recorded,not recorded,,unknown,unreviewed,,pass,recorded hidden_test_predictions.csv
V7,1747421,not recorded,RAD51C,not recorded,not recorded,moved_toward_benign,moved_toward_pathogenic,0.35347188659376344,0.35347188659376344,false,low-confidence,0.6465281134062366,not recorded,not recorded,,model over-predicted pathogenic,unreviewed,,pass,recorded hidden_test_predictions.csv
V7,2160251,not recorded,KMT2E,not recorded,not recorded,moved_toward_benign,moved_toward_pathogenic,0.4675591375045049,0.4675591375045049,false,low-confidence,0.532440862495495,not recorded,not recorded,,model over-predicted pathogenic,unreviewed,,pass,recorded hidden_test_predictions.csv
V7,1484427,not recorded,C3,not recorded,not recorded,moved_toward_benign,moved_toward_benign,0.0212091537121144,0.0212091537121144,true,correct high-confidence,0.9787908462878856,not recorded,not recorded,,unknown,unreviewed,,pass,recorded hidden_test_predictions.csv
V7,1976189,not recorded,ADNP,not recorded,not recorded,moved_toward_benign,moved_toward_benign,0.005088109102223237,0.005088109102223237,true,correct high-confidence,0.9949118908977768,not recorded,not recorded,,unknown,unreviewed,,pass,recorded hidden_test_predictions.csv
V7,1790807,not recorded,ALMS1,not recorded,not recorded,moved_toward_benign,moved_toward_pathogenic,0.32932102317676415,0.32932102317676415,false,low-confidence,0.6706789768232359,not recorded,not recorded,,model over-predicted pathogenic,unreviewed,,pass,recorded hidden_test_predictions.csv
V7,2155410,not recorded,ARID1B,not recorded,not recorded,moved_toward_benign,moved_toward_benign,0.21331152713226584,0.21331152713226584,true,low-confidence,0.7866884728677341,not recorded,not recorded,,unknown,unreviewed,,pass,recorded hidden_test_predictions.csv
V7,1469437,not recorded,ANO5,not recorded,not recorded,moved_toward_pathogenic,moved_toward_pathogenic,0.3424203378326788,0.3424203378326788,true,low-confidence,0.6575796621673212,not recorded,not recorded,,unknown,unreviewed,,pass,recorded hidden_test_predictions.csv
V7,1409309,not recorded,GAA,not recorded,not recorded,moved_toward_pathogenic,moved_toward_benign,0.091192591508629,0.091192591508629,false,wrong high-confidence,0.908807408491371,not recorded,not recorded,,model over-predicted benign,unreviewed,,pass,recorded hidden_test_predictions.csv
V7,1447746,not recorded,SPEG,not recorded,not recorded,moved_toward_benign,moved_toward_benign,0.09649923818604884,0.09649923818604884,true,correct high-confidence,0.9035007618139511,not recorded,not recorded,,unknown,unreviewed,,pass,recorded hidden_test_predictions.csv
V7,1420550,not recorded,NFKB2,not recorded,not recorded,moved_toward_benign,moved_toward_benign,0.00847833138855774,0.00847833138855774,true,correct high-confidence,0.9915216686114423,not recorded,not recorded,,unknown,unreviewed,,pass,recorded hidden_test_predictions.csv
V7,1921345,not recorded,MOCS1,not recorded,not recorded,moved_toward_benign,moved_toward_benign,0.014669256733623985,0.014669256733623985,true,correct high-confidence,0.985330743266376,not recorded,not recorded,,unknown,unreviewed,,pass,recorded hidden_test_predictions.csv
V7,2442566,not recorded,KCNK4,not recorded,not recorded,moved_toward_benign,moved_toward_benign,0.21331152713226584,0.21331152713226584,true,low-confidence,0.7866884728677341,not recorded,not recorded,,unknown,unreviewed,,pass,recorded hidden_test_predictions.csv
V7,2036605,not recorded,PAFAH1B1,not recorded,not recorded,moved_toward_pathogenic,moved_toward_benign,0.022330121530087517,0.022330121530087517,false,wrong high-confidence,0.9776698784699125,not recorded,not recorded,,model over-predicted benign,unreviewed,,pass,recorded hidden_test_predictions.csv
V7,1505739,not recorded,CTNNA1,not recorded,not recorded,moved_toward_pathogenic,moved_toward_pathogenic,0.9668281293458547,0.9668281293458547,true,correct high-confidence,0.9668281293458547,not recorded,not recorded,,unknown,unreviewed,,pass,recorded hidden_test_predictions.csv
V7,2186385,not recorded,DNMT3B,not recorded,not recorded,moved_toward_benign,moved_toward_pathogenic,0.319104986627024,0.319104986627024,false,low-confidence,0.680895013372976,not recorded,not recorded,,model over-predicted pathogenic,unreviewed,,pass,recorded hidden_test_predictions.csv
V7,1998869,not recorded,RFX5,not recorded,not recorded,moved_toward_pathogenic,moved_toward_pathogenic,0.9536284559524433,0.9536284559524433,true,correct high-confidence,0.9536284559524433,not recorded,not recorded,,unknown,unreviewed,,pass,recorded hidden_test_predictions.csv
V7,1949250,not recorded,ALPK1,not recorded,not recorded,moved_toward_benign,moved_toward_pathogenic,0.8977191795816901,0.8977191795816901,false,wrong high-confidence,0.8977191795816901,not recorded,not recorded,,model over-predicted pathogenic,unreviewed,,pass,recorded hidden_test_predictions.csv
V7,1463902,not recorded,CDH2,not recorded,not recorded,moved_toward_benign,moved_toward_benign,0.009443350218480829,0.009443350218480829,true,correct high-confidence,0.9905566497815191,not recorded,not recorded,,unknown,unreviewed,,pass,recorded hidden_test_predictions.csv
V7,1943338,not recorded,DOCK8,not recorded,not recorded,moved_toward_benign,moved_toward_benign,0.003495766183212086,0.003495766183212086,true,correct high-confidence,0.9965042338167879,not recorded,not recorded,,unknown,unreviewed,,pass,recorded hidden_test_predictions.csv
V7,2632161,not recorded,PKD1,not recorded,not recorded,moved_toward_pathogenic,moved_toward_pathogenic,0.5570217052307858,0.5570217052307858,true,low-confidence,0.5570217052307858,not recorded,not recorded,,unknown,unreviewed,,pass,recorded hidden_test_predictions.csv
V7,1440948,not recorded,NOTCH1,not recorded,not recorded,moved_toward_benign,moved_toward_benign,0.007421686531211472,0.007421686531211472,true,correct high-confidence,0.9925783134687886,not recorded,not recorded,,unknown,unreviewed,,pass,recorded hidden_test_predictions.csv
V7,1522840,not recorded,KCNQ2,not recorded,not recorded,moved_toward_benign,moved_toward_benign,0.0068913471995887,0.0068913471995887,true,correct high-confidence,0.9931086528004113,not recorded,not recorded,,unknown,unreviewed,,pass,recorded hidden_test_predictions.csv
V7,1928899,not recorded,ALMS1,not recorded,not recorded,moved_toward_benign,moved_toward_benign,0.004208072456381459,0.004208072456381459,true,correct high-confidence,0.9957919275436186,not recorded,not recorded,,unknown,unreviewed,,pass,recorded hidden_test_predictions.csv
V7,1525694,not recorded,ACADVL,not recorded,not recorded,moved_toward_benign,moved_toward_benign,0.08230632895422622,0.08230632895422622,true,correct high-confidence,0.9176936710457738,not recorded,not recorded,,unknown,unreviewed,,pass,recorded hidden_test_predictions.csv
V7,1406975,not recorded,TYR,not recorded,not recorded,moved_toward_pathogenic,moved_toward_benign,0.08912145587383012,0.08912145587383012,false,wrong high-confidence,0.9108785441261699,not recorded,not recorded,,model over-predicted benign,unreviewed,,pass,recorded hidden_test_predictions.csv
V7,1424478,not recorded,NACC1,not recorded,not recorded,moved_toward_benign,moved_toward_pathogenic,0.3844555055711162,0.3844555055711162,false,low-confidence,0.6155444944288838,not recorded,not recorded,,model over-predicted pathogenic,unreviewed,,pass,recorded hidden_test_predictions.csv
V7,1392647,not recorded,CAPN5,not recorded,not recorded,moved_toward_benign,moved_toward_benign,0.09649923818604884,0.09649923818604884,true,correct high-confidence,0.9035007618139511,not recorded,not recorded,,unknown,unreviewed,,pass,recorded hidden_test_predictions.csv
V7,1477345,not recorded,KCNQ1,not recorded,not recorded,moved_toward_benign,moved_toward_benign,0.08638216928799206,0.08638216928799206,true,correct high-confidence,0.913617830712008,not recorded,not recorded,,unknown,unreviewed,,pass,recorded hidden_test_predictions.csv
V7,2018557,not recorded,CTNNA1,not recorded,not recorded,moved_toward_pathogenic,moved_toward_pathogenic,0.9511299444303564,0.9511299444303564,true,correct high-confidence,0.9511299444303564,not recorded,not recorded,,unknown,unreviewed,,pass,recorded hidden_test_predictions.csv
V7,1682408,not recorded,KARS1,not recorded,not recorded,moved_toward_pathogenic,moved_toward_benign,0.1007402875872402,0.1007402875872402,false,wrong high-confidence,0.8992597124127598,not recorded,not recorded,,model over-predicted benign,unreviewed,,pass,recorded hidden_test_predictions.csv
V7,1448642,not recorded,DNAH11,not recorded,not recorded,moved_toward_benign,moved_toward_pathogenic,0.34449406758118695,0.34449406758118695,false,low-confidence,0.655505932418813,not recorded,not recorded,,model over-predicted pathogenic,unreviewed,,pass,recorded hidden_test_predictions.csv
V7,1444624,not recorded,MED12,not recorded,not recorded,moved_toward_benign,moved_toward_pathogenic,0.6230175339512716,0.6230175339512716,false,low-confidence,0.6230175339512716,not recorded,not recorded,,model over-predicted pathogenic,unreviewed,,pass,recorded hidden_test_predictions.csv
V7,2006966,not recorded,BRCA2,not recorded,not recorded,moved_toward_benign,moved_toward_benign,0.05728767455256806,0.05728767455256806,true,correct high-confidence,0.9427123254474319,not recorded,not recorded,,unknown,unreviewed,,pass,recorded hidden_test_predictions.csv
V7,1992717,not recorded,HIVEP2,not recorded,not recorded,moved_toward_benign,moved_toward_pathogenic,0.3844555055711162,0.3844555055711162,false,low-confidence,0.6155444944288838,not recorded,not recorded,,model over-predicted pathogenic,unreviewed,,pass,recorded hidden_test_predictions.csv
V7,2019925,not recorded,IL18BP,not recorded,not recorded,moved_toward_benign,moved_toward_benign,0.08912145587383012,0.08912145587383012,true,correct high-confidence,0.9108785441261699,not recorded,not recorded,,unknown,unreviewed,,pass,recorded hidden_test_predictions.csv
V7,1395340,not recorded,RDH12,not recorded,not recorded,moved_toward_benign,moved_toward_benign,0.003831475403637806,0.003831475403637806,true,correct high-confidence,0.9961685245963622,not recorded,not recorded,,unknown,unreviewed,,pass,recorded hidden_test_predictions.csv
V7,1400349,not recorded,IFT172,not recorded,not recorded,moved_toward_benign,moved_toward_benign,0.00847833138855774,0.00847833138855774,true,correct high-confidence,0.9915216686114423,not recorded,not recorded,,unknown,unreviewed,,pass,recorded hidden_test_predictions.csv
V7,2184289,not recorded,SLC10A7,not recorded,not recorded,moved_toward_benign,moved_toward_benign,0.022330121530087517,0.022330121530087517,true,correct high-confidence,0.9776698784699125,not recorded,not recorded,,unknown,unreviewed,,pass,recorded hidden_test_predictions.csv
V7,1448524,not recorded,RECQL4,not recorded,not recorded,moved_toward_benign,moved_toward_benign,0.07198124403156887,0.07198124403156887,true,correct high-confidence,0.9280187559684311,not recorded,not recorded,,unknown,unreviewed,,pass,recorded hidden_test_predictions.csv
V7,2571477,not recorded,ATP7A,not recorded,not recorded,moved_toward_pathogenic,moved_toward_pathogenic,0.3099412734445553,0.3099412734445553,true,low-confidence,0.6900587265554448,not recorded,not recorded,,unknown,unreviewed,,pass,recorded hidden_test_predictions.csv
V7,1958134,not recorded,ACO2,not recorded,not recorded,moved_toward_benign,moved_toward_benign,0.10062135471730758,0.10062135471730758,true,correct high-confidence,0.8993786452826924,not recorded,not recorded,,unknown,unreviewed,,pass,recorded hidden_test_predictions.csv
V7,2416743,not recorded,TRRAP,not recorded,not recorded,moved_toward_benign,moved_toward_pathogenic,0.30339931876635756,0.30339931876635756,false,low-confidence,0.6966006812336425,not recorded,not recorded,,model over-predicted pathogenic,unreviewed,,pass,recorded hidden_test_predictions.csv
V7,2044659,not recorded,CARD11,not recorded,not recorded,moved_toward_benign,moved_toward_benign,0.07198124403156887,0.07198124403156887,true,correct high-confidence,0.9280187559684311,not recorded,not recorded,,unknown,unreviewed,,pass,recorded hidden_test_predictions.csv
V7,1447107,not recorded,HRAS,not recorded,not recorded,moved_toward_benign,moved_toward_benign,0.0068913471995887,0.0068913471995887,true,correct high-confidence,0.9931086528004113,not recorded,not recorded,,unknown,unreviewed,,pass,recorded hidden_test_predictions.csv
V7,2179624,not recorded,HERC1,not recorded,not recorded,moved_toward_benign,moved_toward_benign,0.06648408312570443,0.06648408312570443,true,correct high-confidence,0.9335159168742956,not recorded,not recorded,,unknown,unreviewed,,pass,recorded hidden_test_predictions.csv
V7,2015683,not recorded,CTBP1,not recorded,not recorded,moved_toward_benign,moved_toward_pathogenic,0.5422605586418207,0.5422605586418207,false,low-confidence,0.5422605586418207,not recorded,not recorded,,model over-predicted pathogenic,unreviewed,,pass,recorded hidden_test_predictions.csv
V7,2077650,not recorded,IRF8,not recorded,not recorded,moved_toward_benign,moved_toward_benign,0.015849397473589898,0.015849397473589898,true,correct high-confidence,0.9841506025264101,not recorded,not recorded,,unknown,unreviewed,,pass,recorded hidden_test_predictions.csv
V7,2137780,not recorded,PMM2,not recorded,not recorded,moved_toward_pathogenic,moved_toward_pathogenic,0.319104986627024,0.319104986627024,true,low-confidence,0.680895013372976,not recorded,not recorded,,unknown,unreviewed,,pass,recorded hidden_test_predictions.csv
V7,1411831,not recorded,ATM,not recorded,not recorded,moved_toward_benign,moved_toward_benign,0.0068913471995887,0.0068913471995887,true,correct high-confidence,0.9931086528004113,not recorded,not recorded,,unknown,unreviewed,,pass,recorded hidden_test_predictions.csv
V7,2229107,not recorded,ATN1,not recorded,not recorded,moved_toward_pathogenic,moved_toward_benign,0.2694509795145266,0.2694509795145266,false,low-confidence,0.7305490204854734,not recorded,not recorded,,model over-predicted benign,unreviewed,,pass,recorded hidden_test_predictions.csv
V7,2060148,not recorded,NEFL,not recorded,not recorded,moved_toward_benign,moved_toward_benign,0.004208072456381459,0.004208072456381459,true,correct high-confidence,0.9957919275436186,not recorded,not recorded,,unknown,unreviewed,,pass,recorded hidden_test_predictions.csv
V7,2076500,not recorded,TTN,not recorded,not recorded,moved_toward_pathogenic,moved_toward_pathogenic,0.9558977112250037,0.9558977112250037,true,correct high-confidence,0.9558977112250037,not recorded,not recorded,,unknown,unreviewed,,pass,recorded hidden_test_predictions.csv
V7,2176669,not recorded,KMT2B,not recorded,not recorded,moved_toward_benign,moved_toward_benign,0.21331152713226584,0.21331152713226584,true,low-confidence,0.7866884728677341,not recorded,not recorded,,unknown,unreviewed,,pass,recorded hidden_test_predictions.csv
V7,1384485,not recorded,CACNA1D,not recorded,not recorded,moved_toward_benign,moved_toward_benign,0.009443350218480829,0.009443350218480829,true,correct high-confidence,0.9905566497815191,not recorded,not recorded,,unknown,unreviewed,,pass,recorded hidden_test_predictions.csv
V7,1430441,not recorded,RELN,not recorded,not recorded,moved_toward_benign,moved_toward_benign,0.0738874206553234,0.0738874206553234,true,correct high-confidence,0.9261125793446766,not recorded,not recorded,,unknown,unreviewed,,pass,recorded hidden_test_predictions.csv
V7,2425047,not recorded,RAB28,not recorded,not recorded,moved_toward_pathogenic,moved_toward_pathogenic,0.6585004734325838,0.6585004734325838,true,low-confidence,0.6585004734325838,not recorded,not recorded,,unknown,unreviewed,,pass,recorded hidden_test_predictions.csv
V7,1478256,not recorded,SLC6A1,not recorded,not recorded,moved_toward_benign,moved_toward_pathogenic,0.3424203378326788,0.3424203378326788,false,low-confidence,0.6575796621673212,not recorded,not recorded,,model over-predicted pathogenic,unreviewed,,pass,recorded hidden_test_predictions.csv
V7,1400550,not recorded,SLC12A3,not recorded,not recorded,moved_toward_benign,moved_toward_benign,0.003769228847893471,0.003769228847893471,true,correct high-confidence,0.9962307711521066,not recorded,not recorded,,unknown,unreviewed,,pass,recorded hidden_test_predictions.csv
V7,1973875,not recorded,PLK4,not recorded,not recorded,moved_toward_benign,moved_toward_benign,0.004156385018889586,0.004156385018889586,true,correct high-confidence,0.9958436149811104,not recorded,not recorded,,unknown,unreviewed,,pass,recorded hidden_test_predictions.csv
V7,2162315,not recorded,SOS1,not recorded,not recorded,moved_toward_benign,moved_toward_benign,0.19018666771364773,0.19018666771364773,true,correct high-confidence,0.8098133322863523,not recorded,not recorded,,unknown,unreviewed,,pass,recorded hidden_test_predictions.csv
V7,1915106,not recorded,COL18A1,not recorded,not recorded,moved_toward_benign,moved_toward_benign,0.06397633321481741,0.06397633321481741,true,correct high-confidence,0.9360236667851826,not recorded,not recorded,,unknown,unreviewed,,pass,recorded hidden_test_predictions.csv
V7,2136952,not recorded,NFAT5,not recorded,not recorded,moved_toward_benign,moved_toward_benign,0.0738874206553234,0.0738874206553234,true,correct high-confidence,0.9261125793446766,not recorded,not recorded,,unknown,unreviewed,,pass,recorded hidden_test_predictions.csv
V7,1499270,not recorded,TFR2,not recorded,not recorded,moved_toward_benign,moved_toward_benign,0.07488397593894369,0.07488397593894369,true,correct high-confidence,0.9251160240610563,not recorded,not recorded,,unknown,unreviewed,,pass,recorded hidden_test_predictions.csv
V7,2103183,not recorded,TBX20,not recorded,not recorded,moved_toward_pathogenic,moved_toward_pathogenic,0.9643707634043326,0.9643707634043326,true,correct high-confidence,0.9643707634043326,not recorded,not recorded,,unknown,unreviewed,,pass,recorded hidden_test_predictions.csv
V7,2035240,not recorded,HRAS,not recorded,not recorded,moved_toward_benign,moved_toward_benign,0.0035879100654883657,0.0035879100654883657,true,correct high-confidence,0.9964120899345116,not recorded,not recorded,,unknown,unreviewed,,pass,recorded hidden_test_predictions.csv
V7,1479543,not recorded,LRP2,not recorded,not recorded,moved_toward_benign,moved_toward_benign,0.11829649156874039,0.11829649156874039,true,correct high-confidence,0.8817035084312597,not recorded,not recorded,,unknown,unreviewed,,pass,recorded hidden_test_predictions.csv
V7,2214909,not recorded,ZNF469,not recorded,not recorded,moved_toward_benign,moved_toward_pathogenic,0.319104986627024,0.319104986627024,false,low-confidence,0.680895013372976,not recorded,not recorded,,model over-predicted pathogenic,unreviewed,,pass,recorded hidden_test_predictions.csv
V7,2132618,not recorded,TOPORS,not recorded,not recorded,moved_toward_pathogenic,moved_toward_pathogenic,0.9554959284011917,0.9554959284011917,true,correct high-confidence,0.9554959284011917,not recorded,not recorded,,unknown,unreviewed,,pass,recorded hidden_test_predictions.csv
V7,1350558,not recorded,CPLANE1,not recorded,not recorded,moved_toward_benign,moved_toward_benign,0.0702659926576246,0.0702659926576246,true,correct high-confidence,0.9297340073423754,not recorded,not recorded,,unknown,unreviewed,,pass,recorded hidden_test_predictions.csv
V7,2061870,not recorded,RECQL4,not recorded,not recorded,moved_toward_benign,moved_toward_benign,0.07627466654602061,0.07627466654602061,true,correct high-confidence,0.9237253334539794,not recorded,not recorded,,unknown,unreviewed,,pass,recorded hidden_test_predictions.csv
V7,1472487,not recorded,RAB28,not recorded,not recorded,moved_toward_benign,moved_toward_benign,0.11829649156874039,0.11829649156874039,true,correct high-confidence,0.8817035084312597,not recorded,not recorded,,unknown,unreviewed,,pass,recorded hidden_test_predictions.csv
V7,1752721,not recorded,SFTPC,not recorded,not recorded,moved_toward_benign,moved_toward_pathogenic,0.46613450032404674,0.46613450032404674,false,low-confidence,0.5338654996759533,not recorded,not recorded,,model over-predicted pathogenic,unreviewed,,pass,recorded hidden_test_predictions.csv
V7,2194644,not recorded,MTMR14,not recorded,not recorded,moved_toward_benign,moved_toward_benign,0.0702659926576246,0.0702659926576246,true,correct high-confidence,0.9297340073423754,not recorded,not recorded,,unknown,unreviewed,,pass,recorded hidden_test_predictions.csv
V7,1346781,not recorded,NBAS,not recorded,not recorded,moved_toward_benign,moved_toward_pathogenic,0.4006513015550138,0.4006513015550138,false,low-confidence,0.5993486984449863,not recorded,not recorded,,model over-predicted pathogenic,unreviewed,,pass,recorded hidden_test_predictions.csv
V7,2195162,not recorded,PACS1,not recorded,not recorded,moved_toward_benign,moved_toward_pathogenic,0.319104986627024,0.319104986627024,false,low-confidence,0.680895013372976,not recorded,not recorded,,model over-predicted pathogenic,unreviewed,,pass,recorded hidden_test_predictions.csv
V7,1928213,not recorded,COL18A1,not recorded,not recorded,moved_toward_benign,moved_toward_benign,0.005088109102223237,0.005088109102223237,true,correct high-confidence,0.9949118908977768,not recorded,not recorded,,unknown,unreviewed,,pass,recorded hidden_test_predictions.csv
V7,2056030,not recorded,SLMAP,not recorded,not recorded,moved_toward_benign,moved_toward_benign,0.07075931400820337,0.07075931400820337,true,correct high-confidence,0.9292406859917967,not recorded,not recorded,,unknown,unreviewed,,pass,recorded hidden_test_predictions.csv
V7,2073308,not recorded,MACF1,not recorded,not recorded,moved_toward_benign,moved_toward_benign,0.22029526050553136,0.22029526050553136,true,low-confidence,0.7797047394944686,not recorded,not recorded,,unknown,unreviewed,,pass,recorded hidden_test_predictions.csv
V7,1730507,not recorded,RAD51C,not recorded,not recorded,moved_toward_benign,moved_toward_benign,0.2132544605962542,0.2132544605962542,true,low-confidence,0.7867455394037458,not recorded,not recorded,,unknown,unreviewed,,pass,recorded hidden_test_predictions.csv
V7,1464765,not recorded,ADGRV1,not recorded,not recorded,moved_toward_benign,moved_toward_benign,0.009443350218480829,0.009443350218480829,true,correct high-confidence,0.9905566497815191,not recorded,not recorded,,unknown,unreviewed,,pass,recorded hidden_test_predictions.csv
V7,1522268,not recorded,CAMK2B,not recorded,not recorded,moved_toward_benign,moved_toward_pathogenic,0.6626279397525584,0.6626279397525584,false,low-confidence,0.6626279397525584,not recorded,not recorded,,model over-predicted pathogenic,unreviewed,,pass,recorded hidden_test_predictions.csv
V7,2181956,not recorded,CYFIP2,not recorded,not recorded,moved_toward_benign,moved_toward_benign,0.08912145587383012,0.08912145587383012,true,correct high-confidence,0.9108785441261699,not recorded,not recorded,,unknown,unreviewed,,pass,recorded hidden_test_predictions.csv
V7,1974969,not recorded,BPTF,not recorded,not recorded,moved_toward_benign,moved_toward_benign,0.08912145587383012,0.08912145587383012,true,correct high-confidence,0.9108785441261699,not recorded,not recorded,,unknown,unreviewed,,pass,recorded hidden_test_predictions.csv
V7,2142823,not recorded,COL12A1,not recorded,not recorded,moved_toward_benign,moved_toward_pathogenic,0.32932102317676415,0.32932102317676415,false,low-confidence,0.6706789768232359,not recorded,not recorded,,model over-predicted pathogenic,unreviewed,,pass,recorded hidden_test_predictions.csv
V7,1403815,not recorded,SCN1A,not recorded,not recorded,moved_toward_pathogenic,moved_toward_pathogenic,0.34449406758118695,0.34449406758118695,true,low-confidence,0.655505932418813,not recorded,not recorded,,unknown,unreviewed,,pass,recorded hidden_test_predictions.csv
V7,2052528,not recorded,RNF213,not recorded,not recorded,moved_toward_benign,moved_toward_benign,0.19730205775218992,0.19730205775218992,true,correct high-confidence,0.8026979422478101,not recorded,not recorded,,unknown,unreviewed,,pass,recorded hidden_test_predictions.csv
V7,1402840,not recorded,ZNF423,not recorded,not recorded,moved_toward_benign,moved_toward_benign,0.015849397473589898,0.015849397473589898,true,correct high-confidence,0.9841506025264101,not recorded,not recorded,,unknown,unreviewed,,pass,recorded hidden_test_predictions.csv
V7,2018129,not recorded,COL18A1,not recorded,not recorded,moved_toward_benign,moved_toward_benign,0.05834355969926427,0.05834355969926427,true,correct high-confidence,0.9416564403007357,not recorded,not recorded,,unknown,unreviewed,,pass,recorded hidden_test_predictions.csv
V7,1468757,not recorded,TSC2,not recorded,not recorded,moved_toward_benign,moved_toward_pathogenic,0.3424203378326788,0.3424203378326788,false,low-confidence,0.6575796621673212,not recorded,not recorded,,model over-predicted pathogenic,unreviewed,,pass,recorded hidden_test_predictions.csv
V7,2035292,not recorded,ALDH18A1,not recorded,not recorded,moved_toward_pathogenic,moved_toward_pathogenic,0.9547638683185168,0.9547638683185168,true,correct high-confidence,0.9547638683185168,not recorded,not recorded,,unknown,unreviewed,,pass,recorded hidden_test_predictions.csv
V7,1806595,not recorded,COQ8A,not recorded,not recorded,moved_toward_pathogenic,moved_toward_pathogenic,0.31383375154496645,0.31383375154496645,true,low-confidence,0.6861662484550335,not recorded,not recorded,,unknown,unreviewed,,pass,recorded hidden_test_predictions.csv
V7,1398719,not recorded,ERBB2,not recorded,not recorded,moved_toward_benign,moved_toward_benign,0.11692038309912584,0.11692038309912584,true,correct high-confidence,0.8830796169008741,not recorded,not recorded,,unknown,unreviewed,,pass,recorded hidden_test_predictions.csv
V7,2435632,not recorded,RYR2,not recorded,not recorded,moved_toward_pathogenic,moved_toward_pathogenic,0.2903343693397947,0.2903343693397947,true,low-confidence,0.7096656306602054,not recorded,not recorded,,unknown,unreviewed,,pass,recorded hidden_test_predictions.csv
V7,1368207,not recorded,TIA1,not recorded,not recorded,moved_toward_benign,moved_toward_benign,0.08230632895422622,0.08230632895422622,true,correct high-confidence,0.9176936710457738,not recorded,not recorded,,unknown,unreviewed,,pass,recorded hidden_test_predictions.csv
V7,2126622,not recorded,SMAD3,not recorded,not recorded,moved_toward_pathogenic,moved_toward_benign,0.19018666771364773,0.19018666771364773,false,wrong high-confidence,0.8098133322863523,not recorded,not recorded,,model over-predicted benign,unreviewed,,pass,recorded hidden_test_predictions.csv
V7,1488476,not recorded,MYO7A,not recorded,not recorded,moved_toward_benign,moved_toward_benign,0.13370599904927863,0.13370599904927863,true,correct high-confidence,0.8662940009507214,not recorded,not recorded,,unknown,unreviewed,,pass,recorded hidden_test_predictions.csv
V7,1405395,not recorded,NBAS,not recorded,not recorded,moved_toward_benign,moved_toward_pathogenic,0.3844555055711162,0.3844555055711162,false,low-confidence,0.6155444944288838,not recorded,not recorded,,model over-predicted pathogenic,unreviewed,,pass,recorded hidden_test_predictions.csv
V7,1962223,not recorded,MAP3K7,not recorded,not recorded,moved_toward_benign,moved_toward_benign,0.11345999625094376,0.11345999625094376,true,correct high-confidence,0.8865400037490563,not recorded,not recorded,,unknown,unreviewed,,pass,recorded hidden_test_predictions.csv
V7,1411312,not recorded,IRF4,not recorded,not recorded,moved_toward_benign,moved_toward_benign,0.1007402875872402,0.1007402875872402,true,correct high-confidence,0.8992597124127598,not recorded,not recorded,,unknown,unreviewed,,pass,recorded hidden_test_predictions.csv
V7,1386250,not recorded,DYNC1H1,not recorded,not recorded,moved_toward_benign,moved_toward_benign,0.08230632895422622,0.08230632895422622,true,correct high-confidence,0.9176936710457738,not recorded,not recorded,,unknown,unreviewed,,pass,recorded hidden_test_predictions.csv
V7,1350860,not recorded,ZCCHC8,not recorded,not recorded,moved_toward_benign,moved_toward_benign,0.22029526050553136,0.22029526050553136,true,low-confidence,0.7797047394944686,not recorded,not recorded,,unknown,unreviewed,,pass,recorded hidden_test_predictions.csv
V7,1352820,not recorded,ADGRV1,not recorded,not recorded,moved_toward_benign,moved_toward_pathogenic,0.4442978228659409,0.4442978228659409,false,low-confidence,0.5557021771340591,not recorded,not recorded,,model over-predicted pathogenic,unreviewed,,pass,recorded hidden_test_predictions.csv
V7,1424711,not recorded,SLC12A5,not recorded,not recorded,moved_toward_benign,moved_toward_benign,0.07488397593894369,0.07488397593894369,true,correct high-confidence,0.9251160240610563,not recorded,not recorded,,unknown,unreviewed,,pass,recorded hidden_test_predictions.csv
V7,1372499,not recorded,TBC1D24,not recorded,not recorded,moved_toward_benign,moved_toward_benign,0.0738874206553234,0.0738874206553234,true,correct high-confidence,0.9261125793446766,not recorded,not recorded,,unknown,unreviewed,,pass,recorded hidden_test_predictions.csv
V7,1493803,not recorded,SETBP1,not recorded,not recorded,moved_toward_benign,moved_toward_benign,0.22029526050553136,0.22029526050553136,true,low-confidence,0.7797047394944686,not recorded,not recorded,,unknown,unreviewed,,pass,recorded hidden_test_predictions.csv
V7,1946623,not recorded,PROM1,not recorded,not recorded,moved_toward_pathogenic,moved_toward_benign,0.004156385018889586,0.004156385018889586,false,wrong high-confidence,0.9958436149811104,not recorded,not recorded,,model over-predicted benign,unreviewed,,pass,recorded hidden_test_predictions.csv
V7,2028938,not recorded,CTNNA1,not recorded,not recorded,moved_toward_pathogenic,moved_toward_pathogenic,0.9527360650183367,0.9527360650183367,true,correct high-confidence,0.9527360650183367,not recorded,not recorded,,unknown,unreviewed,,pass,recorded hidden_test_predictions.csv
V7,2074452,not recorded,CP,not recorded,not recorded,moved_toward_benign,moved_toward_benign,0.07198124403156887,0.07198124403156887,true,correct high-confidence,0.9280187559684311,not recorded,not recorded,,unknown,unreviewed,,pass,recorded hidden_test_predictions.csv
V7,1446831,not recorded,TNFRSF13B,not recorded,not recorded,moved_toward_benign,moved_toward_pathogenic,0.34449406758118695,0.34449406758118695,false,low-confidence,0.655505932418813,not recorded,not recorded,,model over-predicted pathogenic,unreviewed,,pass,recorded hidden_test_predictions.csv
V7,1793662,not recorded,XRCC2,not recorded,not recorded,moved_toward_pathogenic,moved_toward_pathogenic,0.9604831683962939,0.9604831683962939,true,correct high-confidence,0.9604831683962939,not recorded,not recorded,,unknown,unreviewed,,pass,recorded hidden_test_predictions.csv
V7,2125656,not recorded,FOXL2,not recorded,not recorded,moved_toward_pathogenic,moved_toward_pathogenic,0.31383375154496645,0.31383375154496645,true,low-confidence,0.6861662484550335,not recorded,not recorded,,unknown,unreviewed,,pass,recorded hidden_test_predictions.csv
V7,1444342,not recorded,DMD,not recorded,not recorded,moved_toward_benign,moved_toward_pathogenic,0.3115619900180327,0.3115619900180327,false,low-confidence,0.6884380099819674,not recorded,not recorded,,model over-predicted pathogenic,unreviewed,,pass,recorded hidden_test_predictions.csv
V7,1359993,not recorded,MET,not recorded,not recorded,moved_toward_benign,moved_toward_benign,0.00847833138855774,0.00847833138855774,true,correct high-confidence,0.9915216686114423,not recorded,not recorded,,unknown,unreviewed,,pass,recorded hidden_test_predictions.csv
V7,1438693,not recorded,PACS2,not recorded,not recorded,moved_toward_benign,moved_toward_benign,0.19730205775218992,0.19730205775218992,true,correct high-confidence,0.8026979422478101,not recorded,not recorded,,unknown,unreviewed,,pass,recorded hidden_test_predictions.csv
V7,2049915,not recorded,KMT2E,not recorded,not recorded,moved_toward_benign,moved_toward_benign,0.22045416542219984,0.22045416542219984,true,low-confidence,0.7795458345778001,not recorded,not recorded,,unknown,unreviewed,,pass,recorded hidden_test_predictions.csv
V7,2413397,not recorded,MOCS1,not recorded,not recorded,moved_toward_benign,moved_toward_benign,0.004016160264892066,0.004016160264892066,true,correct high-confidence,0.995983839735108,not recorded,not recorded,,unknown,unreviewed,,pass,recorded hidden_test_predictions.csv
V7,2112601,not recorded,PRPF8,not recorded,not recorded,moved_toward_pathogenic,moved_toward_pathogenic,0.9643707634043326,0.9643707634043326,true,correct high-confidence,0.9643707634043326,not recorded,not recorded,,unknown,unreviewed,,pass,recorded hidden_test_predictions.csv
V7,2067626,not recorded,IRF4,not recorded,not recorded,moved_toward_benign,moved_toward_pathogenic,0.30339931876635756,0.30339931876635756,false,low-confidence,0.6966006812336425,not recorded,not recorded,,model over-predicted pathogenic,unreviewed,,pass,recorded hidden_test_predictions.csv
V7,2019375,not recorded,COL18A1,not recorded,not recorded,moved_toward_benign,moved_toward_benign,0.08912145587383012,0.08912145587383012,true,correct high-confidence,0.9108785441261699,not recorded,not recorded,,unknown,unreviewed,,pass,recorded hidden_test_predictions.csv
V7,1488348,not recorded,PACS2,not recorded,not recorded,moved_toward_benign,moved_toward_benign,0.11692038309912584,0.11692038309912584,true,correct high-confidence,0.8830796169008741,not recorded,not recorded,,unknown,unreviewed,,pass,recorded hidden_test_predictions.csv
V7,2130284,not recorded,MSN,not recorded,not recorded,moved_toward_pathogenic,moved_toward_pathogenic,0.9641357912315837,0.9641357912315837,true,correct high-confidence,0.9641357912315837,not recorded,not recorded,,unknown,unreviewed,,pass,recorded hidden_test_predictions.csv
V7,2179173,not recorded,PLEKHG2,not recorded,not recorded,moved_toward_benign,moved_toward_benign,0.004021627514129141,0.004021627514129141,true,correct high-confidence,0.9959783724858708,not recorded,not recorded,,unknown,unreviewed,,pass,recorded hidden_test_predictions.csv
V7,2093259,not recorded,MAP3K20,not recorded,not recorded,moved_toward_benign,moved_toward_benign,0.06648408312570443,0.06648408312570443,true,correct high-confidence,0.9335159168742956,not recorded,not recorded,,unknown,unreviewed,,pass,recorded hidden_test_predictions.csv
V7,1465512,not recorded,RUNX1,not recorded,not recorded,moved_toward_benign,moved_toward_benign,0.07101477886814697,0.07101477886814697,true,correct high-confidence,0.928985221131853,not recorded,not recorded,,unknown,unreviewed,,pass,recorded hidden_test_predictions.csv
V7,1978826,not recorded,CDK13,not recorded,not recorded,moved_toward_benign,moved_toward_benign,0.21331152713226584,0.21331152713226584,true,low-confidence,0.7866884728677341,not recorded,not recorded,,unknown,unreviewed,,pass,recorded hidden_test_predictions.csv
V7,2091025,not recorded,ADA,not recorded,not recorded,moved_toward_benign,moved_toward_benign,0.08226400251166506,0.08226400251166506,true,correct high-confidence,0.9177359974883349,not recorded,not recorded,,unknown,unreviewed,,pass,recorded hidden_test_predictions.csv
V7,1436482,not recorded,TBX20,not recorded,not recorded,moved_toward_pathogenic,moved_toward_pathogenic,0.978855552253942,0.978855552253942,true,correct high-confidence,0.978855552253942,not recorded,not recorded,,unknown,unreviewed,,pass,recorded hidden_test_predictions.csv
V7,2151873,not recorded,ARSA,not recorded,not recorded,moved_toward_pathogenic,moved_toward_pathogenic,0.319104986627024,0.319104986627024,true,low-confidence,0.680895013372976,not recorded,not recorded,,unknown,unreviewed,,pass,recorded hidden_test_predictions.csv
V7,1974160,not recorded,MAP3K20,not recorded,not recorded,moved_toward_benign,moved_toward_benign,0.08353749337592022,0.08353749337592022,true,correct high-confidence,0.9164625066240798,not recorded,not recorded,,unknown,unreviewed,,pass,recorded hidden_test_predictions.csv
V7,1520101,not recorded,TRPM1,not recorded,not recorded,moved_toward_benign,moved_toward_pathogenic,0.3678398013925165,0.3678398013925165,false,low-confidence,0.6321601986074835,not recorded,not recorded,,model over-predicted pathogenic,unreviewed,,pass,recorded hidden_test_predictions.csv
V7,2014883,not recorded,ATRX,not recorded,not recorded,moved_toward_benign,moved_toward_pathogenic,0.3311123258420362,0.3311123258420362,false,low-confidence,0.6688876741579638,not recorded,not recorded,,model over-predicted pathogenic,unreviewed,,pass,recorded hidden_test_predictions.csv
V7,1501307,not recorded,POLE,not recorded,not recorded,moved_toward_benign,moved_toward_benign,0.07488397593894369,0.07488397593894369,true,correct high-confidence,0.9251160240610563,not recorded,not recorded,,unknown,unreviewed,,pass,recorded hidden_test_predictions.csv
V7,1517501,not recorded,ENG,not recorded,not recorded,moved_toward_pathogenic,moved_toward_benign,0.07075931400820337,0.07075931400820337,false,wrong high-confidence,0.9292406859917967,not recorded,not recorded,,model over-predicted benign,unreviewed,,pass,recorded hidden_test_predictions.csv
V7,1507658,not recorded,CACNA1F,not recorded,not recorded,moved_toward_benign,moved_toward_benign,0.1058189890316926,0.1058189890316926,true,correct high-confidence,0.8941810109683074,not recorded,not recorded,,unknown,unreviewed,,pass,recorded hidden_test_predictions.csv
V7,2017828,not recorded,CRX,not recorded,not recorded,moved_toward_pathogenic,moved_toward_pathogenic,0.9569222503126095,0.9569222503126095,true,correct high-confidence,0.9569222503126095,not recorded,not recorded,,unknown,unreviewed,,pass,recorded hidden_test_predictions.csv
V7,1446578,not recorded,LONP1,not recorded,not recorded,moved_toward_benign,moved_toward_benign,0.011273738157448702,0.011273738157448702,true,correct high-confidence,0.9887262618425513,not recorded,not recorded,,unknown,unreviewed,,pass,recorded hidden_test_predictions.csv
V7,1485953,not recorded,MTO1,not recorded,not recorded,moved_toward_benign,moved_toward_benign,0.23018714521261868,0.23018714521261868,true,low-confidence,0.7698128547873813,not recorded,not recorded,,unknown,unreviewed,,pass,recorded hidden_test_predictions.csv
V7,1405111,not recorded,KIF5A,not recorded,not recorded,moved_toward_benign,moved_toward_benign,0.008528693801585625,0.008528693801585625,true,correct high-confidence,0.9914713061984144,not recorded,not recorded,,unknown,unreviewed,,pass,recorded hidden_test_predictions.csv
V7,1740064,not recorded,TNXB,not recorded,not recorded,moved_toward_benign,moved_toward_pathogenic,0.32932102317676415,0.32932102317676415,false,low-confidence,0.6706789768232359,not recorded,not recorded,,model over-predicted pathogenic,unreviewed,,pass,recorded hidden_test_predictions.csv
V7,1461103,not recorded,ASAH1,not recorded,not recorded,moved_toward_benign,moved_toward_benign,0.11829649156874039,0.11829649156874039,true,correct high-confidence,0.8817035084312597,not recorded,not recorded,,unknown,unreviewed,,pass,recorded hidden_test_predictions.csv
V7,2446453,not recorded,GAMT,not recorded,not recorded,moved_toward_pathogenic,moved_toward_pathogenic,0.6195419286454078,0.6195419286454078,true,low-confidence,0.6195419286454078,not recorded,not recorded,,unknown,unreviewed,,pass,recorded hidden_test_predictions.csv
V7,1368343,not recorded,OTOG,not recorded,not recorded,moved_toward_benign,moved_toward_benign,0.011273738157448702,0.011273738157448702,true,correct high-confidence,0.9887262618425513,not recorded,not recorded,,unknown,unreviewed,,pass,recorded hidden_test_predictions.csv
V7,1439360,not recorded,ERBB2,not recorded,not recorded,moved_toward_benign,moved_toward_benign,0.011273738157448702,0.011273738157448702,true,correct high-confidence,0.9887262618425513,not recorded,not recorded,,unknown,unreviewed,,pass,recorded hidden_test_predictions.csv
V7,1505008,not recorded,DMD,not recorded,not recorded,moved_toward_benign,moved_toward_pathogenic,0.3424203378326788,0.3424203378326788,false,low-confidence,0.6575796621673212,not recorded,not recorded,,model over-predicted pathogenic,unreviewed,,pass,recorded hidden_test_predictions.csv
V7,1940779,not recorded,EFTUD2,not recorded,not recorded,moved_toward_benign,moved_toward_benign,0.004021627514129141,0.004021627514129141,true,correct high-confidence,0.9959783724858708,not recorded,not recorded,,unknown,unreviewed,,pass,recorded hidden_test_predictions.csv
V7,2625139,not recorded,RAD51C,not recorded,not recorded,moved_toward_benign,moved_toward_benign,0.11948289311760263,0.11948289311760263,true,correct high-confidence,0.8805171068823974,not recorded,not recorded,,unknown,unreviewed,,pass,recorded hidden_test_predictions.csv
V7,2046812,not recorded,CTNNA1,not recorded,not recorded,moved_toward_benign,moved_toward_benign,0.10062135471730758,0.10062135471730758,true,correct high-confidence,0.8993786452826924,not recorded,not recorded,,unknown,unreviewed,,pass,recorded hidden_test_predictions.csv
V7,1918073,not recorded,ATRX,not recorded,not recorded,moved_toward_benign,moved_toward_pathogenic,0.3217166179271983,0.3217166179271983,false,low-confidence,0.6782833820728017,not recorded,not recorded,,model over-predicted pathogenic,unreviewed,,pass,recorded hidden_test_predictions.csv
V7,2081093,not recorded,BCL11B,not recorded,not recorded,moved_toward_benign,moved_toward_benign,0.22029526050553136,0.22029526050553136,true,low-confidence,0.7797047394944686,not recorded,not recorded,,unknown,unreviewed,,pass,recorded hidden_test_predictions.csv
V7,1407925,not recorded,FBXO38,not recorded,not recorded,moved_toward_benign,moved_toward_benign,0.008528693801585625,0.008528693801585625,true,correct high-confidence,0.9914713061984144,not recorded,not recorded,,unknown,unreviewed,,pass,recorded hidden_test_predictions.csv
V7,1977746,not recorded,TUBB2A,not recorded,not recorded,moved_toward_benign,moved_toward_benign,0.03161944905825128,0.03161944905825128,true,correct high-confidence,0.9683805509417487,not recorded,not recorded,,unknown,unreviewed,,pass,recorded hidden_test_predictions.csv
V7,2629171,not recorded,HTR2C,not recorded,not recorded,moved_toward_benign,moved_toward_benign,0.0038549423389642487,0.0038549423389642487,true,correct high-confidence,0.9961450576610358,not recorded,not recorded,,unknown,unreviewed,,pass,recorded hidden_test_predictions.csv
V7,1394176,not recorded,LMX1B,not recorded,not recorded,moved_toward_benign,moved_toward_benign,0.010553374600922375,0.010553374600922375,true,correct high-confidence,0.9894466253990776,not recorded,not recorded,,unknown,unreviewed,,pass,recorded hidden_test_predictions.csv
V7,1414432,not recorded,SPR,not recorded,not recorded,moved_toward_pathogenic,moved_toward_pathogenic,0.957714705491657,0.957714705491657,true,correct high-confidence,0.957714705491657,not recorded,not recorded,,unknown,unreviewed,,pass,recorded hidden_test_predictions.csv
V7,1945855,not recorded,C1QA,not recorded,not recorded,moved_toward_benign,moved_toward_benign,0.10062135471730758,0.10062135471730758,true,correct high-confidence,0.8993786452826924,not recorded,not recorded,,unknown,unreviewed,,pass,recorded hidden_test_predictions.csv
V7,1360447,not recorded,POLE,not recorded,not recorded,moved_toward_benign,moved_toward_benign,0.08230632895422622,0.08230632895422622,true,correct high-confidence,0.9176936710457738,not recorded,not recorded,,unknown,unreviewed,,pass,recorded hidden_test_predictions.csv
V7,1471499,not recorded,ACY1,not recorded,not recorded,moved_toward_benign,moved_toward_benign,0.014798519036459803,0.014798519036459803,true,correct high-confidence,0.9852014809635402,not recorded,not recorded,,unknown,unreviewed,,pass,recorded hidden_test_predictions.csv
V7,1982332,not recorded,NBAS,not recorded,not recorded,moved_toward_benign,moved_toward_benign,0.2159768967229677,0.2159768967229677,true,low-confidence,0.7840231032770323,not recorded,not recorded,,unknown,unreviewed,,pass,recorded hidden_test_predictions.csv
V7,2027208,not recorded,TET2,not recorded,not recorded,moved_toward_pathogenic,moved_toward_pathogenic,0.9554959284011917,0.9554959284011917,true,correct high-confidence,0.9554959284011917,not recorded,not recorded,,unknown,unreviewed,,pass,recorded hidden_test_predictions.csv
V7,1495495,not recorded,EYA1,not recorded,not recorded,moved_toward_benign,moved_toward_pathogenic,0.319104986627024,0.319104986627024,false,low-confidence,0.680895013372976,not recorded,not recorded,,model over-predicted pathogenic,unreviewed,,pass,recorded hidden_test_predictions.csv
V7,1445004,not recorded,RPE65,not recorded,not recorded,moved_toward_pathogenic,moved_toward_pathogenic,0.3424203378326788,0.3424203378326788,true,low-confidence,0.6575796621673212,not recorded,not recorded,,unknown,unreviewed,,pass,recorded hidden_test_predictions.csv
V7,2099992,not recorded,CACNA1E,not recorded,not recorded,moved_toward_benign,moved_toward_benign,0.21331152713226584,0.21331152713226584,true,low-confidence,0.7866884728677341,not recorded,not recorded,,unknown,unreviewed,,pass,recorded hidden_test_predictions.csv
V7,2587202,not recorded,PTEN,not recorded,not recorded,moved_toward_pathogenic,moved_toward_benign,0.23363718595774313,0.23363718595774313,false,low-confidence,0.7663628140422569,not recorded,not recorded,,model over-predicted benign,unreviewed,,pass,recorded hidden_test_predictions.csv
V7,1962652,not recorded,ABCG8,not recorded,not recorded,moved_toward_benign,moved_toward_benign,0.011273738157448702,0.011273738157448702,true,correct high-confidence,0.9887262618425513,not recorded,not recorded,,unknown,unreviewed,,pass,recorded hidden_test_predictions.csv
V7,1959011,not recorded,TUBGCP6,not recorded,not recorded,moved_toward_benign,moved_toward_benign,0.0212091537121144,0.0212091537121144,true,correct high-confidence,0.9787908462878856,not recorded,not recorded,,unknown,unreviewed,,pass,recorded hidden_test_predictions.csv
V7,1373302,not recorded,BICD2,not recorded,not recorded,moved_toward_benign,moved_toward_benign,0.08638216928799206,0.08638216928799206,true,correct high-confidence,0.913617830712008,not recorded,not recorded,,unknown,unreviewed,,pass,recorded hidden_test_predictions.csv
V7,1951435,not recorded,CNTNAP2,not recorded,not recorded,moved_toward_benign,moved_toward_benign,0.003831475403637806,0.003831475403637806,true,correct high-confidence,0.9961685245963622,not recorded,not recorded,,unknown,unreviewed,,pass,recorded hidden_test_predictions.csv
V7,2036873,not recorded,TTN,not recorded,not recorded,moved_toward_pathogenic,moved_toward_pathogenic,0.9452504893291144,0.9452504893291144,true,correct high-confidence,0.9452504893291144,not recorded,not recorded,,unknown,unreviewed,,pass,recorded hidden_test_predictions.csv
V7,1386055,not recorded,MYO5B,not recorded,not recorded,moved_toward_pathogenic,moved_toward_pathogenic,0.962311412748623,0.962311412748623,true,correct high-confidence,0.962311412748623,not recorded,not recorded,,unknown,unreviewed,,pass,recorded hidden_test_predictions.csv
V7,1497210,not recorded,MYH7,not recorded,not recorded,moved_toward_benign,moved_toward_benign,0.08230632895422622,0.08230632895422622,true,correct high-confidence,0.9176936710457738,not recorded,not recorded,,unknown,unreviewed,,pass,recorded hidden_test_predictions.csv
V7,1435288,not recorded,SETX,not recorded,not recorded,moved_toward_benign,moved_toward_pathogenic,0.3424203378326788,0.3424203378326788,false,low-confidence,0.6575796621673212,not recorded,not recorded,,model over-predicted pathogenic,unreviewed,,pass,recorded hidden_test_predictions.csv
V7,1951747,not recorded,TMEM70,not recorded,not recorded,moved_toward_benign,moved_toward_benign,0.015175964889338941,0.015175964889338941,true,correct high-confidence,0.9848240351106611,not recorded,not recorded,,unknown,unreviewed,,pass,recorded hidden_test_predictions.csv
V7,2154687,not recorded,RPE65,not recorded,not recorded,moved_toward_pathogenic,moved_toward_benign,0.2132544605962542,0.2132544605962542,false,low-confidence,0.7867455394037458,not recorded,not recorded,,model over-predicted benign,unreviewed,,pass,recorded hidden_test_predictions.csv
V7,1978355,not recorded,RAB11B,not recorded,not recorded,moved_toward_benign,moved_toward_benign,0.19730205775218992,0.19730205775218992,true,correct high-confidence,0.8026979422478101,not recorded,not recorded,,unknown,unreviewed,,pass,recorded hidden_test_predictions.csv
V7,2091142,not recorded,ABHD5,not recorded,not recorded,moved_toward_benign,moved_toward_benign,0.1057659646548092,0.1057659646548092,true,correct high-confidence,0.8942340353451907,not recorded,not recorded,,unknown,unreviewed,,pass,recorded hidden_test_predictions.csv
V7,1974473,not recorded,MYH7B,not recorded,not recorded,moved_toward_benign,moved_toward_benign,0.004156385018889586,0.004156385018889586,true,correct high-confidence,0.9958436149811104,not recorded,not recorded,,unknown,unreviewed,,pass,recorded hidden_test_predictions.csv
V7,1366444,not recorded,ABCC9,not recorded,not recorded,moved_toward_pathogenic,moved_toward_pathogenic,0.9638381274336133,0.9638381274336133,true,correct high-confidence,0.9638381274336133,not recorded,not recorded,,unknown,unreviewed,,pass,recorded hidden_test_predictions.csv
V7,1525949,not recorded,PRPF8,not recorded,not recorded,moved_toward_benign,moved_toward_benign,0.029086146634715464,0.029086146634715464,true,correct high-confidence,0.9709138533652846,not recorded,not recorded,,unknown,unreviewed,,pass,recorded hidden_test_predictions.csv
V7,2041181,not recorded,TSC2,not recorded,not recorded,moved_toward_benign,moved_toward_benign,0.06480521240405537,0.06480521240405537,true,correct high-confidence,0.9351947875959447,not recorded,not recorded,,unknown,unreviewed,,pass,recorded hidden_test_predictions.csv
V7,1984894,not recorded,KMT2D,not recorded,not recorded,moved_toward_benign,moved_toward_pathogenic,0.3424203378326788,0.3424203378326788,false,low-confidence,0.6575796621673212,not recorded,not recorded,,model over-predicted pathogenic,unreviewed,,pass,recorded hidden_test_predictions.csv
V7,1374134,not recorded,FERMT3,not recorded,not recorded,moved_toward_benign,moved_toward_benign,0.015175964889338941,0.015175964889338941,true,correct high-confidence,0.9848240351106611,not recorded,not recorded,,unknown,unreviewed,,pass,recorded hidden_test_predictions.csv
V7,2643309,not recorded,CUX2,not recorded,not recorded,moved_toward_benign,moved_toward_pathogenic,0.5895497692256777,0.5895497692256777,false,low-confidence,0.5895497692256777,not recorded,not recorded,,model over-predicted pathogenic,unreviewed,,pass,recorded hidden_test_predictions.csv
V7,1375440,not recorded,PRKDC,not recorded,not recorded,moved_toward_benign,moved_toward_benign,0.015849397473589898,0.015849397473589898,true,correct high-confidence,0.9841506025264101,not recorded,not recorded,,unknown,unreviewed,,pass,recorded hidden_test_predictions.csv
V7,1525153,not recorded,PCLO,not recorded,not recorded,moved_toward_benign,moved_toward_benign,0.009443350218480829,0.009443350218480829,true,correct high-confidence,0.9905566497815191,not recorded,not recorded,,unknown,unreviewed,,pass,recorded hidden_test_predictions.csv
V7,1499170,not recorded,RECQL,not recorded,not recorded,moved_toward_benign,moved_toward_benign,0.1058189890316926,0.1058189890316926,true,correct high-confidence,0.8941810109683074,not recorded,not recorded,,unknown,unreviewed,,pass,recorded hidden_test_predictions.csv
V7,1360612,not recorded,CHST3,not recorded,not recorded,moved_toward_benign,moved_toward_benign,0.007421686531211472,0.007421686531211472,true,correct high-confidence,0.9925783134687886,not recorded,not recorded,,unknown,unreviewed,,pass,recorded hidden_test_predictions.csv
V7,1722470,not recorded,MYLK,not recorded,not recorded,moved_toward_benign,moved_toward_benign,0.07101477886814697,0.07101477886814697,true,correct high-confidence,0.928985221131853,not recorded,not recorded,,unknown,unreviewed,,pass,recorded hidden_test_predictions.csv
V7,1941238,not recorded,NUP160,not recorded,not recorded,moved_toward_benign,moved_toward_benign,0.004330154808975773,0.004330154808975773,true,correct high-confidence,0.9956698451910242,not recorded,not recorded,,unknown,unreviewed,,pass,recorded hidden_test_predictions.csv
V7,2182487,not recorded,MAP3K14,not recorded,not recorded,moved_toward_benign,moved_toward_benign,0.07075931400820337,0.07075931400820337,true,correct high-confidence,0.9292406859917967,not recorded,not recorded,,unknown,unreviewed,,pass,recorded hidden_test_predictions.csv
V7,1481177,not recorded,RAB28,not recorded,not recorded,moved_toward_pathogenic,moved_toward_pathogenic,0.9554959284011917,0.9554959284011917,true,correct high-confidence,0.9554959284011917,not recorded,not recorded,,unknown,unreviewed,,pass,recorded hidden_test_predictions.csv
V7,1768695,not recorded,CTNNA1,not recorded,not recorded,moved_toward_pathogenic,moved_toward_pathogenic,0.9679462667584305,0.9679462667584305,true,correct high-confidence,0.9679462667584305,not recorded,not recorded,,unknown,unreviewed,,pass,recorded hidden_test_predictions.csv
V7,1513571,not recorded,IRF7,not recorded,not recorded,moved_toward_benign,moved_toward_benign,0.0068913471995887,0.0068913471995887,true,correct high-confidence,0.9931086528004113,not recorded,not recorded,,unknown,unreviewed,,pass,recorded hidden_test_predictions.csv
V7,1368311,not recorded,NDUFAF6,not recorded,not recorded,moved_toward_benign,moved_toward_benign,0.10135667041595701,0.10135667041595701,true,correct high-confidence,0.898643329584043,not recorded,not recorded,,unknown,unreviewed,,pass,recorded hidden_test_predictions.csv
V7,1334146,not recorded,HNF1A,not recorded,not recorded,moved_toward_benign,moved_toward_pathogenic,0.5421183962410725,0.5421183962410725,false,low-confidence,0.5421183962410725,not recorded,not recorded,,model over-predicted pathogenic,unreviewed,,pass,recorded hidden_test_predictions.csv
V7,2127440,not recorded,ALMS1,not recorded,not recorded,moved_toward_benign,moved_toward_benign,0.003831475403637806,0.003831475403637806,true,correct high-confidence,0.9961685245963622,not recorded,not recorded,,unknown,unreviewed,,pass,recorded hidden_test_predictions.csv
V7,1499742,not recorded,FLCN,not recorded,not recorded,moved_toward_benign,moved_toward_benign,0.07101477886814697,0.07101477886814697,true,correct high-confidence,0.928985221131853,not recorded,not recorded,,unknown,unreviewed,,pass,recorded hidden_test_predictions.csv
V7,2059500,not recorded,SMCHD1,not recorded,not recorded,moved_toward_benign,moved_toward_benign,0.015849397473589898,0.015849397473589898,true,correct high-confidence,0.9841506025264101,not recorded,not recorded,,unknown,unreviewed,,pass,recorded hidden_test_predictions.csv
V7,1497050,not recorded,KMT2D,not recorded,not recorded,moved_toward_benign,moved_toward_pathogenic,0.3311123258420362,0.3311123258420362,false,low-confidence,0.6688876741579638,not recorded,not recorded,,model over-predicted pathogenic,unreviewed,,pass,recorded hidden_test_predictions.csv
V7,2040590,not recorded,DYNC1H1,not recorded,not recorded,moved_toward_benign,moved_toward_benign,0.07075931400820337,0.07075931400820337,true,correct high-confidence,0.9292406859917967,not recorded,not recorded,,unknown,unreviewed,,pass,recorded hidden_test_predictions.csv
V7,1389640,not recorded,NAGA,not recorded,not recorded,moved_toward_benign,moved_toward_benign,0.007421686531211472,0.007421686531211472,true,correct high-confidence,0.9925783134687886,not recorded,not recorded,,unknown,unreviewed,,pass,recorded hidden_test_predictions.csv
V7,1776001,not recorded,LZTR1,not recorded,not recorded,moved_toward_benign,moved_toward_pathogenic,0.4132048971589515,0.4132048971589515,false,low-confidence,0.5867951028410485,not recorded,not recorded,,model over-predicted pathogenic,unreviewed,,pass,recorded hidden_test_predictions.csv
V7,2036287,not recorded,COL18A1,not recorded,not recorded,moved_toward_benign,moved_toward_benign,0.06713740615516636,0.06713740615516636,true,correct high-confidence,0.9328625938448336,not recorded,not recorded,,unknown,unreviewed,,pass,recorded hidden_test_predictions.csv
V7,1467761,not recorded,SGPL1,not recorded,not recorded,moved_toward_benign,moved_toward_benign,0.005723531445065686,0.005723531445065686,true,correct high-confidence,0.9942764685549343,not recorded,not recorded,,unknown,unreviewed,,pass,recorded hidden_test_predictions.csv
V7,2085854,not recorded,CTNNB1,not recorded,not recorded,moved_toward_benign,moved_toward_benign,0.022330121530087517,0.022330121530087517,true,correct high-confidence,0.9776698784699125,not recorded,not recorded,,unknown,unreviewed,,pass,recorded hidden_test_predictions.csv
V7,2567633,not recorded,MUTYH,not recorded,not recorded,moved_toward_pathogenic,moved_toward_pathogenic,0.4833809111570796,0.4833809111570796,true,low-confidence,0.5166190888429204,not recorded,not recorded,,unknown,unreviewed,,pass,recorded hidden_test_predictions.csv
V7,1800316,not recorded,MRE11,not recorded,not recorded,moved_toward_benign,moved_toward_benign,0.12122243696559178,0.12122243696559178,true,correct high-confidence,0.8787775630344082,not recorded,not recorded,,unknown,unreviewed,,pass,recorded hidden_test_predictions.csv
V7,1787394,not recorded,RAD51C,not recorded,not recorded,moved_toward_benign,moved_toward_pathogenic,0.32932102317676415,0.32932102317676415,false,low-confidence,0.6706789768232359,not recorded,not recorded,,model over-predicted pathogenic,unreviewed,,pass,recorded hidden_test_predictions.csv
V7,1415144,not recorded,SLC5A7,not recorded,not recorded,moved_toward_pathogenic,moved_toward_pathogenic,0.9566253608465544,0.9566253608465544,true,correct high-confidence,0.9566253608465544,not recorded,not recorded,,unknown,unreviewed,,pass,recorded hidden_test_predictions.csv
V7,1806233,not recorded,KMT2C,not recorded,not recorded,moved_toward_benign,moved_toward_benign,0.23018714521261868,0.23018714521261868,true,low-confidence,0.7698128547873813,not recorded,not recorded,,unknown,unreviewed,,pass,recorded hidden_test_predictions.csv
V7,1971233,not recorded,BPTF,not recorded,not recorded,moved_toward_benign,moved_toward_pathogenic,0.5524509716774998,0.5524509716774998,false,low-confidence,0.5524509716774998,not recorded,not recorded,,model over-predicted pathogenic,unreviewed,,pass,recorded hidden_test_predictions.csv
V7,1504459,not recorded,RHO,not recorded,not recorded,moved_toward_pathogenic,moved_toward_pathogenic,0.9554959284011917,0.9554959284011917,true,correct high-confidence,0.9554959284011917,not recorded,not recorded,,unknown,unreviewed,,pass,recorded hidden_test_predictions.csv
V7,1937594,not recorded,MCM3AP,not recorded,not recorded,moved_toward_benign,moved_toward_benign,0.0702659926576246,0.0702659926576246,true,correct high-confidence,0.9297340073423754,not recorded,not recorded,,unknown,unreviewed,,pass,recorded hidden_test_predictions.csv
V7,1496402,not recorded,FH,not recorded,not recorded,moved_toward_benign,moved_toward_benign,0.11692038309912584,0.11692038309912584,true,correct high-confidence,0.8830796169008741,not recorded,not recorded,,unknown,unreviewed,,pass,recorded hidden_test_predictions.csv
V7,1473567,not recorded,LRBA,not recorded,not recorded,moved_toward_benign,moved_toward_benign,0.00847833138855774,0.00847833138855774,true,correct high-confidence,0.9915216686114423,not recorded,not recorded,,unknown,unreviewed,,pass,recorded hidden_test_predictions.csv
V7,1395050,not recorded,IGLL1,not recorded,not recorded,moved_toward_benign,moved_toward_benign,0.008528693801585625,0.008528693801585625,true,correct high-confidence,0.9914713061984144,not recorded,not recorded,,unknown,unreviewed,,pass,recorded hidden_test_predictions.csv
V7,2138359,not recorded,GNAS,not recorded,not recorded,moved_toward_pathogenic,moved_toward_pathogenic,0.3678398013925165,0.3678398013925165,true,low-confidence,0.6321601986074835,not recorded,not recorded,,unknown,unreviewed,,pass,recorded hidden_test_predictions.csv
V7,2173679,not recorded,WDPCP,not recorded,not recorded,moved_toward_benign,moved_toward_benign,0.004208072456381459,0.004208072456381459,true,correct high-confidence,0.9957919275436186,not recorded,not recorded,,unknown,unreviewed,,pass,recorded hidden_test_predictions.csv
V7,1479865,not recorded,TSC2,not recorded,not recorded,moved_toward_benign,moved_toward_pathogenic,0.3217166179271983,0.3217166179271983,false,low-confidence,0.6782833820728017,not recorded,not recorded,,model over-predicted pathogenic,unreviewed,,pass,recorded hidden_test_predictions.csv
V7,1410002,not recorded,TPM3,not recorded,not recorded,moved_toward_benign,moved_toward_benign,0.007421686531211472,0.007421686531211472,true,correct high-confidence,0.9925783134687886,not recorded,not recorded,,unknown,unreviewed,,pass,recorded hidden_test_predictions.csv
V7,1943443,not recorded,GRXCR2,not recorded,not recorded,moved_toward_pathogenic,moved_toward_pathogenic,0.957212602535569,0.957212602535569,true,correct high-confidence,0.957212602535569,not recorded,not recorded,,unknown,unreviewed,,pass,recorded hidden_test_predictions.csv
V7,2091320,not recorded,PHEX,not recorded,not recorded,moved_toward_pathogenic,moved_toward_pathogenic,0.3678398013925165,0.3678398013925165,true,low-confidence,0.6321601986074835,not recorded,not recorded,,unknown,unreviewed,,pass,recorded hidden_test_predictions.csv
V7,2022527,not recorded,TTN,not recorded,not recorded,moved_toward_pathogenic,moved_toward_pathogenic,0.9569222503126095,0.9569222503126095,true,correct high-confidence,0.9569222503126095,not recorded,not recorded,,unknown,unreviewed,,pass,recorded hidden_test_predictions.csv
V7,2194990,not recorded,PACS1,not recorded,not recorded,moved_toward_benign,moved_toward_benign,0.19018666771364773,0.19018666771364773,true,correct high-confidence,0.8098133322863523,not recorded,not recorded,,unknown,unreviewed,,pass,recorded hidden_test_predictions.csv
V7,1498395,not recorded,KANSL1,not recorded,not recorded,moved_toward_benign,moved_toward_benign,0.07488397593894369,0.07488397593894369,true,correct high-confidence,0.9251160240610563,not recorded,not recorded,,unknown,unreviewed,,pass,recorded hidden_test_predictions.csv
V7,1371788,not recorded,NEB,not recorded,not recorded,moved_toward_benign,moved_toward_benign,0.08230632895422622,0.08230632895422622,true,correct high-confidence,0.9176936710457738,not recorded,not recorded,,unknown,unreviewed,,pass,recorded hidden_test_predictions.csv
V7,1946691,not recorded,COL7A1,not recorded,not recorded,moved_toward_benign,moved_toward_benign,0.1706927049591184,0.1706927049591184,true,correct high-confidence,0.8293072950408816,not recorded,not recorded,,unknown,unreviewed,,pass,recorded hidden_test_predictions.csv
V7,1772176,not recorded,MUTYH,not recorded,not recorded,moved_toward_benign,moved_toward_pathogenic,0.47218946705029263,0.47218946705029263,false,low-confidence,0.5278105329497074,not recorded,not recorded,,model over-predicted pathogenic,unreviewed,,pass,recorded hidden_test_predictions.csv
V7,1955762,not recorded,DNAH8,not recorded,not recorded,moved_toward_benign,moved_toward_benign,0.004208072456381459,0.004208072456381459,true,correct high-confidence,0.9957919275436186,not recorded,not recorded,,unknown,unreviewed,,pass,recorded hidden_test_predictions.csv
V7,2006488,not recorded,CDH2,not recorded,not recorded,moved_toward_benign,moved_toward_benign,0.0212091537121144,0.0212091537121144,true,correct high-confidence,0.9787908462878856,not recorded,not recorded,,unknown,unreviewed,,pass,recorded hidden_test_predictions.csv
V7,1351834,not recorded,PSMA3,not recorded,not recorded,moved_toward_benign,moved_toward_benign,0.11692038309912584,0.11692038309912584,true,correct high-confidence,0.8830796169008741,not recorded,not recorded,,unknown,unreviewed,,pass,recorded hidden_test_predictions.csv
V7,2138122,not recorded,SGSH,not recorded,not recorded,moved_toward_pathogenic,moved_toward_benign,0.2132544605962542,0.2132544605962542,false,low-confidence,0.7867455394037458,not recorded,not recorded,,model over-predicted benign,unreviewed,,pass,recorded hidden_test_predictions.csv
V7,1954296,not recorded,CENPJ,not recorded,not recorded,moved_toward_benign,moved_toward_benign,0.0212091537121144,0.0212091537121144,true,correct high-confidence,0.9787908462878856,not recorded,not recorded,,unknown,unreviewed,,pass,recorded hidden_test_predictions.csv
V7,2586555,not recorded,TTN,not recorded,not recorded,moved_toward_pathogenic,moved_toward_pathogenic,0.9711446400959594,0.9711446400959594,true,correct high-confidence,0.9711446400959594,not recorded,not recorded,,unknown,unreviewed,,pass,recorded hidden_test_predictions.csv
V7,1477488,not recorded,POLE2,not recorded,not recorded,moved_toward_benign,moved_toward_benign,0.010553374600922375,0.010553374600922375,true,correct high-confidence,0.9894466253990776,not recorded,not recorded,,unknown,unreviewed,,pass,recorded hidden_test_predictions.csv
V7,1683076,not recorded,MRTFA,not recorded,not recorded,moved_toward_benign,moved_toward_benign,0.011273738157448702,0.011273738157448702,true,correct high-confidence,0.9887262618425513,not recorded,not recorded,,unknown,unreviewed,,pass,recorded hidden_test_predictions.csv
V7,2143242,not recorded,KMT2D,not recorded,not recorded,moved_toward_benign,moved_toward_pathogenic,0.32932102317676415,0.32932102317676415,false,low-confidence,0.6706789768232359,not recorded,not recorded,,model over-predicted pathogenic,unreviewed,,pass,recorded hidden_test_predictions.csv
V7,1494214,not recorded,FBXO11,not recorded,not recorded,moved_toward_benign,moved_toward_benign,0.010553374600922375,0.010553374600922375,true,correct high-confidence,0.9894466253990776,not recorded,not recorded,,unknown,unreviewed,,pass,recorded hidden_test_predictions.csv
V7,1428254,not recorded,TIA1,not recorded,not recorded,moved_toward_benign,moved_toward_benign,0.007421686531211472,0.007421686531211472,true,correct high-confidence,0.9925783134687886,not recorded,not recorded,,unknown,unreviewed,,pass,recorded hidden_test_predictions.csv
V7,1494308,not recorded,DIAPH1,not recorded,not recorded,moved_toward_benign,moved_toward_benign,0.08230632895422622,0.08230632895422622,true,correct high-confidence,0.9176936710457738,not recorded,not recorded,,unknown,unreviewed,,pass,recorded hidden_test_predictions.csv
V7,2156941,not recorded,AKT2,not recorded,not recorded,moved_toward_benign,moved_toward_benign,0.2375565406539888,0.2375565406539888,true,low-confidence,0.7624434593460112,not recorded,not recorded,,unknown,unreviewed,,pass,recorded hidden_test_predictions.csv
V7,2587461,not recorded,MUTYH,not recorded,not recorded,moved_toward_benign,moved_toward_pathogenic,0.5940403308783316,0.5940403308783316,false,low-confidence,0.5940403308783316,not recorded,not recorded,,model over-predicted pathogenic,unreviewed,,pass,recorded hidden_test_predictions.csv
V7,1514074,not recorded,PCARE,not recorded,not recorded,moved_toward_benign,moved_toward_benign,0.0212091537121144,0.0212091537121144,true,correct high-confidence,0.9787908462878856,not recorded,not recorded,,unknown,unreviewed,,pass,recorded hidden_test_predictions.csv
V7,1984393,not recorded,AHDC1,not recorded,not recorded,moved_toward_benign,moved_toward_benign,0.21331152713226584,0.21331152713226584,true,low-confidence,0.7866884728677341,not recorded,not recorded,,unknown,unreviewed,,pass,recorded hidden_test_predictions.csv
V7,1777895,not recorded,CFTR,not recorded,not recorded,moved_toward_benign,moved_toward_benign,0.14827858576311578,0.14827858576311578,true,correct high-confidence,0.8517214142368842,not recorded,not recorded,,unknown,unreviewed,,pass,recorded hidden_test_predictions.csv
V7,2138833,not recorded,POR,not recorded,not recorded,moved_toward_benign,moved_toward_benign,0.0045294285572129965,0.0045294285572129965,true,correct high-confidence,0.9954705714427871,not recorded,not recorded,,unknown,unreviewed,,pass,recorded hidden_test_predictions.csv
V7,1445137,not recorded,BRIP1,not recorded,not recorded,moved_toward_pathogenic,moved_toward_pathogenic,0.6025354011789936,0.6025354011789936,true,low-confidence,0.6025354011789936,not recorded,not recorded,,unknown,unreviewed,,pass,recorded hidden_test_predictions.csv
V7,1413276,not recorded,CSPP1,not recorded,not recorded,moved_toward_benign,moved_toward_benign,0.091192591508629,0.091192591508629,true,correct high-confidence,0.908807408491371,not recorded,not recorded,,unknown,unreviewed,,pass,recorded hidden_test_predictions.csv
V7,2626188,not recorded,ALMS1,not recorded,not recorded,moved_toward_benign,moved_toward_pathogenic,0.5940403308783316,0.5940403308783316,false,low-confidence,0.5940403308783316,not recorded,not recorded,,model over-predicted pathogenic,unreviewed,,pass,recorded hidden_test_predictions.csv
V7,1415082,not recorded,ETHE1,not recorded,not recorded,moved_toward_benign,moved_toward_benign,0.007421686531211472,0.007421686531211472,true,correct high-confidence,0.9925783134687886,not recorded,not recorded,,unknown,unreviewed,,pass,recorded hidden_test_predictions.csv
V7,1475344,not recorded,COL10A1,not recorded,not recorded,moved_toward_pathogenic,moved_toward_pathogenic,0.978855552253942,0.978855552253942,true,correct high-confidence,0.978855552253942,not recorded,not recorded,,unknown,unreviewed,,pass,recorded hidden_test_predictions.csv
V7,1682159,not recorded,AARS1,not recorded,not recorded,moved_toward_pathogenic,moved_toward_pathogenic,0.9522171770705028,0.9522171770705028,true,correct high-confidence,0.9522171770705028,not recorded,not recorded,,unknown,unreviewed,,pass,recorded hidden_test_predictions.csv
V7,1993414,not recorded,RELA,not recorded,not recorded,moved_toward_benign,moved_toward_benign,0.0702659926576246,0.0702659926576246,true,correct high-confidence,0.9297340073423754,not recorded,not recorded,,unknown,unreviewed,,pass,recorded hidden_test_predictions.csv
V7,1743711,not recorded,POT1,not recorded,not recorded,moved_toward_benign,moved_toward_benign,0.015175964889338941,0.015175964889338941,true,correct high-confidence,0.9848240351106611,not recorded,not recorded,,unknown,unreviewed,,pass,recorded hidden_test_predictions.csv
V7,2199451,not recorded,AKAP9,not recorded,not recorded,moved_toward_benign,moved_toward_benign,0.07075931400820337,0.07075931400820337,true,correct high-confidence,0.9292406859917967,not recorded,not recorded,,unknown,unreviewed,,pass,recorded hidden_test_predictions.csv
V7,1390211,not recorded,TCF20,not recorded,not recorded,moved_toward_benign,moved_toward_benign,0.009443350218480829,0.009443350218480829,true,correct high-confidence,0.9905566497815191,not recorded,not recorded,,unknown,unreviewed,,pass,recorded hidden_test_predictions.csv
V7,2092776,not recorded,PRKDC,not recorded,not recorded,moved_toward_benign,moved_toward_benign,0.07075931400820337,0.07075931400820337,true,correct high-confidence,0.9292406859917967,not recorded,not recorded,,unknown,unreviewed,,pass,recorded hidden_test_predictions.csv
V7,1421549,not recorded,NPC1,not recorded,not recorded,moved_toward_pathogenic,moved_toward_pathogenic,0.34449406758118695,0.34449406758118695,true,low-confidence,0.655505932418813,not recorded,not recorded,,unknown,unreviewed,,pass,recorded hidden_test_predictions.csv
V7,2036722,not recorded,TTN,not recorded,not recorded,moved_toward_pathogenic,moved_toward_pathogenic,0.9470033219492459,0.9470033219492459,true,correct high-confidence,0.9470033219492459,not recorded,not recorded,,unknown,unreviewed,,pass,recorded hidden_test_predictions.csv
V7,1391095,not recorded,EIF2AK3,not recorded,not recorded,moved_toward_benign,moved_toward_benign,0.08912145587383012,0.08912145587383012,true,correct high-confidence,0.9108785441261699,not recorded,not recorded,,unknown,unreviewed,,pass,recorded hidden_test_predictions.csv
V7,1407244,not recorded,CAMK2B,not recorded,not recorded,moved_toward_benign,moved_toward_benign,0.22029526050553136,0.22029526050553136,true,low-confidence,0.7797047394944686,not recorded,not recorded,,unknown,unreviewed,,pass,recorded hidden_test_predictions.csv
V7,2021250,not recorded,RECQL4,not recorded,not recorded,moved_toward_benign,moved_toward_benign,0.07377667666265943,0.07377667666265943,true,correct high-confidence,0.9262233233373406,not recorded,not recorded,,unknown,unreviewed,,pass,recorded hidden_test_predictions.csv
V7,1348001,not recorded,TTN,not recorded,not recorded,moved_toward_pathogenic,moved_toward_pathogenic,0.9558104677519265,0.9558104677519265,true,correct high-confidence,0.9558104677519265,not recorded,not recorded,,unknown,unreviewed,,pass,recorded hidden_test_predictions.csv
V7,1489942,not recorded,SLC52A3,not recorded,not recorded,moved_toward_benign,moved_toward_benign,0.08230632895422622,0.08230632895422622,true,correct high-confidence,0.9176936710457738,not recorded,not recorded,,unknown,unreviewed,,pass,recorded hidden_test_predictions.csv
V7,1991681,not recorded,MSH2,not recorded,not recorded,moved_toward_benign,moved_toward_benign,0.07101477886814697,0.07101477886814697,true,correct high-confidence,0.928985221131853,not recorded,not recorded,,unknown,unreviewed,,pass,recorded hidden_test_predictions.csv
V7,1785656,not recorded,MSH3,not recorded,not recorded,moved_toward_benign,moved_toward_pathogenic,0.37498245891505255,0.37498245891505255,false,low-confidence,0.6250175410849474,not recorded,not recorded,,model over-predicted pathogenic,unreviewed,,pass,recorded hidden_test_predictions.csv
V7,1491005,not recorded,SETBP1,not recorded,not recorded,moved_toward_benign,moved_toward_pathogenic,0.3863739366663815,0.3863739366663815,false,low-confidence,0.6136260633336186,not recorded,not recorded,,model over-predicted pathogenic,unreviewed,,pass,recorded hidden_test_predictions.csv
V7,1466752,not recorded,TTN,not recorded,not recorded,moved_toward_pathogenic,moved_toward_pathogenic,0.9647384984080992,0.9647384984080992,true,correct high-confidence,0.9647384984080992,not recorded,not recorded,,unknown,unreviewed,,pass,recorded hidden_test_predictions.csv
V7,1518628,not recorded,ITGA7,not recorded,not recorded,moved_toward_benign,moved_toward_benign,0.00847833138855774,0.00847833138855774,true,correct high-confidence,0.9915216686114423,not recorded,not recorded,,unknown,unreviewed,,pass,recorded hidden_test_predictions.csv
V7,2018342,not recorded,PRKDC,not recorded,not recorded,moved_toward_benign,moved_toward_benign,0.004016160264892066,0.004016160264892066,true,correct high-confidence,0.995983839735108,not recorded,not recorded,,unknown,unreviewed,,pass,recorded hidden_test_predictions.csv
V7,1379860,not recorded,NFAT5,not recorded,not recorded,moved_toward_benign,moved_toward_benign,0.08638216928799206,0.08638216928799206,true,correct high-confidence,0.913617830712008,not recorded,not recorded,,unknown,unreviewed,,pass,recorded hidden_test_predictions.csv
V7,1371099,not recorded,NEB,not recorded,not recorded,moved_toward_benign,moved_toward_benign,0.08230632895422622,0.08230632895422622,true,correct high-confidence,0.9176936710457738,not recorded,not recorded,,unknown,unreviewed,,pass,recorded hidden_test_predictions.csv
V7,2199642,not recorded,TTN,not recorded,not recorded,moved_toward_pathogenic,moved_toward_pathogenic,0.5957643981504271,0.5957643981504271,true,low-confidence,0.5957643981504271,not recorded,not recorded,,unknown,unreviewed,,pass,recorded hidden_test_predictions.csv
V7,1968135,not recorded,CDKN1C,not recorded,not recorded,moved_toward_benign,moved_toward_benign,0.015175964889338941,0.015175964889338941,true,correct high-confidence,0.9848240351106611,not recorded,not recorded,,unknown,unreviewed,,pass,recorded hidden_test_predictions.csv
V7,2621397,not recorded,TRDN,not recorded,not recorded,moved_toward_benign,moved_toward_pathogenic,0.5940403308783316,0.5940403308783316,false,low-confidence,0.5940403308783316,not recorded,not recorded,,model over-predicted pathogenic,unreviewed,,pass,recorded hidden_test_predictions.csv
V7,1362286,not recorded,EPM2A,not recorded,not recorded,moved_toward_benign,moved_toward_benign,0.011643879489147446,0.011643879489147446,true,correct high-confidence,0.9883561205108525,not recorded,not recorded,,unknown,unreviewed,,pass,recorded hidden_test_predictions.csv
V7,1989109,not recorded,COL9A2,not recorded,not recorded,moved_toward_benign,moved_toward_benign,0.08353749337592022,0.08353749337592022,true,correct high-confidence,0.9164625066240798,not recorded,not recorded,,unknown,unreviewed,,pass,recorded hidden_test_predictions.csv
V7,1445139,not recorded,NGLY1,not recorded,not recorded,moved_toward_benign,moved_toward_benign,0.08230632895422622,0.08230632895422622,true,correct high-confidence,0.9176936710457738,not recorded,not recorded,,unknown,unreviewed,,pass,recorded hidden_test_predictions.csv
V7,1476558,not recorded,MSH6,not recorded,not recorded,moved_toward_pathogenic,moved_toward_pathogenic,0.3424203378326788,0.3424203378326788,true,low-confidence,0.6575796621673212,not recorded,not recorded,,unknown,unreviewed,,pass,recorded hidden_test_predictions.csv
V7,1473033,not recorded,RYR2,not recorded,not recorded,moved_toward_benign,moved_toward_benign,0.08226400251166506,0.08226400251166506,true,correct high-confidence,0.9177359974883349,not recorded,not recorded,,unknown,unreviewed,,pass,recorded hidden_test_predictions.csv
V7,2202997,not recorded,TTLL5,not recorded,not recorded,moved_toward_pathogenic,moved_toward_pathogenic,0.3678398013925165,0.3678398013925165,true,low-confidence,0.6321601986074835,not recorded,not recorded,,unknown,unreviewed,,pass,recorded hidden_test_predictions.csv
V7,1929984,not recorded,HYOU1,not recorded,not recorded,moved_toward_benign,moved_toward_benign,0.005088109102223237,0.005088109102223237,true,correct high-confidence,0.9949118908977768,not recorded,not recorded,,unknown,unreviewed,,pass,recorded hidden_test_predictions.csv
V7,1465944,not recorded,PROM1,not recorded,not recorded,moved_toward_benign,moved_toward_benign,0.009443350218480829,0.009443350218480829,true,correct high-confidence,0.9905566497815191,not recorded,not recorded,,unknown,unreviewed,,pass,recorded hidden_test_predictions.csv
V7,2041472,not recorded,MAP3K20,not recorded,not recorded,moved_toward_benign,moved_toward_benign,0.05834355969926427,0.05834355969926427,true,correct high-confidence,0.9416564403007357,not recorded,not recorded,,unknown,unreviewed,,pass,recorded hidden_test_predictions.csv
V7,1349669,not recorded,DMD,not recorded,not recorded,moved_toward_benign,moved_toward_benign,0.22805493216608788,0.22805493216608788,true,low-confidence,0.7719450678339121,not recorded,not recorded,,unknown,unreviewed,,pass,recorded hidden_test_predictions.csv
V7,1781066,not recorded,BARD1,not recorded,not recorded,moved_toward_benign,moved_toward_pathogenic,0.48780852712527795,0.48780852712527795,false,low-confidence,0.5121914728747221,not recorded,not recorded,,model over-predicted pathogenic,unreviewed,,pass,recorded hidden_test_predictions.csv
V7,1760970,not recorded,CPA1,not recorded,not recorded,moved_toward_benign,moved_toward_pathogenic,0.9697995820749259,0.9697995820749259,false,wrong high-confidence,0.9697995820749259,not recorded,not recorded,,model over-predicted pathogenic,unreviewed,,pass,recorded hidden_test_predictions.csv
V7,2030744,not recorded,ALOX12B,not recorded,not recorded,moved_toward_pathogenic,moved_toward_benign,0.22045416542219984,0.22045416542219984,false,low-confidence,0.7795458345778001,not recorded,not recorded,,model over-predicted benign,unreviewed,,pass,recorded hidden_test_predictions.csv
V7,2646755,not recorded,HYDIN,not recorded,not recorded,moved_toward_benign,moved_toward_pathogenic,0.5895497692256777,0.5895497692256777,false,low-confidence,0.5895497692256777,not recorded,not recorded,,model over-predicted pathogenic,unreviewed,,pass,recorded hidden_test_predictions.csv
V7,1492325,not recorded,CD19,not recorded,not recorded,moved_toward_benign,moved_toward_benign,0.09649923818604884,0.09649923818604884,true,correct high-confidence,0.9035007618139511,not recorded,not recorded,,unknown,unreviewed,,pass,recorded hidden_test_predictions.csv
V7,1434892,not recorded,KIF2A,not recorded,not recorded,moved_toward_benign,moved_toward_pathogenic,0.6776415602968462,0.6776415602968462,false,low-confidence,0.6776415602968462,not recorded,not recorded,,model over-predicted pathogenic,unreviewed,,pass,recorded hidden_test_predictions.csv
V7,2121176,not recorded,COL18A1,not recorded,not recorded,moved_toward_benign,moved_toward_benign,0.08353749337592022,0.08353749337592022,true,correct high-confidence,0.9164625066240798,not recorded,not recorded,,unknown,unreviewed,,pass,recorded hidden_test_predictions.csv
V7,1473802,not recorded,TNNI3K,not recorded,not recorded,moved_toward_benign,moved_toward_benign,0.11692038309912584,0.11692038309912584,true,correct high-confidence,0.8830796169008741,not recorded,not recorded,,unknown,unreviewed,,pass,recorded hidden_test_predictions.csv
V7,1366773,not recorded,CDC73,not recorded,not recorded,moved_toward_benign,moved_toward_benign,0.07101477886814697,0.07101477886814697,true,correct high-confidence,0.928985221131853,not recorded,not recorded,,unknown,unreviewed,,pass,recorded hidden_test_predictions.csv
V7,1373137,not recorded,ALMS1,not recorded,not recorded,moved_toward_benign,moved_toward_benign,0.0068913471995887,0.0068913471995887,true,correct high-confidence,0.9931086528004113,not recorded,not recorded,,unknown,unreviewed,,pass,recorded hidden_test_predictions.csv
V7,2111705,not recorded,LTBP4,not recorded,not recorded,moved_toward_benign,moved_toward_benign,0.08912145587383012,0.08912145587383012,true,correct high-confidence,0.9108785441261699,not recorded,not recorded,,unknown,unreviewed,,pass,recorded hidden_test_predictions.csv
V7,1405612,not recorded,KIT,not recorded,not recorded,moved_toward_benign,moved_toward_benign,0.07874820402632407,0.07874820402632407,true,correct high-confidence,0.9212517959736759,not recorded,not recorded,,unknown,unreviewed,,pass,recorded hidden_test_predictions.csv
V7,1450734,not recorded,VPS13C,not recorded,not recorded,moved_toward_pathogenic,moved_toward_pathogenic,0.9527405430822293,0.9527405430822293,true,correct high-confidence,0.9527405430822293,not recorded,not recorded,,unknown,unreviewed,,pass,recorded hidden_test_predictions.csv
V7,1473870,not recorded,EXOSC9,not recorded,not recorded,moved_toward_benign,moved_toward_benign,0.0702659926576246,0.0702659926576246,true,correct high-confidence,0.9297340073423754,not recorded,not recorded,,unknown,unreviewed,,pass,recorded hidden_test_predictions.csv
V7,1373131,not recorded,PHF21A,not recorded,not recorded,moved_toward_benign,moved_toward_benign,0.11345999625094376,0.11345999625094376,true,correct high-confidence,0.8865400037490563,not recorded,not recorded,,unknown,unreviewed,,pass,recorded hidden_test_predictions.csv
V7,1389523,not recorded,LONP1,not recorded,not recorded,moved_toward_benign,moved_toward_pathogenic,0.4006513015550138,0.4006513015550138,false,low-confidence,0.5993486984449863,not recorded,not recorded,,model over-predicted pathogenic,unreviewed,,pass,recorded hidden_test_predictions.csv
V7,2141843,not recorded,INF2,not recorded,not recorded,moved_toward_benign,moved_toward_benign,0.07075931400820337,0.07075931400820337,true,correct high-confidence,0.9292406859917967,not recorded,not recorded,,unknown,unreviewed,,pass,recorded hidden_test_predictions.csv
V7,1376805,not recorded,TRPM4,not recorded,not recorded,moved_toward_benign,moved_toward_benign,0.00847833138855774,0.00847833138855774,true,correct high-confidence,0.9915216686114423,not recorded,not recorded,,unknown,unreviewed,,pass,recorded hidden_test_predictions.csv
V7,2193230,not recorded,DCAF17,not recorded,not recorded,moved_toward_benign,moved_toward_benign,0.0038549423389642487,0.0038549423389642487,true,correct high-confidence,0.9961450576610358,not recorded,not recorded,,unknown,unreviewed,,pass,recorded hidden_test_predictions.csv
V7,2458588,not recorded,RFX7,not recorded,not recorded,moved_toward_pathogenic,moved_toward_pathogenic,0.9609620015548708,0.9609620015548708,true,correct high-confidence,0.9609620015548708,not recorded,not recorded,,unknown,unreviewed,,pass,recorded hidden_test_predictions.csv
V7,1402006,not recorded,KCNH2,not recorded,not recorded,moved_toward_benign,moved_toward_benign,0.08638216928799206,0.08638216928799206,true,correct high-confidence,0.913617830712008,not recorded,not recorded,,unknown,unreviewed,,pass,recorded hidden_test_predictions.csv
V7,1478773,not recorded,AHDC1,not recorded,not recorded,moved_toward_benign,moved_toward_pathogenic,0.4006513015550138,0.4006513015550138,false,low-confidence,0.5993486984449863,not recorded,not recorded,,model over-predicted pathogenic,unreviewed,,pass,recorded hidden_test_predictions.csv
V7,2091371,not recorded,CACNA1A,not recorded,not recorded,moved_toward_benign,moved_toward_benign,0.015175964889338941,0.015175964889338941,true,correct high-confidence,0.9848240351106611,not recorded,not recorded,,unknown,unreviewed,,pass,recorded hidden_test_predictions.csv
V7,1441351,not recorded,INPPL1,not recorded,not recorded,moved_toward_benign,moved_toward_benign,0.008530672284574936,0.008530672284574936,true,correct high-confidence,0.9914693277154251,not recorded,not recorded,,unknown,unreviewed,,pass,recorded hidden_test_predictions.csv
V7,1427704,not recorded,SGSH,not recorded,not recorded,moved_toward_benign,moved_toward_benign,0.007421686531211472,0.007421686531211472,true,correct high-confidence,0.9925783134687886,not recorded,not recorded,,unknown,unreviewed,,pass,recorded hidden_test_predictions.csv
V7,1509933,not recorded,GRIN2B,not recorded,not recorded,moved_toward_benign,moved_toward_benign,0.1621003428382758,0.1621003428382758,true,correct high-confidence,0.8378996571617242,not recorded,not recorded,,unknown,unreviewed,,pass,recorded hidden_test_predictions.csv
V7,1946123,not recorded,SATB2,not recorded,not recorded,moved_toward_benign,moved_toward_pathogenic,0.3115619900180327,0.3115619900180327,false,low-confidence,0.6884380099819674,not recorded,not recorded,,model over-predicted pathogenic,unreviewed,,pass,recorded hidden_test_predictions.csv
V7,1736146,not recorded,TNXB,not recorded,not recorded,moved_toward_benign,moved_toward_pathogenic,0.3356009635418437,0.3356009635418437,false,low-confidence,0.6643990364581562,not recorded,not recorded,,model over-predicted pathogenic,unreviewed,,pass,recorded hidden_test_predictions.csv
V7,1719354,not recorded,KAT6A,not recorded,not recorded,moved_toward_benign,moved_toward_benign,0.21129272709848507,0.21129272709848507,true,low-confidence,0.788707272901515,not recorded,not recorded,,unknown,unreviewed,,pass,recorded hidden_test_predictions.csv
V7,2031612,not recorded,FOXG1,not recorded,not recorded,moved_toward_benign,moved_toward_benign,0.0033796548726550716,0.0033796548726550716,true,correct high-confidence,0.9966203451273449,not recorded,not recorded,,unknown,unreviewed,,pass,recorded hidden_test_predictions.csv
V7,2043686,not recorded,RNF43,not recorded,not recorded,moved_toward_benign,moved_toward_benign,0.04056694347110588,0.04056694347110588,true,correct high-confidence,0.9594330565288941,not recorded,not recorded,,unknown,unreviewed,,pass,recorded hidden_test_predictions.csv
V7,1760534,not recorded,RAD51C,not recorded,not recorded,moved_toward_benign,moved_toward_benign,0.2694509795145266,0.2694509795145266,true,low-confidence,0.7305490204854734,not recorded,not recorded,,unknown,unreviewed,,pass,recorded hidden_test_predictions.csv
V7,2041154,not recorded,NEB,not recorded,not recorded,moved_toward_benign,moved_toward_benign,0.07377667666265943,0.07377667666265943,true,correct high-confidence,0.9262233233373406,not recorded,not recorded,,unknown,unreviewed,,pass,recorded hidden_test_predictions.csv
V7,1982909,not recorded,NR2E3,not recorded,not recorded,moved_toward_benign,moved_toward_benign,0.10062135471730758,0.10062135471730758,true,correct high-confidence,0.8993786452826924,not recorded,not recorded,,unknown,unreviewed,,pass,recorded hidden_test_predictions.csv
V7,2144619,not recorded,KMT2D,not recorded,not recorded,moved_toward_benign,moved_toward_pathogenic,0.32932102317676415,0.32932102317676415,false,low-confidence,0.6706789768232359,not recorded,not recorded,,model over-predicted pathogenic,unreviewed,,pass,recorded hidden_test_predictions.csv
V7,1357105,not recorded,DYNC1H1,not recorded,not recorded,moved_toward_benign,moved_toward_benign,0.008528693801585625,0.008528693801585625,true,correct high-confidence,0.9914713061984144,not recorded,not recorded,,unknown,unreviewed,,pass,recorded hidden_test_predictions.csv
V7,2203530,not recorded,WFS1,not recorded,not recorded,moved_toward_pathogenic,moved_toward_pathogenic,0.3844555055711162,0.3844555055711162,true,low-confidence,0.6155444944288838,not recorded,not recorded,,unknown,unreviewed,,pass,recorded hidden_test_predictions.csv
V7,1715577,not recorded,PURA,not recorded,not recorded,moved_toward_benign,moved_toward_benign,0.2375565406539888,0.2375565406539888,true,low-confidence,0.7624434593460112,not recorded,not recorded,,unknown,unreviewed,,pass,recorded hidden_test_predictions.csv
V7,2002894,not recorded,SMARCA2,not recorded,not recorded,moved_toward_benign,moved_toward_benign,0.22029526050553136,0.22029526050553136,true,low-confidence,0.7797047394944686,not recorded,not recorded,,unknown,unreviewed,,pass,recorded hidden_test_predictions.csv
V7,1398935,not recorded,GAA,not recorded,not recorded,moved_toward_benign,moved_toward_benign,0.08230632895422622,0.08230632895422622,true,correct high-confidence,0.9176936710457738,not recorded,not recorded,,unknown,unreviewed,,pass,recorded hidden_test_predictions.csv
V7,2081612,not recorded,CAPN3,not recorded,not recorded,moved_toward_benign,moved_toward_benign,0.004016160264892066,0.004016160264892066,true,correct high-confidence,0.995983839735108,not recorded,not recorded,,unknown,unreviewed,,pass,recorded hidden_test_predictions.csv
V7,1525950,not recorded,COL12A1,not recorded,not recorded,moved_toward_benign,moved_toward_benign,0.007421686531211472,0.007421686531211472,true,correct high-confidence,0.9925783134687886,not recorded,not recorded,,unknown,unreviewed,,pass,recorded hidden_test_predictions.csv
V7,1484536,not recorded,TAF2,not recorded,not recorded,moved_toward_benign,moved_toward_benign,0.10135667041595701,0.10135667041595701,true,correct high-confidence,0.898643329584043,not recorded,not recorded,,unknown,unreviewed,,pass,recorded hidden_test_predictions.csv
V7,2414030,not recorded,MAP3K14,not recorded,not recorded,moved_toward_benign,moved_toward_benign,0.0038549423389642487,0.0038549423389642487,true,correct high-confidence,0.9961450576610358,not recorded,not recorded,,unknown,unreviewed,,pass,recorded hidden_test_predictions.csv
V7,1509597,not recorded,PSMA3,not recorded,not recorded,moved_toward_benign,moved_toward_benign,0.11692038309912584,0.11692038309912584,true,correct high-confidence,0.8830796169008741,not recorded,not recorded,,unknown,unreviewed,,pass,recorded hidden_test_predictions.csv
V7,1432119,not recorded,CRB2,not recorded,not recorded,moved_toward_benign,moved_toward_benign,0.008530672284574936,0.008530672284574936,true,correct high-confidence,0.9914693277154251,not recorded,not recorded,,unknown,unreviewed,,pass,recorded hidden_test_predictions.csv
V7,1424239,not recorded,TPM2,not recorded,not recorded,moved_toward_benign,moved_toward_benign,0.08846816076897372,0.08846816076897372,true,correct high-confidence,0.9115318392310263,not recorded,not recorded,,unknown,unreviewed,,pass,recorded hidden_test_predictions.csv
V7,1349528,not recorded,KCNH2,not recorded,not recorded,moved_toward_benign,moved_toward_benign,0.08638216928799206,0.08638216928799206,true,correct high-confidence,0.913617830712008,not recorded,not recorded,,unknown,unreviewed,,pass,recorded hidden_test_predictions.csv
V7,2048099,not recorded,NFIX,not recorded,not recorded,moved_toward_benign,moved_toward_benign,0.07101477886814697,0.07101477886814697,true,correct high-confidence,0.928985221131853,not recorded,not recorded,,unknown,unreviewed,,pass,recorded hidden_test_predictions.csv
V7,1394548,not recorded,SPP2,not recorded,not recorded,moved_toward_benign,moved_toward_benign,0.009443350218480829,0.009443350218480829,true,correct high-confidence,0.9905566497815191,not recorded,not recorded,,unknown,unreviewed,,pass,recorded hidden_test_predictions.csv
V7,1500396,not recorded,FERMT1,not recorded,not recorded,moved_toward_benign,moved_toward_benign,0.09649923818604884,0.09649923818604884,true,correct high-confidence,0.9035007618139511,not recorded,not recorded,,unknown,unreviewed,,pass,recorded hidden_test_predictions.csv
V7,2190102,not recorded,NPRL3,not recorded,not recorded,moved_toward_benign,moved_toward_benign,0.07627466654602061,0.07627466654602061,true,correct high-confidence,0.9237253334539794,not recorded,not recorded,,unknown,unreviewed,,pass,recorded hidden_test_predictions.csv
V7,1480683,not recorded,NBAS,not recorded,not recorded,moved_toward_benign,moved_toward_benign,0.22029526050553136,0.22029526050553136,true,low-confidence,0.7797047394944686,not recorded,not recorded,,unknown,unreviewed,,pass,recorded hidden_test_predictions.csv
V7,1944515,not recorded,SLC46A1,not recorded,not recorded,moved_toward_benign,moved_toward_benign,0.05834355969926427,0.05834355969926427,true,correct high-confidence,0.9416564403007357,not recorded,not recorded,,unknown,unreviewed,,pass,recorded hidden_test_predictions.csv
V7,2201420,not recorded,SLC12A5,not recorded,not recorded,moved_toward_benign,moved_toward_benign,0.07075931400820337,0.07075931400820337,true,correct high-confidence,0.9292406859917967,not recorded,not recorded,,unknown,unreviewed,,pass,recorded hidden_test_predictions.csv
V7,1518050,not recorded,SCN3A,not recorded,not recorded,moved_toward_benign,moved_toward_benign,0.011273738157448702,0.011273738157448702,true,correct high-confidence,0.9887262618425513,not recorded,not recorded,,unknown,unreviewed,,pass,recorded hidden_test_predictions.csv
V7,2185704,not recorded,POLD1,not recorded,not recorded,moved_toward_benign,moved_toward_benign,0.0738874206553234,0.0738874206553234,true,correct high-confidence,0.9261125793446766,not recorded,not recorded,,unknown,unreviewed,,pass,recorded hidden_test_predictions.csv
V7,1475475,not recorded,VPS13C,not recorded,not recorded,moved_toward_pathogenic,moved_toward_pathogenic,0.978855552253942,0.978855552253942,true,correct high-confidence,0.978855552253942,not recorded,not recorded,,unknown,unreviewed,,pass,recorded hidden_test_predictions.csv
V7,2106940,not recorded,RELA,not recorded,not recorded,moved_toward_benign,moved_toward_benign,0.004330154808975773,0.004330154808975773,true,correct high-confidence,0.9956698451910242,not recorded,not recorded,,unknown,unreviewed,,pass,recorded hidden_test_predictions.csv
V7,2040835,not recorded,SLITRK6,not recorded,not recorded,moved_toward_pathogenic,moved_toward_pathogenic,0.964997891950658,0.964997891950658,true,correct high-confidence,0.964997891950658,not recorded,not recorded,,unknown,unreviewed,,pass,recorded hidden_test_predictions.csv
V7,1509326,not recorded,SETBP1,not recorded,not recorded,moved_toward_benign,moved_toward_pathogenic,0.4442978228659409,0.4442978228659409,false,low-confidence,0.5557021771340591,not recorded,not recorded,,model over-predicted pathogenic,unreviewed,,pass,recorded hidden_test_predictions.csv
V7,1967404,not recorded,RPGR,not recorded,not recorded,moved_toward_benign,moved_toward_benign,0.2375565406539888,0.2375565406539888,true,low-confidence,0.7624434593460112,not recorded,not recorded,,unknown,unreviewed,,pass,recorded hidden_test_predictions.csv
V7,2567646,not recorded,MUTYH,not recorded,not recorded,moved_toward_benign,moved_toward_pathogenic,0.4833809111570796,0.4833809111570796,false,low-confidence,0.5166190888429204,not recorded,not recorded,,model over-predicted pathogenic,unreviewed,,pass,recorded hidden_test_predictions.csv
V7,1345327,not recorded,HMGCS2,not recorded,not recorded,moved_toward_benign,moved_toward_benign,0.008528693801585625,0.008528693801585625,true,correct high-confidence,0.9914713061984144,not recorded,not recorded,,unknown,unreviewed,,pass,recorded hidden_test_predictions.csv
V7,1734496,not recorded,ALK,not recorded,not recorded,moved_toward_benign,moved_toward_benign,0.1432138001538239,0.1432138001538239,true,correct high-confidence,0.8567861998461761,not recorded,not recorded,,unknown,unreviewed,,pass,recorded hidden_test_predictions.csv
V7,1416412,not recorded,UNC13D,not recorded,not recorded,moved_toward_benign,moved_toward_benign,0.08230632895422622,0.08230632895422622,true,correct high-confidence,0.9176936710457738,not recorded,not recorded,,unknown,unreviewed,,pass,recorded hidden_test_predictions.csv
V7,2137218,not recorded,CTSC,not recorded,not recorded,moved_toward_pathogenic,moved_toward_pathogenic,0.32932102317676415,0.32932102317676415,true,low-confidence,0.6706789768232359,not recorded,not recorded,,unknown,unreviewed,,pass,recorded hidden_test_predictions.csv
V7,1982921,not recorded,NEFL,not recorded,not recorded,moved_toward_benign,moved_toward_benign,0.0039024942907751495,0.0039024942907751495,true,correct high-confidence,0.9960975057092248,not recorded,not recorded,,unknown,unreviewed,,pass,recorded hidden_test_predictions.csv
V7,1375963,not recorded,IFT140,not recorded,not recorded,moved_toward_benign,moved_toward_benign,0.07816264066690273,0.07816264066690273,true,correct high-confidence,0.9218373593330973,not recorded,not recorded,,unknown,unreviewed,,pass,recorded hidden_test_predictions.csv
V7,1496103,not recorded,KIT,not recorded,not recorded,moved_toward_benign,moved_toward_benign,0.08230632895422622,0.08230632895422622,true,correct high-confidence,0.9176936710457738,not recorded,not recorded,,unknown,unreviewed,,pass,recorded hidden_test_predictions.csv
V7,1705701,not recorded,PDHA1,not recorded,not recorded,moved_toward_pathogenic,moved_toward_pathogenic,0.9551944722311404,0.9551944722311404,true,correct high-confidence,0.9551944722311404,not recorded,not recorded,,unknown,unreviewed,,pass,recorded hidden_test_predictions.csv
V7,1945260,not recorded,CDKL5,not recorded,not recorded,moved_toward_benign,moved_toward_benign,0.23018714521261868,0.23018714521261868,true,low-confidence,0.7698128547873813,not recorded,not recorded,,unknown,unreviewed,,pass,recorded hidden_test_predictions.csv
V7,1983879,not recorded,VPS13A,not recorded,not recorded,moved_toward_benign,moved_toward_benign,0.06397633321481741,0.06397633321481741,true,correct high-confidence,0.9360236667851826,not recorded,not recorded,,unknown,unreviewed,,pass,recorded hidden_test_predictions.csv
V7,1447513,not recorded,TTN,not recorded,not recorded,moved_toward_pathogenic,moved_toward_pathogenic,0.9635728212799093,0.9635728212799093,true,correct high-confidence,0.9635728212799093,not recorded,not recorded,,unknown,unreviewed,,pass,recorded hidden_test_predictions.csv
V7,2496952,not recorded,CTNNA1,not recorded,not recorded,moved_toward_pathogenic,moved_toward_pathogenic,0.9592440297457914,0.9592440297457914,true,correct high-confidence,0.9592440297457914,not recorded,not recorded,,unknown,unreviewed,,pass,recorded hidden_test_predictions.csv
V7,2040984,not recorded,TRIP11,not recorded,not recorded,moved_toward_benign,moved_toward_benign,0.2375565406539888,0.2375565406539888,true,low-confidence,0.7624434593460112,not recorded,not recorded,,unknown,unreviewed,,pass,recorded hidden_test_predictions.csv
V7,1468480,not recorded,SPEG,not recorded,not recorded,moved_toward_benign,moved_toward_benign,0.1058189890316926,0.1058189890316926,true,correct high-confidence,0.8941810109683074,not recorded,not recorded,,unknown,unreviewed,,pass,recorded hidden_test_predictions.csv
V7,1395649,not recorded,RHOBTB2,not recorded,not recorded,moved_toward_benign,moved_toward_benign,0.08912145587383012,0.08912145587383012,true,correct high-confidence,0.9108785441261699,not recorded,not recorded,,unknown,unreviewed,,pass,recorded hidden_test_predictions.csv
V7,1491163,not recorded,ZEB2,not recorded,not recorded,moved_toward_benign,moved_toward_benign,0.23018714521261868,0.23018714521261868,true,low-confidence,0.7698128547873813,not recorded,not recorded,,unknown,unreviewed,,pass,recorded hidden_test_predictions.csv
V7,2198862,not recorded,SLC1A2,not recorded,not recorded,moved_toward_benign,moved_toward_benign,0.06397633321481741,0.06397633321481741,true,correct high-confidence,0.9360236667851826,not recorded,not recorded,,unknown,unreviewed,,pass,recorded hidden_test_predictions.csv
V7,2181633,not recorded,PPP1R12A,not recorded,not recorded,moved_toward_benign,moved_toward_benign,0.004330154808975773,0.004330154808975773,true,correct high-confidence,0.9956698451910242,not recorded,not recorded,,unknown,unreviewed,,pass,recorded hidden_test_predictions.csv
V7,2175471,not recorded,FLAD1,not recorded,not recorded,moved_toward_benign,moved_toward_benign,0.0212091537121144,0.0212091537121144,true,correct high-confidence,0.9787908462878856,not recorded,not recorded,,unknown,unreviewed,,pass,recorded hidden_test_predictions.csv
V7,1379037,not recorded,EGFR,not recorded,not recorded,moved_toward_benign,moved_toward_benign,0.008528693801585625,0.008528693801585625,true,correct high-confidence,0.9914713061984144,not recorded,not recorded,,unknown,unreviewed,,pass,recorded hidden_test_predictions.csv
V7,1480839,not recorded,ELP1,not recorded,not recorded,moved_toward_benign,moved_toward_benign,0.010553374600922375,0.010553374600922375,true,correct high-confidence,0.9894466253990776,not recorded,not recorded,,unknown,unreviewed,,pass,recorded hidden_test_predictions.csv
V7,2011502,not recorded,ITGA3,not recorded,not recorded,moved_toward_benign,moved_toward_benign,0.004222346803906763,0.004222346803906763,true,correct high-confidence,0.9957776531960932,not recorded,not recorded,,unknown,unreviewed,,pass,recorded hidden_test_predictions.csv
V7,1933803,not recorded,DOCK6,not recorded,not recorded,moved_toward_benign,moved_toward_benign,0.08353749337592022,0.08353749337592022,true,correct high-confidence,0.9164625066240798,not recorded,not recorded,,unknown,unreviewed,,pass,recorded hidden_test_predictions.csv
V7,2044058,not recorded,IMPG1,not recorded,not recorded,moved_toward_pathogenic,moved_toward_pathogenic,0.964997891950658,0.964997891950658,true,correct high-confidence,0.964997891950658,not recorded,not recorded,,unknown,unreviewed,,pass,recorded hidden_test_predictions.csv
V7,1475545,not recorded,WRN,not recorded,not recorded,moved_toward_benign,moved_toward_benign,0.0068913471995887,0.0068913471995887,true,correct high-confidence,0.9931086528004113,not recorded,not recorded,,unknown,unreviewed,,pass,recorded hidden_test_predictions.csv
V7,1352173,not recorded,KCNK4,not recorded,not recorded,moved_toward_benign,moved_toward_pathogenic,0.3844555055711162,0.3844555055711162,false,low-confidence,0.6155444944288838,not recorded,not recorded,,model over-predicted pathogenic,unreviewed,,pass,recorded hidden_test_predictions.csv
V7,1482285,not recorded,RNF13,not recorded,not recorded,moved_toward_benign,moved_toward_pathogenic,0.3863739366663815,0.3863739366663815,false,low-confidence,0.6136260633336186,not recorded,not recorded,,model over-predicted pathogenic,unreviewed,,pass,recorded hidden_test_predictions.csv
V7,1404069,not recorded,TUBB2A,not recorded,not recorded,moved_toward_benign,moved_toward_pathogenic,0.31383375154496645,0.31383375154496645,false,low-confidence,0.6861662484550335,not recorded,not recorded,,model over-predicted pathogenic,unreviewed,,pass,recorded hidden_test_predictions.csv
V7,1491450,not recorded,XYLT1,not recorded,not recorded,moved_toward_benign,moved_toward_benign,0.08230632895422622,0.08230632895422622,true,correct high-confidence,0.9176936710457738,not recorded,not recorded,,unknown,unreviewed,,pass,recorded hidden_test_predictions.csv
V7,2060477,not recorded,PDE3A,not recorded,not recorded,moved_toward_benign,moved_toward_benign,0.21331152713226584,0.21331152713226584,true,low-confidence,0.7866884728677341,not recorded,not recorded,,unknown,unreviewed,,pass,recorded hidden_test_predictions.csv
V7,2043409,not recorded,ADGRV1,not recorded,not recorded,moved_toward_benign,moved_toward_pathogenic,0.3678398013925165,0.3678398013925165,false,low-confidence,0.6321601986074835,not recorded,not recorded,,model over-predicted pathogenic,unreviewed,,pass,recorded hidden_test_predictions.csv
V7,1395892,not recorded,SETX,not recorded,not recorded,moved_toward_benign,moved_toward_benign,0.003831475403637806,0.003831475403637806,true,correct high-confidence,0.9961685245963622,not recorded,not recorded,,unknown,unreviewed,,pass,recorded hidden_test_predictions.csv
V7,1524661,not recorded,TAOK2,not recorded,not recorded,moved_toward_benign,moved_toward_benign,0.11692038309912584,0.11692038309912584,true,correct high-confidence,0.8830796169008741,not recorded,not recorded,,unknown,unreviewed,,pass,recorded hidden_test_predictions.csv
V7,1988626,not recorded,LIG1,not recorded,not recorded,moved_toward_benign,moved_toward_benign,0.018936266950290742,0.018936266950290742,true,correct high-confidence,0.9810637330497093,not recorded,not recorded,,unknown,unreviewed,,pass,recorded hidden_test_predictions.csv
V7,1432320,not recorded,KIF5A,not recorded,not recorded,moved_toward_benign,moved_toward_benign,0.015175964889338941,0.015175964889338941,true,correct high-confidence,0.9848240351106611,not recorded,not recorded,,unknown,unreviewed,,pass,recorded hidden_test_predictions.csv
V7,1391100,not recorded,CDCA7,not recorded,not recorded,moved_toward_benign,moved_toward_benign,0.011273738157448702,0.011273738157448702,true,correct high-confidence,0.9887262618425513,not recorded,not recorded,,unknown,unreviewed,,pass,recorded hidden_test_predictions.csv
V7,2069823,not recorded,KCNQ5,not recorded,not recorded,moved_toward_benign,moved_toward_benign,0.21331152713226584,0.21331152713226584,true,low-confidence,0.7866884728677341,not recorded,not recorded,,unknown,unreviewed,,pass,recorded hidden_test_predictions.csv
V7,1950595,not recorded,CYFIP2,not recorded,not recorded,moved_toward_benign,moved_toward_benign,0.08353749337592022,0.08353749337592022,true,correct high-confidence,0.9164625066240798,not recorded,not recorded,,unknown,unreviewed,,pass,recorded hidden_test_predictions.csv
V7,1468389,not recorded,SH3BP2,not recorded,not recorded,moved_toward_benign,moved_toward_benign,0.008528693801585625,0.008528693801585625,true,correct high-confidence,0.9914713061984144,not recorded,not recorded,,unknown,unreviewed,,pass,recorded hidden_test_predictions.csv
V7,1765893,not recorded,BRCA2,not recorded,not recorded,moved_toward_benign,moved_toward_pathogenic,0.319104986627024,0.319104986627024,false,low-confidence,0.680895013372976,not recorded,not recorded,,model over-predicted pathogenic,unreviewed,,pass,recorded hidden_test_predictions.csv
V7,2637520,not recorded,DMD,not recorded,not recorded,moved_toward_pathogenic,moved_toward_benign,0.23363718595774313,0.23363718595774313,false,low-confidence,0.7663628140422569,not recorded,not recorded,,model over-predicted benign,unreviewed,,pass,recorded hidden_test_predictions.csv
V7,1794198,not recorded,MSH6,not recorded,not recorded,moved_toward_benign,moved_toward_pathogenic,0.34908109336650994,0.34908109336650994,false,low-confidence,0.6509189066334901,not recorded,not recorded,,model over-predicted pathogenic,unreviewed,,pass,recorded hidden_test_predictions.csv
V7,1741772,not recorded,GREM1,not recorded,not recorded,moved_toward_benign,moved_toward_benign,0.2375565406539888,0.2375565406539888,true,low-confidence,0.7624434593460112,not recorded,not recorded,,unknown,unreviewed,,pass,recorded hidden_test_predictions.csv
V7,1442101,not recorded,CARD11,not recorded,not recorded,moved_toward_benign,moved_toward_benign,0.22805493216608788,0.22805493216608788,true,low-confidence,0.7719450678339121,not recorded,not recorded,,unknown,unreviewed,,pass,recorded hidden_test_predictions.csv
V7,1380469,not recorded,GLI3,not recorded,not recorded,moved_toward_benign,moved_toward_pathogenic,0.3424203378326788,0.3424203378326788,false,low-confidence,0.6575796621673212,not recorded,not recorded,,model over-predicted pathogenic,unreviewed,,pass,recorded hidden_test_predictions.csv
V7,1946561,not recorded,LTBP4,not recorded,not recorded,moved_toward_benign,moved_toward_benign,0.08353749337592022,0.08353749337592022,true,correct high-confidence,0.9164625066240798,not recorded,not recorded,,unknown,unreviewed,,pass,recorded hidden_test_predictions.csv
V7,2140849,not recorded,TRRAP,not recorded,not recorded,moved_toward_benign,moved_toward_benign,0.22029526050553136,0.22029526050553136,true,low-confidence,0.7797047394944686,not recorded,not recorded,,unknown,unreviewed,,pass,recorded hidden_test_predictions.csv
V7,1762833,not recorded,RAD51C,not recorded,not recorded,moved_toward_benign,moved_toward_pathogenic,0.3688746201682576,0.3688746201682576,false,low-confidence,0.6311253798317424,not recorded,not recorded,,model over-predicted pathogenic,unreviewed,,pass,recorded hidden_test_predictions.csv
V7,1471132,not recorded,ADGRV1,not recorded,not recorded,moved_toward_pathogenic,moved_toward_benign,0.10062135471730758,0.10062135471730758,false,wrong high-confidence,0.8993786452826924,not recorded,not recorded,,model over-predicted benign,unreviewed,,pass,recorded hidden_test_predictions.csv
V7,1970837,not recorded,KMT2D,not recorded,not recorded,moved_toward_benign,moved_toward_benign,0.015175964889338941,0.015175964889338941,true,correct high-confidence,0.9848240351106611,not recorded,not recorded,,unknown,unreviewed,,pass,recorded hidden_test_predictions.csv
V7,1446790,not recorded,SLC9A3,not recorded,not recorded,moved_toward_benign,moved_toward_benign,0.11692038309912584,0.11692038309912584,true,correct high-confidence,0.8830796169008741,not recorded,not recorded,,unknown,unreviewed,,pass,recorded hidden_test_predictions.csv
V7,1357645,not recorded,APP,not recorded,not recorded,moved_toward_benign,moved_toward_pathogenic,0.3311123258420362,0.3311123258420362,false,low-confidence,0.6688876741579638,not recorded,not recorded,,model over-predicted pathogenic,unreviewed,,pass,recorded hidden_test_predictions.csv
V7,2078963,not recorded,PPM1D,not recorded,not recorded,moved_toward_benign,moved_toward_benign,0.21331152713226584,0.21331152713226584,true,low-confidence,0.7866884728677341,not recorded,not recorded,,unknown,unreviewed,,pass,recorded hidden_test_predictions.csv
V7,1407020,not recorded,BAP1,not recorded,not recorded,moved_toward_benign,moved_toward_benign,0.091192591508629,0.091192591508629,true,correct high-confidence,0.908807408491371,not recorded,not recorded,,unknown,unreviewed,,pass,recorded hidden_test_predictions.csv
V7,1415952,not recorded,NOTCH1,not recorded,not recorded,moved_toward_benign,moved_toward_pathogenic,0.3311123258420362,0.3311123258420362,false,low-confidence,0.6688876741579638,not recorded,not recorded,,model over-predicted pathogenic,unreviewed,,pass,recorded hidden_test_predictions.csv
V7,1362806,not recorded,NRXN1,not recorded,not recorded,moved_toward_benign,moved_toward_benign,0.007421686531211472,0.007421686531211472,true,correct high-confidence,0.9925783134687886,not recorded,not recorded,,unknown,unreviewed,,pass,recorded hidden_test_predictions.csv
V7,1388441,not recorded,MSH6,not recorded,not recorded,moved_toward_benign,moved_toward_benign,0.08230632895422622,0.08230632895422622,true,correct high-confidence,0.9176936710457738,not recorded,not recorded,,unknown,unreviewed,,pass,recorded hidden_test_predictions.csv
V7,2087688,not recorded,ADNP,not recorded,not recorded,moved_toward_benign,moved_toward_benign,0.05605083725699911,0.05605083725699911,true,correct high-confidence,0.9439491627430009,not recorded,not recorded,,unknown,unreviewed,,pass,recorded hidden_test_predictions.csv
V7,2068266,not recorded,MAP3K20,not recorded,not recorded,moved_toward_benign,moved_toward_benign,0.004021627514129141,0.004021627514129141,true,correct high-confidence,0.9959783724858708,not recorded,not recorded,,unknown,unreviewed,,pass,recorded hidden_test_predictions.csv
V7,1433985,not recorded,CNTNAP1,not recorded,not recorded,moved_toward_benign,moved_toward_benign,0.10135667041595701,0.10135667041595701,true,correct high-confidence,0.898643329584043,not recorded,not recorded,,unknown,unreviewed,,pass,recorded hidden_test_predictions.csv
V7,2182465,not recorded,ASL,not recorded,not recorded,moved_toward_benign,moved_toward_benign,0.06480521240405537,0.06480521240405537,true,correct high-confidence,0.9351947875959447,not recorded,not recorded,,unknown,unreviewed,,pass,recorded hidden_test_predictions.csv
V7,2292928,not recorded,TET3,not recorded,not recorded,moved_toward_pathogenic,moved_toward_pathogenic,0.3115619900180327,0.3115619900180327,true,low-confidence,0.6884380099819674,not recorded,not recorded,,unknown,unreviewed,,pass,recorded hidden_test_predictions.csv
V7,1489314,not recorded,ADGRV1,not recorded,not recorded,moved_toward_benign,moved_toward_pathogenic,0.31383375154496645,0.31383375154496645,false,low-confidence,0.6861662484550335,not recorded,not recorded,,model over-predicted pathogenic,unreviewed,,pass,recorded hidden_test_predictions.csv
V7,1375243,not recorded,AGA,not recorded,not recorded,moved_toward_benign,moved_toward_benign,0.23018714521261868,0.23018714521261868,true,low-confidence,0.7698128547873813,not recorded,not recorded,,unknown,unreviewed,,pass,recorded hidden_test_predictions.csv
V7,1895943,not recorded,SNX14,not recorded,not recorded,moved_toward_benign,moved_toward_benign,0.06397633321481741,0.06397633321481741,true,correct high-confidence,0.9360236667851826,not recorded,not recorded,,unknown,unreviewed,,pass,recorded hidden_test_predictions.csv
V7,1376227,not recorded,AP4E1,not recorded,not recorded,moved_toward_benign,moved_toward_benign,0.011643879489147446,0.011643879489147446,true,correct high-confidence,0.9883561205108525,not recorded,not recorded,,unknown,unreviewed,,pass,recorded hidden_test_predictions.csv
V7,1475271,not recorded,CEP164,not recorded,not recorded,moved_toward_pathogenic,moved_toward_pathogenic,0.9635728212799093,0.9635728212799093,true,correct high-confidence,0.9635728212799093,not recorded,not recorded,,unknown,unreviewed,,pass,recorded hidden_test_predictions.csv
V7,1513824,not recorded,RNF13,not recorded,not recorded,moved_toward_benign,moved_toward_pathogenic,0.4442978228659409,0.4442978228659409,false,low-confidence,0.5557021771340591,not recorded,not recorded,,model over-predicted pathogenic,unreviewed,,pass,recorded hidden_test_predictions.csv
V7,2148062,not recorded,HOMER2,not recorded,not recorded,moved_toward_benign,moved_toward_pathogenic,0.3844555055711162,0.3844555055711162,false,low-confidence,0.6155444944288838,not recorded,not recorded,,model over-predicted pathogenic,unreviewed,,pass,recorded hidden_test_predictions.csv
V7,1501527,not recorded,DMD,not recorded,not recorded,moved_toward_benign,moved_toward_benign,0.2375565406539888,0.2375565406539888,true,low-confidence,0.7624434593460112,not recorded,not recorded,,unknown,unreviewed,,pass,recorded hidden_test_predictions.csv
V7,2425689,not recorded,PCGF2,not recorded,not recorded,moved_toward_benign,moved_toward_pathogenic,0.6776415602968462,0.6776415602968462,false,low-confidence,0.6776415602968462,not recorded,not recorded,,model over-predicted pathogenic,unreviewed,,pass,recorded hidden_test_predictions.csv
V7,1481169,not recorded,NBAS,not recorded,not recorded,moved_toward_benign,moved_toward_benign,0.22029526050553136,0.22029526050553136,true,low-confidence,0.7797047394944686,not recorded,not recorded,,unknown,unreviewed,,pass,recorded hidden_test_predictions.csv
V7,2087982,not recorded,RAD51D,not recorded,not recorded,moved_toward_benign,moved_toward_benign,0.07816264066690273,0.07816264066690273,true,correct high-confidence,0.9218373593330973,not recorded,not recorded,,unknown,unreviewed,,pass,recorded hidden_test_predictions.csv
V7,2000045,not recorded,SYNE1,not recorded,not recorded,moved_toward_benign,moved_toward_benign,0.003831475403637806,0.003831475403637806,true,correct high-confidence,0.9961685245963622,not recorded,not recorded,,unknown,unreviewed,,pass,recorded hidden_test_predictions.csv
V7,1487495,not recorded,PEX6,not recorded,not recorded,moved_toward_benign,moved_toward_pathogenic,0.3424203378326788,0.3424203378326788,false,low-confidence,0.6575796621673212,not recorded,not recorded,,model over-predicted pathogenic,unreviewed,,pass,recorded hidden_test_predictions.csv
V7,2114859,not recorded,SCN2A,not recorded,not recorded,moved_toward_pathogenic,moved_toward_pathogenic,0.319104986627024,0.319104986627024,true,low-confidence,0.680895013372976,not recorded,not recorded,,unknown,unreviewed,,pass,recorded hidden_test_predictions.csv
V7,1745325,not recorded,PTEN,not recorded,not recorded,moved_toward_pathogenic,moved_toward_pathogenic,0.318255641920412,0.318255641920412,true,low-confidence,0.681744358079588,not recorded,not recorded,,unknown,unreviewed,,pass,recorded hidden_test_predictions.csv
V7,1480038,not recorded,MECP2,not recorded,not recorded,moved_toward_pathogenic,moved_toward_pathogenic,0.6230175339512716,0.6230175339512716,true,low-confidence,0.6230175339512716,not recorded,not recorded,,unknown,unreviewed,,pass,recorded hidden_test_predictions.csv
V7,2629442,not recorded,SEMA3G,not recorded,not recorded,moved_toward_benign,moved_toward_benign,0.10442974611164808,0.10442974611164808,true,correct high-confidence,0.8955702538883519,not recorded,not recorded,,unknown,unreviewed,,pass,recorded hidden_test_predictions.csv
V7,1898291,not recorded,PLOD3,not recorded,not recorded,moved_toward_pathogenic,moved_toward_pathogenic,0.9527405430822293,0.9527405430822293,true,correct high-confidence,0.9527405430822293,not recorded,not recorded,,unknown,unreviewed,,pass,recorded hidden_test_predictions.csv
V7,1806256,not recorded,EPHB4,not recorded,not recorded,moved_toward_pathogenic,moved_toward_benign,0.07572364160666581,0.07572364160666581,false,wrong high-confidence,0.9242763583933342,not recorded,not recorded,,model over-predicted benign,unreviewed,,pass,recorded hidden_test_predictions.csv
V7,1349414,not recorded,RIMS1,not recorded,not recorded,moved_toward_benign,moved_toward_benign,0.1058189890316926,0.1058189890316926,true,correct high-confidence,0.8941810109683074,not recorded,not recorded,,unknown,unreviewed,,pass,recorded hidden_test_predictions.csv
V7,2419098,not recorded,MYLK3,not recorded,not recorded,moved_toward_pathogenic,moved_toward_pathogenic,0.9551146292335889,0.9551146292335889,true,correct high-confidence,0.9551146292335889,not recorded,not recorded,,unknown,unreviewed,,pass,recorded hidden_test_predictions.csv
V7,1487216,not recorded,YWHAG,not recorded,not recorded,moved_toward_benign,moved_toward_benign,0.008530672284574936,0.008530672284574936,true,correct high-confidence,0.9914693277154251,not recorded,not recorded,,unknown,unreviewed,,pass,recorded hidden_test_predictions.csv
V7,1966532,not recorded,ARID1B,not recorded,not recorded,moved_toward_benign,moved_toward_benign,0.14216636729706705,0.14216636729706705,true,correct high-confidence,0.857833632702933,not recorded,not recorded,,unknown,unreviewed,,pass,recorded hidden_test_predictions.csv
V7,1349771,not recorded,GABRA2,not recorded,not recorded,moved_toward_benign,moved_toward_pathogenic,0.3844555055711162,0.3844555055711162,false,low-confidence,0.6155444944288838,not recorded,not recorded,,model over-predicted pathogenic,unreviewed,,pass,recorded hidden_test_predictions.csv
V7,1514409,not recorded,GPHN,not recorded,not recorded,moved_toward_benign,moved_toward_benign,0.07488397593894369,0.07488397593894369,true,correct high-confidence,0.9251160240610563,not recorded,not recorded,,unknown,unreviewed,,pass,recorded hidden_test_predictions.csv
V7,1409563,not recorded,CEP250,not recorded,not recorded,moved_toward_benign,moved_toward_benign,0.09649923818604884,0.09649923818604884,true,correct high-confidence,0.9035007618139511,not recorded,not recorded,,unknown,unreviewed,,pass,recorded hidden_test_predictions.csv
V7,1441575,not recorded,EXT1,not recorded,not recorded,moved_toward_benign,moved_toward_benign,0.07101477886814697,0.07101477886814697,true,correct high-confidence,0.928985221131853,not recorded,not recorded,,unknown,unreviewed,,pass,recorded hidden_test_predictions.csv
V7,1966037,not recorded,NEB,not recorded,not recorded,moved_toward_benign,moved_toward_benign,0.0738874206553234,0.0738874206553234,true,correct high-confidence,0.9261125793446766,not recorded,not recorded,,unknown,unreviewed,,pass,recorded hidden_test_predictions.csv
V7,1420444,not recorded,ADGRV1,not recorded,not recorded,moved_toward_benign,moved_toward_pathogenic,0.4006513015550138,0.4006513015550138,false,low-confidence,0.5993486984449863,not recorded,not recorded,,model over-predicted pathogenic,unreviewed,,pass,recorded hidden_test_predictions.csv
V7,1982112,not recorded,ZSWIM6,not recorded,not recorded,moved_toward_benign,moved_toward_benign,0.22045416542219984,0.22045416542219984,true,low-confidence,0.7795458345778001,not recorded,not recorded,,unknown,unreviewed,,pass,recorded hidden_test_predictions.csv
V7,1983166,not recorded,RASA1,not recorded,not recorded,moved_toward_benign,moved_toward_benign,0.07816264066690273,0.07816264066690273,true,correct high-confidence,0.9218373593330973,not recorded,not recorded,,unknown,unreviewed,,pass,recorded hidden_test_predictions.csv
V7,1416089,not recorded,DVL1,not recorded,not recorded,moved_toward_benign,moved_toward_benign,0.008530672284574936,0.008530672284574936,true,correct high-confidence,0.9914693277154251,not recorded,not recorded,,unknown,unreviewed,,pass,recorded hidden_test_predictions.csv
V7,1514628,not recorded,C5,not recorded,not recorded,moved_toward_benign,moved_toward_benign,0.11692038309912584,0.11692038309912584,true,correct high-confidence,0.8830796169008741,not recorded,not recorded,,unknown,unreviewed,,pass,recorded hidden_test_predictions.csv
V7,2089091,not recorded,GNB1,not recorded,not recorded,moved_toward_pathogenic,moved_toward_pathogenic,0.964997891950658,0.964997891950658,true,correct high-confidence,0.964997891950658,not recorded,not recorded,,unknown,unreviewed,,pass,recorded hidden_test_predictions.csv
V7,1518250,not recorded,SCN1A,not recorded,not recorded,moved_toward_pathogenic,moved_toward_benign,0.22805493216608788,0.22805493216608788,false,low-confidence,0.7719450678339121,not recorded,not recorded,,model over-predicted benign,unreviewed,,pass,recorded hidden_test_predictions.csv
V7,2126643,not recorded,CCBE1,not recorded,not recorded,moved_toward_benign,moved_toward_benign,0.014798519036459803,0.014798519036459803,true,correct high-confidence,0.9852014809635402,not recorded,not recorded,,unknown,unreviewed,,pass,recorded hidden_test_predictions.csv
V7,1524113,not recorded,KIF7,not recorded,not recorded,moved_toward_benign,moved_toward_benign,0.07488397593894369,0.07488397593894369,true,correct high-confidence,0.9251160240610563,not recorded,not recorded,,unknown,unreviewed,,pass,recorded hidden_test_predictions.csv
