model_version,variation_id,vcv_accession,gene,old_classification,actual_later_classification,actual_outcome,predicted_class,pathogenic_probability,score_or_probability,correct,analysis_bucket,confidence,key_features,match_confidence,warning_flags,suspected_error_category,manual_review_status,notes,leakage_audit_status,source
V8,1331473,not recorded,LAMB3,not recorded,Likely benign,moved_toward_benign,moved_toward_benign,0.0881912241317912,0.0881912241317912,true,correct high-confidence,0.9118087758682087,consequence=noncoding,not recorded,,unknown,unreviewed,,pass,recorded temporal_test_predictions.csv
V8,1338214,not recorded,GP1BA,not recorded,Likely benign,moved_toward_benign,moved_toward_pathogenic,0.9950571074176209,0.9950571074176209,false,wrong high-confidence,0.9950571074176209,consequence=loss_of_function,not recorded,,model over-predicted pathogenic,unreviewed,,pass,recorded temporal_test_predictions.csv
V8,1343012,not recorded,TUBB3,not recorded,Pathogenic,moved_toward_pathogenic,moved_toward_benign,0.22257118406432444,0.22257118406432444,false,low-confidence,0.7774288159356756,consequence=missense,not recorded,,model over-predicted benign,unreviewed,,pass,recorded temporal_test_predictions.csv
V8,1343755,not recorded,PTCHD1,not recorded,Likely benign,moved_toward_benign,moved_toward_benign,0.14696920297383495,0.14696920297383495,true,correct high-confidence,0.853030797026165,consequence=missense,not recorded,,unknown,unreviewed,,pass,recorded temporal_test_predictions.csv
V8,1344492,not recorded,EMILIN1,not recorded,Pathogenic,moved_toward_pathogenic,moved_toward_pathogenic,0.9835828015439292,0.9835828015439292,true,correct high-confidence,0.9835828015439292,consequence=loss_of_function,not recorded,,unknown,unreviewed,,pass,recorded temporal_test_predictions.csv
V8,1344550,not recorded,MT-ND6,not recorded,Benign,moved_toward_benign,moved_toward_pathogenic,0.7122207985475159,0.7122207985475159,false,low-confidence,0.7122207985475159,consequence=unrecognized,not recorded,,model over-predicted pathogenic,unreviewed,,pass,recorded temporal_test_predictions.csv
V8,1345608,not recorded,PYCR2,not recorded,Likely benign,moved_toward_benign,moved_toward_benign,0.08865330073368977,0.08865330073368977,true,correct high-confidence,0.9113466992663102,consequence=noncoding,not recorded,,unknown,unreviewed,,pass,recorded temporal_test_predictions.csv
V8,1346420,not recorded,GHRHR,not recorded,Likely benign,moved_toward_benign,moved_toward_benign,0.012447255133214596,0.012447255133214596,true,correct high-confidence,0.9875527448667853,consequence=synonymous,not recorded,,unknown,unreviewed,,pass,recorded temporal_test_predictions.csv
V8,1346886,not recorded,GPR88,not recorded,Likely benign,moved_toward_benign,moved_toward_benign,0.012670264951718045,0.012670264951718045,true,correct high-confidence,0.9873297350482819,consequence=synonymous,not recorded,,unknown,unreviewed,,pass,recorded temporal_test_predictions.csv
V8,1347398,not recorded,LEPR,not recorded,Likely benign,moved_toward_benign,moved_toward_pathogenic,0.41441237849811385,0.41441237849811385,false,low-confidence,0.5855876215018861,consequence=missense,not recorded,,model over-predicted pathogenic,unreviewed,,pass,recorded temporal_test_predictions.csv
V8,1347918,not recorded,POLR3A,not recorded,Likely benign,moved_toward_benign,moved_toward_benign,0.012655270637472169,0.012655270637472169,true,correct high-confidence,0.9873447293625278,consequence=synonymous,not recorded,,unknown,unreviewed,,pass,recorded temporal_test_predictions.csv
V8,1348917,not recorded,DGAT1,not recorded,Likely benign,moved_toward_benign,moved_toward_benign,0.012694111514151755,0.012694111514151755,true,correct high-confidence,0.9873058884858482,consequence=synonymous,not recorded,,unknown,unreviewed,,pass,recorded temporal_test_predictions.csv
V8,1349356,not recorded,CLDN16,not recorded,Likely benign,moved_toward_benign,moved_toward_benign,0.08407024508448678,0.08407024508448678,true,correct high-confidence,0.9159297549155132,consequence=noncoding,not recorded,,unknown,unreviewed,,pass,recorded temporal_test_predictions.csv
V8,1350364,not recorded,UGT1A1,not recorded,Likely benign,moved_toward_benign,moved_toward_benign,0.012105191093142604,0.012105191093142604,true,correct high-confidence,0.9878948089068574,consequence=synonymous,not recorded,,unknown,unreviewed,,pass,recorded temporal_test_predictions.csv
V8,1350810,not recorded,SLCO2A1,not recorded,Pathogenic/Likely pathogenic,moved_toward_pathogenic,moved_toward_pathogenic,0.6965681482767995,0.6965681482767995,true,low-confidence,0.6965681482767995,consequence=missense,not recorded,,unknown,unreviewed,,pass,recorded temporal_test_predictions.csv
V8,1350915,not recorded,B3GLCT,not recorded,Likely benign,moved_toward_benign,moved_toward_benign,0.15539706612357881,0.15539706612357881,true,correct high-confidence,0.8446029338764212,consequence=missense,not recorded,,unknown,unreviewed,,pass,recorded temporal_test_predictions.csv
V8,1351108,not recorded,FGFR1,not recorded,Likely benign,moved_toward_benign,moved_toward_benign,0.012661276754476947,0.012661276754476947,true,correct high-confidence,0.9873387232455231,consequence=synonymous,not recorded,,unknown,unreviewed,,pass,recorded temporal_test_predictions.csv
V8,1354065,not recorded,ASXL2,not recorded,Benign,moved_toward_benign,moved_toward_benign,0.23477709330713892,0.23477709330713892,true,low-confidence,0.7652229066928611,consequence=missense,not recorded,,unknown,unreviewed,,pass,recorded temporal_test_predictions.csv
V8,1354563,not recorded,B4GALT7,not recorded,Pathogenic,moved_toward_pathogenic,moved_toward_pathogenic,0.9799935489689844,0.9799935489689844,true,correct high-confidence,0.9799935489689844,consequence=loss_of_function,not recorded,,unknown,unreviewed,,pass,recorded temporal_test_predictions.csv
V8,1354829,not recorded,CAV1,not recorded,Likely benign,moved_toward_benign,moved_toward_benign,0.012661276754476947,0.012661276754476947,true,correct high-confidence,0.9873387232455231,consequence=synonymous,not recorded,,unknown,unreviewed,,pass,recorded temporal_test_predictions.csv
V8,1355576,not recorded,PLTP,not recorded,Likely benign,moved_toward_benign,moved_toward_benign,0.0896917668948417,0.0896917668948417,true,correct high-confidence,0.9103082331051583,consequence=noncoding,not recorded,,unknown,unreviewed,,pass,recorded temporal_test_predictions.csv
V8,1356192,not recorded,CCDC65,not recorded,Likely benign,moved_toward_benign,moved_toward_benign,0.012676243165887384,0.012676243165887384,true,correct high-confidence,0.9873237568341127,consequence=synonymous,not recorded,,unknown,unreviewed,,pass,recorded temporal_test_predictions.csv
V8,1356273,not recorded,NPC2,not recorded,Likely benign,moved_toward_benign,moved_toward_benign,0.011357312317043539,0.011357312317043539,true,correct high-confidence,0.9886426876829565,consequence=synonymous,not recorded,,unknown,unreviewed,,pass,recorded temporal_test_predictions.csv
V8,1356959,not recorded,PALM,not recorded,Likely benign,moved_toward_benign,moved_toward_benign,0.08967110034303993,0.08967110034303993,true,correct high-confidence,0.9103288996569601,consequence=noncoding,not recorded,,unknown,unreviewed,,pass,recorded temporal_test_predictions.csv
V8,1357408,not recorded,CA2,not recorded,Likely benign,moved_toward_benign,moved_toward_benign,0.0886967556382991,0.0886967556382991,true,correct high-confidence,0.9113032443617008,consequence=noncoding,not recorded,,unknown,unreviewed,,pass,recorded temporal_test_predictions.csv
V8,1357882,not recorded,MCM5,not recorded,Likely benign,moved_toward_benign,moved_toward_benign,0.09056105492238502,0.09056105492238502,true,correct high-confidence,0.909438945077615,consequence=noncoding,not recorded,,unknown,unreviewed,,pass,recorded temporal_test_predictions.csv
V8,1357930,not recorded,HIBCH,not recorded,Likely benign,moved_toward_benign,moved_toward_benign,0.0123692960006693,0.0123692960006693,true,correct high-confidence,0.9876307039993307,consequence=synonymous,not recorded,,unknown,unreviewed,,pass,recorded temporal_test_predictions.csv
V8,1358214,not recorded,P4HB,not recorded,Benign,moved_toward_benign,moved_toward_pathogenic,0.403244439222074,0.403244439222074,false,low-confidence,0.596755560777926,consequence=missense,not recorded,,model over-predicted pathogenic,unreviewed,,pass,recorded temporal_test_predictions.csv
V8,1358800,not recorded,CBX2,not recorded,Likely benign,moved_toward_benign,moved_toward_benign,0.0896917668948417,0.0896917668948417,true,correct high-confidence,0.9103082331051583,consequence=noncoding,not recorded,,unknown,unreviewed,,pass,recorded temporal_test_predictions.csv
V8,1358885,not recorded,MYO15A,not recorded,Likely benign,moved_toward_benign,moved_toward_pathogenic,0.3706502725675724,0.3706502725675724,false,low-confidence,0.6293497274324276,consequence=missense,not recorded,,model over-predicted pathogenic,unreviewed,,pass,recorded temporal_test_predictions.csv
V8,1359027,not recorded,IFT80,not recorded,Likely benign,moved_toward_benign,moved_toward_benign,0.01266727167526143,0.01266727167526143,true,correct high-confidence,0.9873327283247386,consequence=synonymous,not recorded,,unknown,unreviewed,,pass,recorded temporal_test_predictions.csv
V8,1359514,not recorded,LRRK1,not recorded,Likely benign,moved_toward_benign,moved_toward_benign,0.08659243070861926,0.08659243070861926,true,correct high-confidence,0.9134075692913808,consequence=noncoding,not recorded,,unknown,unreviewed,,pass,recorded temporal_test_predictions.csv
V8,1359550,not recorded,CFH,not recorded,Likely benign,moved_toward_benign,moved_toward_benign,0.012682210300347661,0.012682210300347661,true,correct high-confidence,0.9873177896996523,consequence=synonymous,not recorded,,unknown,unreviewed,,pass,recorded temporal_test_predictions.csv
V8,1360281,not recorded,STAT4,not recorded,Likely benign,moved_toward_benign,moved_toward_pathogenic,0.3996791847533945,0.3996791847533945,false,low-confidence,0.6003208152466055,consequence=missense,not recorded,,model over-predicted pathogenic,unreviewed,,pass,recorded temporal_test_predictions.csv
V8,1360441,not recorded,MESP2,not recorded,Likely benign,moved_toward_benign,moved_toward_benign,0.012569982422790714,0.012569982422790714,true,correct high-confidence,0.9874300175772093,consequence=synonymous,not recorded,,unknown,unreviewed,,pass,recorded temporal_test_predictions.csv
V8,1360465,not recorded,CARD8,not recorded,Likely benign,moved_toward_benign,moved_toward_benign,0.01222802588178232,0.01222802588178232,true,correct high-confidence,0.9877719741182177,consequence=synonymous,not recorded,,unknown,unreviewed,,pass,recorded temporal_test_predictions.csv
V8,1361293,not recorded,SOX9,not recorded,Benign,moved_toward_benign,moved_toward_benign,0.2403967505882198,0.2403967505882198,true,low-confidence,0.7596032494117801,consequence=missense,not recorded,,unknown,unreviewed,,pass,recorded temporal_test_predictions.csv
V8,1361480,not recorded,HTT,not recorded,Likely benign,moved_toward_benign,moved_toward_benign,0.012658275098441054,0.012658275098441054,true,correct high-confidence,0.9873417249015589,consequence=synonymous,not recorded,,unknown,unreviewed,,pass,recorded temporal_test_predictions.csv
V8,1362185,not recorded,RPS10,not recorded,Likely benign,moved_toward_benign,moved_toward_benign,0.09060059569397041,0.09060059569397041,true,correct high-confidence,0.9093994043060296,consequence=noncoding,not recorded,,unknown,unreviewed,,pass,recorded temporal_test_predictions.csv
V8,1362737,not recorded,SORL1,not recorded,Likely benign,moved_toward_benign,moved_toward_benign,0.012526469533281513,0.012526469533281513,true,correct high-confidence,0.9874735304667185,consequence=synonymous,not recorded,,unknown,unreviewed,,pass,recorded temporal_test_predictions.csv
V8,1363175,not recorded,SLC18A2,not recorded,Pathogenic,moved_toward_pathogenic,moved_toward_pathogenic,0.9790824204792894,0.9790824204792894,true,correct high-confidence,0.9790824204792894,consequence=loss_of_function,not recorded,,unknown,unreviewed,,pass,recorded temporal_test_predictions.csv
V8,1363920,not recorded,C1S,not recorded,Pathogenic,moved_toward_pathogenic,moved_toward_pathogenic,0.9776358810830762,0.9776358810830762,true,correct high-confidence,0.9776358810830762,consequence=loss_of_function,not recorded,,unknown,unreviewed,,pass,recorded temporal_test_predictions.csv
V8,1364406,not recorded,PEX13,not recorded,Likely benign,moved_toward_benign,moved_toward_benign,0.012312881870699928,0.012312881870699928,true,correct high-confidence,0.9876871181293001,consequence=synonymous,not recorded,,unknown,unreviewed,,pass,recorded temporal_test_predictions.csv
V8,1364669,not recorded,POLR3A,not recorded,Likely benign,moved_toward_benign,moved_toward_benign,0.08767252306676848,0.08767252306676848,true,correct high-confidence,0.9123274769332315,consequence=noncoding,not recorded,,unknown,unreviewed,,pass,recorded temporal_test_predictions.csv
V8,1364710,not recorded,UNG,not recorded,Likely benign,moved_toward_benign,moved_toward_benign,0.012661276754476947,0.012661276754476947,true,correct high-confidence,0.9873387232455231,consequence=synonymous,not recorded,,unknown,unreviewed,,pass,recorded temporal_test_predictions.csv
V8,1365048,not recorded,ACE,not recorded,Likely benign,moved_toward_benign,moved_toward_benign,0.012392233969496144,0.012392233969496144,true,correct high-confidence,0.9876077660305038,consequence=synonymous,not recorded,,unknown,unreviewed,,pass,recorded temporal_test_predictions.csv
V8,1365050,not recorded,DVL3,not recorded,Benign,moved_toward_benign,moved_toward_pathogenic,0.668469734759352,0.668469734759352,false,low-confidence,0.668469734759352,consequence=missense,not recorded,,model over-predicted pathogenic,unreviewed,,pass,recorded temporal_test_predictions.csv
V8,1365402,not recorded,HAND1,not recorded,Likely benign,moved_toward_benign,moved_toward_benign,0.09058083490016258,0.09058083490016258,true,correct high-confidence,0.9094191650998374,consequence=noncoding,not recorded,,unknown,unreviewed,,pass,recorded temporal_test_predictions.csv
V8,1365557,not recorded,SEMA4A,not recorded,Likely benign,moved_toward_benign,moved_toward_benign,0.08908366545082999,0.08908366545082999,true,correct high-confidence,0.91091633454917,consequence=noncoding,not recorded,,unknown,unreviewed,,pass,recorded temporal_test_predictions.csv
V8,1365832,not recorded,WDR62,not recorded,Likely benign,moved_toward_benign,moved_toward_benign,0.0902419324822359,0.0902419324822359,true,correct high-confidence,0.9097580675177641,consequence=noncoding,not recorded,,unknown,unreviewed,,pass,recorded temporal_test_predictions.csv
V8,1366043,not recorded,HMCN1,not recorded,Likely benign,moved_toward_benign,moved_toward_benign,0.012463257136629265,0.012463257136629265,true,correct high-confidence,0.9875367428633708,consequence=synonymous,not recorded,,unknown,unreviewed,,pass,recorded temporal_test_predictions.csv
V8,1366179,not recorded,SLC4A1,not recorded,Likely benign,moved_toward_benign,moved_toward_benign,0.012714833534284663,0.012714833534284663,true,correct high-confidence,0.9872851664657153,consequence=synonymous,not recorded,,unknown,unreviewed,,pass,recorded temporal_test_predictions.csv
V8,1366858,not recorded,ROR2,not recorded,Likely benign,moved_toward_benign,moved_toward_benign,0.012714833534284663,0.012714833534284663,true,correct high-confidence,0.9872851664657153,consequence=synonymous,not recorded,,unknown,unreviewed,,pass,recorded temporal_test_predictions.csv
V8,1367200,not recorded,DRAM2,not recorded,Pathogenic,moved_toward_pathogenic,moved_toward_benign,0.22045689768599577,0.22045689768599577,false,low-confidence,0.7795431023140043,consequence=missense,not recorded,,model over-predicted benign,unreviewed,,pass,recorded temporal_test_predictions.csv
V8,1367461,not recorded,"covers 24 genes, none of which curated to show dosage sensitivity",not recorded,Pathogenic,moved_toward_pathogenic,moved_toward_pathogenic,0.9908792034802194,0.9908792034802194,true,correct high-confidence,0.9908792034802194,consequence=unrecognized,not recorded,,unknown,unreviewed,,pass,recorded temporal_test_predictions.csv
V8,1369670,not recorded,NKX6-2,not recorded,Pathogenic,moved_toward_pathogenic,moved_toward_pathogenic,0.973354224164793,0.973354224164793,true,correct high-confidence,0.973354224164793,consequence=loss_of_function,not recorded,,unknown,unreviewed,,pass,recorded temporal_test_predictions.csv
V8,1369795,not recorded,FTO,not recorded,Likely benign,moved_toward_benign,moved_toward_benign,0.0121337012231632,0.0121337012231632,true,correct high-confidence,0.9878662987768368,consequence=synonymous,not recorded,,unknown,unreviewed,,pass,recorded temporal_test_predictions.csv
V8,1370410,not recorded,ERBIN,not recorded,Likely benign,moved_toward_benign,moved_toward_benign,0.012694111514151755,0.012694111514151755,true,correct high-confidence,0.9873058884858482,consequence=synonymous,not recorded,,unknown,unreviewed,,pass,recorded temporal_test_predictions.csv
V8,1370469,not recorded,TNNC1,not recorded,Likely benign,moved_toward_benign,moved_toward_benign,0.012714833534284663,0.012714833534284663,true,correct high-confidence,0.9872851664657153,consequence=synonymous,not recorded,,unknown,unreviewed,,pass,recorded temporal_test_predictions.csv
V8,1370663,not recorded,C1QB,not recorded,Likely benign,moved_toward_benign,moved_toward_benign,0.012563802527302437,0.012563802527302437,true,correct high-confidence,0.9874361974726975,consequence=synonymous,not recorded,,unknown,unreviewed,,pass,recorded temporal_test_predictions.csv
V8,1370816,not recorded,EFEMP2,not recorded,Likely benign,moved_toward_benign,moved_toward_benign,0.0884125953727163,0.0884125953727163,true,correct high-confidence,0.9115874046272837,consequence=noncoding,not recorded,,unknown,unreviewed,,pass,recorded temporal_test_predictions.csv
V8,1371463,not recorded,GNPAT,not recorded,Likely benign,moved_toward_benign,moved_toward_benign,0.0896917668948417,0.0896917668948417,true,correct high-confidence,0.9103082331051583,consequence=noncoding,not recorded,,unknown,unreviewed,,pass,recorded temporal_test_predictions.csv
V8,1371593,not recorded,RMND1,not recorded,Likely benign,moved_toward_benign,moved_toward_benign,0.08047677389231166,0.08047677389231166,true,correct high-confidence,0.9195232261076883,consequence=noncoding,not recorded,,unknown,unreviewed,,pass,recorded temporal_test_predictions.csv
V8,1372351,not recorded,HTRA2,not recorded,Likely benign,moved_toward_benign,moved_toward_benign,0.012655270637472169,0.012655270637472169,true,correct high-confidence,0.9873447293625278,consequence=synonymous,not recorded,,unknown,unreviewed,,pass,recorded temporal_test_predictions.csv
V8,1372461,not recorded,ASXL1,not recorded,Likely benign,moved_toward_benign,moved_toward_benign,0.09069911332488109,0.09069911332488109,true,correct high-confidence,0.9093008866751189,consequence=noncoding,not recorded,,unknown,unreviewed,,pass,recorded temporal_test_predictions.csv
V8,1372480,not recorded,DVL3,not recorded,Benign,moved_toward_benign,moved_toward_benign,0.22503791563777922,0.22503791563777922,true,low-confidence,0.7749620843622208,consequence=missense,not recorded,,unknown,unreviewed,,pass,recorded temporal_test_predictions.csv
V8,1372659,not recorded,POLR3A,not recorded,Likely benign,moved_toward_benign,moved_toward_benign,0.012738354167305021,0.012738354167305021,true,correct high-confidence,0.9872616458326949,consequence=synonymous,not recorded,,unknown,unreviewed,,pass,recorded temporal_test_predictions.csv
V8,1373750,not recorded,SLC26A3,not recorded,Likely benign,moved_toward_benign,moved_toward_benign,0.09101121186256622,0.09101121186256622,true,correct high-confidence,0.9089887881374338,consequence=noncoding,not recorded,,unknown,unreviewed,,pass,recorded temporal_test_predictions.csv
V8,1374528,not recorded,RPS26,not recorded,Likely benign,moved_toward_benign,moved_toward_benign,0.012427945227422901,0.012427945227422901,true,correct high-confidence,0.9875720547725771,consequence=synonymous,not recorded,,unknown,unreviewed,,pass,recorded temporal_test_predictions.csv
V8,1374793,not recorded,SLC39A13,not recorded,Likely benign,moved_toward_benign,moved_toward_benign,0.012673255446657851,0.012673255446657851,true,correct high-confidence,0.9873267445533421,consequence=synonymous,not recorded,,unknown,unreviewed,,pass,recorded temporal_test_predictions.csv
V8,1375379,not recorded,B3GAT3,not recorded,Likely benign,moved_toward_benign,moved_toward_benign,0.09056105492238502,0.09056105492238502,true,correct high-confidence,0.909438945077615,consequence=noncoding,not recorded,,unknown,unreviewed,,pass,recorded temporal_test_predictions.csv
V8,1376024,not recorded,UNC119,not recorded,Likely benign,moved_toward_benign,moved_toward_benign,0.012694111514151755,0.012694111514151755,true,correct high-confidence,0.9873058884858482,consequence=synonymous,not recorded,,unknown,unreviewed,,pass,recorded temporal_test_predictions.csv
V8,1376825,not recorded,NMNAT1,not recorded,Likely pathogenic,moved_toward_pathogenic,moved_toward_pathogenic,0.4479702215444087,0.4479702215444087,true,low-confidence,0.5520297784555913,consequence=missense,not recorded,,unknown,unreviewed,,pass,recorded temporal_test_predictions.csv
V8,1377327,not recorded,ALOXE3,not recorded,Pathogenic,moved_toward_pathogenic,moved_toward_pathogenic,0.9746608827112955,0.9746608827112955,true,correct high-confidence,0.9746608827112955,consequence=loss_of_function,not recorded,,unknown,unreviewed,,pass,recorded temporal_test_predictions.csv
V8,1377473,not recorded,TBC1D32,not recorded,Pathogenic,moved_toward_pathogenic,moved_toward_pathogenic,0.9766801966875295,0.9766801966875295,true,correct high-confidence,0.9766801966875295,consequence=loss_of_function,not recorded,,unknown,unreviewed,,pass,recorded temporal_test_predictions.csv
V8,1377514,not recorded,FGF23,not recorded,Likely benign,moved_toward_benign,moved_toward_benign,0.012679228115194344,0.012679228115194344,true,correct high-confidence,0.9873207718848056,consequence=synonymous,not recorded,,unknown,unreviewed,,pass,recorded temporal_test_predictions.csv
V8,1378408,not recorded,TAT,not recorded,Likely pathogenic,moved_toward_pathogenic,moved_toward_pathogenic,0.3593337372502623,0.3593337372502623,true,low-confidence,0.6406662627497377,consequence=missense,not recorded,,unknown,unreviewed,,pass,recorded temporal_test_predictions.csv
V8,1378529,not recorded,EXOC6B,not recorded,Likely pathogenic,moved_toward_pathogenic,moved_toward_pathogenic,0.9448442750564721,0.9448442750564721,true,correct high-confidence,0.9448442750564721,consequence=canonical_splice,not recorded,,unknown,unreviewed,,pass,recorded temporal_test_predictions.csv
V8,1378717,not recorded,ASXL2,not recorded,Benign/Likely benign,moved_toward_benign,moved_toward_pathogenic,0.5642916458381362,0.5642916458381362,false,low-confidence,0.5642916458381362,consequence=missense,not recorded,,model over-predicted pathogenic,unreviewed,,pass,recorded temporal_test_predictions.csv
V8,1378882,not recorded,SOX9,not recorded,Benign,moved_toward_benign,moved_toward_pathogenic,0.47011971451645823,0.47011971451645823,false,low-confidence,0.5298802854835418,consequence=missense,not recorded,,model over-predicted pathogenic,unreviewed,,pass,recorded temporal_test_predictions.csv
V8,1379064,not recorded,OSGEP,not recorded,Pathogenic,moved_toward_pathogenic,moved_toward_pathogenic,0.9792702751489214,0.9792702751489214,true,correct high-confidence,0.9792702751489214,consequence=loss_of_function,not recorded,,unknown,unreviewed,,pass,recorded temporal_test_predictions.csv
V8,1379185,not recorded,ASXL2,not recorded,Benign/Likely benign,moved_toward_benign,moved_toward_benign,0.07976368459997181,0.07976368459997181,true,correct high-confidence,0.9202363154000281,consequence=noncoding,not recorded,,unknown,unreviewed,,pass,recorded temporal_test_predictions.csv
V8,1379781,not recorded,CEP135,not recorded,Likely benign,moved_toward_benign,moved_toward_benign,0.012661276754476947,0.012661276754476947,true,correct high-confidence,0.9873387232455231,consequence=synonymous,not recorded,,unknown,unreviewed,,pass,recorded temporal_test_predictions.csv
V8,1379827,not recorded,ACOX1,not recorded,Likely benign,moved_toward_benign,moved_toward_benign,0.09056105492238502,0.09056105492238502,true,correct high-confidence,0.909438945077615,consequence=noncoding,not recorded,,unknown,unreviewed,,pass,recorded temporal_test_predictions.csv
V8,1380167,not recorded,UCHL1,not recorded,Pathogenic/Likely pathogenic,moved_toward_pathogenic,moved_toward_pathogenic,0.978205507537614,0.978205507537614,true,correct high-confidence,0.978205507537614,consequence=loss_of_function,not recorded,,unknown,unreviewed,,pass,recorded temporal_test_predictions.csv
V8,1381119,not recorded,PPCS,not recorded,Likely benign,moved_toward_benign,moved_toward_benign,0.09056105492238502,0.09056105492238502,true,correct high-confidence,0.909438945077615,consequence=noncoding,not recorded,,unknown,unreviewed,,pass,recorded temporal_test_predictions.csv
V8,1381949,not recorded,ARCN1,not recorded,Likely benign,moved_toward_benign,moved_toward_benign,0.225022002900577,0.225022002900577,true,low-confidence,0.774977997099423,consequence=missense,not recorded,,unknown,unreviewed,,pass,recorded temporal_test_predictions.csv
V8,1382246,not recorded,EFL1,not recorded,Likely benign,moved_toward_benign,moved_toward_benign,0.09884670854901739,0.09884670854901739,true,correct high-confidence,0.9011532914509826,consequence=noncoding,not recorded,,unknown,unreviewed,,pass,recorded temporal_test_predictions.csv
V8,1382950,not recorded,LAMB1,not recorded,Likely benign,moved_toward_benign,moved_toward_benign,0.09010072489550276,0.09010072489550276,true,correct high-confidence,0.9098992751044972,consequence=noncoding,not recorded,,unknown,unreviewed,,pass,recorded temporal_test_predictions.csv
V8,1384019,not recorded,DNAJC21,not recorded,Likely benign,moved_toward_benign,moved_toward_benign,0.09056105492238502,0.09056105492238502,true,correct high-confidence,0.909438945077615,consequence=noncoding,not recorded,,unknown,unreviewed,,pass,recorded temporal_test_predictions.csv
V8,1384190,not recorded,DEAF1,not recorded,Likely benign,moved_toward_benign,moved_toward_benign,0.012661276754476947,0.012661276754476947,true,correct high-confidence,0.9873387232455231,consequence=synonymous,not recorded,,unknown,unreviewed,,pass,recorded temporal_test_predictions.csv
V8,1384223,not recorded,C1S,not recorded,Pathogenic,moved_toward_pathogenic,moved_toward_pathogenic,0.9863374610238789,0.9863374610238789,true,correct high-confidence,0.9863374610238789,consequence=loss_of_function,not recorded,,unknown,unreviewed,,pass,recorded temporal_test_predictions.csv
V8,1385469,not recorded,SULF1,not recorded,Likely benign,moved_toward_benign,moved_toward_benign,0.012615954683905138,0.012615954683905138,true,correct high-confidence,0.9873840453160949,consequence=synonymous,not recorded,,unknown,unreviewed,,pass,recorded temporal_test_predictions.csv
V8,1385480,not recorded,WDR35,not recorded,Likely benign,moved_toward_benign,moved_toward_benign,0.012542078133171054,0.012542078133171054,true,correct high-confidence,0.9874579218668289,consequence=synonymous,not recorded,,unknown,unreviewed,,pass,recorded temporal_test_predictions.csv
V8,1385711,not recorded,SLC16A2,not recorded,Likely benign,moved_toward_benign,moved_toward_benign,0.012538962527213832,0.012538962527213832,true,correct high-confidence,0.9874610374727861,consequence=synonymous,not recorded,,unknown,unreviewed,,pass,recorded temporal_test_predictions.csv
V8,1387085,not recorded,CLCN6,not recorded,Likely benign,moved_toward_benign,moved_toward_benign,0.09056105492238502,0.09056105492238502,true,correct high-confidence,0.909438945077615,consequence=noncoding,not recorded,,unknown,unreviewed,,pass,recorded temporal_test_predictions.csv
V8,1387135,not recorded,HTRA1,not recorded,Likely pathogenic,moved_toward_pathogenic,moved_toward_benign,0.234942503672652,0.234942503672652,false,low-confidence,0.765057496327348,consequence=missense,not recorded,,model over-predicted benign,unreviewed,,pass,recorded temporal_test_predictions.csv
V8,1387395,not recorded,RASA2,not recorded,Likely benign,moved_toward_benign,moved_toward_benign,0.012523338608473971,0.012523338608473971,true,correct high-confidence,0.987476661391526,consequence=synonymous,not recorded,,unknown,unreviewed,,pass,recorded temporal_test_predictions.csv
V8,1388087,not recorded,NTRK2,not recorded,Likely pathogenic,moved_toward_pathogenic,moved_toward_pathogenic,0.9377883166413127,0.9377883166413127,true,correct high-confidence,0.9377883166413127,consequence=canonical_splice,not recorded,,unknown,unreviewed,,pass,recorded temporal_test_predictions.csv
V8,1388200,not recorded,RUSC2,not recorded,Likely benign,moved_toward_benign,moved_toward_benign,0.08956744913645684,0.08956744913645684,true,correct high-confidence,0.9104325508635431,consequence=noncoding,not recorded,,unknown,unreviewed,,pass,recorded temporal_test_predictions.csv
V8,1389538,not recorded,MICU1,not recorded,Likely benign,moved_toward_benign,moved_toward_benign,0.012485524974853994,0.012485524974853994,true,correct high-confidence,0.987514475025146,consequence=synonymous,not recorded,,unknown,unreviewed,,pass,recorded temporal_test_predictions.csv
V8,1391123,not recorded,SGCB,not recorded,Likely benign,moved_toward_benign,moved_toward_benign,0.09056105492238502,0.09056105492238502,true,correct high-confidence,0.909438945077615,consequence=noncoding,not recorded,,unknown,unreviewed,,pass,recorded temporal_test_predictions.csv
V8,1391231,not recorded,ERBIN,not recorded,Likely benign,moved_toward_benign,moved_toward_benign,0.01246006320181206,0.01246006320181206,true,correct high-confidence,0.987539936798188,consequence=synonymous,not recorded,,unknown,unreviewed,,pass,recorded temporal_test_predictions.csv
V8,1391370,not recorded,POLG2,not recorded,Likely benign,moved_toward_benign,moved_toward_benign,0.0123692960006693,0.0123692960006693,true,correct high-confidence,0.9876307039993307,consequence=synonymous,not recorded,,unknown,unreviewed,,pass,recorded temporal_test_predictions.csv
V8,1391817,not recorded,GLUL,not recorded,Likely benign,moved_toward_benign,moved_toward_benign,0.0123692960006693,0.0123692960006693,true,correct high-confidence,0.9876307039993307,consequence=synonymous,not recorded,,unknown,unreviewed,,pass,recorded temporal_test_predictions.csv
V8,1392447,not recorded,B3GAT3,not recorded,Likely benign,moved_toward_benign,moved_toward_benign,0.012440831597971795,0.012440831597971795,true,correct high-confidence,0.9875591684020282,consequence=synonymous,not recorded,,unknown,unreviewed,,pass,recorded temporal_test_predictions.csv
V8,1393255,not recorded,CREB3L1,not recorded,Likely benign,moved_toward_benign,moved_toward_benign,0.012427945227422901,0.012427945227422901,true,correct high-confidence,0.9875720547725771,consequence=synonymous,not recorded,,unknown,unreviewed,,pass,recorded temporal_test_predictions.csv
V8,1394198,not recorded,TUBB3,not recorded,Likely benign,moved_toward_benign,moved_toward_benign,0.012535843870982792,0.012535843870982792,true,correct high-confidence,0.9874641561290172,consequence=synonymous,not recorded,,unknown,unreviewed,,pass,recorded temporal_test_predictions.csv
V8,1394379,not recorded,CFAP52,not recorded,Likely benign,moved_toward_benign,moved_toward_benign,0.012664275611462557,0.012664275611462557,true,correct high-confidence,0.9873357243885375,consequence=synonymous,not recorded,,unknown,unreviewed,,pass,recorded temporal_test_predictions.csv
V8,1394415,not recorded,UGT1A1,not recorded,Likely benign,moved_toward_benign,moved_toward_benign,0.012366005447357171,0.012366005447357171,true,correct high-confidence,0.9876339945526428,consequence=synonymous,not recorded,,unknown,unreviewed,,pass,recorded temporal_test_predictions.csv
V8,1394974,not recorded,MTHFD1,not recorded,Likely benign,moved_toward_benign,moved_toward_benign,0.08880498192321683,0.08880498192321683,true,correct high-confidence,0.9111950180767832,consequence=noncoding,not recorded,,unknown,unreviewed,,pass,recorded temporal_test_predictions.csv
V8,1395371,not recorded,ADAMTS10,not recorded,Likely benign,moved_toward_benign,moved_toward_benign,0.07238136297970578,0.07238136297970578,true,correct high-confidence,0.9276186370202942,consequence=noncoding,not recorded,,unknown,unreviewed,,pass,recorded temporal_test_predictions.csv
V8,1396222,not recorded,DRAM2,not recorded,Pathogenic,moved_toward_pathogenic,moved_toward_pathogenic,0.9790769025878879,0.9790769025878879,true,correct high-confidence,0.9790769025878879,consequence=loss_of_function,not recorded,,unknown,unreviewed,,pass,recorded temporal_test_predictions.csv
V8,1396634,not recorded,ADAMTSL4,not recorded,Likely benign,moved_toward_benign,moved_toward_benign,0.012661276754476947,0.012661276754476947,true,correct high-confidence,0.9873387232455231,consequence=synonymous,not recorded,,unknown,unreviewed,,pass,recorded temporal_test_predictions.csv
V8,1396667,not recorded,MAPKAPK3,not recorded,Likely benign,moved_toward_benign,moved_toward_benign,0.012714833534284663,0.012714833534284663,true,correct high-confidence,0.9872851664657153,consequence=synonymous,not recorded,,unknown,unreviewed,,pass,recorded temporal_test_predictions.csv
V8,1397087,not recorded,FBLN1,not recorded,Likely benign,moved_toward_benign,moved_toward_benign,0.0123692960006693,0.0123692960006693,true,correct high-confidence,0.9876307039993307,consequence=synonymous,not recorded,,unknown,unreviewed,,pass,recorded temporal_test_predictions.csv
V8,1397917,not recorded,DNA2,not recorded,Likely benign,moved_toward_benign,moved_toward_benign,0.0896917668948417,0.0896917668948417,true,correct high-confidence,0.9103082331051583,consequence=noncoding,not recorded,,unknown,unreviewed,,pass,recorded temporal_test_predictions.csv
V8,1397927,not recorded,SLC35D1,not recorded,Likely benign,moved_toward_benign,moved_toward_benign,0.012658275098441054,0.012658275098441054,true,correct high-confidence,0.9873417249015589,consequence=synonymous,not recorded,,unknown,unreviewed,,pass,recorded temporal_test_predictions.csv
V8,1397948,not recorded,BBS4,not recorded,Pathogenic/Likely pathogenic,moved_toward_pathogenic,moved_toward_pathogenic,0.9778197451547289,0.9778197451547289,true,correct high-confidence,0.9778197451547289,consequence=loss_of_function,not recorded,,unknown,unreviewed,,pass,recorded temporal_test_predictions.csv
V8,1398052,not recorded,TSFM,not recorded,Likely benign,moved_toward_benign,moved_toward_benign,0.012554510187959155,0.012554510187959155,true,correct high-confidence,0.9874454898120408,consequence=synonymous,not recorded,,unknown,unreviewed,,pass,recorded temporal_test_predictions.csv
V8,1398380,not recorded,FAM20A,not recorded,Likely benign,moved_toward_benign,moved_toward_benign,0.012612910325245303,0.012612910325245303,true,correct high-confidence,0.9873870896747547,consequence=synonymous,not recorded,,unknown,unreviewed,,pass,recorded temporal_test_predictions.csv
V8,1398773,not recorded,CYP4F22,not recorded,Pathogenic,moved_toward_pathogenic,moved_toward_pathogenic,0.5132259803897483,0.5132259803897483,true,low-confidence,0.5132259803897483,consequence=missense,not recorded,,unknown,unreviewed,,pass,recorded temporal_test_predictions.csv
V8,1399283,not recorded,C7,not recorded,Likely benign,moved_toward_benign,moved_toward_benign,0.012676243165887384,0.012676243165887384,true,correct high-confidence,0.9873237568341127,consequence=synonymous,not recorded,,unknown,unreviewed,,pass,recorded temporal_test_predictions.csv
V8,1399299,not recorded,TBC1D7,not recorded,Likely benign,moved_toward_benign,moved_toward_benign,0.012434394982727963,0.012434394982727963,true,correct high-confidence,0.9875656050172721,consequence=synonymous,not recorded,,unknown,unreviewed,,pass,recorded temporal_test_predictions.csv
V8,1400051,not recorded,FREM1,not recorded,Likely benign,moved_toward_benign,moved_toward_benign,0.0896917668948417,0.0896917668948417,true,correct high-confidence,0.9103082331051583,consequence=noncoding,not recorded,,unknown,unreviewed,,pass,recorded temporal_test_predictions.csv
V8,1400064,not recorded,NTRK2,not recorded,Likely benign,moved_toward_benign,moved_toward_benign,0.012359413984494354,0.012359413984494354,true,correct high-confidence,0.9876405860155056,consequence=synonymous,not recorded,,unknown,unreviewed,,pass,recorded temporal_test_predictions.csv
V8,1400186,not recorded,NPR2,not recorded,Likely benign,moved_toward_benign,moved_toward_benign,0.012670264951718045,0.012670264951718045,true,correct high-confidence,0.9873297350482819,consequence=synonymous,not recorded,,unknown,unreviewed,,pass,recorded temporal_test_predictions.csv
V8,1400493,not recorded,ASXL2,not recorded,Benign,moved_toward_benign,moved_toward_benign,0.13968109988461122,0.13968109988461122,true,correct high-confidence,0.8603189001153888,consequence=missense,not recorded,,unknown,unreviewed,,pass,recorded temporal_test_predictions.csv
V8,1400819,not recorded,PLXNA2,not recorded,Likely benign,moved_toward_benign,moved_toward_benign,0.012658275098441054,0.012658275098441054,true,correct high-confidence,0.9873417249015589,consequence=synonymous,not recorded,,unknown,unreviewed,,pass,recorded temporal_test_predictions.csv
V8,1400896,not recorded,SLC2A2,not recorded,Pathogenic/Likely pathogenic,moved_toward_pathogenic,moved_toward_pathogenic,0.694181238828372,0.694181238828372,true,low-confidence,0.694181238828372,consequence=inframe_indel,not recorded,,unknown,unreviewed,,pass,recorded temporal_test_predictions.csv
V8,1401251,not recorded,IFITM5,not recorded,Benign/Likely benign,moved_toward_benign,moved_toward_benign,0.17045168629038188,0.17045168629038188,true,correct high-confidence,0.8295483137096181,consequence=missense,not recorded,,unknown,unreviewed,,pass,recorded temporal_test_predictions.csv
V8,1401295,not recorded,ASXL2,not recorded,Benign/Likely benign,moved_toward_benign,moved_toward_pathogenic,0.34696236350648746,0.34696236350648746,false,low-confidence,0.6530376364935125,consequence=missense,not recorded,,model over-predicted pathogenic,unreviewed,,pass,recorded temporal_test_predictions.csv
V8,1402973,not recorded,FASLG,not recorded,Likely benign,moved_toward_benign,moved_toward_benign,0.012670264951718045,0.012670264951718045,true,correct high-confidence,0.9873297350482819,consequence=synonymous,not recorded,,unknown,unreviewed,,pass,recorded temporal_test_predictions.csv
V8,1403780,not recorded,PEPD,not recorded,Pathogenic/Likely pathogenic,moved_toward_pathogenic,moved_toward_benign,0.2159958685566607,0.2159958685566607,false,low-confidence,0.7840041314433392,consequence=missense,not recorded,,model over-predicted benign,unreviewed,,pass,recorded temporal_test_predictions.csv
V8,1403789,not recorded,PEX16,not recorded,Likely benign,moved_toward_benign,moved_toward_benign,0.011306257730290667,0.011306257730290667,true,correct high-confidence,0.9886937422697093,consequence=synonymous,not recorded,,unknown,unreviewed,,pass,recorded temporal_test_predictions.csv
V8,1404861,not recorded,ABCA12,not recorded,Likely benign,moved_toward_benign,moved_toward_pathogenic,0.47059957279038445,0.47059957279038445,false,low-confidence,0.5294004272096156,consequence=missense,not recorded,,model over-predicted pathogenic,unreviewed,,pass,recorded temporal_test_predictions.csv
V8,1405230,not recorded,PKD2,not recorded,Likely benign,moved_toward_benign,moved_toward_benign,0.012548300221049179,0.012548300221049179,true,correct high-confidence,0.9874516997789509,consequence=synonymous,not recorded,,unknown,unreviewed,,pass,recorded temporal_test_predictions.csv
V8,1406229,not recorded,ZFYVE26,not recorded,Likely benign,moved_toward_benign,moved_toward_benign,0.09056105492238502,0.09056105492238502,true,correct high-confidence,0.909438945077615,consequence=noncoding,not recorded,,unknown,unreviewed,,pass,recorded temporal_test_predictions.csv
V8,1406837,not recorded,B4GALT7,not recorded,Pathogenic,moved_toward_pathogenic,moved_toward_pathogenic,0.9748447577262291,0.9748447577262291,true,correct high-confidence,0.9748447577262291,consequence=loss_of_function,not recorded,,unknown,unreviewed,,pass,recorded temporal_test_predictions.csv
V8,1406878,not recorded,BBS4,not recorded,Likely benign,moved_toward_benign,moved_toward_benign,0.012714833534284663,0.012714833534284663,true,correct high-confidence,0.9872851664657153,consequence=synonymous,not recorded,,unknown,unreviewed,,pass,recorded temporal_test_predictions.csv
V8,1406923,not recorded,CTSB,not recorded,Likely benign,moved_toward_benign,moved_toward_benign,0.09152732247120221,0.09152732247120221,true,correct high-confidence,0.9084726775287978,consequence=noncoding,not recorded,,unknown,unreviewed,,pass,recorded temporal_test_predictions.csv
V8,1407147,not recorded,HPS4,not recorded,Likely benign,moved_toward_benign,moved_toward_benign,0.012526469533281513,0.012526469533281513,true,correct high-confidence,0.9874735304667185,consequence=synonymous,not recorded,,unknown,unreviewed,,pass,recorded temporal_test_predictions.csv
V8,1407794,not recorded,DNAJC6,not recorded,Likely benign,moved_toward_benign,moved_toward_benign,0.012526469533281513,0.012526469533281513,true,correct high-confidence,0.9874735304667185,consequence=synonymous,not recorded,,unknown,unreviewed,,pass,recorded temporal_test_predictions.csv
V8,1409094,not recorded,EIF2B2,not recorded,Likely benign,moved_toward_benign,moved_toward_benign,0.0123692960006693,0.0123692960006693,true,correct high-confidence,0.9876307039993307,consequence=synonymous,not recorded,,unknown,unreviewed,,pass,recorded temporal_test_predictions.csv
V8,1409760,not recorded,TECTA,not recorded,Likely benign,moved_toward_benign,moved_toward_pathogenic,0.6061348725515225,0.6061348725515225,false,low-confidence,0.6061348725515225,consequence=missense,not recorded,,model over-predicted pathogenic,unreviewed,,pass,recorded temporal_test_predictions.csv
V8,1410194,not recorded,DBH,not recorded,Likely benign,moved_toward_benign,moved_toward_benign,0.01245366564809061,0.01245366564809061,true,correct high-confidence,0.9875463343519094,consequence=synonymous,not recorded,,unknown,unreviewed,,pass,recorded temporal_test_predictions.csv
V8,1410260,not recorded,ASXL2,not recorded,Benign/Likely benign,moved_toward_benign,moved_toward_pathogenic,0.48042790207350533,0.48042790207350533,false,low-confidence,0.5195720979264946,consequence=missense,not recorded,,model over-predicted pathogenic,unreviewed,,pass,recorded temporal_test_predictions.csv
V8,1410603,not recorded,PLXNA2,not recorded,Likely benign,moved_toward_benign,moved_toward_benign,0.012523338608473971,0.012523338608473971,true,correct high-confidence,0.987476661391526,consequence=synonymous,not recorded,,unknown,unreviewed,,pass,recorded temporal_test_predictions.csv
V8,1410725,not recorded,KCND3,not recorded,Likely benign,moved_toward_benign,moved_toward_pathogenic,0.37713752988550886,0.37713752988550886,false,low-confidence,0.6228624701144911,consequence=missense,not recorded,,model over-predicted pathogenic,unreviewed,,pass,recorded temporal_test_predictions.csv
V8,1410991,not recorded,STAT4,not recorded,Likely benign,moved_toward_benign,moved_toward_benign,0.21745127068331402,0.21745127068331402,true,low-confidence,0.782548729316686,consequence=missense,not recorded,,unknown,unreviewed,,pass,recorded temporal_test_predictions.csv
V8,1411843,not recorded,SEC61A1,not recorded,Likely benign,moved_toward_benign,moved_toward_benign,0.09065976337836013,0.09065976337836013,true,correct high-confidence,0.9093402366216399,consequence=noncoding,not recorded,,unknown,unreviewed,,pass,recorded temporal_test_predictions.csv
V8,1411967,not recorded,KCNA1,not recorded,Pathogenic,moved_toward_pathogenic,moved_toward_pathogenic,0.3624221265229557,0.3624221265229557,true,low-confidence,0.6375778734770443,consequence=missense,not recorded,,unknown,unreviewed,,pass,recorded temporal_test_predictions.csv
V8,1411978,not recorded,KCNC2,not recorded,Pathogenic,moved_toward_pathogenic,moved_toward_pathogenic,0.4453828495086305,0.4453828495086305,true,low-confidence,0.5546171504913695,consequence=missense,not recorded,,unknown,unreviewed,,pass,recorded temporal_test_predictions.csv
V8,1412108,not recorded,KRT5,not recorded,Likely benign,moved_toward_benign,moved_toward_benign,0.0019718677385765766,0.0019718677385765766,true,correct high-confidence,0.9980281322614234,consequence=missense,not recorded,,unknown,unreviewed,,pass,recorded temporal_test_predictions.csv
V8,1412623,not recorded,DGKZ,not recorded,Likely benign,moved_toward_benign,moved_toward_benign,0.09093363301211538,0.09093363301211538,true,correct high-confidence,0.9090663669878847,consequence=noncoding,not recorded,,unknown,unreviewed,,pass,recorded temporal_test_predictions.csv
V8,1412696,not recorded,CASZ1,not recorded,Likely benign,moved_toward_benign,moved_toward_pathogenic,0.3529603817109909,0.3529603817109909,false,low-confidence,0.647039618289009,consequence=missense,not recorded,,model over-predicted pathogenic,unreviewed,,pass,recorded temporal_test_predictions.csv
V8,1413167,not recorded,KL,not recorded,Likely benign,moved_toward_benign,moved_toward_benign,0.012711881379353158,0.012711881379353158,true,correct high-confidence,0.9872881186206468,consequence=synonymous,not recorded,,unknown,unreviewed,,pass,recorded temporal_test_predictions.csv
V8,1414256,not recorded,HMCN1,not recorded,Likely benign,moved_toward_benign,moved_toward_benign,0.22946556711907576,0.22946556711907576,true,low-confidence,0.7705344328809243,consequence=missense,not recorded,,unknown,unreviewed,,pass,recorded temporal_test_predictions.csv
V8,1414385,not recorded,TFRC,not recorded,Likely benign,moved_toward_benign,moved_toward_benign,0.08100209906579804,0.08100209906579804,true,correct high-confidence,0.918997900934202,consequence=noncoding,not recorded,,unknown,unreviewed,,pass,recorded temporal_test_predictions.csv
V8,1414673,not recorded,PEPD,not recorded,Pathogenic/Likely pathogenic,moved_toward_pathogenic,moved_toward_pathogenic,0.3158709751037988,0.3158709751037988,true,low-confidence,0.6841290248962012,consequence=missense,not recorded,,unknown,unreviewed,,pass,recorded temporal_test_predictions.csv
V8,1415234,not recorded,SNX10,not recorded,Likely benign,moved_toward_benign,moved_toward_benign,0.012643224625936238,0.012643224625936238,true,correct high-confidence,0.9873567753740637,consequence=synonymous,not recorded,,unknown,unreviewed,,pass,recorded temporal_test_predictions.csv
V8,1415592,not recorded,HTT,not recorded,Likely benign,moved_toward_benign,moved_toward_benign,0.09060059569397041,0.09060059569397041,true,correct high-confidence,0.9093994043060296,consequence=noncoding,not recorded,,unknown,unreviewed,,pass,recorded temporal_test_predictions.csv
V8,1415664,not recorded,TBX3,not recorded,Likely benign,moved_toward_benign,moved_toward_benign,0.012319571770886386,0.012319571770886386,true,correct high-confidence,0.9876804282291136,consequence=synonymous,not recorded,,unknown,unreviewed,,pass,recorded temporal_test_predictions.csv
V8,1416596,not recorded,HTT,not recorded,Likely benign,moved_toward_benign,moved_toward_benign,0.09060059569397041,0.09060059569397041,true,correct high-confidence,0.9093994043060296,consequence=noncoding,not recorded,,unknown,unreviewed,,pass,recorded temporal_test_predictions.csv
V8,1416682,not recorded,ARHGEF1,not recorded,Likely benign,moved_toward_benign,moved_toward_benign,0.012526469533281513,0.012526469533281513,true,correct high-confidence,0.9874735304667185,consequence=synonymous,not recorded,,unknown,unreviewed,,pass,recorded temporal_test_predictions.csv
V8,1416741,not recorded,NKX2-5,not recorded,Likely benign,moved_toward_benign,moved_toward_benign,0.0884125953727163,0.0884125953727163,true,correct high-confidence,0.9115874046272837,consequence=noncoding,not recorded,,unknown,unreviewed,,pass,recorded temporal_test_predictions.csv
V8,1417457,not recorded,PRICKLE2,not recorded,Likely benign,moved_toward_benign,moved_toward_benign,0.012658275098441054,0.012658275098441054,true,correct high-confidence,0.9873417249015589,consequence=synonymous,not recorded,,unknown,unreviewed,,pass,recorded temporal_test_predictions.csv
V8,1418602,not recorded,P4HB,not recorded,Benign,moved_toward_benign,moved_toward_pathogenic,0.556531159161481,0.556531159161481,false,low-confidence,0.556531159161481,consequence=missense,not recorded,,model over-predicted pathogenic,unreviewed,,pass,recorded temporal_test_predictions.csv
V8,1418950,not recorded,GUF1,not recorded,Likely benign,moved_toward_benign,moved_toward_benign,0.012673255446657851,0.012673255446657851,true,correct high-confidence,0.9873267445533421,consequence=synonymous,not recorded,,unknown,unreviewed,,pass,recorded temporal_test_predictions.csv
V8,1419503,not recorded,FGFR1,not recorded,Likely benign,moved_toward_benign,moved_toward_benign,0.14179926788536618,0.14179926788536618,true,correct high-confidence,0.8582007321146339,consequence=missense,not recorded,,unknown,unreviewed,,pass,recorded temporal_test_predictions.csv
V8,1419535,not recorded,COG6,not recorded,Likely benign,moved_toward_benign,moved_toward_benign,0.15905289730017663,0.15905289730017663,true,correct high-confidence,0.8409471026998234,consequence=missense,not recorded,,unknown,unreviewed,,pass,recorded temporal_test_predictions.csv
V8,1420260,not recorded,GLI2,not recorded,Likely benign,moved_toward_benign,moved_toward_benign,0.012685189727097637,0.012685189727097637,true,correct high-confidence,0.9873148102729024,consequence=synonymous,not recorded,,unknown,unreviewed,,pass,recorded temporal_test_predictions.csv
V8,1421371,not recorded,EFL1,not recorded,Likely benign,moved_toward_benign,moved_toward_benign,0.012664275611462557,0.012664275611462557,true,correct high-confidence,0.9873357243885375,consequence=synonymous,not recorded,,unknown,unreviewed,,pass,recorded temporal_test_predictions.csv
V8,1421416,not recorded,SDHAF2,not recorded,Likely benign,moved_toward_benign,moved_toward_benign,0.0871398753827205,0.0871398753827205,true,correct high-confidence,0.9128601246172795,consequence=noncoding,not recorded,,unknown,unreviewed,,pass,recorded temporal_test_predictions.csv
V8,1421678,not recorded,POFUT1,not recorded,Likely benign,moved_toward_benign,moved_toward_benign,0.08706932777626084,0.08706932777626084,true,correct high-confidence,0.9129306722237391,consequence=noncoding,not recorded,,unknown,unreviewed,,pass,recorded temporal_test_predictions.csv
V8,1421848,not recorded,HACE1,not recorded,Likely benign,moved_toward_benign,moved_toward_benign,0.0896917668948417,0.0896917668948417,true,correct high-confidence,0.9103082331051583,consequence=noncoding,not recorded,,unknown,unreviewed,,pass,recorded temporal_test_predictions.csv
V8,1422421,not recorded,SOX9,not recorded,Likely benign,moved_toward_benign,moved_toward_benign,0.012579229900130067,0.012579229900130067,true,correct high-confidence,0.98742077009987,consequence=synonymous,not recorded,,unknown,unreviewed,,pass,recorded temporal_test_predictions.csv
V8,1422782,not recorded,POMP,not recorded,Likely benign,moved_toward_benign,moved_toward_benign,0.09054125571975793,0.09054125571975793,true,correct high-confidence,0.9094587442802421,consequence=noncoding,not recorded,,unknown,unreviewed,,pass,recorded temporal_test_predictions.csv
V8,1422954,not recorded,COQ4,not recorded,Likely benign,moved_toward_benign,moved_toward_benign,0.012221136462820368,0.012221136462820368,true,correct high-confidence,0.9877788635371796,consequence=synonymous,not recorded,,unknown,unreviewed,,pass,recorded temporal_test_predictions.csv
V8,1423291,not recorded,CYP4F22,not recorded,Likely benign,moved_toward_benign,moved_toward_pathogenic,0.36079388541626045,0.36079388541626045,false,low-confidence,0.6392061145837395,consequence=missense,not recorded,,model over-predicted pathogenic,unreviewed,,pass,recorded temporal_test_predictions.csv
V8,1423707,not recorded,TK2,not recorded,Likely benign,moved_toward_benign,moved_toward_benign,0.08886963809956853,0.08886963809956853,true,correct high-confidence,0.9111303619004315,consequence=noncoding,not recorded,,unknown,unreviewed,,pass,recorded temporal_test_predictions.csv
V8,1423938,not recorded,GTPBP3,not recorded,Likely benign,moved_toward_benign,moved_toward_benign,0.012418245824408968,0.012418245824408968,true,correct high-confidence,0.987581754175591,consequence=synonymous,not recorded,,unknown,unreviewed,,pass,recorded temporal_test_predictions.csv
V8,1424022,not recorded,P4HB,not recorded,Likely benign,moved_toward_benign,moved_toward_benign,0.01275005064718349,0.01275005064718349,true,correct high-confidence,0.9872499493528165,consequence=synonymous,not recorded,,unknown,unreviewed,,pass,recorded temporal_test_predictions.csv
V8,1424085,not recorded,WNT1,not recorded,Pathogenic,moved_toward_pathogenic,moved_toward_pathogenic,0.9922171616578492,0.9922171616578492,true,correct high-confidence,0.9922171616578492,consequence=loss_of_function,not recorded,,unknown,unreviewed,,pass,recorded temporal_test_predictions.csv
V8,1424331,not recorded,PPP3CA,not recorded,Likely benign,moved_toward_benign,moved_toward_benign,0.08927435920047201,0.08927435920047201,true,correct high-confidence,0.910725640799528,consequence=noncoding,not recorded,,unknown,unreviewed,,pass,recorded temporal_test_predictions.csv
V8,1424566,not recorded,GPAA1,not recorded,Likely benign,moved_toward_benign,moved_toward_benign,0.012597644974600296,0.012597644974600296,true,correct high-confidence,0.9874023550253997,consequence=synonymous,not recorded,,unknown,unreviewed,,pass,recorded temporal_test_predictions.csv
V8,1425906,not recorded,CAD,not recorded,Likely benign,moved_toward_benign,moved_toward_benign,0.012658275098441054,0.012658275098441054,true,correct high-confidence,0.9873417249015589,consequence=synonymous,not recorded,,unknown,unreviewed,,pass,recorded temporal_test_predictions.csv
V8,1426698,not recorded,COL27A1,not recorded,Likely benign,moved_toward_benign,moved_toward_benign,0.012673255446657851,0.012673255446657851,true,correct high-confidence,0.9873267445533421,consequence=synonymous,not recorded,,unknown,unreviewed,,pass,recorded temporal_test_predictions.csv
V8,1426775,not recorded,IL6ST,not recorded,Likely benign,moved_toward_benign,moved_toward_benign,0.012600703873150522,0.012600703873150522,true,correct high-confidence,0.9873992961268495,consequence=synonymous,not recorded,,unknown,unreviewed,,pass,recorded temporal_test_predictions.csv
V8,1426789,not recorded,SLCO2A1,not recorded,Likely benign,moved_toward_benign,moved_toward_benign,0.1350896239652332,0.1350896239652332,true,correct high-confidence,0.8649103760347668,consequence=missense,not recorded,,unknown,unreviewed,,pass,recorded temporal_test_predictions.csv
V8,1426880,not recorded,NKX2-5,not recorded,Likely benign,moved_toward_benign,moved_toward_benign,0.20656057785069684,0.20656057785069684,true,low-confidence,0.7934394221493032,consequence=missense,not recorded,,unknown,unreviewed,,pass,recorded temporal_test_predictions.csv
V8,1428715,not recorded,PEX16,not recorded,Likely benign,moved_toward_benign,moved_toward_benign,0.012664275611462557,0.012664275611462557,true,correct high-confidence,0.9873357243885375,consequence=synonymous,not recorded,,unknown,unreviewed,,pass,recorded temporal_test_predictions.csv
V8,1429238,not recorded,NDUFA12,not recorded,Likely benign,moved_toward_benign,moved_toward_benign,0.012440831597971795,0.012440831597971795,true,correct high-confidence,0.9875591684020282,consequence=synonymous,not recorded,,unknown,unreviewed,,pass,recorded temporal_test_predictions.csv
V8,1429476,not recorded,PRICKLE2,not recorded,Likely benign,moved_toward_benign,moved_toward_benign,0.012676243165887384,0.012676243165887384,true,correct high-confidence,0.9873237568341127,consequence=synonymous,not recorded,,unknown,unreviewed,,pass,recorded temporal_test_predictions.csv
V8,1429658,not recorded,AP3B2,not recorded,Likely benign,moved_toward_benign,moved_toward_benign,0.01242471540336105,0.01242471540336105,true,correct high-confidence,0.9875752845966389,consequence=synonymous,not recorded,,unknown,unreviewed,,pass,recorded temporal_test_predictions.csv
V8,1430047,not recorded,TK2,not recorded,Likely benign,moved_toward_benign,moved_toward_benign,0.08723354777440334,0.08723354777440334,true,correct high-confidence,0.9127664522255967,consequence=noncoding,not recorded,,unknown,unreviewed,,pass,recorded temporal_test_predictions.csv
V8,1430101,not recorded,PROKR2,not recorded,Likely benign,moved_toward_benign,moved_toward_benign,0.012588450693212978,0.012588450693212978,true,correct high-confidence,0.987411549306787,consequence=synonymous,not recorded,,unknown,unreviewed,,pass,recorded temporal_test_predictions.csv
V8,1430775,not recorded,PDE8B,not recorded,Likely benign,moved_toward_benign,moved_toward_benign,0.01251078399940252,0.01251078399940252,true,correct high-confidence,0.9874892160005975,consequence=synonymous,not recorded,,unknown,unreviewed,,pass,recorded temporal_test_predictions.csv
V8,1431339,not recorded,ASNS,not recorded,Likely pathogenic,moved_toward_pathogenic,moved_toward_pathogenic,0.6308817249682429,0.6308817249682429,true,low-confidence,0.6308817249682429,consequence=missense,not recorded,,unknown,unreviewed,,pass,recorded temporal_test_predictions.csv
V8,1432429,not recorded,TMEM132E,not recorded,Likely benign,moved_toward_benign,moved_toward_benign,0.012349500776996085,0.012349500776996085,true,correct high-confidence,0.987650499223004,consequence=synonymous,not recorded,,unknown,unreviewed,,pass,recorded temporal_test_predictions.csv
V8,1433803,not recorded,MAPKAPK3,not recorded,Likely benign,moved_toward_benign,moved_toward_benign,0.011310936605995765,0.011310936605995765,true,correct high-confidence,0.9886890633940042,consequence=synonymous,not recorded,,unknown,unreviewed,,pass,recorded temporal_test_predictions.csv
V8,1434811,not recorded,WDR35,not recorded,Likely benign,moved_toward_benign,moved_toward_benign,0.09104989122972286,0.09104989122972286,true,correct high-confidence,0.9089501087702772,consequence=noncoding,not recorded,,unknown,unreviewed,,pass,recorded temporal_test_predictions.csv
V8,1434976,not recorded,DMP1,not recorded,Likely benign,moved_toward_benign,moved_toward_benign,0.012670264951718045,0.012670264951718045,true,correct high-confidence,0.9873297350482819,consequence=synonymous,not recorded,,unknown,unreviewed,,pass,recorded temporal_test_predictions.csv
V8,1435182,not recorded,ERCC6,not recorded,Likely benign,moved_toward_benign,moved_toward_benign,0.29151366637898163,0.29151366637898163,true,low-confidence,0.7084863336210183,consequence=missense,not recorded,,unknown,unreviewed,,pass,recorded temporal_test_predictions.csv
V8,1435185,not recorded,DNAJC21,not recorded,Likely benign,moved_toward_benign,moved_toward_benign,0.08956744913645684,0.08956744913645684,true,correct high-confidence,0.9104325508635431,consequence=noncoding,not recorded,,unknown,unreviewed,,pass,recorded temporal_test_predictions.csv
V8,1435463,not recorded,TBX3,not recorded,Likely benign,moved_toward_benign,moved_toward_benign,0.0124150060542329,0.0124150060542329,true,correct high-confidence,0.9875849939457672,consequence=synonymous,not recorded,,unknown,unreviewed,,pass,recorded temporal_test_predictions.csv
V8,1435501,not recorded,TNNC1,not recorded,Likely benign,moved_toward_benign,moved_toward_benign,0.09060059569397041,0.09060059569397041,true,correct high-confidence,0.9093994043060296,consequence=noncoding,not recorded,,unknown,unreviewed,,pass,recorded temporal_test_predictions.csv
V8,1436119,not recorded,SLC33A1,not recorded,Likely benign,moved_toward_benign,moved_toward_benign,0.012717782992856558,0.012717782992856558,true,correct high-confidence,0.9872822170071435,consequence=synonymous,not recorded,,unknown,unreviewed,,pass,recorded temporal_test_predictions.csv
V8,1437292,not recorded,KCNA1,not recorded,Likely benign,moved_toward_benign,moved_toward_benign,0.012591518390947904,0.012591518390947904,true,correct high-confidence,0.9874084816090521,consequence=synonymous,not recorded,,unknown,unreviewed,,pass,recorded temporal_test_predictions.csv
V8,1439154,not recorded,EXOSC3,not recorded,Likely benign,moved_toward_benign,moved_toward_benign,0.012655270637472169,0.012655270637472169,true,correct high-confidence,0.9873447293625278,consequence=synonymous,not recorded,,unknown,unreviewed,,pass,recorded temporal_test_predictions.csv
V8,1439204,not recorded,RP1L1,not recorded,Likely benign,moved_toward_benign,moved_toward_benign,0.012714833534284663,0.012714833534284663,true,correct high-confidence,0.9872851664657153,consequence=synonymous,not recorded,,unknown,unreviewed,,pass,recorded temporal_test_predictions.csv
V8,1439221,not recorded,DEAF1,not recorded,Likely benign,moved_toward_benign,moved_toward_benign,0.011824121572172525,0.011824121572172525,true,correct high-confidence,0.9881758784278275,consequence=synonymous,not recorded,,unknown,unreviewed,,pass,recorded temporal_test_predictions.csv
V8,1440322,not recorded,TNFSF12,not recorded,Likely benign,moved_toward_benign,moved_toward_benign,0.08893408638812975,0.08893408638812975,true,correct high-confidence,0.9110659136118703,consequence=noncoding,not recorded,,unknown,unreviewed,,pass,recorded temporal_test_predictions.csv
V8,1440417,not recorded,PEX16,not recorded,Likely benign,moved_toward_benign,moved_toward_benign,0.08723354777440334,0.08723354777440334,true,correct high-confidence,0.9127664522255967,consequence=noncoding,not recorded,,unknown,unreviewed,,pass,recorded temporal_test_predictions.csv
V8,1441123,not recorded,PGAP1,not recorded,Likely benign,moved_toward_benign,moved_toward_benign,0.012682210300347661,0.012682210300347661,true,correct high-confidence,0.9873177896996523,consequence=synonymous,not recorded,,unknown,unreviewed,,pass,recorded temporal_test_predictions.csv
V8,1441176,not recorded,MYO15A,not recorded,Likely benign,moved_toward_benign,moved_toward_benign,0.012526469533281513,0.012526469533281513,true,correct high-confidence,0.9874735304667185,consequence=synonymous,not recorded,,unknown,unreviewed,,pass,recorded temporal_test_predictions.csv
V8,1442648,not recorded,PINK1,not recorded,Likely benign,moved_toward_benign,moved_toward_benign,0.012526469533281513,0.012526469533281513,true,correct high-confidence,0.9874735304667185,consequence=synonymous,not recorded,,unknown,unreviewed,,pass,recorded temporal_test_predictions.csv
V8,1443140,not recorded,WDR35,not recorded,Likely benign,moved_toward_benign,moved_toward_benign,0.012526469533281513,0.012526469533281513,true,correct high-confidence,0.9874735304667185,consequence=synonymous,not recorded,,unknown,unreviewed,,pass,recorded temporal_test_predictions.csv
V8,1443577,not recorded,CFAP52,not recorded,Likely pathogenic,moved_toward_pathogenic,moved_toward_pathogenic,0.9455117294945521,0.9455117294945521,true,correct high-confidence,0.9455117294945521,consequence=canonical_splice,not recorded,,unknown,unreviewed,,pass,recorded temporal_test_predictions.csv
V8,1444125,not recorded,ASXL2,not recorded,Benign/Likely benign,moved_toward_benign,moved_toward_benign,0.21173002206433475,0.21173002206433475,true,low-confidence,0.7882699779356652,consequence=missense,not recorded,,unknown,unreviewed,,pass,recorded temporal_test_predictions.csv
V8,1444187,not recorded,PDP1,not recorded,Likely benign,moved_toward_benign,moved_toward_benign,0.012151387114207896,0.012151387114207896,true,correct high-confidence,0.9878486128857921,consequence=synonymous,not recorded,,unknown,unreviewed,,pass,recorded temporal_test_predictions.csv
V8,1444444,not recorded,VPS13D,not recorded,Likely benign,moved_toward_benign,moved_toward_benign,0.012526469533281513,0.012526469533281513,true,correct high-confidence,0.9874735304667185,consequence=synonymous,not recorded,,unknown,unreviewed,,pass,recorded temporal_test_predictions.csv
V8,1444570,not recorded,HMCN1,not recorded,Likely benign,moved_toward_benign,moved_toward_pathogenic,0.8400167965860683,0.8400167965860683,false,wrong high-confidence,0.8400167965860683,consequence=canonical_splice,not recorded,,model over-predicted pathogenic,unreviewed,,pass,recorded temporal_test_predictions.csv
V8,1444686,not recorded,NLRC4,not recorded,Likely benign,moved_toward_benign,moved_toward_benign,0.08721017135991418,0.08721017135991418,true,correct high-confidence,0.9127898286400858,consequence=noncoding,not recorded,,unknown,unreviewed,,pass,recorded temporal_test_predictions.csv
V8,1444757,not recorded,ASXL2,not recorded,Likely benign,moved_toward_benign,moved_toward_pathogenic,0.3745915315397886,0.3745915315397886,false,low-confidence,0.6254084684602115,consequence=unrecognized,not recorded,,model over-predicted pathogenic,unreviewed,,pass,recorded temporal_test_predictions.csv
V8,1445058,not recorded,PEX3,not recorded,Likely benign,moved_toward_benign,moved_toward_benign,0.012673255446657851,0.012673255446657851,true,correct high-confidence,0.9873267445533421,consequence=synonymous,not recorded,,unknown,unreviewed,,pass,recorded temporal_test_predictions.csv
V8,1445694,not recorded,UCHL1,not recorded,Likely pathogenic,moved_toward_pathogenic,moved_toward_pathogenic,0.9444583221793955,0.9444583221793955,true,correct high-confidence,0.9444583221793955,consequence=canonical_splice,not recorded,,unknown,unreviewed,,pass,recorded temporal_test_predictions.csv
V8,1446036,not recorded,ATIC,not recorded,Likely pathogenic,moved_toward_pathogenic,moved_toward_pathogenic,0.9405081586091307,0.9405081586091307,true,correct high-confidence,0.9405081586091307,consequence=canonical_splice,not recorded,,unknown,unreviewed,,pass,recorded temporal_test_predictions.csv
V8,1446180,not recorded,ETFB,not recorded,Likely benign,moved_toward_benign,moved_toward_pathogenic,0.3553859829625787,0.3553859829625787,false,low-confidence,0.6446140170374213,consequence=missense,not recorded,,model over-predicted pathogenic,unreviewed,,pass,recorded temporal_test_predictions.csv
V8,1447025,not recorded,DMXL2,not recorded,Likely benign,moved_toward_benign,moved_toward_benign,0.01222802588178232,0.01222802588178232,true,correct high-confidence,0.9877719741182177,consequence=synonymous,not recorded,,unknown,unreviewed,,pass,recorded temporal_test_predictions.csv
V8,1447591,not recorded,UCHL1,not recorded,Pathogenic,moved_toward_pathogenic,moved_toward_pathogenic,0.9750263428425315,0.9750263428425315,true,correct high-confidence,0.9750263428425315,consequence=loss_of_function,not recorded,,unknown,unreviewed,,pass,recorded temporal_test_predictions.csv
V8,1448944,not recorded,STAT4,not recorded,Likely benign,moved_toward_benign,moved_toward_benign,0.012479178681926849,0.012479178681926849,true,correct high-confidence,0.9875208213180732,consequence=synonymous,not recorded,,unknown,unreviewed,,pass,recorded temporal_test_predictions.csv
V8,1449121,not recorded,HTT,not recorded,Likely benign,moved_toward_benign,moved_toward_benign,0.012658275098441054,0.012658275098441054,true,correct high-confidence,0.9873417249015589,consequence=synonymous,not recorded,,unknown,unreviewed,,pass,recorded temporal_test_predictions.csv
V8,1449141,not recorded,MTHFD1,not recorded,Likely benign,moved_toward_benign,moved_toward_benign,0.011366498740675997,0.011366498740675997,true,correct high-confidence,0.988633501259324,consequence=synonymous,not recorded,,unknown,unreviewed,,pass,recorded temporal_test_predictions.csv
V8,1449752,not recorded,MPDZ,not recorded,Likely benign,moved_toward_benign,moved_toward_benign,0.012182968841967928,0.012182968841967928,true,correct high-confidence,0.9878170311580321,consequence=synonymous,not recorded,,unknown,unreviewed,,pass,recorded temporal_test_predictions.csv
V8,1449862,not recorded,SLCO2A1,not recorded,Likely benign,moved_toward_benign,moved_toward_benign,0.09093363301211538,0.09093363301211538,true,correct high-confidence,0.9090663669878847,consequence=noncoding,not recorded,,unknown,unreviewed,,pass,recorded temporal_test_predictions.csv
V8,1449976,not recorded,GHRHR,not recorded,Pathogenic/Likely pathogenic,moved_toward_pathogenic,moved_toward_pathogenic,0.4528769081459096,0.4528769081459096,true,low-confidence,0.5471230918540904,consequence=missense,not recorded,,unknown,unreviewed,,pass,recorded temporal_test_predictions.csv
V8,1450300,not recorded,RAB3GAP1,not recorded,Likely benign,moved_toward_benign,moved_toward_benign,0.09073838750530488,0.09073838750530488,true,correct high-confidence,0.9092616124946951,consequence=noncoding,not recorded,,unknown,unreviewed,,pass,recorded temporal_test_predictions.csv
V8,1450515,not recorded,TBCK,not recorded,Likely benign,moved_toward_benign,moved_toward_benign,0.09058083490016258,0.09058083490016258,true,correct high-confidence,0.9094191650998374,consequence=noncoding,not recorded,,unknown,unreviewed,,pass,recorded temporal_test_predictions.csv
V8,1450684,not recorded,DGAT1,not recorded,Likely benign,moved_toward_benign,moved_toward_benign,0.012482353415864034,0.012482353415864034,true,correct high-confidence,0.987517646584136,consequence=synonymous,not recorded,,unknown,unreviewed,,pass,recorded temporal_test_predictions.csv
V8,1450785,not recorded,ADCY1,not recorded,Likely benign,moved_toward_benign,moved_toward_benign,0.012714833534284663,0.012714833534284663,true,correct high-confidence,0.9872851664657153,consequence=synonymous,not recorded,,unknown,unreviewed,,pass,recorded temporal_test_predictions.csv
V8,1451010,not recorded,LOXL3,not recorded,Likely benign,moved_toward_benign,moved_toward_benign,0.012217686015253673,0.012217686015253673,true,correct high-confidence,0.9877823139847464,consequence=synonymous,not recorded,,unknown,unreviewed,,pass,recorded temporal_test_predictions.csv
V8,1461071,not recorded,SKIC3,not recorded,Likely benign,moved_toward_benign,moved_toward_benign,0.08711638757025787,0.08711638757025787,true,correct high-confidence,0.9128836124297421,consequence=noncoding,not recorded,,unknown,unreviewed,,pass,recorded temporal_test_predictions.csv
V8,1461149,not recorded,CELSR2,not recorded,Likely benign,moved_toward_benign,moved_toward_benign,0.0898153243602143,0.0898153243602143,true,correct high-confidence,0.9101846756397857,consequence=noncoding,not recorded,,unknown,unreviewed,,pass,recorded temporal_test_predictions.csv
V8,1461224,not recorded,GPX4,not recorded,Likely benign,moved_toward_benign,moved_toward_benign,0.09056105492238502,0.09056105492238502,true,correct high-confidence,0.909438945077615,consequence=noncoding,not recorded,,unknown,unreviewed,,pass,recorded temporal_test_predictions.csv
V8,1461350,not recorded,DRAM2,not recorded,Pathogenic,moved_toward_pathogenic,moved_toward_pathogenic,0.9398186674915995,0.9398186674915995,true,correct high-confidence,0.9398186674915995,consequence=loss_of_function,not recorded,,unknown,unreviewed,,pass,recorded temporal_test_predictions.csv
V8,1461382,not recorded,AARS2,not recorded,Likely benign,moved_toward_benign,moved_toward_benign,0.012366005447357171,0.012366005447357171,true,correct high-confidence,0.9876339945526428,consequence=synonymous,not recorded,,unknown,unreviewed,,pass,recorded temporal_test_predictions.csv
V8,1461637,not recorded,CD320,not recorded,Likely benign,moved_toward_benign,moved_toward_benign,0.011348096604223132,0.011348096604223132,true,correct high-confidence,0.9886519033957769,consequence=synonymous,not recorded,,unknown,unreviewed,,pass,recorded temporal_test_predictions.csv
V8,1463023,not recorded,SOX9,not recorded,Likely benign,moved_toward_benign,moved_toward_benign,0.012548300221049179,0.012548300221049179,true,correct high-confidence,0.9874516997789509,consequence=synonymous,not recorded,,unknown,unreviewed,,pass,recorded temporal_test_predictions.csv
V8,1463255,not recorded,PRKCSH,not recorded,Likely benign,moved_toward_benign,moved_toward_benign,0.026215524142994297,0.026215524142994297,true,correct high-confidence,0.9737844758570057,consequence=noncoding,not recorded,,unknown,unreviewed,,pass,recorded temporal_test_predictions.csv
V8,1463811,not recorded,PDHB,not recorded,Likely pathogenic,moved_toward_pathogenic,moved_toward_pathogenic,0.9443525777797435,0.9443525777797435,true,correct high-confidence,0.9443525777797435,consequence=canonical_splice,not recorded,,unknown,unreviewed,,pass,recorded temporal_test_predictions.csv
V8,1463842,not recorded,PEX11B,not recorded,Likely benign,moved_toward_benign,moved_toward_benign,0.012447255133214596,0.012447255133214596,true,correct high-confidence,0.9875527448667853,consequence=synonymous,not recorded,,unknown,unreviewed,,pass,recorded temporal_test_predictions.csv
V8,1464219,not recorded,RP1L1,not recorded,Likely benign,moved_toward_benign,moved_toward_benign,0.09056105492238502,0.09056105492238502,true,correct high-confidence,0.909438945077615,consequence=noncoding,not recorded,,unknown,unreviewed,,pass,recorded temporal_test_predictions.csv
V8,1464907,not recorded,GDF1,not recorded,Likely benign,moved_toward_benign,moved_toward_benign,0.012714833534284663,0.012714833534284663,true,correct high-confidence,0.9872851664657153,consequence=synonymous,not recorded,,unknown,unreviewed,,pass,recorded temporal_test_predictions.csv
V8,1465577,not recorded,SLC6A9,not recorded,Likely benign,moved_toward_benign,moved_toward_benign,0.012366005447357171,0.012366005447357171,true,correct high-confidence,0.9876339945526428,consequence=synonymous,not recorded,,unknown,unreviewed,,pass,recorded temporal_test_predictions.csv
V8,1465585,not recorded,TSEN54,not recorded,Likely benign,moved_toward_benign,moved_toward_benign,0.08810198223338084,0.08810198223338084,true,correct high-confidence,0.9118980177666192,consequence=noncoding,not recorded,,unknown,unreviewed,,pass,recorded temporal_test_predictions.csv
V8,1466496,not recorded,AP2M1,not recorded,Likely benign,moved_toward_benign,moved_toward_benign,0.08718676720475532,0.08718676720475532,true,correct high-confidence,0.9128132327952447,consequence=noncoding,not recorded,,unknown,unreviewed,,pass,recorded temporal_test_predictions.csv
V8,1467956,not recorded,PALM,not recorded,Likely benign,moved_toward_benign,moved_toward_benign,0.012714833534284663,0.012714833534284663,true,correct high-confidence,0.9872851664657153,consequence=synonymous,not recorded,,unknown,unreviewed,,pass,recorded temporal_test_predictions.csv
V8,1468243,not recorded,GPAA1,not recorded,Likely benign,moved_toward_benign,moved_toward_benign,0.08721017135991418,0.08721017135991418,true,correct high-confidence,0.9127898286400858,consequence=noncoding,not recorded,,unknown,unreviewed,,pass,recorded temporal_test_predictions.csv
V8,1468277,not recorded,TFRC,not recorded,Likely benign,moved_toward_benign,moved_toward_benign,0.012523338608473971,0.012523338608473971,true,correct high-confidence,0.987476661391526,consequence=synonymous,not recorded,,unknown,unreviewed,,pass,recorded temporal_test_predictions.csv
V8,1468856,not recorded,B3GAT3,not recorded,Likely benign,moved_toward_benign,moved_toward_benign,0.012523338608473971,0.012523338608473971,true,correct high-confidence,0.987476661391526,consequence=synonymous,not recorded,,unknown,unreviewed,,pass,recorded temporal_test_predictions.csv
V8,1469415,not recorded,BMP1,not recorded,Likely benign,moved_toward_benign,moved_toward_benign,0.0829081174623429,0.0829081174623429,true,correct high-confidence,0.917091882537657,consequence=noncoding,not recorded,,unknown,unreviewed,,pass,recorded temporal_test_predictions.csv
V8,1469777,not recorded,AMPD1,not recorded,Likely benign,moved_toward_benign,moved_toward_pathogenic,0.7927954210383035,0.7927954210383035,false,low-confidence,0.7927954210383035,consequence=unrecognized,not recorded,,model over-predicted pathogenic,unreviewed,,pass,recorded temporal_test_predictions.csv
V8,1470211,not recorded,VPS11,not recorded,Likely benign,moved_toward_benign,moved_toward_benign,0.0829373263840401,0.0829373263840401,true,correct high-confidence,0.91706267361596,consequence=noncoding,not recorded,,unknown,unreviewed,,pass,recorded temporal_test_predictions.csv
V8,1470537,not recorded,NFE2L2,not recorded,Benign,moved_toward_benign,moved_toward_benign,0.23049570992822116,0.23049570992822116,true,low-confidence,0.7695042900717788,consequence=missense,not recorded,,unknown,unreviewed,,pass,recorded temporal_test_predictions.csv
V8,1470624,not recorded,SLCO2A1,not recorded,Likely benign,moved_toward_benign,moved_toward_benign,0.012588450693212978,0.012588450693212978,true,correct high-confidence,0.987411549306787,consequence=synonymous,not recorded,,unknown,unreviewed,,pass,recorded temporal_test_predictions.csv
V8,1471149,not recorded,CEACAM16,not recorded,Likely benign,moved_toward_benign,moved_toward_benign,0.012664275611462557,0.012664275611462557,true,correct high-confidence,0.9873357243885375,consequence=synonymous,not recorded,,unknown,unreviewed,,pass,recorded temporal_test_predictions.csv
V8,1471798,not recorded,SLC13A3,not recorded,Likely benign,moved_toward_benign,moved_toward_benign,0.012526469533281513,0.012526469533281513,true,correct high-confidence,0.9874735304667185,consequence=synonymous,not recorded,,unknown,unreviewed,,pass,recorded temporal_test_predictions.csv
V8,1473941,not recorded,MMP2,not recorded,Likely benign,moved_toward_benign,moved_toward_benign,0.012714833534284663,0.012714833534284663,true,correct high-confidence,0.9872851664657153,consequence=synonymous,not recorded,,unknown,unreviewed,,pass,recorded temporal_test_predictions.csv
V8,1475621,not recorded,BBS4,not recorded,Likely benign,moved_toward_benign,moved_toward_benign,0.012714833534284663,0.012714833534284663,true,correct high-confidence,0.9872851664657153,consequence=synonymous,not recorded,,unknown,unreviewed,,pass,recorded temporal_test_predictions.csv
V8,1475682,not recorded,HAX1,not recorded,Likely benign,moved_toward_benign,moved_toward_benign,0.07416890760527022,0.07416890760527022,true,correct high-confidence,0.9258310923947298,consequence=noncoding,not recorded,,unknown,unreviewed,,pass,recorded temporal_test_predictions.csv
V8,1475889,not recorded,HPGD,not recorded,Likely benign,moved_toward_benign,moved_toward_benign,0.09069911332488109,0.09069911332488109,true,correct high-confidence,0.9093008866751189,consequence=noncoding,not recorded,,unknown,unreviewed,,pass,recorded temporal_test_predictions.csv
V8,1476174,not recorded,PPP3CA,not recorded,Likely benign,moved_toward_benign,moved_toward_benign,0.08865330073368977,0.08865330073368977,true,correct high-confidence,0.9113466992663102,consequence=noncoding,not recorded,,unknown,unreviewed,,pass,recorded temporal_test_predictions.csv
V8,1476399,not recorded,CD55,not recorded,Likely benign,moved_toward_benign,moved_toward_benign,0.012658275098441054,0.012658275098441054,true,correct high-confidence,0.9873417249015589,consequence=synonymous,not recorded,,unknown,unreviewed,,pass,recorded temporal_test_predictions.csv
V8,1477671,not recorded,DGAT1,not recorded,Likely benign,moved_toward_benign,moved_toward_benign,0.012214231729535863,0.012214231729535863,true,correct high-confidence,0.9877857682704642,consequence=synonymous,not recorded,,unknown,unreviewed,,pass,recorded temporal_test_predictions.csv
V8,1478215,not recorded,GDF1,not recorded,Likely benign,moved_toward_benign,moved_toward_benign,0.012658275098441054,0.012658275098441054,true,correct high-confidence,0.9873417249015589,consequence=synonymous,not recorded,,unknown,unreviewed,,pass,recorded temporal_test_predictions.csv
V8,1478297,not recorded,ATP8A2,not recorded,Likely benign,moved_toward_benign,moved_toward_benign,0.09065976337836013,0.09065976337836013,true,correct high-confidence,0.9093402366216399,consequence=noncoding,not recorded,,unknown,unreviewed,,pass,recorded temporal_test_predictions.csv
V8,1478446,not recorded,ADAMTSL4,not recorded,Likely benign,moved_toward_benign,moved_toward_benign,0.012431171751353604,0.012431171751353604,true,correct high-confidence,0.9875688282486464,consequence=synonymous,not recorded,,unknown,unreviewed,,pass,recorded temporal_test_predictions.csv
V8,1478462,not recorded,NOP10,not recorded,Likely benign,moved_toward_benign,moved_toward_benign,0.07335811837449059,0.07335811837449059,true,correct high-confidence,0.9266418816255094,consequence=noncoding,not recorded,,unknown,unreviewed,,pass,recorded temporal_test_predictions.csv
V8,1478466,not recorded,CD40,not recorded,Likely benign,moved_toward_benign,moved_toward_benign,0.08721017135991418,0.08721017135991418,true,correct high-confidence,0.9127898286400858,consequence=noncoding,not recorded,,unknown,unreviewed,,pass,recorded temporal_test_predictions.csv
V8,1478485,not recorded,BGN,not recorded,Likely pathogenic,moved_toward_pathogenic,moved_toward_pathogenic,0.9451538059138201,0.9451538059138201,true,correct high-confidence,0.9451538059138201,consequence=canonical_splice,not recorded,,unknown,unreviewed,,pass,recorded temporal_test_predictions.csv
V8,1478553,not recorded,CLTC,not recorded,Likely benign,moved_toward_benign,moved_toward_benign,0.09309981986820391,0.09309981986820391,true,correct high-confidence,0.9069001801317961,consequence=noncoding,not recorded,,unknown,unreviewed,,pass,recorded temporal_test_predictions.csv
V8,1480008,not recorded,KCNJ2,not recorded,Pathogenic,moved_toward_pathogenic,moved_toward_pathogenic,0.979692832276178,0.979692832276178,true,correct high-confidence,0.979692832276178,consequence=loss_of_function,not recorded,,unknown,unreviewed,,pass,recorded temporal_test_predictions.csv
V8,1480035,not recorded,LEMD3,not recorded,Likely benign,moved_toward_benign,moved_toward_benign,0.01254519069555647,0.01254519069555647,true,correct high-confidence,0.9874548093044435,consequence=synonymous,not recorded,,unknown,unreviewed,,pass,recorded temporal_test_predictions.csv
V8,1480226,not recorded,SKIC2,not recorded,Likely benign,moved_toward_benign,moved_toward_benign,0.09065976337836013,0.09065976337836013,true,correct high-confidence,0.9093402366216399,consequence=noncoding,not recorded,,unknown,unreviewed,,pass,recorded temporal_test_predictions.csv
V8,1480343,not recorded,TOP3A,not recorded,Likely benign,moved_toward_benign,moved_toward_benign,0.09073838750530488,0.09073838750530488,true,correct high-confidence,0.9092616124946951,consequence=noncoding,not recorded,,unknown,unreviewed,,pass,recorded temporal_test_predictions.csv
V8,1480682,not recorded,COG1,not recorded,Pathogenic,moved_toward_pathogenic,moved_toward_pathogenic,0.9740224710299319,0.9740224710299319,true,correct high-confidence,0.9740224710299319,consequence=loss_of_function,not recorded,,unknown,unreviewed,,pass,recorded temporal_test_predictions.csv
V8,1480828,not recorded,CD40,not recorded,Likely benign,moved_toward_benign,moved_toward_benign,0.09093363301211538,0.09093363301211538,true,correct high-confidence,0.9090663669878847,consequence=noncoding,not recorded,,unknown,unreviewed,,pass,recorded temporal_test_predictions.csv
V8,1480969,not recorded,ASXL2,not recorded,Benign,moved_toward_benign,moved_toward_benign,0.23040856357226858,0.23040856357226858,true,low-confidence,0.7695914364277314,consequence=missense,not recorded,,unknown,unreviewed,,pass,recorded temporal_test_predictions.csv
V8,1481022,not recorded,RAD21,not recorded,Likely benign,moved_toward_benign,moved_toward_pathogenic,0.3529893107466268,0.3529893107466268,false,low-confidence,0.6470106892533731,consequence=missense,not recorded,,model over-predicted pathogenic,unreviewed,,pass,recorded temporal_test_predictions.csv
V8,1481314,not recorded,GLI2,not recorded,Likely benign,moved_toward_benign,moved_toward_pathogenic,0.8707431677760239,0.8707431677760239,false,wrong high-confidence,0.8707431677760239,consequence=missense,not recorded,,model over-predicted pathogenic,unreviewed,,pass,recorded temporal_test_predictions.csv
V8,1481328,not recorded,ANKZF1,not recorded,Likely benign,moved_toward_benign,moved_toward_benign,0.14487941306918475,0.14487941306918475,true,correct high-confidence,0.8551205869308153,consequence=noncoding,not recorded,,unknown,unreviewed,,pass,recorded temporal_test_predictions.csv
V8,1481456,not recorded,TSEN54,not recorded,Likely benign,moved_toward_benign,moved_toward_pathogenic,0.5161412583117678,0.5161412583117678,false,low-confidence,0.5161412583117678,consequence=missense,not recorded,,model over-predicted pathogenic,unreviewed,,pass,recorded temporal_test_predictions.csv
V8,1481727,not recorded,SNX10,not recorded,Likely benign,moved_toward_benign,moved_toward_benign,0.09060059569397041,0.09060059569397041,true,correct high-confidence,0.9093994043060296,consequence=noncoding,not recorded,,unknown,unreviewed,,pass,recorded temporal_test_predictions.csv
V8,1482690,not recorded,EFL1,not recorded,Likely benign,moved_toward_benign,moved_toward_benign,0.08047677389231166,0.08047677389231166,true,correct high-confidence,0.9195232261076883,consequence=noncoding,not recorded,,unknown,unreviewed,,pass,recorded temporal_test_predictions.csv
V8,1483555,not recorded,CFD,not recorded,Likely benign,moved_toward_benign,moved_toward_benign,0.08825789404704518,0.08825789404704518,true,correct high-confidence,0.9117421059529548,consequence=noncoding,not recorded,,unknown,unreviewed,,pass,recorded temporal_test_predictions.csv
V8,1483962,not recorded,OSGEP,not recorded,Pathogenic,moved_toward_pathogenic,moved_toward_pathogenic,0.9795124674997228,0.9795124674997228,true,correct high-confidence,0.9795124674997228,consequence=loss_of_function,not recorded,,unknown,unreviewed,,pass,recorded temporal_test_predictions.csv
V8,1484541,not recorded,SNIP1,not recorded,Likely benign,moved_toward_benign,moved_toward_benign,0.012658275098441054,0.012658275098441054,true,correct high-confidence,0.9873417249015589,consequence=synonymous,not recorded,,unknown,unreviewed,,pass,recorded temporal_test_predictions.csv
V8,1484871,not recorded,ZNF341,not recorded,Likely benign,moved_toward_benign,moved_toward_benign,0.01213015184773437,0.01213015184773437,true,correct high-confidence,0.9878698481522656,consequence=synonymous,not recorded,,unknown,unreviewed,,pass,recorded temporal_test_predictions.csv
V8,1484892,not recorded,MICU1,not recorded,Likely benign,moved_toward_benign,moved_toward_benign,0.08929543621347182,0.08929543621347182,true,correct high-confidence,0.9107045637865282,consequence=noncoding,not recorded,,unknown,unreviewed,,pass,recorded temporal_test_predictions.csv
V8,1485077,not recorded,ASXL2,not recorded,Benign,moved_toward_benign,moved_toward_benign,0.08228403019109849,0.08228403019109849,true,correct high-confidence,0.9177159698089015,consequence=noncoding,not recorded,,unknown,unreviewed,,pass,recorded temporal_test_predictions.csv
V8,1485769,not recorded,NFE2L2,not recorded,Benign,moved_toward_benign,moved_toward_pathogenic,0.561016840283596,0.561016840283596,false,low-confidence,0.561016840283596,consequence=missense,not recorded,,model over-predicted pathogenic,unreviewed,,pass,recorded temporal_test_predictions.csv
V8,1485930,not recorded,MPDZ,not recorded,Likely benign,moved_toward_benign,moved_toward_benign,0.08007269898353746,0.08007269898353746,true,correct high-confidence,0.9199273010164626,consequence=noncoding,not recorded,,unknown,unreviewed,,pass,recorded temporal_test_predictions.csv
V8,1486264,not recorded,PPP3CA,not recorded,Likely benign,moved_toward_benign,moved_toward_benign,0.012729553973933298,0.012729553973933298,true,correct high-confidence,0.9872704460260667,consequence=synonymous,not recorded,,unknown,unreviewed,,pass,recorded temporal_test_predictions.csv
V8,1486555,not recorded,DRAM2,not recorded,Pathogenic,moved_toward_pathogenic,moved_toward_pathogenic,0.9770800371867999,0.9770800371867999,true,correct high-confidence,0.9770800371867999,consequence=loss_of_function,not recorded,,unknown,unreviewed,,pass,recorded temporal_test_predictions.csv
V8,1486704,not recorded,SOX11,not recorded,Benign,moved_toward_benign,moved_toward_benign,0.1933457409113885,0.1933457409113885,true,correct high-confidence,0.8066542590886114,consequence=missense,not recorded,,unknown,unreviewed,,pass,recorded temporal_test_predictions.csv
V8,1486770,not recorded,PAPSS2,not recorded,Likely benign,moved_toward_benign,moved_toward_benign,0.012661276754476947,0.012661276754476947,true,correct high-confidence,0.9873387232455231,consequence=synonymous,not recorded,,unknown,unreviewed,,pass,recorded temporal_test_predictions.csv
V8,1486840,not recorded,RAB11A,not recorded,Likely benign,moved_toward_benign,moved_toward_benign,0.239451733534801,0.239451733534801,true,low-confidence,0.760548266465199,consequence=missense,not recorded,,unknown,unreviewed,,pass,recorded temporal_test_predictions.csv
V8,1486878,not recorded,ERBIN,not recorded,Likely benign,moved_toward_benign,moved_toward_benign,0.09056105492238502,0.09056105492238502,true,correct high-confidence,0.909438945077615,consequence=noncoding,not recorded,,unknown,unreviewed,,pass,recorded temporal_test_predictions.csv
V8,1487283,not recorded,ANKH,not recorded,Likely benign,moved_toward_benign,moved_toward_benign,0.012670264951718045,0.012670264951718045,true,correct high-confidence,0.9873297350482819,consequence=synonymous,not recorded,,unknown,unreviewed,,pass,recorded temporal_test_predictions.csv
V8,1487874,not recorded,TBCK,not recorded,Likely benign,moved_toward_benign,moved_toward_benign,0.0802083816628209,0.0802083816628209,true,correct high-confidence,0.919791618337179,consequence=noncoding,not recorded,,unknown,unreviewed,,pass,recorded temporal_test_predictions.csv
V8,1488120,not recorded,NPR2,not recorded,Likely benign,moved_toward_benign,moved_toward_benign,0.012501335394372318,0.012501335394372318,true,correct high-confidence,0.9874986646056276,consequence=synonymous,not recorded,,unknown,unreviewed,,pass,recorded temporal_test_predictions.csv
V8,1488534,not recorded,MPDZ,not recorded,Likely benign,moved_toward_benign,moved_toward_benign,0.012670264951718045,0.012670264951718045,true,correct high-confidence,0.9873297350482819,consequence=synonymous,not recorded,,unknown,unreviewed,,pass,recorded temporal_test_predictions.csv
V8,1488763,not recorded,SLC34A3,not recorded,Likely benign,moved_toward_benign,moved_toward_benign,0.012682210300347661,0.012682210300347661,true,correct high-confidence,0.9873177896996523,consequence=synonymous,not recorded,,unknown,unreviewed,,pass,recorded temporal_test_predictions.csv
V8,1489514,not recorded,PPP2R5D,not recorded,Likely benign,moved_toward_benign,moved_toward_benign,0.08426175821779144,0.08426175821779144,true,correct high-confidence,0.9157382417822085,consequence=noncoding,not recorded,,unknown,unreviewed,,pass,recorded temporal_test_predictions.csv
V8,1489526,not recorded,DGAT1,not recorded,Likely benign,moved_toward_benign,moved_toward_benign,0.07447322791604966,0.07447322791604966,true,correct high-confidence,0.9255267720839504,consequence=noncoding,not recorded,,unknown,unreviewed,,pass,recorded temporal_test_predictions.csv
V8,1490551,not recorded,PDLIM3,not recorded,Likely benign,moved_toward_benign,moved_toward_benign,0.09056105492238502,0.09056105492238502,true,correct high-confidence,0.909438945077615,consequence=noncoding,not recorded,,unknown,unreviewed,,pass,recorded temporal_test_predictions.csv
V8,1490649,not recorded,CASZ1,not recorded,Likely benign,moved_toward_benign,moved_toward_benign,0.012694111514151755,0.012694111514151755,true,correct high-confidence,0.9873058884858482,consequence=synonymous,not recorded,,unknown,unreviewed,,pass,recorded temporal_test_predictions.csv
V8,1490801,not recorded,NLRC4,not recorded,Likely benign,moved_toward_benign,moved_toward_benign,0.01256070808688016,0.01256070808688016,true,correct high-confidence,0.9874392919131199,consequence=synonymous,not recorded,,unknown,unreviewed,,pass,recorded temporal_test_predictions.csv
V8,1491110,not recorded,CLTC,not recorded,Likely benign,moved_toward_benign,moved_toward_benign,0.20452321665561668,0.20452321665561668,true,low-confidence,0.7954767833443833,consequence=noncoding,not recorded,,unknown,unreviewed,,pass,recorded temporal_test_predictions.csv
V8,1491354,not recorded,ASPM,not recorded,Likely benign,moved_toward_benign,moved_toward_benign,0.012548300221049179,0.012548300221049179,true,correct high-confidence,0.9874516997789509,consequence=synonymous,not recorded,,unknown,unreviewed,,pass,recorded temporal_test_predictions.csv
V8,1491421,not recorded,ANKZF1,not recorded,Likely benign,moved_toward_benign,moved_toward_benign,0.15521642022525994,0.15521642022525994,true,correct high-confidence,0.8447835797747401,consequence=noncoding,not recorded,,unknown,unreviewed,,pass,recorded temporal_test_predictions.csv
V8,1492580,not recorded,WDR62,not recorded,Likely benign,moved_toward_benign,moved_toward_benign,0.09056105492238502,0.09056105492238502,true,correct high-confidence,0.909438945077615,consequence=noncoding,not recorded,,unknown,unreviewed,,pass,recorded temporal_test_predictions.csv
V8,1492758,not recorded,DNASE1L3,not recorded,Likely benign,moved_toward_benign,moved_toward_benign,0.012612910325245303,0.012612910325245303,true,correct high-confidence,0.9873870896747547,consequence=synonymous,not recorded,,unknown,unreviewed,,pass,recorded temporal_test_predictions.csv
V8,1493671,not recorded,BMP1,not recorded,Likely benign,moved_toward_benign,moved_toward_benign,0.09114627107334143,0.09114627107334143,true,correct high-confidence,0.9088537289266586,consequence=noncoding,not recorded,,unknown,unreviewed,,pass,recorded temporal_test_predictions.csv
V8,1494106,not recorded,KCND3,not recorded,Likely benign,moved_toward_benign,moved_toward_benign,0.09056105492238502,0.09056105492238502,true,correct high-confidence,0.909438945077615,consequence=noncoding,not recorded,,unknown,unreviewed,,pass,recorded temporal_test_predictions.csv
V8,1494207,not recorded,SKIC3,not recorded,Likely benign,moved_toward_benign,moved_toward_benign,0.082404511855309,0.082404511855309,true,correct high-confidence,0.917595488144691,consequence=noncoding,not recorded,,unknown,unreviewed,,pass,recorded temporal_test_predictions.csv
V8,1494480,not recorded,PPP2CA,not recorded,Likely benign,moved_toward_benign,moved_toward_benign,0.09006019869757219,0.09006019869757219,true,correct high-confidence,0.9099398013024278,consequence=noncoding,not recorded,,unknown,unreviewed,,pass,recorded temporal_test_predictions.csv
V8,1494573,not recorded,RASA2,not recorded,Likely benign,moved_toward_benign,moved_toward_benign,0.012588450693212978,0.012588450693212978,true,correct high-confidence,0.987411549306787,consequence=synonymous,not recorded,,unknown,unreviewed,,pass,recorded temporal_test_predictions.csv
V8,1495848,not recorded,LAMA1,not recorded,Likely benign,moved_toward_benign,moved_toward_benign,0.08207130608629819,0.08207130608629819,true,correct high-confidence,0.9179286939137018,consequence=noncoding,not recorded,,unknown,unreviewed,,pass,recorded temporal_test_predictions.csv
V8,1496106,not recorded,PCDH12,not recorded,Likely benign,moved_toward_benign,moved_toward_benign,0.0123692960006693,0.0123692960006693,true,correct high-confidence,0.9876307039993307,consequence=synonymous,not recorded,,unknown,unreviewed,,pass,recorded temporal_test_predictions.csv
V8,1496392,not recorded,ASCC1,not recorded,Likely benign,moved_toward_benign,moved_toward_benign,0.08946326277467448,0.08946326277467448,true,correct high-confidence,0.9105367372253255,consequence=noncoding,not recorded,,unknown,unreviewed,,pass,recorded temporal_test_predictions.csv
V8,1496676,not recorded,CTF1,not recorded,Likely benign,moved_toward_benign,moved_toward_benign,0.012661276754476947,0.012661276754476947,true,correct high-confidence,0.9873387232455231,consequence=synonymous,not recorded,,unknown,unreviewed,,pass,recorded temporal_test_predictions.csv
V8,1496834,not recorded,WDR35,not recorded,Likely benign,moved_toward_benign,moved_toward_benign,0.012658275098441054,0.012658275098441054,true,correct high-confidence,0.9873417249015589,consequence=synonymous,not recorded,,unknown,unreviewed,,pass,recorded temporal_test_predictions.csv
V8,1497024,not recorded,VCL,not recorded,Likely benign,moved_toward_benign,moved_toward_benign,0.1791872223060317,0.1791872223060317,true,correct high-confidence,0.8208127776939683,consequence=noncoding,not recorded,,unknown,unreviewed,,pass,recorded temporal_test_predictions.csv
V8,1498320,not recorded,NKX6-2,not recorded,Likely benign,moved_toward_benign,moved_toward_benign,0.012221136462820368,0.012221136462820368,true,correct high-confidence,0.9877788635371796,consequence=synonymous,not recorded,,unknown,unreviewed,,pass,recorded temporal_test_predictions.csv
V8,1498431,not recorded,RUSC2,not recorded,Likely benign,moved_toward_benign,moved_toward_benign,0.07229132995538545,0.07229132995538545,true,correct high-confidence,0.9277086700446145,consequence=noncoding,not recorded,,unknown,unreviewed,,pass,recorded temporal_test_predictions.csv
V8,1498488,not recorded,CYP27A1,not recorded,Likely benign,moved_toward_benign,moved_toward_benign,0.012504488052598987,0.012504488052598987,true,correct high-confidence,0.987495511947401,consequence=synonymous,not recorded,,unknown,unreviewed,,pass,recorded temporal_test_predictions.csv
V8,1498684,not recorded,SPAG1,not recorded,Likely benign,moved_toward_benign,moved_toward_benign,0.012591518390947904,0.012591518390947904,true,correct high-confidence,0.9874084816090521,consequence=synonymous,not recorded,,unknown,unreviewed,,pass,recorded temporal_test_predictions.csv
V8,1498932,not recorded,HPS5,not recorded,Likely benign,moved_toward_benign,moved_toward_benign,0.08337013114222847,0.08337013114222847,true,correct high-confidence,0.9166298688577715,consequence=noncoding,not recorded,,unknown,unreviewed,,pass,recorded temporal_test_predictions.csv
V8,1499276,not recorded,CLTC,not recorded,Likely benign,moved_toward_benign,moved_toward_benign,0.01214785803257766,0.01214785803257766,true,correct high-confidence,0.9878521419674223,consequence=synonymous,not recorded,,unknown,unreviewed,,pass,recorded temporal_test_predictions.csv
V8,1499473,not recorded,DBT,not recorded,Likely pathogenic,moved_toward_pathogenic,moved_toward_pathogenic,0.6885029694429926,0.6885029694429926,true,low-confidence,0.6885029694429926,consequence=missense,not recorded,,unknown,unreviewed,,pass,recorded temporal_test_predictions.csv
V8,1501217,not recorded,NFIA,not recorded,Likely benign,moved_toward_benign,moved_toward_benign,0.0071760166695844264,0.0071760166695844264,true,correct high-confidence,0.9928239833304155,consequence=noncoding,not recorded,,unknown,unreviewed,,pass,recorded temporal_test_predictions.csv
V8,1501969,not recorded,ASPM,not recorded,Likely benign,moved_toward_benign,moved_toward_benign,0.012658275098441054,0.012658275098441054,true,correct high-confidence,0.9873417249015589,consequence=synonymous,not recorded,,unknown,unreviewed,,pass,recorded temporal_test_predictions.csv
V8,1502151,not recorded,RNF168,not recorded,Pathogenic,moved_toward_pathogenic,moved_toward_pathogenic,0.9343426601322796,0.9343426601322796,true,correct high-confidence,0.9343426601322796,consequence=loss_of_function,not recorded,,unknown,unreviewed,,pass,recorded temporal_test_predictions.csv
V8,1502536,not recorded,DGAT1,not recorded,Likely benign,moved_toward_benign,moved_toward_benign,0.012714833534284663,0.012714833534284663,true,correct high-confidence,0.9872851664657153,consequence=synonymous,not recorded,,unknown,unreviewed,,pass,recorded temporal_test_predictions.csv
V8,1504012,not recorded,TLR3,not recorded,Likely benign,moved_toward_benign,moved_toward_benign,0.012661276754476947,0.012661276754476947,true,correct high-confidence,0.9873387232455231,consequence=synonymous,not recorded,,unknown,unreviewed,,pass,recorded temporal_test_predictions.csv
V8,1504354,not recorded,ADCY5,not recorded,Likely benign,moved_toward_benign,moved_toward_benign,0.08865330073368977,0.08865330073368977,true,correct high-confidence,0.9113466992663102,consequence=noncoding,not recorded,,unknown,unreviewed,,pass,recorded temporal_test_predictions.csv
V8,1504575,not recorded,UBR1,not recorded,Benign,moved_toward_benign,moved_toward_benign,0.23977984032909191,0.23977984032909191,true,low-confidence,0.7602201596709081,consequence=missense,not recorded,,unknown,unreviewed,,pass,recorded temporal_test_predictions.csv
V8,1504767,not recorded,NFE2L2,not recorded,Likely benign,moved_toward_benign,moved_toward_pathogenic,0.3529893107466268,0.3529893107466268,false,low-confidence,0.6470106892533731,consequence=missense,not recorded,,model over-predicted pathogenic,unreviewed,,pass,recorded temporal_test_predictions.csv
V8,1504857,not recorded,ICOSLG,not recorded,Likely benign,moved_toward_benign,moved_toward_benign,0.012714833534284663,0.012714833534284663,true,correct high-confidence,0.9872851664657153,consequence=synonymous,not recorded,,unknown,unreviewed,,pass,recorded temporal_test_predictions.csv
V8,1504861,not recorded,NKX6-2,not recorded,Likely benign,moved_toward_benign,moved_toward_benign,0.012676243165887384,0.012676243165887384,true,correct high-confidence,0.9873237568341127,consequence=synonymous,not recorded,,unknown,unreviewed,,pass,recorded temporal_test_predictions.csv
V8,1505534,not recorded,PGM3,not recorded,Likely benign,moved_toward_benign,moved_toward_benign,0.08706932777626084,0.08706932777626084,true,correct high-confidence,0.9129306722237391,consequence=noncoding,not recorded,,unknown,unreviewed,,pass,recorded temporal_test_predictions.csv
V8,1506317,not recorded,GMPPA,not recorded,Likely benign,moved_toward_benign,moved_toward_benign,0.012658275098441054,0.012658275098441054,true,correct high-confidence,0.9873417249015589,consequence=synonymous,not recorded,,unknown,unreviewed,,pass,recorded temporal_test_predictions.csv
V8,1506450,not recorded,PDE2A,not recorded,Likely benign,moved_toward_benign,moved_toward_benign,0.011306257730290667,0.011306257730290667,true,correct high-confidence,0.9886937422697093,consequence=synonymous,not recorded,,unknown,unreviewed,,pass,recorded temporal_test_predictions.csv
V8,1506479,not recorded,C7,not recorded,Likely benign,moved_toward_benign,moved_toward_benign,0.012658275098441054,0.012658275098441054,true,correct high-confidence,0.9873417249015589,consequence=synonymous,not recorded,,unknown,unreviewed,,pass,recorded temporal_test_predictions.csv
V8,1506618,not recorded,YME1L1,not recorded,Likely benign,moved_toward_benign,moved_toward_benign,0.012214231729535863,0.012214231729535863,true,correct high-confidence,0.9877857682704642,consequence=synonymous,not recorded,,unknown,unreviewed,,pass,recorded temporal_test_predictions.csv
V8,1506744,not recorded,B3GLCT,not recorded,Likely benign,moved_toward_benign,moved_toward_benign,0.09056105492238502,0.09056105492238502,true,correct high-confidence,0.909438945077615,consequence=noncoding,not recorded,,unknown,unreviewed,,pass,recorded temporal_test_predictions.csv
V8,1506838,not recorded,CLPB,not recorded,Likely benign,moved_toward_benign,moved_toward_benign,0.011411998742960101,0.011411998742960101,true,correct high-confidence,0.9885880012570399,consequence=synonymous,not recorded,,unknown,unreviewed,,pass,recorded temporal_test_predictions.csv
V8,1507015,not recorded,PEPD,not recorded,Likely pathogenic,moved_toward_pathogenic,moved_toward_pathogenic,0.5508139110208439,0.5508139110208439,true,low-confidence,0.5508139110208439,consequence=missense,not recorded,,unknown,unreviewed,,pass,recorded temporal_test_predictions.csv
V8,1507563,not recorded,CLCN6,not recorded,Likely benign,moved_toward_benign,moved_toward_benign,0.012375866791625252,0.012375866791625252,true,correct high-confidence,0.9876241332083747,consequence=synonymous,not recorded,,unknown,unreviewed,,pass,recorded temporal_test_predictions.csv
V8,1508049,not recorded,SOX9,not recorded,Likely benign,moved_toward_benign,moved_toward_pathogenic,0.3922204085709789,0.3922204085709789,false,low-confidence,0.6077795914290212,consequence=missense,not recorded,,model over-predicted pathogenic,unreviewed,,pass,recorded temporal_test_predictions.csv
V8,1508577,not recorded,SLC24A5,not recorded,Pathogenic,moved_toward_pathogenic,moved_toward_benign,0.07064681079454074,0.07064681079454074,false,wrong high-confidence,0.9293531892054593,consequence=noncoding,not recorded,,model over-predicted benign,unreviewed,,pass,recorded temporal_test_predictions.csv
V8,1510103,not recorded,TOP2B,not recorded,Likely benign,moved_toward_benign,moved_toward_benign,0.012661276754476947,0.012661276754476947,true,correct high-confidence,0.9873387232455231,consequence=synonymous,not recorded,,unknown,unreviewed,,pass,recorded temporal_test_predictions.csv
V8,1510243,not recorded,PARK7,not recorded,Likely benign,moved_toward_benign,moved_toward_benign,0.01274420769089216,0.01274420769089216,true,correct high-confidence,0.9872557923091079,consequence=synonymous,not recorded,,unknown,unreviewed,,pass,recorded temporal_test_predictions.csv
V8,1510429,not recorded,ETV6,not recorded,Likely pathogenic,moved_toward_pathogenic,moved_toward_pathogenic,0.9373866373928129,0.9373866373928129,true,correct high-confidence,0.9373866373928129,consequence=canonical_splice,not recorded,,unknown,unreviewed,,pass,recorded temporal_test_predictions.csv
V8,1510471,not recorded,FECH,not recorded,Likely pathogenic,moved_toward_pathogenic,moved_toward_benign,0.09022182001043229,0.09022182001043229,false,wrong high-confidence,0.9097781799895677,consequence=noncoding,not recorded,,model over-predicted benign,unreviewed,,pass,recorded temporal_test_predictions.csv
V8,1510554,not recorded,TGFB3,not recorded,Likely benign,moved_toward_benign,moved_toward_benign,0.09067944784240774,0.09067944784240774,true,correct high-confidence,0.9093205521575922,consequence=noncoding,not recorded,,unknown,unreviewed,,pass,recorded temporal_test_predictions.csv
V8,1511053,not recorded,ADAMTS10,not recorded,Likely benign,moved_toward_benign,moved_toward_benign,0.08718676720475532,0.08718676720475532,true,correct high-confidence,0.9128132327952447,consequence=noncoding,not recorded,,unknown,unreviewed,,pass,recorded temporal_test_predictions.csv
V8,1511084,not recorded,CCM2,not recorded,Likely benign,moved_toward_benign,moved_toward_benign,0.012655270637472169,0.012655270637472169,true,correct high-confidence,0.9873447293625278,consequence=synonymous,not recorded,,unknown,unreviewed,,pass,recorded temporal_test_predictions.csv
V8,1511645,not recorded,NDP,not recorded,Pathogenic,moved_toward_pathogenic,moved_toward_pathogenic,0.3926086869711704,0.3926086869711704,true,low-confidence,0.6073913130288295,consequence=missense,not recorded,,unknown,unreviewed,,pass,recorded temporal_test_predictions.csv
V8,1512383,not recorded,RBBP8,not recorded,Likely benign,moved_toward_benign,moved_toward_benign,0.08709287172594901,0.08709287172594901,true,correct high-confidence,0.912907128274051,consequence=noncoding,not recorded,,unknown,unreviewed,,pass,recorded temporal_test_predictions.csv
V8,1512863,not recorded,PALM,not recorded,Likely benign,moved_toward_benign,moved_toward_benign,0.012655270637472169,0.012655270637472169,true,correct high-confidence,0.9873447293625278,consequence=synonymous,not recorded,,unknown,unreviewed,,pass,recorded temporal_test_predictions.csv
V8,1513615,not recorded,GPIHBP1,not recorded,Likely benign,moved_toward_benign,moved_toward_benign,0.09114627107334143,0.09114627107334143,true,correct high-confidence,0.9088537289266586,consequence=noncoding,not recorded,,unknown,unreviewed,,pass,recorded temporal_test_predictions.csv
V8,1513720,not recorded,EDNRA,not recorded,Likely benign,moved_toward_benign,moved_toward_benign,0.012700045684759886,0.012700045684759886,true,correct high-confidence,0.9872999543152401,consequence=synonymous,not recorded,,unknown,unreviewed,,pass,recorded temporal_test_predictions.csv
V8,1513725,not recorded,PDLIM3,not recorded,Likely benign,moved_toward_benign,moved_toward_benign,0.0896504126250322,0.0896504126250322,true,correct high-confidence,0.9103495873749679,consequence=noncoding,not recorded,,unknown,unreviewed,,pass,recorded temporal_test_predictions.csv
V8,1514081,not recorded,NKX2-5,not recorded,Likely benign,moved_toward_benign,moved_toward_pathogenic,0.7461180715141321,0.7461180715141321,false,low-confidence,0.7461180715141321,consequence=missense,not recorded,,model over-predicted pathogenic,unreviewed,,pass,recorded temporal_test_predictions.csv
V8,1514424,not recorded,MPDZ,not recorded,Likely benign,moved_toward_benign,moved_toward_benign,0.012482353415864034,0.012482353415864034,true,correct high-confidence,0.987517646584136,consequence=synonymous,not recorded,,unknown,unreviewed,,pass,recorded temporal_test_predictions.csv
V8,1515169,not recorded,CLCN6,not recorded,Likely benign,moved_toward_benign,moved_toward_benign,0.012673255446657851,0.012673255446657851,true,correct high-confidence,0.9873267445533421,consequence=synonymous,not recorded,,unknown,unreviewed,,pass,recorded temporal_test_predictions.csv
V8,1515175,not recorded,COG8,not recorded,Likely benign,moved_toward_benign,moved_toward_benign,0.08937952427966094,0.08937952427966094,true,correct high-confidence,0.9106204757203391,consequence=noncoding,not recorded,,unknown,unreviewed,,pass,recorded temporal_test_predictions.csv
V8,1515595,not recorded,TK2,not recorded,Likely benign,moved_toward_benign,moved_toward_benign,0.012714833534284663,0.012714833534284663,true,correct high-confidence,0.9872851664657153,consequence=synonymous,not recorded,,unknown,unreviewed,,pass,recorded temporal_test_predictions.csv
V8,1515881,not recorded,KIDINS220,not recorded,Likely benign,moved_toward_benign,moved_toward_benign,0.010604489469558913,0.010604489469558913,true,correct high-confidence,0.9893955105304411,consequence=synonymous,not recorded,,unknown,unreviewed,,pass,recorded temporal_test_predictions.csv
V8,1515911,not recorded,IL23R,not recorded,Likely benign,moved_toward_benign,moved_toward_benign,0.09067944784240774,0.09067944784240774,true,correct high-confidence,0.9093205521575922,consequence=noncoding,not recorded,,unknown,unreviewed,,pass,recorded temporal_test_predictions.csv
V8,1516073,not recorded,SUCO,not recorded,Likely benign,moved_toward_benign,moved_toward_benign,0.01266727167526143,0.01266727167526143,true,correct high-confidence,0.9873327283247386,consequence=synonymous,not recorded,,unknown,unreviewed,,pass,recorded temporal_test_predictions.csv
V8,1516119,not recorded,OBSL1,not recorded,Likely benign,moved_toward_benign,moved_toward_benign,0.012658275098441054,0.012658275098441054,true,correct high-confidence,0.9873417249015589,consequence=synonymous,not recorded,,unknown,unreviewed,,pass,recorded temporal_test_predictions.csv
V8,1516312,not recorded,COQ7,not recorded,Likely benign,moved_toward_benign,moved_toward_benign,0.09054125571975793,0.09054125571975793,true,correct high-confidence,0.9094587442802421,consequence=noncoding,not recorded,,unknown,unreviewed,,pass,recorded temporal_test_predictions.csv
V8,1516358,not recorded,SERPINF1,not recorded,Likely pathogenic,moved_toward_pathogenic,moved_toward_benign,0.15542855032000163,0.15542855032000163,false,wrong high-confidence,0.8445714496799983,consequence=missense,not recorded,,model over-predicted benign,unreviewed,,pass,recorded temporal_test_predictions.csv
V8,1516617,not recorded,VPS11,not recorded,Likely benign,moved_toward_benign,moved_toward_benign,0.09028209777588941,0.09028209777588941,true,correct high-confidence,0.9097179022241106,consequence=noncoding,not recorded,,unknown,unreviewed,,pass,recorded temporal_test_predictions.csv
V8,1518135,not recorded,TK2,not recorded,Likely benign,moved_toward_benign,moved_toward_benign,0.012714833534284663,0.012714833534284663,true,correct high-confidence,0.9872851664657153,consequence=synonymous,not recorded,,unknown,unreviewed,,pass,recorded temporal_test_predictions.csv
V8,1518178,not recorded,SLC34A1,not recorded,Likely benign,moved_toward_benign,moved_toward_benign,0.09058083490016258,0.09058083490016258,true,correct high-confidence,0.9094191650998374,consequence=noncoding,not recorded,,unknown,unreviewed,,pass,recorded temporal_test_predictions.csv
V8,1518918,not recorded,DEAF1,not recorded,Likely pathogenic,moved_toward_pathogenic,moved_toward_benign,0.13311740515314116,0.13311740515314116,false,wrong high-confidence,0.8668825948468588,consequence=missense,not recorded,,model over-predicted benign,unreviewed,,pass,recorded temporal_test_predictions.csv
V8,1519128,not recorded,TYROBP,not recorded,Likely benign,moved_toward_benign,moved_toward_benign,0.012661276754476947,0.012661276754476947,true,correct high-confidence,0.9873387232455231,consequence=synonymous,not recorded,,unknown,unreviewed,,pass,recorded temporal_test_predictions.csv
V8,1519521,not recorded,TIMM50,not recorded,Likely benign,moved_toward_benign,moved_toward_benign,0.07395752899695755,0.07395752899695755,true,correct high-confidence,0.9260424710030425,consequence=noncoding,not recorded,,unknown,unreviewed,,pass,recorded temporal_test_predictions.csv
V8,1520051,not recorded,PPP2R5D,not recorded,Likely benign,moved_toward_benign,moved_toward_benign,0.09056105492238502,0.09056105492238502,true,correct high-confidence,0.909438945077615,consequence=noncoding,not recorded,,unknown,unreviewed,,pass,recorded temporal_test_predictions.csv
V8,1522922,not recorded,NFIA,not recorded,Likely benign,moved_toward_benign,moved_toward_benign,0.007186879561065366,0.007186879561065366,true,correct high-confidence,0.9928131204389347,consequence=noncoding,not recorded,,unknown,unreviewed,,pass,recorded temporal_test_predictions.csv
V8,1523306,not recorded,LYN,not recorded,Likely benign,moved_toward_benign,moved_toward_benign,0.09064005989252408,0.09064005989252408,true,correct high-confidence,0.9093599401074759,consequence=noncoding,not recorded,,unknown,unreviewed,,pass,recorded temporal_test_predictions.csv
V8,1523509,not recorded,LIPG,not recorded,Likely benign,moved_toward_benign,moved_toward_benign,0.012658275098441054,0.012658275098441054,true,correct high-confidence,0.9873417249015589,consequence=synonymous,not recorded,,unknown,unreviewed,,pass,recorded temporal_test_predictions.csv
V8,1523531,not recorded,GPAA1,not recorded,Likely pathogenic,moved_toward_pathogenic,moved_toward_benign,0.21996475520227293,0.21996475520227293,false,low-confidence,0.780035244797727,consequence=missense,not recorded,,model over-predicted benign,unreviewed,,pass,recorded temporal_test_predictions.csv
V8,1523590,not recorded,NFE2L2,not recorded,Benign,moved_toward_benign,moved_toward_pathogenic,0.38644655607127015,0.38644655607127015,false,low-confidence,0.6135534439287298,consequence=missense,not recorded,,model over-predicted pathogenic,unreviewed,,pass,recorded temporal_test_predictions.csv
V8,1524482,not recorded,OGT,not recorded,Likely benign,moved_toward_benign,moved_toward_benign,0.012151387114207896,0.012151387114207896,true,correct high-confidence,0.9878486128857921,consequence=synonymous,not recorded,,unknown,unreviewed,,pass,recorded temporal_test_predictions.csv
V8,1524701,not recorded,APOC2,not recorded,Likely benign,moved_toward_benign,moved_toward_benign,0.09067944784240774,0.09067944784240774,true,correct high-confidence,0.9093205521575922,consequence=noncoding,not recorded,,unknown,unreviewed,,pass,recorded temporal_test_predictions.csv
V8,1525760,not recorded,CYP27A1,not recorded,Likely benign,moved_toward_benign,moved_toward_benign,0.14411961948382418,0.14411961948382418,true,correct high-confidence,0.8558803805161759,consequence=noncoding,not recorded,,unknown,unreviewed,,pass,recorded temporal_test_predictions.csv
V8,1526223,not recorded,ABCA12,not recorded,Likely pathogenic,moved_toward_pathogenic,moved_toward_pathogenic,0.5371637948853998,0.5371637948853998,true,low-confidence,0.5371637948853998,consequence=missense,not recorded,,unknown,unreviewed,,pass,recorded temporal_test_predictions.csv
V8,1526581,not recorded,CLTC;DHX40;PTRH2;VMP1,not recorded,Likely pathogenic,moved_toward_pathogenic,moved_toward_pathogenic,0.4348003631860853,0.4348003631860853,true,low-confidence,0.5651996368139147,consequence=unrecognized,not recorded,,unknown,unreviewed,,pass,recorded temporal_test_predictions.csv
V8,1526709,not recorded,subset of 79 genes: APP:ITSN1:SON,not recorded,Pathogenic,moved_toward_pathogenic,moved_toward_pathogenic,0.6576751128015413,0.6576751128015413,true,low-confidence,0.6576751128015413,consequence=unrecognized,not recorded,,unknown,unreviewed,,pass,recorded temporal_test_predictions.csv
V8,1527743,not recorded,"covers 13 genes, none of which curated to show dosage sensitivity",not recorded,Pathogenic,moved_toward_pathogenic,moved_toward_pathogenic,0.5156984728579767,0.5156984728579767,true,low-confidence,0.5156984728579767,consequence=unrecognized,not recorded,,unknown,unreviewed,,pass,recorded temporal_test_predictions.csv
V8,1527751,not recorded,CRYL1;GJB6,not recorded,Pathogenic,moved_toward_pathogenic,moved_toward_pathogenic,0.4425560642366221,0.4425560642366221,true,low-confidence,0.5574439357633779,consequence=unrecognized,not recorded,,unknown,unreviewed,,pass,recorded temporal_test_predictions.csv
V8,1527764,not recorded,DCLK1;MAB21L1;NBEA,not recorded,Pathogenic,moved_toward_pathogenic,moved_toward_pathogenic,0.5034096715570103,0.5034096715570103,true,low-confidence,0.5034096715570103,consequence=unrecognized,not recorded,,unknown,unreviewed,,pass,recorded temporal_test_predictions.csv
V8,1675234,not recorded,POU3F3,not recorded,Pathogenic/Likely pathogenic,moved_toward_pathogenic,moved_toward_pathogenic,0.3644231248245649,0.3644231248245649,true,low-confidence,0.6355768751754352,consequence=missense,not recorded,,unknown,unreviewed,,pass,recorded temporal_test_predictions.csv
V8,1675625,not recorded,CETP,not recorded,Pathogenic,moved_toward_pathogenic,moved_toward_pathogenic,0.9733700490160396,0.9733700490160396,true,correct high-confidence,0.9733700490160396,consequence=loss_of_function,not recorded,,unknown,unreviewed,,pass,recorded temporal_test_predictions.csv
V8,1676545,not recorded,GRIA1,not recorded,Likely pathogenic,moved_toward_pathogenic,moved_toward_benign,0.0010646108111242978,0.0010646108111242978,false,wrong high-confidence,0.9989353891888757,consequence=missense,not recorded,,model over-predicted benign,unreviewed,,pass,recorded temporal_test_predictions.csv
V8,1677019,not recorded,RASA2,not recorded,Likely benign,moved_toward_benign,moved_toward_benign,0.029910668914304196,0.029910668914304196,true,correct high-confidence,0.9700893310856958,consequence=noncoding,not recorded,,unknown,unreviewed,,pass,recorded temporal_test_predictions.csv
V8,1680647,not recorded,DYNC2I1,not recorded,Likely benign,moved_toward_benign,moved_toward_benign,0.012714833534284663,0.012714833534284663,true,correct high-confidence,0.9872851664657153,consequence=synonymous,not recorded,,unknown,unreviewed,,pass,recorded temporal_test_predictions.csv
V8,1680987,not recorded,EPRS1,not recorded,Likely benign,moved_toward_benign,moved_toward_benign,0.08865330073368977,0.08865330073368977,true,correct high-confidence,0.9113466992663102,consequence=noncoding,not recorded,,unknown,unreviewed,,pass,recorded temporal_test_predictions.csv
V8,1681279,not recorded,MYORG,not recorded,Likely benign,moved_toward_benign,moved_toward_benign,0.0123692960006693,0.0123692960006693,true,correct high-confidence,0.9876307039993307,consequence=synonymous,not recorded,,unknown,unreviewed,,pass,recorded temporal_test_predictions.csv
V8,1682037,not recorded,MESD,not recorded,Likely benign,moved_toward_benign,moved_toward_benign,0.012392233969496144,0.012392233969496144,true,correct high-confidence,0.9876077660305038,consequence=synonymous,not recorded,,unknown,unreviewed,,pass,recorded temporal_test_predictions.csv
V8,1682761,not recorded,ODAD3,not recorded,Likely benign,moved_toward_benign,moved_toward_benign,0.012526469533281513,0.012526469533281513,true,correct high-confidence,0.9874735304667185,consequence=synonymous,not recorded,,unknown,unreviewed,,pass,recorded temporal_test_predictions.csv
V8,1683188,not recorded,ARSL,not recorded,Likely benign,moved_toward_benign,moved_toward_benign,0.012714833534284663,0.012714833534284663,true,correct high-confidence,0.9872851664657153,consequence=synonymous,not recorded,,unknown,unreviewed,,pass,recorded temporal_test_predictions.csv
V8,1683321,not recorded,RASA2,not recorded,Likely benign,moved_toward_benign,moved_toward_benign,0.08565300763487926,0.08565300763487926,true,correct high-confidence,0.9143469923651207,consequence=noncoding,not recorded,,unknown,unreviewed,,pass,recorded temporal_test_predictions.csv
V8,1684583,not recorded,IFNAR2,not recorded,Benign,moved_toward_benign,moved_toward_benign,0.0541841304522769,0.0541841304522769,true,correct high-confidence,0.9458158695477231,consequence=noncoding,not recorded,,unknown,unreviewed,,pass,recorded temporal_test_predictions.csv
V8,1687542,not recorded,GPIHBP1,not recorded,Pathogenic,moved_toward_pathogenic,moved_toward_pathogenic,0.8326247259561746,0.8326247259561746,true,correct high-confidence,0.8326247259561746,consequence=missense,not recorded,,unknown,unreviewed,,pass,recorded temporal_test_predictions.csv
V8,1693511,not recorded,NFIL3,not recorded,Likely benign,moved_toward_benign,moved_toward_benign,0.1488942304560186,0.1488942304560186,true,correct high-confidence,0.8511057695439814,consequence=missense,not recorded,,unknown,unreviewed,,pass,recorded temporal_test_predictions.csv
V8,1694545,not recorded,WDR26,not recorded,Likely benign,moved_toward_benign,moved_toward_benign,0.28325836471736804,0.28325836471736804,true,low-confidence,0.7167416352826319,consequence=missense,not recorded,,unknown,unreviewed,,pass,recorded temporal_test_predictions.csv
V8,1696373,not recorded,DLG3,not recorded,Likely benign,moved_toward_benign,moved_toward_benign,0.08469244523375868,0.08469244523375868,true,correct high-confidence,0.9153075547662413,consequence=noncoding,not recorded,,unknown,unreviewed,,pass,recorded temporal_test_predictions.csv
V8,1699024,not recorded,NSF,not recorded,Likely pathogenic,moved_toward_pathogenic,moved_toward_benign,0.23288473610475333,0.23288473610475333,false,low-confidence,0.7671152638952466,consequence=inframe_indel,not recorded,,model over-predicted benign,unreviewed,,pass,recorded temporal_test_predictions.csv
V8,1701184,not recorded,C1R,not recorded,Likely benign,moved_toward_benign,moved_toward_benign,0.1837094003009889,0.1837094003009889,true,correct high-confidence,0.8162905996990111,consequence=missense,not recorded,,unknown,unreviewed,,pass,recorded temporal_test_predictions.csv
V8,1705129,not recorded,ATP2B3,not recorded,Likely benign,moved_toward_benign,moved_toward_benign,0.08201008117376836,0.08201008117376836,true,correct high-confidence,0.9179899188262316,consequence=noncoding,not recorded,,unknown,unreviewed,,pass,recorded temporal_test_predictions.csv
V8,1705688,not recorded,GREB1L,not recorded,Likely pathogenic,moved_toward_pathogenic,moved_toward_pathogenic,0.45174800206842763,0.45174800206842763,true,low-confidence,0.5482519979315723,consequence=missense,not recorded,,unknown,unreviewed,,pass,recorded temporal_test_predictions.csv
V8,1712157,not recorded,DHX30,not recorded,Likely pathogenic,moved_toward_pathogenic,moved_toward_pathogenic,0.9782683127841346,0.9782683127841346,true,correct high-confidence,0.9782683127841346,consequence=loss_of_function,not recorded,,unknown,unreviewed,,pass,recorded temporal_test_predictions.csv
V8,1715192,not recorded,TUBB3,not recorded,Likely benign,moved_toward_benign,moved_toward_benign,0.25944854100773146,0.25944854100773146,true,low-confidence,0.7405514589922686,consequence=missense,not recorded,,unknown,unreviewed,,pass,recorded temporal_test_predictions.csv
V8,1718030,not recorded,SOX11,not recorded,Likely benign,moved_toward_benign,moved_toward_pathogenic,0.3985000227064132,0.3985000227064132,false,low-confidence,0.6014999772935867,consequence=missense,not recorded,,model over-predicted pathogenic,unreviewed,,pass,recorded temporal_test_predictions.csv
V8,1718471,not recorded,BCAP31,not recorded,Likely pathogenic,moved_toward_pathogenic,moved_toward_pathogenic,0.8272041404715832,0.8272041404715832,true,correct high-confidence,0.8272041404715832,consequence=missense,not recorded,,unknown,unreviewed,,pass,recorded temporal_test_predictions.csv
V8,1719093,not recorded,TUBB3,not recorded,Likely benign,moved_toward_benign,moved_toward_benign,0.29424587387270507,0.29424587387270507,true,low-confidence,0.7057541261272949,consequence=missense,not recorded,,unknown,unreviewed,,pass,recorded temporal_test_predictions.csv
V8,1719216,not recorded,CTSA,not recorded,Likely pathogenic,moved_toward_pathogenic,moved_toward_benign,0.20321599326378717,0.20321599326378717,false,low-confidence,0.7967840067362129,consequence=missense,not recorded,,model over-predicted benign,unreviewed,,pass,recorded temporal_test_predictions.csv
V8,1720411,not recorded,ASXL2,not recorded,Benign,moved_toward_benign,moved_toward_benign,0.22604781032002644,0.22604781032002644,true,low-confidence,0.7739521896799736,consequence=missense,not recorded,,unknown,unreviewed,,pass,recorded temporal_test_predictions.csv
V8,1722787,not recorded,GRIA1,not recorded,Likely benign,moved_toward_benign,moved_toward_benign,0.1640361472890689,0.1640361472890689,true,correct high-confidence,0.8359638527109311,consequence=missense,not recorded,,unknown,unreviewed,,pass,recorded temporal_test_predictions.csv
V8,1723033,not recorded,ARFGEF1,not recorded,Pathogenic,moved_toward_pathogenic,moved_toward_pathogenic,0.9787551837573256,0.9787551837573256,true,correct high-confidence,0.9787551837573256,consequence=loss_of_function,not recorded,,unknown,unreviewed,,pass,recorded temporal_test_predictions.csv
V8,1740318,not recorded,GPIHBP1,not recorded,Likely benign,moved_toward_benign,moved_toward_pathogenic,0.6817339840129508,0.6817339840129508,false,low-confidence,0.6817339840129508,consequence=missense,not recorded,,model over-predicted pathogenic,unreviewed,,pass,recorded temporal_test_predictions.csv
V8,1746288,not recorded,GPIHBP1,not recorded,Likely benign,moved_toward_benign,moved_toward_pathogenic,0.3476336335886846,0.3476336335886846,false,low-confidence,0.6523663664113154,consequence=missense,not recorded,,model over-predicted pathogenic,unreviewed,,pass,recorded temporal_test_predictions.csv
V8,1768273,not recorded,TBR1,not recorded,Likely benign,moved_toward_benign,moved_toward_pathogenic,0.34983679827076886,0.34983679827076886,false,low-confidence,0.6501632017292311,consequence=missense,not recorded,,model over-predicted pathogenic,unreviewed,,pass,recorded temporal_test_predictions.csv
V8,1775090,not recorded,OPTN,not recorded,Pathogenic,moved_toward_pathogenic,moved_toward_pathogenic,0.9818423003085989,0.9818423003085989,true,correct high-confidence,0.9818423003085989,consequence=loss_of_function,not recorded,,unknown,unreviewed,,pass,recorded temporal_test_predictions.csv
V8,1778128,not recorded,MLH3,not recorded,Likely benign,moved_toward_benign,moved_toward_benign,0.21901273240894867,0.21901273240894867,true,low-confidence,0.7809872675910513,consequence=missense,not recorded,,unknown,unreviewed,,pass,recorded temporal_test_predictions.csv
V8,1789337,not recorded,TXNRD2,not recorded,Likely benign,moved_toward_benign,moved_toward_benign,0.09578107088494539,0.09578107088494539,true,correct high-confidence,0.9042189291150546,consequence=noncoding,not recorded,,unknown,unreviewed,,pass,recorded temporal_test_predictions.csv
V8,1789882,not recorded,MLH3,not recorded,Likely benign,moved_toward_benign,moved_toward_benign,0.25604437496425997,0.25604437496425997,true,low-confidence,0.74395562503574,consequence=missense,not recorded,,unknown,unreviewed,,pass,recorded temporal_test_predictions.csv
V8,1797356,not recorded,PHF8,not recorded,Likely benign,moved_toward_benign,moved_toward_pathogenic,0.35305417649903975,0.35305417649903975,false,low-confidence,0.6469458235009602,consequence=missense,not recorded,,model over-predicted pathogenic,unreviewed,,pass,recorded temporal_test_predictions.csv
V8,1804720,not recorded,CFHR4,not recorded,Benign,moved_toward_benign,moved_toward_pathogenic,0.9368828432310298,0.9368828432310298,false,wrong high-confidence,0.9368828432310298,consequence=canonical_splice,not recorded,,model over-predicted pathogenic,unreviewed,,pass,recorded temporal_test_predictions.csv
V8,1805124,not recorded,SORD,not recorded,Likely pathogenic,moved_toward_pathogenic,moved_toward_pathogenic,0.9911096989951749,0.9911096989951749,true,correct high-confidence,0.9911096989951749,consequence=loss_of_function,not recorded,,unknown,unreviewed,,pass,recorded temporal_test_predictions.csv
V8,1805410,not recorded,CHD1,not recorded,Likely benign,moved_toward_benign,moved_toward_benign,0.21255072928393037,0.21255072928393037,true,low-confidence,0.7874492707160696,consequence=missense,not recorded,,unknown,unreviewed,,pass,recorded temporal_test_predictions.csv
V8,1806071,not recorded,NDUFS8,not recorded,Likely pathogenic,moved_toward_pathogenic,moved_toward_pathogenic,0.44774817094139846,0.44774817094139846,true,low-confidence,0.5522518290586016,consequence=missense,not recorded,,unknown,unreviewed,,pass,recorded temporal_test_predictions.csv
V8,1806181,not recorded,KCNQ4,not recorded,Likely pathogenic,moved_toward_pathogenic,moved_toward_pathogenic,0.7288541990668103,0.7288541990668103,true,low-confidence,0.7288541990668103,consequence=missense,not recorded,,unknown,unreviewed,,pass,recorded temporal_test_predictions.csv
V8,1806275,not recorded,PKD2,not recorded,Likely pathogenic,moved_toward_pathogenic,moved_toward_pathogenic,0.9493649193653261,0.9493649193653261,true,correct high-confidence,0.9493649193653261,consequence=canonical_splice,not recorded,,unknown,unreviewed,,pass,recorded temporal_test_predictions.csv
V8,1806290,not recorded,KRT6A,not recorded,Likely pathogenic,moved_toward_pathogenic,moved_toward_pathogenic,0.9493574255820703,0.9493574255820703,true,correct high-confidence,0.9493574255820703,consequence=canonical_splice,not recorded,,unknown,unreviewed,,pass,recorded temporal_test_predictions.csv
V8,1806500,not recorded,BRWD3,not recorded,Likely pathogenic,moved_toward_pathogenic,moved_toward_pathogenic,0.6470898486671999,0.6470898486671999,true,low-confidence,0.6470898486671999,consequence=missense,not recorded,,unknown,unreviewed,,pass,recorded temporal_test_predictions.csv
V8,1806624,not recorded,TUBB4B,not recorded,Pathogenic,moved_toward_pathogenic,moved_toward_pathogenic,0.3578971743097923,0.3578971743097923,true,low-confidence,0.6421028256902077,consequence=missense,not recorded,,unknown,unreviewed,,pass,recorded temporal_test_predictions.csv
V8,1809826,not recorded,CAPRIN1,not recorded,Pathogenic,moved_toward_pathogenic,moved_toward_pathogenic,0.9777090201275817,0.9777090201275817,true,correct high-confidence,0.9777090201275817,consequence=loss_of_function,not recorded,,unknown,unreviewed,,pass,recorded temporal_test_predictions.csv
V8,1878215,not recorded,SPTBN4,not recorded,Likely benign,moved_toward_benign,moved_toward_benign,0.0783229292919287,0.0783229292919287,true,correct high-confidence,0.9216770707080713,consequence=noncoding,not recorded,,unknown,unreviewed,,pass,recorded temporal_test_predictions.csv
V8,1879779,not recorded,TAFAZZIN,not recorded,Likely pathogenic,moved_toward_pathogenic,moved_toward_pathogenic,0.9361704173471507,0.9361704173471507,true,correct high-confidence,0.9361704173471507,consequence=canonical_splice,not recorded,,unknown,unreviewed,,pass,recorded temporal_test_predictions.csv
V8,1895793,not recorded,DMXL2,not recorded,Likely benign,moved_toward_benign,moved_toward_benign,0.08577923404059487,0.08577923404059487,true,correct high-confidence,0.9142207659594052,consequence=noncoding,not recorded,,unknown,unreviewed,,pass,recorded temporal_test_predictions.csv
V8,1896623,not recorded,FANCF,not recorded,Likely benign,moved_toward_benign,moved_toward_benign,0.29276546209797133,0.29276546209797133,true,low-confidence,0.7072345379020286,consequence=missense,not recorded,,unknown,unreviewed,,pass,recorded temporal_test_predictions.csv
V8,1897272,not recorded,HMCN1,not recorded,Likely benign,moved_toward_benign,moved_toward_benign,0.01198097876980117,0.01198097876980117,true,correct high-confidence,0.9880190212301988,consequence=synonymous,not recorded,,unknown,unreviewed,,pass,recorded temporal_test_predictions.csv
V8,1897480,not recorded,VPS11,not recorded,Likely benign,moved_toward_benign,moved_toward_benign,0.011487750760283149,0.011487750760283149,true,correct high-confidence,0.9885122492397168,consequence=synonymous,not recorded,,unknown,unreviewed,,pass,recorded temporal_test_predictions.csv
V8,1897669,not recorded,PEX13,not recorded,Pathogenic,moved_toward_pathogenic,moved_toward_pathogenic,0.9413679833265509,0.9413679833265509,true,correct high-confidence,0.9413679833265509,consequence=canonical_splice,not recorded,,unknown,unreviewed,,pass,recorded temporal_test_predictions.csv
V8,1899589,not recorded,PLAA,not recorded,Likely benign,moved_toward_benign,moved_toward_benign,0.011352708134911729,0.011352708134911729,true,correct high-confidence,0.9886472918650883,consequence=synonymous,not recorded,,unknown,unreviewed,,pass,recorded temporal_test_predictions.csv
V8,1899972,not recorded,SCO1,not recorded,Likely benign,moved_toward_benign,moved_toward_benign,0.0121337012231632,0.0121337012231632,true,correct high-confidence,0.9878662987768368,consequence=synonymous,not recorded,,unknown,unreviewed,,pass,recorded temporal_test_predictions.csv
V8,1900445,not recorded,IFT88,not recorded,Likely benign,moved_toward_benign,moved_toward_benign,0.06835327951382246,0.06835327951382246,true,correct high-confidence,0.9316467204861776,consequence=noncoding,not recorded,,unknown,unreviewed,,pass,recorded temporal_test_predictions.csv
V8,1900448,not recorded,CDC42,not recorded,Benign,moved_toward_benign,moved_toward_benign,0.011461238994103519,0.011461238994103519,true,correct high-confidence,0.9885387610058964,consequence=synonymous,not recorded,,unknown,unreviewed,,pass,recorded temporal_test_predictions.csv
V8,1901127,not recorded,ERBIN,not recorded,Likely benign,moved_toward_benign,moved_toward_benign,0.012126598381986984,0.012126598381986984,true,correct high-confidence,0.9878734016180131,consequence=synonymous,not recorded,,unknown,unreviewed,,pass,recorded temporal_test_predictions.csv
V8,1901613,not recorded,VPS11,not recorded,Likely benign,moved_toward_benign,moved_toward_benign,0.011306257730290667,0.011306257730290667,true,correct high-confidence,0.9886937422697093,consequence=synonymous,not recorded,,unknown,unreviewed,,pass,recorded temporal_test_predictions.csv
V8,1901672,not recorded,HPS4,not recorded,Likely benign,moved_toward_benign,moved_toward_benign,0.08197939339097891,0.08197939339097891,true,correct high-confidence,0.9180206066090211,consequence=noncoding,not recorded,,unknown,unreviewed,,pass,recorded temporal_test_predictions.csv
V8,1902247,not recorded,MEOX1,not recorded,Likely benign,moved_toward_benign,moved_toward_benign,0.08007269898353746,0.08007269898353746,true,correct high-confidence,0.9199273010164626,consequence=noncoding,not recorded,,unknown,unreviewed,,pass,recorded temporal_test_predictions.csv
V8,1902652,not recorded,GHR,not recorded,Benign,moved_toward_benign,moved_toward_pathogenic,0.5694189492842154,0.5694189492842154,false,low-confidence,0.5694189492842154,consequence=missense,not recorded,,model over-predicted pathogenic,unreviewed,,pass,recorded temporal_test_predictions.csv
V8,1902704,not recorded,TBCK,not recorded,Likely benign,moved_toward_benign,moved_toward_benign,0.081917866263629,0.081917866263629,true,correct high-confidence,0.918082133736371,consequence=noncoding,not recorded,,unknown,unreviewed,,pass,recorded temporal_test_predictions.csv
V8,1903296,not recorded,FDX2,not recorded,Likely benign,moved_toward_benign,moved_toward_benign,0.08237446387022447,0.08237446387022447,true,correct high-confidence,0.9176255361297755,consequence=noncoding,not recorded,,unknown,unreviewed,,pass,recorded temporal_test_predictions.csv
V8,1903975,not recorded,TBCK,not recorded,Likely benign,moved_toward_benign,moved_toward_benign,0.1524442783580697,0.1524442783580697,true,correct high-confidence,0.8475557216419303,consequence=noncoding,not recorded,,unknown,unreviewed,,pass,recorded temporal_test_predictions.csv
V8,1904509,not recorded,CSF2RA,not recorded,Likely benign,moved_toward_benign,moved_toward_benign,0.2066688564625587,0.2066688564625587,true,low-confidence,0.7933311435374413,consequence=noncoding,not recorded,,unknown,unreviewed,,pass,recorded temporal_test_predictions.csv
V8,1904887,not recorded,NDUFS8,not recorded,Likely benign,moved_toward_benign,moved_toward_benign,0.012090836399415718,0.012090836399415718,true,correct high-confidence,0.9879091636005842,consequence=synonymous,not recorded,,unknown,unreviewed,,pass,recorded temporal_test_predictions.csv
V8,1905794,not recorded,IFT88,not recorded,Likely benign,moved_toward_benign,moved_toward_benign,0.08047677389231166,0.08047677389231166,true,correct high-confidence,0.9195232261076883,consequence=noncoding,not recorded,,unknown,unreviewed,,pass,recorded temporal_test_predictions.csv
V8,1906455,not recorded,FOXRED1,not recorded,Likely benign,moved_toward_benign,moved_toward_benign,0.08839056851470999,0.08839056851470999,true,correct high-confidence,0.9116094314852901,consequence=noncoding,not recorded,,unknown,unreviewed,,pass,recorded temporal_test_predictions.csv
V8,1906776,not recorded,FKBP10,not recorded,Likely benign,moved_toward_benign,moved_toward_benign,0.0877637110508457,0.0877637110508457,true,correct high-confidence,0.9122362889491543,consequence=noncoding,not recorded,,unknown,unreviewed,,pass,recorded temporal_test_predictions.csv
V8,1907297,not recorded,FGFR3,not recorded,Likely benign,moved_toward_benign,moved_toward_benign,0.01172836403250511,0.01172836403250511,true,correct high-confidence,0.9882716359674949,consequence=synonymous,not recorded,,unknown,unreviewed,,pass,recorded temporal_test_predictions.csv
V8,1908136,not recorded,COQ7,not recorded,Likely benign,moved_toward_benign,moved_toward_benign,0.08455889081802033,0.08455889081802033,true,correct high-confidence,0.9154411091819796,consequence=noncoding,not recorded,,unknown,unreviewed,,pass,recorded temporal_test_predictions.csv
V8,1908216,not recorded,ITGB4,not recorded,Likely benign,moved_toward_benign,moved_toward_pathogenic,0.500116285327123,0.500116285327123,false,low-confidence,0.500116285327123,consequence=missense,not recorded,,model over-predicted pathogenic,unreviewed,,pass,recorded temporal_test_predictions.csv
V8,1908464,not recorded,SLC25A32,not recorded,Likely benign,moved_toward_benign,moved_toward_benign,0.011712101973311139,0.011712101973311139,true,correct high-confidence,0.9882878980266888,consequence=synonymous,not recorded,,unknown,unreviewed,,pass,recorded temporal_test_predictions.csv
V8,1908973,not recorded,DHCR24,not recorded,Likely benign,moved_toward_benign,moved_toward_benign,0.08547490047540782,0.08547490047540782,true,correct high-confidence,0.9145250995245922,consequence=noncoding,not recorded,,unknown,unreviewed,,pass,recorded temporal_test_predictions.csv
V8,1909126,not recorded,ASXL2,not recorded,Benign,moved_toward_benign,moved_toward_pathogenic,0.4056356729267961,0.4056356729267961,false,low-confidence,0.594364327073204,consequence=missense,not recorded,,model over-predicted pathogenic,unreviewed,,pass,recorded temporal_test_predictions.csv
V8,1909904,not recorded,TRPM6,not recorded,Likely benign,moved_toward_benign,moved_toward_benign,0.08273190795826545,0.08273190795826545,true,correct high-confidence,0.9172680920417345,consequence=noncoding,not recorded,,unknown,unreviewed,,pass,recorded temporal_test_predictions.csv
V8,1910224,not recorded,HTRA1,not recorded,Pathogenic/Likely pathogenic,moved_toward_pathogenic,moved_toward_benign,0.2661583019464975,0.2661583019464975,false,low-confidence,0.7338416980535025,consequence=missense,not recorded,,model over-predicted benign,unreviewed,,pass,recorded temporal_test_predictions.csv
V8,1910486,not recorded,TYRP1,not recorded,Likely pathogenic,moved_toward_pathogenic,moved_toward_pathogenic,0.3567937084317097,0.3567937084317097,true,low-confidence,0.6432062915682903,consequence=missense,not recorded,,unknown,unreviewed,,pass,recorded temporal_test_predictions.csv
V8,1910714,not recorded,PLOD2,not recorded,Likely benign,moved_toward_benign,moved_toward_benign,0.08711638757025787,0.08711638757025787,true,correct high-confidence,0.9128836124297421,consequence=noncoding,not recorded,,unknown,unreviewed,,pass,recorded temporal_test_predictions.csv
V8,1910744,not recorded,NDUFA2,not recorded,Likely benign,moved_toward_benign,moved_toward_benign,0.08365327437872763,0.08365327437872763,true,correct high-confidence,0.9163467256212724,consequence=noncoding,not recorded,,unknown,unreviewed,,pass,recorded temporal_test_predictions.csv
V8,1910799,not recorded,ANK3,not recorded,Likely benign,moved_toward_benign,moved_toward_benign,0.01144342967314056,0.01144342967314056,true,correct high-confidence,0.9885565703268594,consequence=synonymous,not recorded,,unknown,unreviewed,,pass,recorded temporal_test_predictions.csv
V8,1911548,not recorded,OBSL1,not recorded,Likely benign,moved_toward_benign,moved_toward_benign,0.012296094259874532,0.012296094259874532,true,correct high-confidence,0.9877039057401255,consequence=synonymous,not recorded,,unknown,unreviewed,,pass,recorded temporal_test_predictions.csv
V8,1912446,not recorded,LARS1,not recorded,Likely pathogenic,moved_toward_pathogenic,moved_toward_pathogenic,0.9432072538208036,0.9432072538208036,true,correct high-confidence,0.9432072538208036,consequence=canonical_splice,not recorded,,unknown,unreviewed,,pass,recorded temporal_test_predictions.csv
V8,1912737,not recorded,ELOVL5,not recorded,Likely benign,moved_toward_benign,moved_toward_benign,0.08314053425411363,0.08314053425411363,true,correct high-confidence,0.9168594657458864,consequence=noncoding,not recorded,,unknown,unreviewed,,pass,recorded temporal_test_predictions.csv
V8,1913379,not recorded,TRIT1,not recorded,Likely benign,moved_toward_benign,moved_toward_benign,0.08287886327685381,0.08287886327685381,true,correct high-confidence,0.9171211367231462,consequence=noncoding,not recorded,,unknown,unreviewed,,pass,recorded temporal_test_predictions.csv
V8,1913570,not recorded,RGR,not recorded,Likely benign,moved_toward_benign,moved_toward_benign,0.01184369216157012,0.01184369216157012,true,correct high-confidence,0.9881563078384299,consequence=synonymous,not recorded,,unknown,unreviewed,,pass,recorded temporal_test_predictions.csv
V8,1914440,not recorded,EIF2B5,not recorded,Likely benign,moved_toward_benign,moved_toward_benign,0.08376536153020037,0.08376536153020037,true,correct high-confidence,0.9162346384697997,consequence=noncoding,not recorded,,unknown,unreviewed,,pass,recorded temporal_test_predictions.csv
V8,1914495,not recorded,CXCR2,not recorded,Pathogenic,moved_toward_pathogenic,moved_toward_pathogenic,0.9722662325731073,0.9722662325731073,true,correct high-confidence,0.9722662325731073,consequence=loss_of_function,not recorded,,unknown,unreviewed,,pass,recorded temporal_test_predictions.csv
V8,1915146,not recorded,FDX2,not recorded,Likely benign,moved_toward_benign,moved_toward_benign,0.08685615520476549,0.08685615520476549,true,correct high-confidence,0.9131438447952345,consequence=noncoding,not recorded,,unknown,unreviewed,,pass,recorded temporal_test_predictions.csv
V8,1915207,not recorded,CYP27A1,not recorded,Pathogenic/Likely pathogenic,moved_toward_pathogenic,moved_toward_pathogenic,0.9414226701115139,0.9414226701115139,true,correct high-confidence,0.9414226701115139,consequence=canonical_splice,not recorded,,unknown,unreviewed,,pass,recorded temporal_test_predictions.csv
V8,1916036,not recorded,NKX6-2,not recorded,Likely benign,moved_toward_benign,moved_toward_benign,0.011570155087246712,0.011570155087246712,true,correct high-confidence,0.9884298449127533,consequence=synonymous,not recorded,,unknown,unreviewed,,pass,recorded temporal_test_predictions.csv
V8,1917255,not recorded,ZEB1,not recorded,Likely benign,moved_toward_benign,moved_toward_benign,0.028759005894199812,0.028759005894199812,true,correct high-confidence,0.9712409941058002,consequence=noncoding,not recorded,,unknown,unreviewed,,pass,recorded temporal_test_predictions.csv
V8,1917269,not recorded,VPS11,not recorded,Likely benign,moved_toward_benign,moved_toward_benign,0.08109895568592024,0.08109895568592024,true,correct high-confidence,0.9189010443140797,consequence=noncoding,not recorded,,unknown,unreviewed,,pass,recorded temporal_test_predictions.csv
V8,1917357,not recorded,PTH,not recorded,Pathogenic,moved_toward_pathogenic,moved_toward_benign,0.08431612604990119,0.08431612604990119,false,wrong high-confidence,0.9156838739500988,consequence=noncoding,not recorded,,model over-predicted benign,unreviewed,,pass,recorded temporal_test_predictions.csv
V8,1917968,not recorded,CREB3L1,not recorded,Likely benign,moved_toward_benign,moved_toward_benign,0.08555143242852369,0.08555143242852369,true,correct high-confidence,0.9144485675714763,consequence=noncoding,not recorded,,unknown,unreviewed,,pass,recorded temporal_test_predictions.csv
V8,1919284,not recorded,TAFAZZIN,not recorded,Likely benign,moved_toward_benign,moved_toward_benign,0.08704575564736125,0.08704575564736125,true,correct high-confidence,0.9129542443526387,consequence=noncoding,not recorded,,unknown,unreviewed,,pass,recorded temporal_test_predictions.csv
V8,1920086,not recorded,SLC39A14,not recorded,Likely benign,moved_toward_benign,moved_toward_pathogenic,0.5235589696442413,0.5235589696442413,false,low-confidence,0.5235589696442413,consequence=missense,not recorded,,model over-predicted pathogenic,unreviewed,,pass,recorded temporal_test_predictions.csv
V8,1921118,not recorded,MCM2,not recorded,Likely benign,moved_toward_benign,moved_toward_benign,0.0808721629052098,0.0808721629052098,true,correct high-confidence,0.9191278370947902,consequence=noncoding,not recorded,,unknown,unreviewed,,pass,recorded temporal_test_predictions.csv
V8,1921283,not recorded,VPS11,not recorded,Likely benign,moved_toward_benign,moved_toward_benign,0.012021719462514402,0.012021719462514402,true,correct high-confidence,0.9879782805374856,consequence=synonymous,not recorded,,unknown,unreviewed,,pass,recorded temporal_test_predictions.csv
V8,1921663,not recorded,LRRK1,not recorded,Likely benign,moved_toward_benign,moved_toward_benign,0.01230953154989175,0.01230953154989175,true,correct high-confidence,0.9876904684501082,consequence=synonymous,not recorded,,unknown,unreviewed,,pass,recorded temporal_test_predictions.csv
V8,1922474,not recorded,EXOC6B,not recorded,Likely benign,moved_toward_benign,moved_toward_benign,0.030557704560513172,0.030557704560513172,true,correct high-confidence,0.9694422954394868,consequence=noncoding,not recorded,,unknown,unreviewed,,pass,recorded temporal_test_predictions.csv
V8,1922718,not recorded,NDUFS1,not recorded,Likely benign,moved_toward_benign,moved_toward_benign,0.07955473087224357,0.07955473087224357,true,correct high-confidence,0.9204452691277565,consequence=noncoding,not recorded,,unknown,unreviewed,,pass,recorded temporal_test_predictions.csv
V8,1923458,not recorded,PLAA,not recorded,Likely benign,moved_toward_benign,moved_toward_benign,0.08007269898353746,0.08007269898353746,true,correct high-confidence,0.9199273010164626,consequence=noncoding,not recorded,,unknown,unreviewed,,pass,recorded temporal_test_predictions.csv
V8,1923485,not recorded,UNC93B1,not recorded,Likely benign,moved_toward_benign,moved_toward_benign,0.011947235464242407,0.011947235464242407,true,correct high-confidence,0.9880527645357576,consequence=synonymous,not recorded,,unknown,unreviewed,,pass,recorded temporal_test_predictions.csv
V8,1923499,not recorded,IL12RB2,not recorded,Likely benign,moved_toward_benign,moved_toward_benign,0.0839045493097892,0.0839045493097892,true,correct high-confidence,0.9160954506902108,consequence=noncoding,not recorded,,unknown,unreviewed,,pass,recorded temporal_test_predictions.csv
V8,1925561,not recorded,KATNB1,not recorded,Likely benign,moved_toward_benign,moved_toward_benign,0.0850092437182701,0.0850092437182701,true,correct high-confidence,0.9149907562817299,consequence=noncoding,not recorded,,unknown,unreviewed,,pass,recorded temporal_test_predictions.csv
V8,1925804,not recorded,HMCN1,not recorded,Likely benign,moved_toward_benign,moved_toward_benign,0.08225378848667035,0.08225378848667035,true,correct high-confidence,0.9177462115133297,consequence=noncoding,not recorded,,unknown,unreviewed,,pass,recorded temporal_test_predictions.csv
V8,1925971,not recorded,SOX11,not recorded,Benign,moved_toward_benign,moved_toward_benign,0.2946554684410101,0.2946554684410101,true,low-confidence,0.7053445315589899,consequence=missense,not recorded,,unknown,unreviewed,,pass,recorded temporal_test_predictions.csv
V8,1926329,not recorded,VPS11,not recorded,Likely benign,moved_toward_benign,moved_toward_benign,0.01165447453879576,0.01165447453879576,true,correct high-confidence,0.9883455254612042,consequence=synonymous,not recorded,,unknown,unreviewed,,pass,recorded temporal_test_predictions.csv
V8,1926525,not recorded,DNAH9,not recorded,Pathogenic,moved_toward_pathogenic,moved_toward_pathogenic,0.6965681482767995,0.6965681482767995,true,low-confidence,0.6965681482767995,consequence=missense,not recorded,,unknown,unreviewed,,pass,recorded temporal_test_predictions.csv
V8,1927535,not recorded,TELO2,not recorded,Pathogenic/Likely pathogenic,moved_toward_pathogenic,moved_toward_pathogenic,0.9771366027943754,0.9771366027943754,true,correct high-confidence,0.9771366027943754,consequence=loss_of_function,not recorded,,unknown,unreviewed,,pass,recorded temporal_test_predictions.csv
V8,1927647,not recorded,TTPA,not recorded,Likely benign,moved_toward_benign,moved_toward_benign,0.01213015184773437,0.01213015184773437,true,correct high-confidence,0.9878698481522656,consequence=synonymous,not recorded,,unknown,unreviewed,,pass,recorded temporal_test_predictions.csv
V8,1927657,not recorded,EFL1,not recorded,Likely benign,moved_toward_benign,moved_toward_benign,0.08597950750872228,0.08597950750872228,true,correct high-confidence,0.9140204924912777,consequence=noncoding,not recorded,,unknown,unreviewed,,pass,recorded temporal_test_predictions.csv
V8,1928009,not recorded,COQ6,not recorded,Likely benign,moved_toward_benign,moved_toward_benign,0.16323983212109988,0.16323983212109988,true,correct high-confidence,0.8367601678789001,consequence=noncoding,not recorded,,unknown,unreviewed,,pass,recorded temporal_test_predictions.csv
V8,1928235,not recorded,UBR1,not recorded,Likely benign,moved_toward_benign,moved_toward_benign,0.08194865514851973,0.08194865514851973,true,correct high-confidence,0.9180513448514802,consequence=noncoding,not recorded,,unknown,unreviewed,,pass,recorded temporal_test_predictions.csv
V8,1928681,not recorded,NFE2L2,not recorded,Likely benign,moved_toward_benign,moved_toward_benign,0.23242284949944353,0.23242284949944353,true,low-confidence,0.7675771505005564,consequence=inframe_indel,not recorded,,unknown,unreviewed,,pass,recorded temporal_test_predictions.csv
V8,1929886,not recorded,UNC45A,not recorded,Likely benign,moved_toward_benign,moved_toward_benign,0.08704575564736125,0.08704575564736125,true,correct high-confidence,0.9129542443526387,consequence=noncoding,not recorded,,unknown,unreviewed,,pass,recorded temporal_test_predictions.csv
V8,1930038,not recorded,NDUFAF1,not recorded,Likely benign,moved_toward_benign,moved_toward_benign,0.011416509734710312,0.011416509734710312,true,correct high-confidence,0.9885834902652897,consequence=synonymous,not recorded,,unknown,unreviewed,,pass,recorded temporal_test_predictions.csv
V8,1930545,not recorded,SCP2,not recorded,Likely benign,moved_toward_benign,moved_toward_benign,0.012269045020786518,0.012269045020786518,true,correct high-confidence,0.9877309549792135,consequence=synonymous,not recorded,,unknown,unreviewed,,pass,recorded temporal_test_predictions.csv
V8,1932138,not recorded,GREB1L,not recorded,Likely benign,moved_toward_benign,moved_toward_benign,0.2676844706546702,0.2676844706546702,true,low-confidence,0.7323155293453298,consequence=missense,not recorded,,unknown,unreviewed,,pass,recorded temporal_test_predictions.csv
V8,1933862,not recorded,NFIA,not recorded,Likely benign,moved_toward_benign,moved_toward_benign,0.012126598381986984,0.012126598381986984,true,correct high-confidence,0.9878734016180131,consequence=synonymous,not recorded,,unknown,unreviewed,,pass,recorded temporal_test_predictions.csv
V8,1933990,not recorded,CCNQ,not recorded,Likely benign,moved_toward_benign,moved_toward_benign,0.011988426756683677,0.011988426756683677,true,correct high-confidence,0.9880115732433163,consequence=synonymous,not recorded,,unknown,unreviewed,,pass,recorded temporal_test_predictions.csv
V8,1934179,not recorded,CASZ1,not recorded,Likely benign,moved_toward_benign,moved_toward_benign,0.012339556155848449,0.012339556155848449,true,correct high-confidence,0.9876604438441515,consequence=synonymous,not recorded,,unknown,unreviewed,,pass,recorded temporal_test_predictions.csv
V8,1935539,not recorded,HEPACAM,not recorded,Likely benign,moved_toward_benign,moved_toward_benign,0.012179475639535984,0.012179475639535984,true,correct high-confidence,0.987820524360464,consequence=synonymous,not recorded,,unknown,unreviewed,,pass,recorded temporal_test_predictions.csv
V8,1935969,not recorded,GHSR,not recorded,Likely benign,moved_toward_benign,moved_toward_benign,0.012151387114207896,0.012151387114207896,true,correct high-confidence,0.9878486128857921,consequence=synonymous,not recorded,,unknown,unreviewed,,pass,recorded temporal_test_predictions.csv
V8,1936392,not recorded,SPTA1,not recorded,Likely benign,moved_toward_benign,moved_toward_pathogenic,0.4146209657642129,0.4146209657642129,false,low-confidence,0.5853790342357871,consequence=missense,not recorded,,model over-predicted pathogenic,unreviewed,,pass,recorded temporal_test_predictions.csv
V8,1936670,not recorded,GFER,not recorded,Likely benign,moved_toward_benign,moved_toward_benign,0.012269045020786518,0.012269045020786518,true,correct high-confidence,0.9877309549792135,consequence=synonymous,not recorded,,unknown,unreviewed,,pass,recorded temporal_test_predictions.csv
V8,1939145,not recorded,C1S,not recorded,Pathogenic/Likely pathogenic,moved_toward_pathogenic,moved_toward_pathogenic,0.9792758828848624,0.9792758828848624,true,correct high-confidence,0.9792758828848624,consequence=loss_of_function,not recorded,,unknown,unreviewed,,pass,recorded temporal_test_predictions.csv
V8,1939521,not recorded,DEF6,not recorded,Likely benign,moved_toward_benign,moved_toward_benign,0.08758091343552879,0.08758091343552879,true,correct high-confidence,0.9124190865644712,consequence=noncoding,not recorded,,unknown,unreviewed,,pass,recorded temporal_test_predictions.csv
V8,1940277,not recorded,KLHL7,not recorded,Likely benign,moved_toward_benign,moved_toward_benign,0.01222802588178232,0.01222802588178232,true,correct high-confidence,0.9877719741182177,consequence=synonymous,not recorded,,unknown,unreviewed,,pass,recorded temporal_test_predictions.csv
V8,1940346,not recorded,TNFSF11,not recorded,Likely benign,moved_toward_benign,moved_toward_benign,0.011675184305126266,0.011675184305126266,true,correct high-confidence,0.9883248156948737,consequence=synonymous,not recorded,,unknown,unreviewed,,pass,recorded temporal_test_predictions.csv
V8,1940481,not recorded,SCP2,not recorded,Likely benign,moved_toward_benign,moved_toward_benign,0.0843432522043483,0.0843432522043483,true,correct high-confidence,0.9156567477956516,consequence=noncoding,not recorded,,unknown,unreviewed,,pass,recorded temporal_test_predictions.csv
V8,1940577,not recorded,CD40,not recorded,Likely benign,moved_toward_benign,moved_toward_benign,0.12623334505633985,0.12623334505633985,true,correct high-confidence,0.8737666549436601,consequence=noncoding,not recorded,,unknown,unreviewed,,pass,recorded temporal_test_predictions.csv
V8,1943467,not recorded,FDX2,not recorded,Likely benign,moved_toward_benign,moved_toward_benign,0.011461238994103519,0.011461238994103519,true,correct high-confidence,0.9885387610058964,consequence=synonymous,not recorded,,unknown,unreviewed,,pass,recorded temporal_test_predictions.csv
V8,1943761,not recorded,ARCN1,not recorded,Likely benign,moved_toward_benign,moved_toward_benign,0.22226732355796264,0.22226732355796264,true,low-confidence,0.7777326764420374,consequence=missense,not recorded,,unknown,unreviewed,,pass,recorded temporal_test_predictions.csv
V8,1944507,not recorded,TAP2,not recorded,Likely benign,moved_toward_benign,moved_toward_benign,0.08393226535386943,0.08393226535386943,true,correct high-confidence,0.9160677346461306,consequence=noncoding,not recorded,,unknown,unreviewed,,pass,recorded temporal_test_predictions.csv
V8,1944652,not recorded,PET100,not recorded,Likely benign,moved_toward_benign,moved_toward_benign,0.01172836403250511,0.01172836403250511,true,correct high-confidence,0.9882716359674949,consequence=synonymous,not recorded,,unknown,unreviewed,,pass,recorded temporal_test_predictions.csv
V8,1945611,not recorded,GREB1L,not recorded,Likely benign,moved_toward_benign,moved_toward_benign,0.01192452995078157,0.01192452995078157,true,correct high-confidence,0.9880754700492185,consequence=synonymous,not recorded,,unknown,unreviewed,,pass,recorded temporal_test_predictions.csv
V8,1946406,not recorded,ITGA6,not recorded,Likely benign,moved_toward_benign,moved_toward_benign,0.011082308120832468,0.011082308120832468,true,correct high-confidence,0.9889176918791676,consequence=synonymous,not recorded,,unknown,unreviewed,,pass,recorded temporal_test_predictions.csv
V8,1946821,not recorded,FOXRED1,not recorded,Pathogenic,moved_toward_pathogenic,moved_toward_pathogenic,0.9777170593284734,0.9777170593284734,true,correct high-confidence,0.9777170593284734,consequence=loss_of_function,not recorded,,unknown,unreviewed,,pass,recorded temporal_test_predictions.csv
V8,1947253,not recorded,IARS1,not recorded,Likely benign,moved_toward_benign,moved_toward_benign,0.08387679293462706,0.08387679293462706,true,correct high-confidence,0.916123207065373,consequence=noncoding,not recorded,,unknown,unreviewed,,pass,recorded temporal_test_predictions.csv
V8,1948005,not recorded,CLPP,not recorded,Likely benign,moved_toward_benign,moved_toward_benign,0.08711638757025787,0.08711638757025787,true,correct high-confidence,0.9128836124297421,consequence=noncoding,not recorded,,unknown,unreviewed,,pass,recorded temporal_test_predictions.csv
V8,1948346,not recorded,CFH,not recorded,Likely benign,moved_toward_benign,moved_toward_benign,0.07993600358522275,0.07993600358522275,true,correct high-confidence,0.9200639964147772,consequence=noncoding,not recorded,,unknown,unreviewed,,pass,recorded temporal_test_predictions.csv
V8,1948448,not recorded,SCP2,not recorded,Likely benign,moved_toward_benign,moved_toward_benign,0.011679308977130338,0.011679308977130338,true,correct high-confidence,0.9883206910228697,consequence=synonymous,not recorded,,unknown,unreviewed,,pass,recorded temporal_test_predictions.csv
V8,1950993,not recorded,CYP27A1,not recorded,Likely benign,moved_toward_benign,moved_toward_benign,0.012154912168343062,0.012154912168343062,true,correct high-confidence,0.9878450878316569,consequence=synonymous,not recorded,,unknown,unreviewed,,pass,recorded temporal_test_predictions.csv
V8,1951838,not recorded,USP9X,not recorded,Likely benign,moved_toward_benign,moved_toward_benign,0.08090473267459324,0.08090473267459324,true,correct high-confidence,0.9190952673254068,consequence=noncoding,not recorded,,unknown,unreviewed,,pass,recorded temporal_test_predictions.csv
V8,1953013,not recorded,HACE1,not recorded,Likely benign,moved_toward_benign,moved_toward_benign,0.08718676720475532,0.08718676720475532,true,correct high-confidence,0.9128132327952447,consequence=noncoding,not recorded,,unknown,unreviewed,,pass,recorded temporal_test_predictions.csv
V8,1953098,not recorded,KCNC3,not recorded,Likely benign,moved_toward_benign,moved_toward_pathogenic,0.6930011043924129,0.6930011043924129,false,low-confidence,0.6930011043924129,consequence=missense,not recorded,,model over-predicted pathogenic,unreviewed,,pass,recorded temporal_test_predictions.csv
V8,1953501,not recorded,HTT,not recorded,Likely benign,moved_toward_benign,moved_toward_benign,0.011616828276732561,0.011616828276732561,true,correct high-confidence,0.9883831717232674,consequence=synonymous,not recorded,,unknown,unreviewed,,pass,recorded temporal_test_predictions.csv
V8,1954560,not recorded,MMAA,not recorded,Pathogenic,moved_toward_pathogenic,moved_toward_pathogenic,0.9770226282048787,0.9770226282048787,true,correct high-confidence,0.9770226282048787,consequence=loss_of_function,not recorded,,unknown,unreviewed,,pass,recorded temporal_test_predictions.csv
V8,1955061,not recorded,UNC45A,not recorded,Likely benign,moved_toward_benign,moved_toward_benign,0.0829956090497844,0.0829956090497844,true,correct high-confidence,0.9170043909502156,consequence=noncoding,not recorded,,unknown,unreviewed,,pass,recorded temporal_test_predictions.csv
V8,1957761,not recorded,DVL3,not recorded,Benign,moved_toward_benign,moved_toward_benign,0.2753470446495192,0.2753470446495192,true,low-confidence,0.7246529553504808,consequence=missense,not recorded,,unknown,unreviewed,,pass,recorded temporal_test_predictions.csv
V8,1958560,not recorded,DZIP1L,not recorded,Pathogenic,moved_toward_pathogenic,moved_toward_pathogenic,0.9770226282048787,0.9770226282048787,true,correct high-confidence,0.9770226282048787,consequence=loss_of_function,not recorded,,unknown,unreviewed,,pass,recorded temporal_test_predictions.csv
V8,1959065,not recorded,PSTPIP1,not recorded,Likely benign,moved_toward_benign,moved_toward_benign,0.08503541002996547,0.08503541002996547,true,correct high-confidence,0.9149645899700345,consequence=noncoding,not recorded,,unknown,unreviewed,,pass,recorded temporal_test_predictions.csv
V8,1959923,not recorded,DVL3,not recorded,Benign,moved_toward_benign,moved_toward_benign,0.0818251939113041,0.0818251939113041,true,correct high-confidence,0.9181748060886958,consequence=noncoding,not recorded,,unknown,unreviewed,,pass,recorded temporal_test_predictions.csv
V8,1960018,not recorded,TAP2,not recorded,Likely benign,moved_toward_benign,moved_toward_benign,0.08228403019109849,0.08228403019109849,true,correct high-confidence,0.9177159698089015,consequence=noncoding,not recorded,,unknown,unreviewed,,pass,recorded temporal_test_predictions.csv
V8,1960634,not recorded,MPDZ,not recorded,Likely benign,moved_toward_benign,moved_toward_benign,0.012061924236842585,0.012061924236842585,true,correct high-confidence,0.9879380757631574,consequence=synonymous,not recorded,,unknown,unreviewed,,pass,recorded temporal_test_predictions.csv
V8,1961768,not recorded,PLAA,not recorded,Likely benign,moved_toward_benign,moved_toward_benign,0.08342709850556895,0.08342709850556895,true,correct high-confidence,0.916572901494431,consequence=noncoding,not recorded,,unknown,unreviewed,,pass,recorded temporal_test_predictions.csv
V8,1962559,not recorded,UNC93B1,not recorded,Likely benign,moved_toward_benign,moved_toward_benign,0.08620238150901545,0.08620238150901545,true,correct high-confidence,0.9137976184909845,consequence=noncoding,not recorded,,unknown,unreviewed,,pass,recorded temporal_test_predictions.csv
V8,1964127,not recorded,PPP2R5D,not recorded,Likely benign,moved_toward_benign,moved_toward_benign,0.0823443677113799,0.0823443677113799,true,correct high-confidence,0.9176556322886201,consequence=noncoding,not recorded,,unknown,unreviewed,,pass,recorded temporal_test_predictions.csv
V8,1965530,not recorded,STX3,not recorded,Likely benign,moved_toward_benign,moved_toward_benign,0.08716333523657291,0.08716333523657291,true,correct high-confidence,0.9128366647634271,consequence=noncoding,not recorded,,unknown,unreviewed,,pass,recorded temporal_test_predictions.csv
V8,1965741,not recorded,TOP2B,not recorded,Likely benign,moved_toward_benign,moved_toward_benign,0.012151387114207896,0.012151387114207896,true,correct high-confidence,0.9878486128857921,consequence=synonymous,not recorded,,unknown,unreviewed,,pass,recorded temporal_test_predictions.csv
V8,1966220,not recorded,C1S,not recorded,Pathogenic,moved_toward_pathogenic,moved_toward_pathogenic,0.9311851919105179,0.9311851919105179,true,correct high-confidence,0.9311851919105179,consequence=loss_of_function,not recorded,,unknown,unreviewed,,pass,recorded temporal_test_predictions.csv
V8,1967620,not recorded,AP4B1,not recorded,Likely benign,moved_toward_benign,moved_toward_benign,0.08197939339097891,0.08197939339097891,true,correct high-confidence,0.9180206066090211,consequence=noncoding,not recorded,,unknown,unreviewed,,pass,recorded temporal_test_predictions.csv
V8,1968186,not recorded,IER3IP1,not recorded,Likely benign,moved_toward_benign,moved_toward_benign,0.14129774904352627,0.14129774904352627,true,correct high-confidence,0.8587022509564737,consequence=noncoding,not recorded,,unknown,unreviewed,,pass,recorded temporal_test_predictions.csv
V8,1970334,not recorded,VPS11,not recorded,Likely benign,moved_toward_benign,moved_toward_benign,0.011181847653800803,0.011181847653800803,true,correct high-confidence,0.9888181523461992,consequence=synonymous,not recorded,,unknown,unreviewed,,pass,recorded temporal_test_predictions.csv
V8,1970696,not recorded,HTT,not recorded,Likely benign,moved_toward_benign,moved_toward_benign,0.011935903940307899,0.011935903940307899,true,correct high-confidence,0.9880640960596921,consequence=synonymous,not recorded,,unknown,unreviewed,,pass,recorded temporal_test_predictions.csv
V8,1970819,not recorded,SPPL2A,not recorded,Likely benign,moved_toward_benign,moved_toward_benign,0.011357312317043539,0.011357312317043539,true,correct high-confidence,0.9886426876829565,consequence=synonymous,not recorded,,unknown,unreviewed,,pass,recorded temporal_test_predictions.csv
V8,1970839,not recorded,TECTA,not recorded,Likely benign,moved_toward_benign,moved_toward_benign,0.012165463268818266,0.012165463268818266,true,correct high-confidence,0.9878345367311817,consequence=synonymous,not recorded,,unknown,unreviewed,,pass,recorded temporal_test_predictions.csv
V8,1971001,not recorded,IKZF1,not recorded,Likely benign,moved_toward_benign,moved_toward_benign,0.011447892218393934,0.011447892218393934,true,correct high-confidence,0.9885521077816061,consequence=synonymous,not recorded,,unknown,unreviewed,,pass,recorded temporal_test_predictions.csv
V8,1971305,not recorded,RPL18,not recorded,Likely benign,moved_toward_benign,moved_toward_benign,0.01186313641119518,0.01186313641119518,true,correct high-confidence,0.9881368635888048,consequence=synonymous,not recorded,,unknown,unreviewed,,pass,recorded temporal_test_predictions.csv
V8,1971799,not recorded,IKZF1,not recorded,Likely benign,moved_toward_benign,moved_toward_benign,0.08302468309868591,0.08302468309868591,true,correct high-confidence,0.9169753169013141,consequence=noncoding,not recorded,,unknown,unreviewed,,pass,recorded temporal_test_predictions.csv
V8,1972006,not recorded,SLC10A2,not recorded,Likely benign,moved_toward_benign,moved_toward_benign,0.011067070412520197,0.011067070412520197,true,correct high-confidence,0.9889329295874798,consequence=synonymous,not recorded,,unknown,unreviewed,,pass,recorded temporal_test_predictions.csv
V8,1972043,not recorded,IKZF1,not recorded,Likely benign,moved_toward_benign,moved_toward_benign,0.011595704696660467,0.011595704696660467,true,correct high-confidence,0.9884042953033395,consequence=synonymous,not recorded,,unknown,unreviewed,,pass,recorded temporal_test_predictions.csv
V8,1972147,not recorded,CIT,not recorded,Likely benign,moved_toward_benign,moved_toward_benign,0.08249436845512641,0.08249436845512641,true,correct high-confidence,0.9175056315448736,consequence=noncoding,not recorded,,unknown,unreviewed,,pass,recorded temporal_test_predictions.csv
V8,1972188,not recorded,IKZF1,not recorded,Likely benign,moved_toward_benign,moved_toward_benign,0.011893988951859119,0.011893988951859119,true,correct high-confidence,0.9881060110481409,consequence=synonymous,not recorded,,unknown,unreviewed,,pass,recorded temporal_test_predictions.csv
V8,1973847,not recorded,DHX37,not recorded,Likely benign,moved_toward_benign,moved_toward_benign,0.01152272992451668,0.01152272992451668,true,correct high-confidence,0.9884772700754834,consequence=synonymous,not recorded,,unknown,unreviewed,,pass,recorded temporal_test_predictions.csv
V8,1973866,not recorded,RPS27,not recorded,Likely benign,moved_toward_benign,moved_toward_benign,0.08393226535386943,0.08393226535386943,true,correct high-confidence,0.9160677346461306,consequence=noncoding,not recorded,,unknown,unreviewed,,pass,recorded temporal_test_predictions.csv
V8,1974498,not recorded,TSR2,not recorded,Likely benign,moved_toward_benign,moved_toward_benign,0.08074130635558881,0.08074130635558881,true,correct high-confidence,0.9192586936444112,consequence=noncoding,not recorded,,unknown,unreviewed,,pass,recorded temporal_test_predictions.csv
V8,1974756,not recorded,RPS27,not recorded,Likely benign,moved_toward_benign,moved_toward_benign,0.08138652473408507,0.08138652473408507,true,correct high-confidence,0.918613475265915,consequence=noncoding,not recorded,,unknown,unreviewed,,pass,recorded temporal_test_predictions.csv
V8,1974976,not recorded,PINK1,not recorded,Likely benign,moved_toward_benign,moved_toward_benign,0.2913334764891712,0.2913334764891712,true,low-confidence,0.7086665235108288,consequence=missense,not recorded,,unknown,unreviewed,,pass,recorded temporal_test_predictions.csv
V8,1975870,not recorded,MAST1,not recorded,Likely benign,moved_toward_benign,moved_toward_benign,0.0831116379219571,0.0831116379219571,true,correct high-confidence,0.9168883620780429,consequence=noncoding,not recorded,,unknown,unreviewed,,pass,recorded temporal_test_predictions.csv
V8,1976207,not recorded,ANXA11,not recorded,Likely benign,moved_toward_benign,moved_toward_benign,0.08803478714836498,0.08803478714836498,true,correct high-confidence,0.911965212851635,consequence=noncoding,not recorded,,unknown,unreviewed,,pass,recorded temporal_test_predictions.csv
V8,1977404,not recorded,HNRNPK,not recorded,Benign,moved_toward_benign,moved_toward_benign,0.17702890021304157,0.17702890021304157,true,correct high-confidence,0.8229710997869584,consequence=noncoding,not recorded,,unknown,unreviewed,,pass,recorded temporal_test_predictions.csv
V8,1977585,not recorded,IKZF1,not recorded,Likely benign,moved_toward_benign,moved_toward_benign,0.011561589056613022,0.011561589056613022,true,correct high-confidence,0.988438410943387,consequence=synonymous,not recorded,,unknown,unreviewed,,pass,recorded temporal_test_predictions.csv
V8,1977632,not recorded,HMCN1,not recorded,Likely benign,moved_toward_benign,moved_toward_benign,0.08771816949843811,0.08771816949843811,true,correct high-confidence,0.9122818305015619,consequence=noncoding,not recorded,,unknown,unreviewed,,pass,recorded temporal_test_predictions.csv
V8,1977714,not recorded,RPL27,not recorded,Likely benign,moved_toward_benign,moved_toward_benign,0.08249436845512641,0.08249436845512641,true,correct high-confidence,0.9175056315448736,consequence=noncoding,not recorded,,unknown,unreviewed,,pass,recorded temporal_test_predictions.csv
V8,1978258,not recorded,PFN1,not recorded,Likely benign,moved_toward_benign,moved_toward_benign,0.012306177637095557,0.012306177637095557,true,correct high-confidence,0.9876938223629045,consequence=synonymous,not recorded,,unknown,unreviewed,,pass,recorded temporal_test_predictions.csv
V8,1978306,not recorded,COLGALT1,not recorded,Likely benign,moved_toward_benign,moved_toward_benign,0.08387679293462706,0.08387679293462706,true,correct high-confidence,0.916123207065373,consequence=noncoding,not recorded,,unknown,unreviewed,,pass,recorded temporal_test_predictions.csv
V8,1979963,not recorded,IFT88,not recorded,Likely benign,moved_toward_benign,moved_toward_benign,0.011587212746415538,0.011587212746415538,true,correct high-confidence,0.9884127872535845,consequence=synonymous,not recorded,,unknown,unreviewed,,pass,recorded temporal_test_predictions.csv
V8,1980342,not recorded,BCAT2,not recorded,Pathogenic,moved_toward_pathogenic,moved_toward_pathogenic,0.9782405323516599,0.9782405323516599,true,correct high-confidence,0.9782405323516599,consequence=loss_of_function,not recorded,,unknown,unreviewed,,pass,recorded temporal_test_predictions.csv
V8,1982013,not recorded,NDUFS7,not recorded,Likely pathogenic,moved_toward_pathogenic,moved_toward_pathogenic,0.937576057725275,0.937576057725275,true,correct high-confidence,0.937576057725275,consequence=canonical_splice,not recorded,,unknown,unreviewed,,pass,recorded temporal_test_predictions.csv
V8,1982785,not recorded,DEF6,not recorded,Likely benign,moved_toward_benign,moved_toward_benign,0.0879222881368916,0.0879222881368916,true,correct high-confidence,0.9120777118631084,consequence=noncoding,not recorded,,unknown,unreviewed,,pass,recorded temporal_test_predictions.csv
V8,1983018,not recorded,DVL3,not recorded,Likely benign,moved_toward_benign,moved_toward_benign,0.011142450231714236,0.011142450231714236,true,correct high-confidence,0.9888575497682858,consequence=synonymous,not recorded,,unknown,unreviewed,,pass,recorded temporal_test_predictions.csv
V8,1983273,not recorded,CHCHD10,not recorded,Likely benign,moved_toward_benign,moved_toward_benign,0.08572884183253061,0.08572884183253061,true,correct high-confidence,0.9142711581674694,consequence=noncoding,not recorded,,unknown,unreviewed,,pass,recorded temporal_test_predictions.csv
V8,1983897,not recorded,NFE2L2,not recorded,Benign,moved_toward_benign,moved_toward_benign,0.2824155727679697,0.2824155727679697,true,low-confidence,0.7175844272320303,consequence=missense,not recorded,,unknown,unreviewed,,pass,recorded temporal_test_predictions.csv
V8,1983912,not recorded,FGD1,not recorded,Likely benign,moved_toward_benign,moved_toward_benign,0.22687701114292458,0.22687701114292458,true,low-confidence,0.7731229888570754,consequence=missense,not recorded,,unknown,unreviewed,,pass,recorded temporal_test_predictions.csv
V8,1984521,not recorded,REEP2,not recorded,Likely benign,moved_toward_benign,moved_toward_benign,0.0817631557337385,0.0817631557337385,true,correct high-confidence,0.9182368442662615,consequence=noncoding,not recorded,,unknown,unreviewed,,pass,recorded temporal_test_predictions.csv
V8,1985406,not recorded,IL23R,not recorded,Likely benign,moved_toward_benign,moved_toward_benign,0.012126598381986984,0.012126598381986984,true,correct high-confidence,0.9878734016180131,consequence=synonymous,not recorded,,unknown,unreviewed,,pass,recorded temporal_test_predictions.csv
V8,1987259,not recorded,GCLC,not recorded,Likely benign,moved_toward_benign,moved_toward_benign,0.0798328073628485,0.0798328073628485,true,correct high-confidence,0.9201671926371515,consequence=noncoding,not recorded,,unknown,unreviewed,,pass,recorded temporal_test_predictions.csv
V8,1987370,not recorded,TAP2,not recorded,Likely benign,moved_toward_benign,moved_toward_benign,0.08228403019109849,0.08228403019109849,true,correct high-confidence,0.9177159698089015,consequence=noncoding,not recorded,,unknown,unreviewed,,pass,recorded temporal_test_predictions.csv
V8,1988271,not recorded,VPS11,not recorded,Likely benign,moved_toward_benign,moved_toward_benign,0.011470103027430768,0.011470103027430768,true,correct high-confidence,0.9885298969725692,consequence=synonymous,not recorded,,unknown,unreviewed,,pass,recorded temporal_test_predictions.csv
V8,1990495,not recorded,BCAP31,not recorded,Likely benign,moved_toward_benign,moved_toward_benign,0.011398423562351495,0.011398423562351495,true,correct high-confidence,0.9886015764376485,consequence=synonymous,not recorded,,unknown,unreviewed,,pass,recorded temporal_test_predictions.csv
V8,1991087,not recorded,ATP8A2,not recorded,Likely benign,moved_toward_benign,moved_toward_benign,0.0123692960006693,0.0123692960006693,true,correct high-confidence,0.9876307039993307,consequence=synonymous,not recorded,,unknown,unreviewed,,pass,recorded temporal_test_predictions.csv
V8,1991205,not recorded,SIX5,not recorded,Likely benign,moved_toward_benign,moved_toward_benign,0.0798328073628485,0.0798328073628485,true,correct high-confidence,0.9201671926371515,consequence=noncoding,not recorded,,unknown,unreviewed,,pass,recorded temporal_test_predictions.csv
V8,1991295,not recorded,TELO2,not recorded,Likely benign,moved_toward_benign,moved_toward_benign,0.08252422542773336,0.08252422542773336,true,correct high-confidence,0.9174757745722666,consequence=noncoding,not recorded,,unknown,unreviewed,,pass,recorded temporal_test_predictions.csv
V8,1991742,not recorded,RAD21,not recorded,Likely benign,moved_toward_benign,moved_toward_benign,0.01192452995078157,0.01192452995078157,true,correct high-confidence,0.9880754700492185,consequence=synonymous,not recorded,,unknown,unreviewed,,pass,recorded temporal_test_predictions.csv
V8,1992107,not recorded,MTHFD1,not recorded,Likely benign,moved_toward_benign,moved_toward_benign,0.081917866263629,0.081917866263629,true,correct high-confidence,0.918082133736371,consequence=noncoding,not recorded,,unknown,unreviewed,,pass,recorded temporal_test_predictions.csv
V8,1992889,not recorded,P4HB,not recorded,Benign,moved_toward_benign,moved_toward_pathogenic,0.5373421269181842,0.5373421269181842,false,low-confidence,0.5373421269181842,consequence=missense,not recorded,,model over-predicted pathogenic,unreviewed,,pass,recorded temporal_test_predictions.csv
V8,1993367,not recorded,COG1,not recorded,Pathogenic,moved_toward_pathogenic,moved_toward_pathogenic,0.9780103761871218,0.9780103761871218,true,correct high-confidence,0.9780103761871218,consequence=loss_of_function,not recorded,,unknown,unreviewed,,pass,recorded temporal_test_predictions.csv
V8,1993961,not recorded,MTFMT,not recorded,Pathogenic,moved_toward_pathogenic,moved_toward_benign,0.1881067510516416,0.1881067510516416,false,wrong high-confidence,0.8118932489483583,consequence=missense,not recorded,,model over-predicted benign,unreviewed,,pass,recorded temporal_test_predictions.csv
V8,1994446,not recorded,HMCN1,not recorded,Likely benign,moved_toward_benign,moved_toward_benign,0.08474560828779332,0.08474560828779332,true,correct high-confidence,0.9152543917122067,consequence=noncoding,not recorded,,unknown,unreviewed,,pass,recorded temporal_test_predictions.csv
V8,1994939,not recorded,WDR62,not recorded,Likely benign,moved_toward_benign,moved_toward_benign,0.08880498192321683,0.08880498192321683,true,correct high-confidence,0.9111950180767832,consequence=noncoding,not recorded,,unknown,unreviewed,,pass,recorded temporal_test_predictions.csv
V8,1996920,not recorded,ARCN1,not recorded,Likely benign,moved_toward_benign,moved_toward_pathogenic,0.5076603699621796,0.5076603699621796,false,low-confidence,0.5076603699621796,consequence=missense,not recorded,,model over-predicted pathogenic,unreviewed,,pass,recorded temporal_test_predictions.csv
V8,1997254,not recorded,ARHGEF1,not recorded,Likely benign,moved_toward_benign,moved_toward_benign,0.011752592142247095,0.011752592142247095,true,correct high-confidence,0.9882474078577529,consequence=synonymous,not recorded,,unknown,unreviewed,,pass,recorded temporal_test_predictions.csv
V8,1997562,not recorded,CFI,not recorded,Likely benign,moved_toward_benign,moved_toward_benign,0.08296649019557821,0.08296649019557821,true,correct high-confidence,0.9170335098044218,consequence=noncoding,not recorded,,unknown,unreviewed,,pass,recorded temporal_test_predictions.csv
V8,1998939,not recorded,ITSN2,not recorded,Likely benign,moved_toward_benign,moved_toward_benign,0.1354834035651351,0.1354834035651351,true,correct high-confidence,0.8645165964348649,consequence=noncoding,not recorded,,unknown,unreviewed,,pass,recorded temporal_test_predictions.csv
V8,2002672,not recorded,OSGEP,not recorded,Likely pathogenic,moved_toward_pathogenic,moved_toward_pathogenic,0.9397394791528637,0.9397394791528637,true,correct high-confidence,0.9397394791528637,consequence=canonical_splice,not recorded,,unknown,unreviewed,,pass,recorded temporal_test_predictions.csv
V8,2003959,not recorded,ETV6,not recorded,Pathogenic,moved_toward_pathogenic,moved_toward_pathogenic,0.978500994353227,0.978500994353227,true,correct high-confidence,0.978500994353227,consequence=loss_of_function,not recorded,,unknown,unreviewed,,pass,recorded temporal_test_predictions.csv
V8,2004610,not recorded,COG7,not recorded,Pathogenic,moved_toward_pathogenic,moved_toward_pathogenic,0.9724342639193342,0.9724342639193342,true,correct high-confidence,0.9724342639193342,consequence=loss_of_function,not recorded,,unknown,unreviewed,,pass,recorded temporal_test_predictions.csv
V8,2007343,not recorded,NDUFA12,not recorded,Likely benign,moved_toward_benign,moved_toward_benign,0.011587212746415538,0.011587212746415538,true,correct high-confidence,0.9884127872535845,consequence=synonymous,not recorded,,unknown,unreviewed,,pass,recorded temporal_test_predictions.csv
V8,2008415,not recorded,C1S,not recorded,Pathogenic,moved_toward_pathogenic,moved_toward_pathogenic,0.9721231361949636,0.9721231361949636,true,correct high-confidence,0.9721231361949636,consequence=loss_of_function,not recorded,,unknown,unreviewed,,pass,recorded temporal_test_predictions.csv
V8,2010398,not recorded,NFE2L2,not recorded,Benign,moved_toward_benign,moved_toward_benign,0.2838037236544349,0.2838037236544349,true,low-confidence,0.7161962763455652,consequence=missense,not recorded,,unknown,unreviewed,,pass,recorded temporal_test_predictions.csv
V8,2013560,not recorded,ITPA,not recorded,Likely benign,moved_toward_benign,moved_toward_benign,0.011352708134911729,0.011352708134911729,true,correct high-confidence,0.9886472918650883,consequence=synonymous,not recorded,,unknown,unreviewed,,pass,recorded temporal_test_predictions.csv
V8,2015221,not recorded,C1S,not recorded,Pathogenic,moved_toward_pathogenic,moved_toward_pathogenic,0.9776194326898711,0.9776194326898711,true,correct high-confidence,0.9776194326898711,consequence=loss_of_function,not recorded,,unknown,unreviewed,,pass,recorded temporal_test_predictions.csv
V8,2015550,not recorded,TELO2,not recorded,Pathogenic,moved_toward_pathogenic,moved_toward_pathogenic,0.9316662420047426,0.9316662420047426,true,correct high-confidence,0.9316662420047426,consequence=loss_of_function,not recorded,,unknown,unreviewed,,pass,recorded temporal_test_predictions.csv
V8,2017623,not recorded,ROBO1,not recorded,Likely pathogenic,moved_toward_pathogenic,moved_toward_pathogenic,0.9397178458360571,0.9397178458360571,true,correct high-confidence,0.9397178458360571,consequence=canonical_splice,not recorded,,unknown,unreviewed,,pass,recorded temporal_test_predictions.csv
V8,2018124,not recorded,AP3B2,not recorded,Likely benign,moved_toward_benign,moved_toward_benign,0.0829081174623429,0.0829081174623429,true,correct high-confidence,0.917091882537657,consequence=noncoding,not recorded,,unknown,unreviewed,,pass,recorded temporal_test_predictions.csv
V8,2019647,not recorded,TFRC,not recorded,Likely benign,moved_toward_benign,moved_toward_benign,0.08273190795826545,0.08273190795826545,true,correct high-confidence,0.9172680920417345,consequence=noncoding,not recorded,,unknown,unreviewed,,pass,recorded temporal_test_predictions.csv
V8,2020360,not recorded,ERCC6,not recorded,Likely benign,moved_toward_benign,moved_toward_benign,0.011181847653800803,0.011181847653800803,true,correct high-confidence,0.9888181523461992,consequence=synonymous,not recorded,,unknown,unreviewed,,pass,recorded temporal_test_predictions.csv
V8,2020766,not recorded,TMPRSS3,not recorded,Likely benign,moved_toward_benign,moved_toward_benign,0.011268550040973633,0.011268550040973633,true,correct high-confidence,0.9887314499590264,consequence=synonymous,not recorded,,unknown,unreviewed,,pass,recorded temporal_test_predictions.csv
V8,2020840,not recorded,KCNJ2,not recorded,Pathogenic,moved_toward_pathogenic,moved_toward_pathogenic,0.40849902428918905,0.40849902428918905,true,low-confidence,0.591500975710811,consequence=missense,not recorded,,unknown,unreviewed,,pass,recorded temporal_test_predictions.csv
V8,2021286,not recorded,RELB,not recorded,Likely benign,moved_toward_benign,moved_toward_benign,0.08113112895456741,0.08113112895456741,true,correct high-confidence,0.9188688710454326,consequence=noncoding,not recorded,,unknown,unreviewed,,pass,recorded temporal_test_predictions.csv
V8,2022114,not recorded,GNAI3,not recorded,Likely benign,moved_toward_benign,moved_toward_benign,0.13954434043012068,0.13954434043012068,true,correct high-confidence,0.8604556595698793,consequence=missense,not recorded,,unknown,unreviewed,,pass,recorded temporal_test_predictions.csv
V8,2022603,not recorded,TBCK,not recorded,Likely benign,moved_toward_benign,moved_toward_benign,0.011411998742960101,0.011411998742960101,true,correct high-confidence,0.9885880012570399,consequence=synonymous,not recorded,,unknown,unreviewed,,pass,recorded temporal_test_predictions.csv
V8,2023311,not recorded,LOX,not recorded,Likely benign,moved_toward_benign,moved_toward_benign,0.08154438158480033,0.08154438158480033,true,correct high-confidence,0.9184556184151996,consequence=noncoding,not recorded,,unknown,unreviewed,,pass,recorded temporal_test_predictions.csv
V8,2023443,not recorded,TYRP1,not recorded,Likely benign,moved_toward_benign,moved_toward_benign,0.011407480733414776,0.011407480733414776,true,correct high-confidence,0.9885925192665852,consequence=synonymous,not recorded,,unknown,unreviewed,,pass,recorded temporal_test_predictions.csv
V8,2024104,not recorded,CNNM2,not recorded,Pathogenic,moved_toward_pathogenic,moved_toward_pathogenic,0.971834147446648,0.971834147446648,true,correct high-confidence,0.971834147446648,consequence=loss_of_function,not recorded,,unknown,unreviewed,,pass,recorded temporal_test_predictions.csv
V8,2024601,not recorded,BICC1,not recorded,Likely benign,moved_toward_benign,moved_toward_benign,0.08197939339097891,0.08197939339097891,true,correct high-confidence,0.9180206066090211,consequence=noncoding,not recorded,,unknown,unreviewed,,pass,recorded temporal_test_predictions.csv
V8,2024847,not recorded,CD40,not recorded,Pathogenic,moved_toward_pathogenic,moved_toward_pathogenic,0.9772563741670868,0.9772563741670868,true,correct high-confidence,0.9772563741670868,consequence=loss_of_function,not recorded,,unknown,unreviewed,,pass,recorded temporal_test_predictions.csv
V8,2027635,not recorded,COG1,not recorded,Pathogenic,moved_toward_pathogenic,moved_toward_pathogenic,0.9766272040888059,0.9766272040888059,true,correct high-confidence,0.9766272040888059,consequence=loss_of_function,not recorded,,unknown,unreviewed,,pass,recorded temporal_test_predictions.csv
V8,2028859,not recorded,PSTPIP1,not recorded,Likely benign,moved_toward_benign,moved_toward_benign,0.08151291723896044,0.08151291723896044,true,correct high-confidence,0.9184870827610395,consequence=noncoding,not recorded,,unknown,unreviewed,,pass,recorded temporal_test_predictions.csv
V8,2029255,not recorded,PNLIP,not recorded,Pathogenic,moved_toward_pathogenic,moved_toward_pathogenic,0.9770895227383444,0.9770895227383444,true,correct high-confidence,0.9770895227383444,consequence=loss_of_function,not recorded,,unknown,unreviewed,,pass,recorded temporal_test_predictions.csv
V8,2029336,not recorded,MAST1,not recorded,Likely benign,moved_toward_benign,moved_toward_pathogenic,0.44776007789448513,0.44776007789448513,false,low-confidence,0.5522399221055149,consequence=missense,not recorded,,model over-predicted pathogenic,unreviewed,,pass,recorded temporal_test_predictions.csv
V8,2030965,not recorded,NDP,not recorded,Pathogenic,moved_toward_pathogenic,moved_toward_pathogenic,0.9325156056021147,0.9325156056021147,true,correct high-confidence,0.9325156056021147,consequence=loss_of_function,not recorded,,unknown,unreviewed,,pass,recorded temporal_test_predictions.csv
V8,2031464,not recorded,RAB11A,not recorded,Likely benign,moved_toward_benign,moved_toward_pathogenic,0.5673187756375103,0.5673187756375103,false,low-confidence,0.5673187756375103,consequence=missense,not recorded,,model over-predicted pathogenic,unreviewed,,pass,recorded temporal_test_predictions.csv
V8,2031963,not recorded,IKZF1,not recorded,Likely benign,moved_toward_benign,moved_toward_benign,0.011056865976678704,0.011056865976678704,true,correct high-confidence,0.9889431340233213,consequence=synonymous,not recorded,,unknown,unreviewed,,pass,recorded temporal_test_predictions.csv
V8,2032971,not recorded,ERBIN,not recorded,Likely benign,moved_toward_benign,moved_toward_benign,0.08074130635558881,0.08074130635558881,true,correct high-confidence,0.9192586936444112,consequence=noncoding,not recorded,,unknown,unreviewed,,pass,recorded temporal_test_predictions.csv
V8,2033009,not recorded,SLC25A24,not recorded,Benign,moved_toward_benign,moved_toward_benign,0.15639044496961432,0.15639044496961432,true,correct high-confidence,0.8436095550303857,consequence=missense,not recorded,,unknown,unreviewed,,pass,recorded temporal_test_predictions.csv
V8,2034472,not recorded,ACACA,not recorded,Likely benign,moved_toward_benign,moved_toward_benign,0.08024214602130407,0.08024214602130407,true,correct high-confidence,0.9197578539786959,consequence=noncoding,not recorded,,unknown,unreviewed,,pass,recorded temporal_test_predictions.csv
V8,2034724,not recorded,IKZF1,not recorded,Likely benign,moved_toward_benign,moved_toward_benign,0.011658628073277832,0.011658628073277832,true,correct high-confidence,0.9883413719267222,consequence=synonymous,not recorded,,unknown,unreviewed,,pass,recorded temporal_test_predictions.csv
V8,2034753,not recorded,DEAF1,not recorded,Pathogenic/Likely pathogenic,moved_toward_pathogenic,moved_toward_pathogenic,0.6994000855784079,0.6994000855784079,true,low-confidence,0.6994000855784079,consequence=missense,not recorded,,unknown,unreviewed,,pass,recorded temporal_test_predictions.csv
V8,2035436,not recorded,ETV6,not recorded,Likely pathogenic,moved_toward_pathogenic,moved_toward_pathogenic,0.9595158037490334,0.9595158037490334,true,correct high-confidence,0.9595158037490334,consequence=canonical_splice,not recorded,,unknown,unreviewed,,pass,recorded temporal_test_predictions.csv
V8,2036593,not recorded,MEIS2,not recorded,Benign,moved_toward_benign,moved_toward_benign,0.08702215526511768,0.08702215526511768,true,correct high-confidence,0.9129778447348823,consequence=noncoding,not recorded,,unknown,unreviewed,,pass,recorded temporal_test_predictions.csv
V8,2037049,not recorded,FBXO7,not recorded,Likely benign,moved_toward_benign,moved_toward_benign,0.012193424872857517,0.012193424872857517,true,correct high-confidence,0.9878065751271425,consequence=synonymous,not recorded,,unknown,unreviewed,,pass,recorded temporal_test_predictions.csv
V8,2037498,not recorded,APC2,not recorded,Likely benign,moved_toward_benign,moved_toward_benign,0.012349500776996085,0.012349500776996085,true,correct high-confidence,0.987650499223004,consequence=synonymous,not recorded,,unknown,unreviewed,,pass,recorded temporal_test_predictions.csv
V8,2037794,not recorded,NNT,not recorded,Likely benign,moved_toward_benign,moved_toward_benign,0.0823443677113799,0.0823443677113799,true,correct high-confidence,0.9176556322886201,consequence=noncoding,not recorded,,unknown,unreviewed,,pass,recorded temporal_test_predictions.csv
V8,2037889,not recorded,DNA2,not recorded,Likely benign,moved_toward_benign,moved_toward_benign,0.011102497919878343,0.011102497919878343,true,correct high-confidence,0.9888975020801216,consequence=synonymous,not recorded,,unknown,unreviewed,,pass,recorded temporal_test_predictions.csv
V8,2039500,not recorded,MAST1,not recorded,Benign,moved_toward_benign,moved_toward_benign,0.20904411656875815,0.20904411656875815,true,low-confidence,0.7909558834312418,consequence=missense,not recorded,,unknown,unreviewed,,pass,recorded temporal_test_predictions.csv
V8,2039803,not recorded,HEPACAM,not recorded,Benign,moved_toward_benign,moved_toward_pathogenic,0.5430684911859297,0.5430684911859297,false,low-confidence,0.5430684911859297,consequence=missense,not recorded,,model over-predicted pathogenic,unreviewed,,pass,recorded temporal_test_predictions.csv
V8,2041804,not recorded,LOXL3,not recorded,Likely benign,moved_toward_benign,moved_toward_benign,0.08587962838277316,0.08587962838277316,true,correct high-confidence,0.9141203716172268,consequence=noncoding,not recorded,,unknown,unreviewed,,pass,recorded temporal_test_predictions.csv
V8,2041852,not recorded,IKZF1,not recorded,Likely benign,moved_toward_benign,moved_toward_benign,0.082434511835804,0.082434511835804,true,correct high-confidence,0.917565488164196,consequence=noncoding,not recorded,,unknown,unreviewed,,pass,recorded temporal_test_predictions.csv
V8,2041965,not recorded,SLCO2A1,not recorded,Likely benign,moved_toward_benign,moved_toward_benign,0.2731564112599409,0.2731564112599409,true,low-confidence,0.726843588740059,consequence=missense,not recorded,,unknown,unreviewed,,pass,recorded temporal_test_predictions.csv
V8,2043673,not recorded,BMP1,not recorded,Likely benign,moved_toward_benign,moved_toward_benign,0.08592963198479324,0.08592963198479324,true,correct high-confidence,0.9140703680152068,consequence=noncoding,not recorded,,unknown,unreviewed,,pass,recorded temporal_test_predictions.csv
V8,2044052,not recorded,HMCN1,not recorded,Likely benign,moved_toward_benign,moved_toward_benign,0.012326247406401267,0.012326247406401267,true,correct high-confidence,0.9876737525935987,consequence=synonymous,not recorded,,unknown,unreviewed,,pass,recorded temporal_test_predictions.csv
V8,2045104,not recorded,ITPA,not recorded,Pathogenic,moved_toward_pathogenic,moved_toward_pathogenic,0.9732903582061644,0.9732903582061644,true,correct high-confidence,0.9732903582061644,consequence=loss_of_function,not recorded,,unknown,unreviewed,,pass,recorded temporal_test_predictions.csv
V8,2045841,not recorded,SLC44A4,not recorded,Likely benign,moved_toward_benign,moved_toward_benign,0.08337013114222847,0.08337013114222847,true,correct high-confidence,0.9166298688577715,consequence=noncoding,not recorded,,unknown,unreviewed,,pass,recorded temporal_test_predictions.csv
V8,2046453,not recorded,DVL3,not recorded,Likely benign,moved_toward_benign,moved_toward_benign,0.22174999073316748,0.22174999073316748,true,low-confidence,0.7782500092668325,consequence=missense,not recorded,,unknown,unreviewed,,pass,recorded temporal_test_predictions.csv
V8,2047237,not recorded,TMPRSS15,not recorded,Likely benign,moved_toward_benign,moved_toward_benign,0.13579906755709867,0.13579906755709867,true,correct high-confidence,0.8642009324429013,consequence=noncoding,not recorded,,unknown,unreviewed,,pass,recorded temporal_test_predictions.csv
V8,2047990,not recorded,SLC34A1,not recorded,Likely benign,moved_toward_benign,moved_toward_benign,0.08828006786558915,0.08828006786558915,true,correct high-confidence,0.9117199321344108,consequence=noncoding,not recorded,,unknown,unreviewed,,pass,recorded temporal_test_predictions.csv
V8,2048052,not recorded,CIB1,not recorded,Likely benign,moved_toward_benign,moved_toward_benign,0.08185613583036512,0.08185613583036512,true,correct high-confidence,0.9181438641696349,consequence=noncoding,not recorded,,unknown,unreviewed,,pass,recorded temporal_test_predictions.csv
V8,2048078,not recorded,COASY,not recorded,Likely benign,moved_toward_benign,moved_toward_benign,0.0910506913919946,0.0910506913919946,true,correct high-confidence,0.9089493086080054,consequence=noncoding,not recorded,,unknown,unreviewed,,pass,recorded temporal_test_predictions.csv
V8,2048270,not recorded,ABCC2,not recorded,Likely benign,moved_toward_benign,moved_toward_benign,0.08716333523657291,0.08716333523657291,true,correct high-confidence,0.9128366647634271,consequence=noncoding,not recorded,,unknown,unreviewed,,pass,recorded temporal_test_predictions.csv
V8,2049055,not recorded,P4HB,not recorded,Likely benign,moved_toward_benign,moved_toward_pathogenic,0.5404414154528234,0.5404414154528234,false,low-confidence,0.5404414154528234,consequence=inframe_indel,not recorded,,model over-predicted pathogenic,unreviewed,,pass,recorded temporal_test_predictions.csv
V8,2049871,not recorded,TECTA,not recorded,Likely benign,moved_toward_benign,moved_toward_benign,0.1455230840058064,0.1455230840058064,true,correct high-confidence,0.8544769159941936,consequence=missense,not recorded,,unknown,unreviewed,,pass,recorded temporal_test_predictions.csv
V8,2050441,not recorded,ALDOA,not recorded,Likely benign,moved_toward_benign,moved_toward_benign,0.01177662545920484,0.01177662545920484,true,correct high-confidence,0.9882233745407951,consequence=synonymous,not recorded,,unknown,unreviewed,,pass,recorded temporal_test_predictions.csv
V8,2051778,not recorded,GATA5,not recorded,Likely benign,moved_toward_benign,moved_toward_benign,0.08823569552557702,0.08823569552557702,true,correct high-confidence,0.911764304474423,consequence=noncoding,not recorded,,unknown,unreviewed,,pass,recorded temporal_test_predictions.csv
V8,2052081,not recorded,DLD,not recorded,Likely benign,moved_toward_benign,moved_toward_benign,0.23232520636800838,0.23232520636800838,true,low-confidence,0.7676747936319916,consequence=missense,not recorded,,unknown,unreviewed,,pass,recorded temporal_test_predictions.csv
V8,2052114,not recorded,PUS1,not recorded,Likely benign,moved_toward_benign,moved_toward_benign,0.08823569552557702,0.08823569552557702,true,correct high-confidence,0.911764304474423,consequence=noncoding,not recorded,,unknown,unreviewed,,pass,recorded temporal_test_predictions.csv
V8,2052233,not recorded,DNASE1L3,not recorded,Likely benign,moved_toward_benign,moved_toward_benign,0.012306177637095557,0.012306177637095557,true,correct high-confidence,0.9876938223629045,consequence=synonymous,not recorded,,unknown,unreviewed,,pass,recorded temporal_test_predictions.csv
V8,2052525,not recorded,MRPS23,not recorded,Likely benign,moved_toward_benign,moved_toward_benign,0.08821347224072269,0.08821347224072269,true,correct high-confidence,0.9117865277592773,consequence=noncoding,not recorded,,unknown,unreviewed,,pass,recorded temporal_test_predictions.csv
V8,2053062,not recorded,RPS10,not recorded,Likely benign,moved_toward_benign,moved_toward_benign,0.08600439746604996,0.08600439746604996,true,correct high-confidence,0.9139956025339501,consequence=noncoding,not recorded,,unknown,unreviewed,,pass,recorded temporal_test_predictions.csv
V8,2054062,not recorded,CLTC,not recorded,Likely benign,moved_toward_benign,moved_toward_benign,0.012299459000810057,0.012299459000810057,true,correct high-confidence,0.9877005409991899,consequence=synonymous,not recorded,,unknown,unreviewed,,pass,recorded temporal_test_predictions.csv
V8,2054643,not recorded,TBC1D32,not recorded,Pathogenic,moved_toward_pathogenic,moved_toward_pathogenic,0.9775360952333491,0.9775360952333491,true,correct high-confidence,0.9775360952333491,consequence=loss_of_function,not recorded,,unknown,unreviewed,,pass,recorded temporal_test_predictions.csv
V8,2054672,not recorded,MPDZ,not recorded,Likely benign,moved_toward_benign,moved_toward_benign,0.012299459000810057,0.012299459000810057,true,correct high-confidence,0.9877005409991899,consequence=synonymous,not recorded,,unknown,unreviewed,,pass,recorded temporal_test_predictions.csv
V8,2055041,not recorded,PPCS,not recorded,Likely benign,moved_toward_benign,moved_toward_benign,0.012299459000810057,0.012299459000810057,true,correct high-confidence,0.9877005409991899,consequence=synonymous,not recorded,,unknown,unreviewed,,pass,recorded temporal_test_predictions.csv
V8,2055142,not recorded,ARHGEF1,not recorded,Likely benign,moved_toward_benign,moved_toward_benign,0.012151387114207896,0.012151387114207896,true,correct high-confidence,0.9878486128857921,consequence=synonymous,not recorded,,unknown,unreviewed,,pass,recorded temporal_test_predictions.csv
V8,2055421,not recorded,TAP2,not recorded,Likely benign,moved_toward_benign,moved_toward_benign,0.08308269738471921,0.08308269738471921,true,correct high-confidence,0.9169173026152808,consequence=noncoding,not recorded,,unknown,unreviewed,,pass,recorded temporal_test_predictions.csv
V8,2055493,not recorded,CLTC,not recorded,Likely benign,moved_toward_benign,moved_toward_benign,0.08007269898353746,0.08007269898353746,true,correct high-confidence,0.9199273010164626,consequence=noncoding,not recorded,,unknown,unreviewed,,pass,recorded temporal_test_predictions.csv
V8,2055756,not recorded,VPS11,not recorded,Likely benign,moved_toward_benign,moved_toward_benign,0.011142450231714236,0.011142450231714236,true,correct high-confidence,0.9888575497682858,consequence=synonymous,not recorded,,unknown,unreviewed,,pass,recorded temporal_test_predictions.csv
V8,2056320,not recorded,NTRK2,not recorded,Likely pathogenic,moved_toward_pathogenic,moved_toward_pathogenic,0.9396744364007311,0.9396744364007311,true,correct high-confidence,0.9396744364007311,consequence=canonical_splice,not recorded,,unknown,unreviewed,,pass,recorded temporal_test_predictions.csv
V8,2056464,not recorded,CEP120,not recorded,Likely benign,moved_toward_benign,moved_toward_benign,0.08816895113786094,0.08816895113786094,true,correct high-confidence,0.9118310488621391,consequence=noncoding,not recorded,,unknown,unreviewed,,pass,recorded temporal_test_predictions.csv
V8,2057776,not recorded,CLPP,not recorded,Likely benign,moved_toward_benign,moved_toward_benign,0.012296094259874532,0.012296094259874532,true,correct high-confidence,0.9877039057401255,consequence=synonymous,not recorded,,unknown,unreviewed,,pass,recorded temporal_test_predictions.csv
V8,2058035,not recorded,FGD1,not recorded,Likely benign,moved_toward_benign,moved_toward_benign,0.25349088333308223,0.25349088333308223,true,low-confidence,0.7465091166669178,consequence=missense,not recorded,,unknown,unreviewed,,pass,recorded temporal_test_predictions.csv
V8,2058503,not recorded,TBXAS1,not recorded,Pathogenic,moved_toward_pathogenic,moved_toward_pathogenic,0.9320138545895393,0.9320138545895393,true,correct high-confidence,0.9320138545895393,consequence=loss_of_function,not recorded,,unknown,unreviewed,,pass,recorded temporal_test_predictions.csv
V8,2058943,not recorded,CDK5RAP2,not recorded,Likely benign,moved_toward_benign,moved_toward_benign,0.2108455885738635,0.2108455885738635,true,low-confidence,0.7891544114261365,consequence=noncoding,not recorded,,unknown,unreviewed,,pass,recorded temporal_test_predictions.csv
V8,2059040,not recorded,SLC13A3,not recorded,Likely benign,moved_toward_benign,moved_toward_benign,0.012296094259874532,0.012296094259874532,true,correct high-confidence,0.9877039057401255,consequence=synonymous,not recorded,,unknown,unreviewed,,pass,recorded temporal_test_predictions.csv
V8,2059210,not recorded,TSR2,not recorded,Likely benign,moved_toward_benign,moved_toward_benign,0.011046624418822691,0.011046624418822691,true,correct high-confidence,0.9889533755811774,consequence=synonymous,not recorded,,unknown,unreviewed,,pass,recorded temporal_test_predictions.csv
V8,2059448,not recorded,BGN,not recorded,Likely benign,moved_toward_benign,moved_toward_benign,0.012292725892058116,0.012292725892058116,true,correct high-confidence,0.9877072741079419,consequence=synonymous,not recorded,,unknown,unreviewed,,pass,recorded temporal_test_predictions.csv
V8,2059894,not recorded,HTRA1,not recorded,Likely benign,moved_toward_benign,moved_toward_benign,0.08814665319777878,0.08814665319777878,true,correct high-confidence,0.9118533468022212,consequence=noncoding,not recorded,,unknown,unreviewed,,pass,recorded temporal_test_predictions.csv
V8,2059931,not recorded,RNF168,not recorded,Likely benign,moved_toward_benign,moved_toward_benign,0.012292725892058116,0.012292725892058116,true,correct high-confidence,0.9877072741079419,consequence=synonymous,not recorded,,unknown,unreviewed,,pass,recorded temporal_test_predictions.csv
V8,2060115,not recorded,GRIP1,not recorded,Likely benign,moved_toward_benign,moved_toward_benign,0.012182968841967928,0.012182968841967928,true,correct high-confidence,0.9878170311580321,consequence=synonymous,not recorded,,unknown,unreviewed,,pass,recorded temporal_test_predictions.csv
V8,2060871,not recorded,SLC18A2,not recorded,Pathogenic,moved_toward_pathogenic,moved_toward_pathogenic,0.9738629153942808,0.9738629153942808,true,correct high-confidence,0.9738629153942808,consequence=loss_of_function,not recorded,,unknown,unreviewed,,pass,recorded temporal_test_predictions.csv
V8,2061004,not recorded,THAP11,not recorded,Likely benign,moved_toward_benign,moved_toward_benign,0.1950096207953512,0.1950096207953512,true,correct high-confidence,0.8049903792046488,consequence=inframe_indel,not recorded,,unknown,unreviewed,,pass,recorded temporal_test_predictions.csv
V8,2062181,not recorded,SLC24A5,not recorded,Likely benign,moved_toward_benign,moved_toward_benign,0.07597425619510598,0.07597425619510598,true,correct high-confidence,0.924025743804894,consequence=noncoding,not recorded,,unknown,unreviewed,,pass,recorded temporal_test_predictions.csv
V8,2062540,not recorded,VAV1,not recorded,Likely benign,moved_toward_benign,moved_toward_benign,0.08678458098137232,0.08678458098137232,true,correct high-confidence,0.9132154190186277,consequence=noncoding,not recorded,,unknown,unreviewed,,pass,recorded temporal_test_predictions.csv
V8,2062828,not recorded,TELO2,not recorded,Likely benign,moved_toward_benign,moved_toward_benign,0.22099544508556962,0.22099544508556962,true,low-confidence,0.7790045549144304,consequence=missense,not recorded,,unknown,unreviewed,,pass,recorded temporal_test_predictions.csv
V8,2063908,not recorded,HAND1,not recorded,Likely benign,moved_toward_benign,moved_toward_benign,0.011804422781078378,0.011804422781078378,true,correct high-confidence,0.9881955772189216,consequence=synonymous,not recorded,,unknown,unreviewed,,pass,recorded temporal_test_predictions.csv
V8,2064501,not recorded,APOA1,not recorded,Likely benign,moved_toward_benign,moved_toward_benign,0.0070442695793473,0.0070442695793473,true,correct high-confidence,0.9929557304206527,consequence=noncoding,not recorded,,unknown,unreviewed,,pass,recorded temporal_test_predictions.csv
V8,2064958,not recorded,B4GALT7,not recorded,Likely pathogenic,moved_toward_pathogenic,moved_toward_pathogenic,0.9420215519121646,0.9420215519121646,true,correct high-confidence,0.9420215519121646,consequence=canonical_splice,not recorded,,unknown,unreviewed,,pass,recorded temporal_test_predictions.csv
V8,2065202,not recorded,VPS11,not recorded,Likely benign,moved_toward_benign,moved_toward_benign,0.011434484011367646,0.011434484011367646,true,correct high-confidence,0.9885655159886324,consequence=synonymous,not recorded,,unknown,unreviewed,,pass,recorded temporal_test_predictions.csv
V8,2066384,not recorded,TRAF3,not recorded,Likely benign,moved_toward_benign,moved_toward_benign,0.012234900062615283,0.012234900062615283,true,correct high-confidence,0.9877650999373847,consequence=synonymous,not recorded,,unknown,unreviewed,,pass,recorded temporal_test_predictions.csv
V8,2068277,not recorded,HMCN1,not recorded,Likely benign,moved_toward_benign,moved_toward_pathogenic,0.4688345264682361,0.4688345264682361,false,low-confidence,0.5311654735317639,consequence=missense,not recorded,,model over-predicted pathogenic,unreviewed,,pass,recorded temporal_test_predictions.csv
V8,2068436,not recorded,COL27A1,not recorded,Likely benign,moved_toward_benign,moved_toward_benign,0.08314053425411363,0.08314053425411363,true,correct high-confidence,0.9168594657458864,consequence=noncoding,not recorded,,unknown,unreviewed,,pass,recorded temporal_test_predictions.csv
V8,2068820,not recorded,VPS11,not recorded,Likely benign,moved_toward_benign,moved_toward_benign,0.012032736880371462,0.012032736880371462,true,correct high-confidence,0.9879672631196286,consequence=synonymous,not recorded,,unknown,unreviewed,,pass,recorded temporal_test_predictions.csv
V8,2068832,not recorded,AK7,not recorded,Likely benign,moved_toward_benign,moved_toward_benign,0.1408312151929385,0.1408312151929385,true,correct high-confidence,0.8591687848070615,consequence=noncoding,not recorded,,unknown,unreviewed,,pass,recorded temporal_test_predictions.csv
V8,2069159,not recorded,RAD51,not recorded,Likely benign,moved_toward_benign,moved_toward_benign,0.30535599608425784,0.30535599608425784,true,low-confidence,0.6946440039157422,consequence=missense,not recorded,,unknown,unreviewed,,pass,recorded temporal_test_predictions.csv
V8,2069993,not recorded,LCT,not recorded,Likely benign,moved_toward_benign,moved_toward_benign,0.011736461932135133,0.011736461932135133,true,correct high-confidence,0.9882635380678648,consequence=synonymous,not recorded,,unknown,unreviewed,,pass,recorded temporal_test_predictions.csv
V8,2070302,not recorded,CTSK,not recorded,Likely benign,moved_toward_benign,moved_toward_benign,0.011599941521525124,0.011599941521525124,true,correct high-confidence,0.9884000584784749,consequence=synonymous,not recorded,,unknown,unreviewed,,pass,recorded temporal_test_predictions.csv
V8,2070616,not recorded,CFH,not recorded,Likely benign,moved_toward_benign,moved_toward_benign,0.01178857016432093,0.01178857016432093,true,correct high-confidence,0.9882114298356791,consequence=synonymous,not recorded,,unknown,unreviewed,,pass,recorded temporal_test_predictions.csv
V8,2070709,not recorded,DNAH9,not recorded,Likely benign,moved_toward_benign,moved_toward_benign,0.01226564731810048,0.01226564731810048,true,correct high-confidence,0.9877343526818996,consequence=synonymous,not recorded,,unknown,unreviewed,,pass,recorded temporal_test_predictions.csv
V8,2070788,not recorded,ALDH6A1,not recorded,Likely benign,moved_toward_benign,moved_toward_benign,0.08794483895373481,0.08794483895373481,true,correct high-confidence,0.9120551610462652,consequence=noncoding,not recorded,,unknown,unreviewed,,pass,recorded temporal_test_predictions.csv
V8,2070968,not recorded,ITPA,not recorded,Likely benign,moved_toward_benign,moved_toward_benign,0.01226564731810048,0.01226564731810048,true,correct high-confidence,0.9877343526818996,consequence=synonymous,not recorded,,unknown,unreviewed,,pass,recorded temporal_test_predictions.csv
V8,2071322,not recorded,RPL27,not recorded,Likely benign,moved_toward_benign,moved_toward_benign,0.011273290667620265,0.011273290667620265,true,correct high-confidence,0.9887267093323797,consequence=synonymous,not recorded,,unknown,unreviewed,,pass,recorded temporal_test_predictions.csv
V8,2071473,not recorded,SLC24A5,not recorded,Likely benign,moved_toward_benign,moved_toward_benign,0.012217686015253673,0.012217686015253673,true,correct high-confidence,0.9877823139847464,consequence=synonymous,not recorded,,unknown,unreviewed,,pass,recorded temporal_test_predictions.csv
V8,2074285,not recorded,DGAT1,not recorded,Likely benign,moved_toward_benign,moved_toward_benign,0.011893988951859119,0.011893988951859119,true,correct high-confidence,0.9881060110481409,consequence=synonymous,not recorded,,unknown,unreviewed,,pass,recorded temporal_test_predictions.csv
V8,2074442,not recorded,CLDN14,not recorded,Pathogenic,moved_toward_pathogenic,moved_toward_pathogenic,0.9360608287754244,0.9360608287754244,true,correct high-confidence,0.9360608287754244,consequence=loss_of_function,not recorded,,unknown,unreviewed,,pass,recorded temporal_test_predictions.csv
V8,2075981,not recorded,RARS2,not recorded,Likely pathogenic,moved_toward_pathogenic,moved_toward_pathogenic,0.4998708414559262,0.4998708414559262,true,low-confidence,0.5001291585440738,consequence=missense,not recorded,,unknown,unreviewed,,pass,recorded temporal_test_predictions.csv
V8,2076088,not recorded,MAST1,not recorded,Likely benign,moved_toward_benign,moved_toward_benign,0.14257477984052555,0.14257477984052555,true,correct high-confidence,0.8574252201594744,consequence=missense,not recorded,,unknown,unreviewed,,pass,recorded temporal_test_predictions.csv
V8,2076101,not recorded,DNAJB13,not recorded,Pathogenic,moved_toward_pathogenic,moved_toward_pathogenic,0.9727529909938522,0.9727529909938522,true,correct high-confidence,0.9727529909938522,consequence=loss_of_function,not recorded,,unknown,unreviewed,,pass,recorded temporal_test_predictions.csv
V8,2076820,not recorded,SLIT2,not recorded,Likely benign,moved_toward_benign,moved_toward_benign,0.012214231729535863,0.012214231729535863,true,correct high-confidence,0.9877857682704642,consequence=synonymous,not recorded,,unknown,unreviewed,,pass,recorded temporal_test_predictions.csv
V8,2076876,not recorded,PEX16,not recorded,Likely benign,moved_toward_benign,moved_toward_benign,0.08787710953576669,0.08787710953576669,true,correct high-confidence,0.9121228904642333,consequence=noncoding,not recorded,,unknown,unreviewed,,pass,recorded temporal_test_predictions.csv
V8,2077160,not recorded,ALDOA,not recorded,Pathogenic,moved_toward_pathogenic,moved_toward_pathogenic,0.9716196050827686,0.9716196050827686,true,correct high-confidence,0.9716196050827686,consequence=loss_of_function,not recorded,,unknown,unreviewed,,pass,recorded temporal_test_predictions.csv
V8,2077519,not recorded,UCHL1,not recorded,Pathogenic/Likely pathogenic,moved_toward_pathogenic,moved_toward_pathogenic,0.52824824043914,0.52824824043914,true,low-confidence,0.52824824043914,consequence=inframe_indel,not recorded,,unknown,unreviewed,,pass,recorded temporal_test_predictions.csv
V8,2078965,not recorded,UNC93B1,not recorded,Likely benign,moved_toward_benign,moved_toward_benign,0.082404511855309,0.082404511855309,true,correct high-confidence,0.917595488144691,consequence=noncoding,not recorded,,unknown,unreviewed,,pass,recorded temporal_test_predictions.csv
V8,2079746,not recorded,DEAF1,not recorded,Likely benign,moved_toward_benign,moved_toward_benign,0.13307413840454724,0.13307413840454724,true,correct high-confidence,0.8669258615954527,consequence=missense,not recorded,,unknown,unreviewed,,pass,recorded temporal_test_predictions.csv
V8,2080059,not recorded,COASY,not recorded,Likely benign,moved_toward_benign,moved_toward_benign,0.08810198223338084,0.08810198223338084,true,correct high-confidence,0.9118980177666192,consequence=noncoding,not recorded,,unknown,unreviewed,,pass,recorded temporal_test_predictions.csv
V8,2080661,not recorded,C1S,not recorded,Pathogenic,moved_toward_pathogenic,moved_toward_pathogenic,0.9788488051697328,0.9788488051697328,true,correct high-confidence,0.9788488051697328,consequence=loss_of_function,not recorded,,unknown,unreviewed,,pass,recorded temporal_test_predictions.csv
V8,2080897,not recorded,IL2RB,not recorded,Likely benign,moved_toward_benign,moved_toward_benign,0.08730351129303938,0.08730351129303938,true,correct high-confidence,0.9126964887069606,consequence=noncoding,not recorded,,unknown,unreviewed,,pass,recorded temporal_test_predictions.csv
V8,2081224,not recorded,C7,not recorded,Likely benign,moved_toward_benign,moved_toward_benign,0.011366498740675997,0.011366498740675997,true,correct high-confidence,0.988633501259324,consequence=synonymous,not recorded,,unknown,unreviewed,,pass,recorded temporal_test_predictions.csv
V8,2082192,not recorded,IKZF1,not recorded,Likely benign,moved_toward_benign,moved_toward_benign,0.011958524877606043,0.011958524877606043,true,correct high-confidence,0.9880414751223939,consequence=synonymous,not recorded,,unknown,unreviewed,,pass,recorded temporal_test_predictions.csv
V8,2083393,not recorded,TUBB3,not recorded,Benign,moved_toward_benign,moved_toward_benign,0.19457478620765606,0.19457478620765606,true,correct high-confidence,0.8054252137923439,consequence=missense,not recorded,,unknown,unreviewed,,pass,recorded temporal_test_predictions.csv
V8,2083777,not recorded,ANKZF1,not recorded,Likely benign,moved_toward_benign,moved_toward_benign,0.08090473267459324,0.08090473267459324,true,correct high-confidence,0.9190952673254068,consequence=noncoding,not recorded,,unknown,unreviewed,,pass,recorded temporal_test_predictions.csv
V8,2084134,not recorded,EPS8L2,not recorded,Likely benign,moved_toward_benign,moved_toward_benign,0.01172836403250511,0.01172836403250511,true,correct high-confidence,0.9882716359674949,consequence=synonymous,not recorded,,unknown,unreviewed,,pass,recorded temporal_test_predictions.csv
V8,2084867,not recorded,VPS13D,not recorded,Likely benign,moved_toward_benign,moved_toward_benign,0.011235144252246034,0.011235144252246034,true,correct high-confidence,0.988764855747754,consequence=synonymous,not recorded,,unknown,unreviewed,,pass,recorded temporal_test_predictions.csv
V8,2085378,not recorded,DEAF1,not recorded,Pathogenic,moved_toward_pathogenic,moved_toward_benign,0.26719489932484686,0.26719489932484686,false,low-confidence,0.7328051006751531,consequence=missense,not recorded,,model over-predicted benign,unreviewed,,pass,recorded temporal_test_predictions.csv
V8,2085942,not recorded,CLTC,not recorded,Likely benign,moved_toward_benign,moved_toward_benign,0.011051749856991425,0.011051749856991425,true,correct high-confidence,0.9889482501430086,consequence=synonymous,not recorded,,unknown,unreviewed,,pass,recorded temporal_test_predictions.csv
V8,2086205,not recorded,DYNC2I1,not recorded,Likely benign,moved_toward_benign,moved_toward_benign,0.08751192692061098,0.08751192692061098,true,correct high-confidence,0.9124880730793891,consequence=noncoding,not recorded,,unknown,unreviewed,,pass,recorded temporal_test_predictions.csv
V8,2086911,not recorded,PNLIP,not recorded,Pathogenic,moved_toward_pathogenic,moved_toward_pathogenic,0.9781630310449279,0.9781630310449279,true,correct high-confidence,0.9781630310449279,consequence=loss_of_function,not recorded,,unknown,unreviewed,,pass,recorded temporal_test_predictions.csv
V8,2087296,not recorded,CTDP1,not recorded,Likely benign,moved_toward_benign,moved_toward_benign,0.012137246518849521,0.012137246518849521,true,correct high-confidence,0.9878627534811505,consequence=synonymous,not recorded,,unknown,unreviewed,,pass,recorded temporal_test_predictions.csv
V8,2088507,not recorded,ARHGEF1,not recorded,Likely benign,moved_toward_benign,moved_toward_benign,0.011147404897425564,0.011147404897425564,true,correct high-confidence,0.9888525951025744,consequence=synonymous,not recorded,,unknown,unreviewed,,pass,recorded temporal_test_predictions.csv
V8,2090346,not recorded,REL,not recorded,Likely benign,moved_toward_benign,moved_toward_benign,0.012179475639535984,0.012179475639535984,true,correct high-confidence,0.987820524360464,consequence=synonymous,not recorded,,unknown,unreviewed,,pass,recorded temporal_test_predictions.csv
V8,2093305,not recorded,LAGE3,not recorded,Likely benign,moved_toward_benign,moved_toward_benign,0.011565875188922239,0.011565875188922239,true,correct high-confidence,0.9884341248110777,consequence=synonymous,not recorded,,unknown,unreviewed,,pass,recorded temporal_test_predictions.csv
V8,2093950,not recorded,TUBB3,not recorded,Benign,moved_toward_benign,moved_toward_pathogenic,0.4716232622112248,0.4716232622112248,false,low-confidence,0.5283767377887751,consequence=missense,not recorded,,model over-predicted pathogenic,unreviewed,,pass,recorded temporal_test_predictions.csv
V8,2094677,not recorded,LMOD3,not recorded,Likely benign,moved_toward_benign,moved_toward_benign,0.08711638757025787,0.08711638757025787,true,correct high-confidence,0.9128836124297421,consequence=noncoding,not recorded,,unknown,unreviewed,,pass,recorded temporal_test_predictions.csv
V8,2094759,not recorded,DHX37,not recorded,Likely benign,moved_toward_benign,moved_toward_benign,0.08228403019109849,0.08228403019109849,true,correct high-confidence,0.9177159698089015,consequence=noncoding,not recorded,,unknown,unreviewed,,pass,recorded temporal_test_predictions.csv
V8,2094922,not recorded,HACE1,not recorded,Likely benign,moved_toward_benign,moved_toward_benign,0.012137246518849521,0.012137246518849521,true,correct high-confidence,0.9878627534811505,consequence=synonymous,not recorded,,unknown,unreviewed,,pass,recorded temporal_test_predictions.csv
V8,2096399,not recorded,EPRS1,not recorded,Pathogenic,moved_toward_pathogenic,moved_toward_pathogenic,0.9794642435733008,0.9794642435733008,true,correct high-confidence,0.9794642435733008,consequence=loss_of_function,not recorded,,unknown,unreviewed,,pass,recorded temporal_test_predictions.csv
V8,2097852,not recorded,TMC1,not recorded,Likely pathogenic,moved_toward_pathogenic,moved_toward_benign,0.3057396202253727,0.3057396202253727,false,low-confidence,0.6942603797746273,consequence=missense,not recorded,,model over-predicted benign,unreviewed,,pass,recorded temporal_test_predictions.csv
V8,2098545,not recorded,DMXL2,not recorded,Likely benign,moved_toward_benign,moved_toward_benign,0.01210160869541815,0.01210160869541815,true,correct high-confidence,0.9878983913045819,consequence=synonymous,not recorded,,unknown,unreviewed,,pass,recorded temporal_test_predictions.csv
V8,2098835,not recorded,IKZF1,not recorded,Likely benign,moved_toward_benign,moved_toward_benign,0.011527073096438512,0.011527073096438512,true,correct high-confidence,0.9884729269035615,consequence=synonymous,not recorded,,unknown,unreviewed,,pass,recorded temporal_test_predictions.csv
V8,2099646,not recorded,C6,not recorded,Likely benign,moved_toward_benign,moved_toward_benign,0.011720244091375941,0.011720244091375941,true,correct high-confidence,0.988279755908624,consequence=synonymous,not recorded,,unknown,unreviewed,,pass,recorded temporal_test_predictions.csv
V8,2099761,not recorded,MAST1,not recorded,Likely benign,moved_toward_benign,moved_toward_pathogenic,0.37204469798756246,0.37204469798756246,false,low-confidence,0.6279553020124375,consequence=missense,not recorded,,model over-predicted pathogenic,unreviewed,,pass,recorded temporal_test_predictions.csv
V8,2099887,not recorded,STAG1,not recorded,Likely benign,moved_toward_benign,moved_toward_benign,0.0857035966449642,0.0857035966449642,true,correct high-confidence,0.9142964033550358,consequence=noncoding,not recorded,,unknown,unreviewed,,pass,recorded temporal_test_predictions.csv
V8,2101377,not recorded,TAFAZZIN,not recorded,Likely benign,moved_toward_benign,moved_toward_benign,0.086808468041662,0.086808468041662,true,correct high-confidence,0.913191531958338,consequence=noncoding,not recorded,,unknown,unreviewed,,pass,recorded temporal_test_predictions.csv
V8,2101775,not recorded,NPC2,not recorded,Likely benign,moved_toward_benign,moved_toward_benign,0.012087237229758355,0.012087237229758355,true,correct high-confidence,0.9879127627702416,consequence=synonymous,not recorded,,unknown,unreviewed,,pass,recorded temporal_test_predictions.csv
V8,2103874,not recorded,TELO2,not recorded,Pathogenic,moved_toward_pathogenic,moved_toward_pathogenic,0.936960174882821,0.936960174882821,true,correct high-confidence,0.936960174882821,consequence=loss_of_function,not recorded,,unknown,unreviewed,,pass,recorded temporal_test_predictions.csv
V8,2104445,not recorded,IKZF1,not recorded,Likely benign,moved_toward_benign,moved_toward_benign,0.011393884351202494,0.011393884351202494,true,correct high-confidence,0.9886061156487975,consequence=synonymous,not recorded,,unknown,unreviewed,,pass,recorded temporal_test_predictions.csv
V8,2105194,not recorded,UNC93B1,not recorded,Likely benign,moved_toward_benign,moved_toward_benign,0.012061924236842585,0.012061924236842585,true,correct high-confidence,0.9879380757631574,consequence=synonymous,not recorded,,unknown,unreviewed,,pass,recorded temporal_test_predictions.csv
V8,2105544,not recorded,UNC93B1,not recorded,Likely benign,moved_toward_benign,moved_toward_benign,0.012061924236842585,0.012061924236842585,true,correct high-confidence,0.9879380757631574,consequence=synonymous,not recorded,,unknown,unreviewed,,pass,recorded temporal_test_predictions.csv
V8,2107887,not recorded,PRUNE1,not recorded,Likely benign,moved_toward_benign,moved_toward_benign,0.0113847845525692,0.0113847845525692,true,correct high-confidence,0.9886152154474308,consequence=synonymous,not recorded,,unknown,unreviewed,,pass,recorded temporal_test_predictions.csv
V8,2109236,not recorded,PNLIP,not recorded,Likely pathogenic,moved_toward_pathogenic,moved_toward_pathogenic,0.939320125964973,0.939320125964973,true,correct high-confidence,0.939320125964973,consequence=canonical_splice,not recorded,,unknown,unreviewed,,pass,recorded temporal_test_predictions.csv
V8,2113880,not recorded,COG7,not recorded,Pathogenic,moved_toward_pathogenic,moved_toward_pathogenic,0.43441871590191894,0.43441871590191894,true,low-confidence,0.5655812840980811,consequence=inframe_indel,not recorded,,unknown,unreviewed,,pass,recorded temporal_test_predictions.csv
V8,2114849,not recorded,DISP1,not recorded,Pathogenic,moved_toward_pathogenic,moved_toward_pathogenic,0.9784306921936579,0.9784306921936579,true,correct high-confidence,0.9784306921936579,consequence=loss_of_function,not recorded,,unknown,unreviewed,,pass,recorded temporal_test_predictions.csv
V8,2115096,not recorded,YME1L1,not recorded,Likely benign,moved_toward_benign,moved_toward_benign,0.006434090802409276,0.006434090802409276,true,correct high-confidence,0.9935659091975907,consequence=noncoding,not recorded,,unknown,unreviewed,,pass,recorded temporal_test_predictions.csv
V8,2119999,not recorded,UNC93B1,not recorded,Likely benign,moved_toward_benign,moved_toward_benign,0.01144342967314056,0.01144342967314056,true,correct high-confidence,0.9885565703268594,consequence=synonymous,not recorded,,unknown,unreviewed,,pass,recorded temporal_test_predictions.csv
V8,2120199,not recorded,LAMA1,not recorded,Likely benign,moved_toward_benign,moved_toward_benign,0.08151291723896044,0.08151291723896044,true,correct high-confidence,0.9184870827610395,consequence=noncoding,not recorded,,unknown,unreviewed,,pass,recorded temporal_test_predictions.csv
V8,2120595,not recorded,UNC93B1,not recorded,Likely benign,moved_toward_benign,moved_toward_benign,0.08585457832635891,0.08585457832635891,true,correct high-confidence,0.9141454216736411,consequence=noncoding,not recorded,,unknown,unreviewed,,pass,recorded temporal_test_predictions.csv
V8,2122619,not recorded,SIL1,not recorded,Likely benign,moved_toward_benign,moved_toward_benign,0.011046624418822691,0.011046624418822691,true,correct high-confidence,0.9889533755811774,consequence=synonymous,not recorded,,unknown,unreviewed,,pass,recorded temporal_test_predictions.csv
V8,2123685,not recorded,PCBD1,not recorded,Likely benign,moved_toward_benign,moved_toward_benign,0.08207130608629819,0.08207130608629819,true,correct high-confidence,0.9179286939137018,consequence=noncoding,not recorded,,unknown,unreviewed,,pass,recorded temporal_test_predictions.csv
V8,2125741,not recorded,EXOC6B,not recorded,Likely pathogenic,moved_toward_pathogenic,moved_toward_benign,0.08557687611624577,0.08557687611624577,false,wrong high-confidence,0.9144231238837542,consequence=noncoding,not recorded,,model over-predicted benign,unreviewed,,pass,recorded temporal_test_predictions.csv
V8,2127003,not recorded,IFITM5,not recorded,Likely benign,moved_toward_benign,moved_toward_pathogenic,0.4758426758094477,0.4758426758094477,false,low-confidence,0.5241573241905523,consequence=missense,not recorded,,model over-predicted pathogenic,unreviewed,,pass,recorded temporal_test_predictions.csv
V8,2128382,not recorded,PNPO,not recorded,Pathogenic,moved_toward_pathogenic,moved_toward_pathogenic,0.7129477545688794,0.7129477545688794,true,low-confidence,0.7129477545688794,consequence=inframe_indel,not recorded,,unknown,unreviewed,,pass,recorded temporal_test_predictions.csv
V8,2131576,not recorded,MTPAP,not recorded,Likely benign,moved_toward_benign,moved_toward_benign,0.08516571219005714,0.08516571219005714,true,correct high-confidence,0.9148342878099429,consequence=noncoding,not recorded,,unknown,unreviewed,,pass,recorded temporal_test_predictions.csv
V8,2132291,not recorded,POMP,not recorded,Likely benign,moved_toward_benign,moved_toward_benign,0.0805100490132932,0.0805100490132932,true,correct high-confidence,0.9194899509867068,consequence=noncoding,not recorded,,unknown,unreviewed,,pass,recorded temporal_test_predictions.csv
V8,2132862,not recorded,ATIC,not recorded,Likely pathogenic,moved_toward_pathogenic,moved_toward_pathogenic,0.9235196346371174,0.9235196346371174,true,correct high-confidence,0.9235196346371174,consequence=canonical_splice,not recorded,,unknown,unreviewed,,pass,recorded temporal_test_predictions.csv
V8,2136157,not recorded,WNT10B,not recorded,Likely pathogenic,moved_toward_pathogenic,moved_toward_pathogenic,0.6141825891140842,0.6141825891140842,true,low-confidence,0.6141825891140842,consequence=missense,not recorded,,unknown,unreviewed,,pass,recorded temporal_test_predictions.csv
V8,2137430,not recorded,SLC51B,not recorded,Likely benign,moved_toward_benign,moved_toward_benign,0.08387679293462706,0.08387679293462706,true,correct high-confidence,0.916123207065373,consequence=noncoding,not recorded,,unknown,unreviewed,,pass,recorded temporal_test_predictions.csv
V8,2137670,not recorded,SLC12A1,not recorded,Likely pathogenic,moved_toward_pathogenic,moved_toward_benign,0.23350008264141298,0.23350008264141298,false,low-confidence,0.766499917358587,consequence=missense,not recorded,,model over-predicted benign,unreviewed,,pass,recorded temporal_test_predictions.csv
V8,2137876,not recorded,ASPA,not recorded,Likely pathogenic,moved_toward_pathogenic,moved_toward_pathogenic,0.7285273594527191,0.7285273594527191,true,low-confidence,0.7285273594527191,consequence=missense,not recorded,,unknown,unreviewed,,pass,recorded temporal_test_predictions.csv
V8,2137940,not recorded,ALDH3A2,not recorded,Likely pathogenic,moved_toward_pathogenic,moved_toward_pathogenic,0.3626338785120762,0.3626338785120762,true,low-confidence,0.6373661214879238,consequence=missense,not recorded,,unknown,unreviewed,,pass,recorded temporal_test_predictions.csv
V8,2138063,not recorded,PNPO,not recorded,Pathogenic/Likely pathogenic,moved_toward_pathogenic,moved_toward_pathogenic,0.49845742396363185,0.49845742396363185,true,low-confidence,0.5015425760363681,consequence=missense,not recorded,,unknown,unreviewed,,pass,recorded temporal_test_predictions.csv
V8,2138308,not recorded,CALM3,not recorded,Pathogenic,moved_toward_pathogenic,moved_toward_pathogenic,0.47658087550918943,0.47658087550918943,true,low-confidence,0.5234191244908106,consequence=missense,not recorded,,unknown,unreviewed,,pass,recorded temporal_test_predictions.csv
V8,2138351,not recorded,CD40,not recorded,Likely pathogenic,moved_toward_pathogenic,moved_toward_benign,0.21125847658143893,0.21125847658143893,false,low-confidence,0.7887415234185611,consequence=unrecognized,not recorded,,model over-predicted benign,unreviewed,,pass,recorded temporal_test_predictions.csv
V8,2138780,not recorded,AVPR2,not recorded,Likely pathogenic,moved_toward_pathogenic,moved_toward_pathogenic,0.5505714019984739,0.5505714019984739,true,low-confidence,0.5505714019984739,consequence=missense,not recorded,,unknown,unreviewed,,pass,recorded temporal_test_predictions.csv
V8,2139561,not recorded,RAB3GAP2,not recorded,Likely benign,moved_toward_benign,moved_toward_benign,0.08284956367312878,0.08284956367312878,true,correct high-confidence,0.9171504363268712,consequence=noncoding,not recorded,,unknown,unreviewed,,pass,recorded temporal_test_predictions.csv
V8,2140130,not recorded,IL12RB2,not recorded,Likely benign,moved_toward_benign,moved_toward_benign,0.08106672642494328,0.08106672642494328,true,correct high-confidence,0.9189332735750567,consequence=noncoding,not recorded,,unknown,unreviewed,,pass,recorded temporal_test_predictions.csv
V8,2140434,not recorded,TBC1D32,not recorded,Pathogenic,moved_toward_pathogenic,moved_toward_pathogenic,0.971921643851753,0.971921643851753,true,correct high-confidence,0.971921643851753,consequence=loss_of_function,not recorded,,unknown,unreviewed,,pass,recorded temporal_test_predictions.csv
V8,2140752,not recorded,ERCC6,not recorded,Likely benign,moved_toward_benign,moved_toward_pathogenic,0.5321746621774255,0.5321746621774255,false,low-confidence,0.5321746621774255,consequence=missense,not recorded,,model over-predicted pathogenic,unreviewed,,pass,recorded temporal_test_predictions.csv
V8,2140757,not recorded,ERCC6,not recorded,Likely benign,moved_toward_benign,moved_toward_pathogenic,0.4044404939891501,0.4044404939891501,false,low-confidence,0.5955595060108498,consequence=missense,not recorded,,model over-predicted pathogenic,unreviewed,,pass,recorded temporal_test_predictions.csv
V8,2140972,not recorded,UNC93B1,not recorded,Likely benign,moved_toward_benign,moved_toward_benign,0.012021719462514402,0.012021719462514402,true,correct high-confidence,0.9879782805374856,consequence=synonymous,not recorded,,unknown,unreviewed,,pass,recorded temporal_test_predictions.csv
V8,2142531,not recorded,ASXL2,not recorded,Benign/Likely benign,moved_toward_benign,moved_toward_benign,0.21140876385439292,0.21140876385439292,true,low-confidence,0.7885912361456071,consequence=missense,not recorded,,unknown,unreviewed,,pass,recorded temporal_test_predictions.csv
V8,2144392,not recorded,FGFR3,not recorded,Benign/Likely benign,moved_toward_benign,moved_toward_benign,0.26839490526905385,0.26839490526905385,true,low-confidence,0.7316050947309461,consequence=missense,not recorded,,unknown,unreviewed,,pass,recorded temporal_test_predictions.csv
V8,2144826,not recorded,ATRN,not recorded,Likely benign,moved_toward_benign,moved_toward_benign,0.011282748492658062,0.011282748492658062,true,correct high-confidence,0.9887172515073419,consequence=synonymous,not recorded,,unknown,unreviewed,,pass,recorded temporal_test_predictions.csv
V8,2145559,not recorded,MAST1,not recorded,Likely benign,moved_toward_benign,moved_toward_benign,0.13841810587653242,0.13841810587653242,true,correct high-confidence,0.8615818941234676,consequence=missense,not recorded,,unknown,unreviewed,,pass,recorded temporal_test_predictions.csv
V8,2146919,not recorded,ASXL2,not recorded,Benign,moved_toward_benign,moved_toward_benign,0.23047453308219207,0.23047453308219207,true,low-confidence,0.769525466917808,consequence=missense,not recorded,,unknown,unreviewed,,pass,recorded temporal_test_predictions.csv
V8,2147112,not recorded,ZBTB18,not recorded,Benign,moved_toward_benign,moved_toward_pathogenic,0.47756393071303266,0.47756393071303266,false,low-confidence,0.5224360692869674,consequence=missense,not recorded,,model over-predicted pathogenic,unreviewed,,pass,recorded temporal_test_predictions.csv
V8,2148234,not recorded,NCKAP1L,not recorded,Likely benign,moved_toward_benign,moved_toward_benign,0.08702215526511768,0.08702215526511768,true,correct high-confidence,0.9129778447348823,consequence=noncoding,not recorded,,unknown,unreviewed,,pass,recorded temporal_test_predictions.csv
V8,2148293,not recorded,LAMB1,not recorded,Likely benign,moved_toward_benign,moved_toward_benign,0.08816895113786094,0.08816895113786094,true,correct high-confidence,0.9118310488621391,consequence=noncoding,not recorded,,unknown,unreviewed,,pass,recorded temporal_test_predictions.csv
V8,2148511,not recorded,CYP27A1,not recorded,Likely benign,moved_toward_benign,moved_toward_benign,0.01172836403250511,0.01172836403250511,true,correct high-confidence,0.9882716359674949,consequence=synonymous,not recorded,,unknown,unreviewed,,pass,recorded temporal_test_predictions.csv
V8,2148596,not recorded,ERCC6,not recorded,Likely benign,moved_toward_benign,moved_toward_benign,0.3046309801926914,0.3046309801926914,true,low-confidence,0.6953690198073086,consequence=missense,not recorded,,unknown,unreviewed,,pass,recorded temporal_test_predictions.csv
V8,2148824,not recorded,VPS11,not recorded,Likely benign,moved_toward_benign,moved_toward_benign,0.08532092378857424,0.08532092378857424,true,correct high-confidence,0.9146790762114257,consequence=noncoding,not recorded,,unknown,unreviewed,,pass,recorded temporal_test_predictions.csv
V8,2150417,not recorded,ASXL2,not recorded,Benign,moved_toward_benign,moved_toward_benign,0.28454292450498514,0.28454292450498514,true,low-confidence,0.7154570754950149,consequence=missense,not recorded,,unknown,unreviewed,,pass,recorded temporal_test_predictions.csv
V8,2150422,not recorded,DNA2,not recorded,Likely benign,moved_toward_benign,moved_toward_benign,0.012292725892058116,0.012292725892058116,true,correct high-confidence,0.9877072741079419,consequence=synonymous,not recorded,,unknown,unreviewed,,pass,recorded temporal_test_predictions.csv
V8,2150757,not recorded,SOX9,not recorded,Likely benign,moved_toward_benign,moved_toward_benign,0.3016285127519679,0.3016285127519679,true,low-confidence,0.6983714872480321,consequence=missense,not recorded,,unknown,unreviewed,,pass,recorded temporal_test_predictions.csv
V8,2150763,not recorded,POGLUT1,not recorded,Likely benign,moved_toward_benign,moved_toward_benign,0.08526932487368996,0.08526932487368996,true,correct high-confidence,0.91473067512631,consequence=noncoding,not recorded,,unknown,unreviewed,,pass,recorded temporal_test_predictions.csv
V8,2151324,not recorded,NFU1,not recorded,Likely benign,moved_toward_benign,moved_toward_benign,0.08739641195413314,0.08739641195413314,true,correct high-confidence,0.9126035880458668,consequence=noncoding,not recorded,,unknown,unreviewed,,pass,recorded temporal_test_predictions.csv
V8,2151981,not recorded,DVL3,not recorded,Likely benign,moved_toward_benign,moved_toward_pathogenic,0.9332021249391163,0.9332021249391163,false,wrong high-confidence,0.9332021249391163,consequence=loss_of_function,not recorded,,model over-predicted pathogenic,unreviewed,,pass,recorded temporal_test_predictions.csv
V8,2152101,not recorded,KRT17,not recorded,Likely benign,moved_toward_benign,moved_toward_pathogenic,0.3528936853823114,0.3528936853823114,false,low-confidence,0.6471063146176885,consequence=missense,not recorded,,model over-predicted pathogenic,unreviewed,,pass,recorded temporal_test_predictions.csv
V8,2153622,not recorded,PEPD,not recorded,Likely benign,moved_toward_benign,moved_toward_pathogenic,0.4800239693475896,0.4800239693475896,false,low-confidence,0.5199760306524104,consequence=missense,not recorded,,model over-predicted pathogenic,unreviewed,,pass,recorded temporal_test_predictions.csv
V8,2154547,not recorded,MAOA,not recorded,Likely benign,moved_toward_benign,moved_toward_benign,0.011578696263290852,0.011578696263290852,true,correct high-confidence,0.9884213037367091,consequence=synonymous,not recorded,,unknown,unreviewed,,pass,recorded temporal_test_predictions.csv
V8,2155139,not recorded,THAP11,not recorded,Likely benign,moved_toward_benign,moved_toward_benign,0.07005669566242159,0.07005669566242159,true,correct high-confidence,0.9299433043375784,consequence=inframe_indel,not recorded,,unknown,unreviewed,,pass,recorded temporal_test_predictions.csv
V8,2156666,not recorded,SLC25A21,not recorded,Likely benign,moved_toward_benign,moved_toward_benign,0.012658275098441054,0.012658275098441054,true,correct high-confidence,0.9873417249015589,consequence=synonymous,not recorded,,unknown,unreviewed,,pass,recorded temporal_test_predictions.csv
V8,2156669,not recorded,TBX6,not recorded,Likely benign,moved_toward_benign,moved_toward_benign,0.012231464872225874,0.012231464872225874,true,correct high-confidence,0.9877685351277741,consequence=synonymous,not recorded,,unknown,unreviewed,,pass,recorded temporal_test_predictions.csv
V8,2157568,not recorded,HAX1,not recorded,Likely benign,moved_toward_benign,moved_toward_benign,0.08423451629946735,0.08423451629946735,true,correct high-confidence,0.9157654837005327,consequence=noncoding,not recorded,,unknown,unreviewed,,pass,recorded temporal_test_predictions.csv
V8,2157583,not recorded,PSMB8,not recorded,Likely benign,moved_toward_benign,moved_toward_benign,0.08821347224072269,0.08821347224072269,true,correct high-confidence,0.9117865277592773,consequence=noncoding,not recorded,,unknown,unreviewed,,pass,recorded temporal_test_predictions.csv
V8,2157605,not recorded,EFEMP2,not recorded,Likely benign,moved_toward_benign,moved_toward_benign,0.012296094259874532,0.012296094259874532,true,correct high-confidence,0.9877039057401255,consequence=synonymous,not recorded,,unknown,unreviewed,,pass,recorded temporal_test_predictions.csv
V8,2158026,not recorded,TRPV3,not recorded,Likely benign,moved_toward_benign,moved_toward_benign,0.23028631700141158,0.23028631700141158,true,low-confidence,0.7697136829985884,consequence=missense,not recorded,,unknown,unreviewed,,pass,recorded temporal_test_predictions.csv
V8,2159297,not recorded,DYNC2I2,not recorded,Likely benign,moved_toward_benign,moved_toward_benign,0.012161950235385263,0.012161950235385263,true,correct high-confidence,0.9878380497646148,consequence=synonymous,not recorded,,unknown,unreviewed,,pass,recorded temporal_test_predictions.csv
V8,2159371,not recorded,ERCC6,not recorded,Likely benign,moved_toward_benign,moved_toward_benign,0.22300905299891455,0.22300905299891455,true,low-confidence,0.7769909470010854,consequence=missense,not recorded,,unknown,unreviewed,,pass,recorded temporal_test_predictions.csv
V8,2159538,not recorded,RPL19,not recorded,Likely benign,moved_toward_benign,moved_toward_benign,0.08600439746604996,0.08600439746604996,true,correct high-confidence,0.9139956025339501,consequence=noncoding,not recorded,,unknown,unreviewed,,pass,recorded temporal_test_predictions.csv
V8,2159554,not recorded,GPR143,not recorded,Likely pathogenic,moved_toward_pathogenic,moved_toward_pathogenic,0.45489902613017136,0.45489902613017136,true,low-confidence,0.5451009738698287,consequence=missense,not recorded,,unknown,unreviewed,,pass,recorded temporal_test_predictions.csv
V8,2160167,not recorded,BRD4,not recorded,Likely benign,moved_toward_benign,moved_toward_benign,0.011784593883315132,0.011784593883315132,true,correct high-confidence,0.9882154061166849,consequence=synonymous,not recorded,,unknown,unreviewed,,pass,recorded temporal_test_predictions.csv
V8,2160818,not recorded,GHRHR,not recorded,Likely benign,moved_toward_benign,moved_toward_benign,0.012336234262539061,0.012336234262539061,true,correct high-confidence,0.987663765737461,consequence=synonymous,not recorded,,unknown,unreviewed,,pass,recorded temporal_test_predictions.csv
V8,2160846,not recorded,KCNA1,not recorded,Likely benign,moved_toward_benign,moved_toward_benign,0.0121337012231632,0.0121337012231632,true,correct high-confidence,0.9878662987768368,consequence=synonymous,not recorded,,unknown,unreviewed,,pass,recorded temporal_test_predictions.csv
V8,2161057,not recorded,PRKRA,not recorded,Likely benign,moved_toward_benign,moved_toward_benign,0.08767252306676848,0.08767252306676848,true,correct high-confidence,0.9123274769332315,consequence=noncoding,not recorded,,unknown,unreviewed,,pass,recorded temporal_test_predictions.csv
V8,2161387,not recorded,HPS4,not recorded,Likely benign,moved_toward_benign,moved_toward_benign,0.01226224590806918,0.01226224590806918,true,correct high-confidence,0.9877377540919308,consequence=synonymous,not recorded,,unknown,unreviewed,,pass,recorded temporal_test_predictions.csv
V8,2161650,not recorded,CHMP1A,not recorded,Likely benign,moved_toward_benign,moved_toward_benign,0.011366498740675997,0.011366498740675997,true,correct high-confidence,0.988633501259324,consequence=synonymous,not recorded,,unknown,unreviewed,,pass,recorded temporal_test_predictions.csv
V8,2162109,not recorded,SLCO5A1,not recorded,Likely benign,moved_toward_benign,moved_toward_benign,0.01129687709147961,0.01129687709147961,true,correct high-confidence,0.9887031229085204,consequence=synonymous,not recorded,,unknown,unreviewed,,pass,recorded temporal_test_predictions.csv
V8,2163192,not recorded,GYG1,not recorded,Likely benign,moved_toward_benign,moved_toward_benign,0.012306177637095557,0.012306177637095557,true,correct high-confidence,0.9876938223629045,consequence=synonymous,not recorded,,unknown,unreviewed,,pass,recorded temporal_test_predictions.csv
V8,2163361,not recorded,CDK5RAP2,not recorded,Likely benign,moved_toward_benign,moved_toward_benign,0.011947235464242407,0.011947235464242407,true,correct high-confidence,0.9880527645357576,consequence=synonymous,not recorded,,unknown,unreviewed,,pass,recorded temporal_test_predictions.csv
V8,2164603,not recorded,COX4I2,not recorded,Likely benign,moved_toward_benign,moved_toward_benign,0.011082308120832468,0.011082308120832468,true,correct high-confidence,0.9889176918791676,consequence=synonymous,not recorded,,unknown,unreviewed,,pass,recorded temporal_test_predictions.csv
V8,2165251,not recorded,TECTA,not recorded,Likely benign,moved_toward_benign,moved_toward_benign,0.2684571881063961,0.2684571881063961,true,low-confidence,0.7315428118936038,consequence=missense,not recorded,,unknown,unreviewed,,pass,recorded temporal_test_predictions.csv
V8,2165476,not recorded,B4GALT7,not recorded,Pathogenic,moved_toward_pathogenic,moved_toward_pathogenic,0.9856317291935154,0.9856317291935154,true,correct high-confidence,0.9856317291935154,consequence=loss_of_function,not recorded,,unknown,unreviewed,,pass,recorded temporal_test_predictions.csv
V8,2166320,not recorded,ASXL1,not recorded,Likely benign,moved_toward_benign,moved_toward_benign,0.011430000847323627,0.011430000847323627,true,correct high-confidence,0.9885699991526764,consequence=synonymous,not recorded,,unknown,unreviewed,,pass,recorded temporal_test_predictions.csv
V8,2168173,not recorded,SPAG1,not recorded,Likely benign,moved_toward_benign,moved_toward_benign,0.011357312317043539,0.011357312317043539,true,correct high-confidence,0.9886426876829565,consequence=synonymous,not recorded,,unknown,unreviewed,,pass,recorded temporal_test_predictions.csv
V8,2168919,not recorded,TNS2,not recorded,Likely benign,moved_toward_benign,moved_toward_benign,0.01131560788971426,0.01131560788971426,true,correct high-confidence,0.9886843921102857,consequence=synonymous,not recorded,,unknown,unreviewed,,pass,recorded temporal_test_predictions.csv
V8,2169571,not recorded,AMHR2,not recorded,Likely pathogenic,moved_toward_pathogenic,moved_toward_benign,0.25906541811907624,0.25906541811907624,false,low-confidence,0.7409345818809238,consequence=missense,not recorded,,model over-predicted benign,unreviewed,,pass,recorded temporal_test_predictions.csv
V8,2169644,not recorded,NDP,not recorded,Likely pathogenic,moved_toward_pathogenic,moved_toward_benign,0.21767764873375306,0.21767764873375306,false,low-confidence,0.7823223512662469,consequence=missense,not recorded,,model over-predicted benign,unreviewed,,pass,recorded temporal_test_predictions.csv
V8,2170396,not recorded,COL27A1,not recorded,Likely benign,moved_toward_benign,moved_toward_benign,0.02734982351749225,0.02734982351749225,true,correct high-confidence,0.9726501764825077,consequence=noncoding,not recorded,,unknown,unreviewed,,pass,recorded temporal_test_predictions.csv
V8,2170623,not recorded,ERCC6,not recorded,Likely benign,moved_toward_benign,moved_toward_benign,0.012221136462820368,0.012221136462820368,true,correct high-confidence,0.9877788635371796,consequence=synonymous,not recorded,,unknown,unreviewed,,pass,recorded temporal_test_predictions.csv
V8,2171314,not recorded,HMCN1,not recorded,Likely benign,moved_toward_benign,moved_toward_benign,0.0884125953727163,0.0884125953727163,true,correct high-confidence,0.9115874046272837,consequence=noncoding,not recorded,,unknown,unreviewed,,pass,recorded temporal_test_predictions.csv
V8,2172543,not recorded,TMPRSS15,not recorded,Likely benign,moved_toward_benign,moved_toward_benign,0.011724306825562435,0.011724306825562435,true,correct high-confidence,0.9882756931744375,consequence=synonymous,not recorded,,unknown,unreviewed,,pass,recorded temporal_test_predictions.csv
V8,2173039,not recorded,RPL15,not recorded,Likely benign,moved_toward_benign,moved_toward_benign,0.011215878635962661,0.011215878635962661,true,correct high-confidence,0.9887841213640374,consequence=synonymous,not recorded,,unknown,unreviewed,,pass,recorded temporal_test_predictions.csv
V8,2173729,not recorded,CD3D,not recorded,Likely benign,moved_toward_benign,moved_toward_benign,0.01186313641119518,0.01186313641119518,true,correct high-confidence,0.9881368635888048,consequence=synonymous,not recorded,,unknown,unreviewed,,pass,recorded temporal_test_predictions.csv
V8,2173993,not recorded,MAST1,not recorded,Benign,moved_toward_benign,moved_toward_benign,0.011220707232703997,0.011220707232703997,true,correct high-confidence,0.988779292767296,consequence=synonymous,not recorded,,unknown,unreviewed,,pass,recorded temporal_test_predictions.csv
V8,2175554,not recorded,DHX37,not recorded,Likely benign,moved_toward_benign,moved_toward_benign,0.08261351298116228,0.08261351298116228,true,correct high-confidence,0.9173864870188377,consequence=noncoding,not recorded,,unknown,unreviewed,,pass,recorded temporal_test_predictions.csv
V8,2175587,not recorded,ITGB4,not recorded,Likely benign,moved_toward_benign,moved_toward_benign,0.28785728413036205,0.28785728413036205,true,low-confidence,0.712142715869638,consequence=missense,not recorded,,unknown,unreviewed,,pass,recorded temporal_test_predictions.csv
V8,2175733,not recorded,ADAMTSL4,not recorded,Likely benign,moved_toward_benign,moved_toward_benign,0.011616828276732561,0.011616828276732561,true,correct high-confidence,0.9883831717232674,consequence=synonymous,not recorded,,unknown,unreviewed,,pass,recorded temporal_test_predictions.csv
V8,2175962,not recorded,MAB21L1,not recorded,Pathogenic,moved_toward_pathogenic,moved_toward_benign,0.2777494997787577,0.2777494997787577,false,low-confidence,0.7222505002212423,consequence=missense,not recorded,,model over-predicted benign,unreviewed,,pass,recorded temporal_test_predictions.csv
V8,2176499,not recorded,SYNPO,not recorded,Likely benign,moved_toward_benign,moved_toward_pathogenic,0.7003407341304048,0.7003407341304048,false,low-confidence,0.7003407341304048,consequence=inframe_indel,not recorded,,model over-predicted pathogenic,unreviewed,,pass,recorded temporal_test_predictions.csv
V8,2176508,not recorded,CTDP1,not recorded,Likely benign,moved_toward_benign,moved_toward_benign,0.01189014956775014,0.01189014956775014,true,correct high-confidence,0.9881098504322499,consequence=synonymous,not recorded,,unknown,unreviewed,,pass,recorded temporal_test_predictions.csv
V8,2177766,not recorded,IDH2,not recorded,Likely benign,moved_toward_benign,moved_toward_benign,0.011671053896763055,0.011671053896763055,true,correct high-confidence,0.988328946103237,consequence=synonymous,not recorded,,unknown,unreviewed,,pass,recorded temporal_test_predictions.csv
V8,2178243,not recorded,LAMA1,not recorded,Likely benign,moved_toward_benign,moved_toward_benign,0.012349500776996085,0.012349500776996085,true,correct high-confidence,0.987650499223004,consequence=synonymous,not recorded,,unknown,unreviewed,,pass,recorded temporal_test_predictions.csv
V8,2178643,not recorded,SLC25A32,not recorded,Likely benign,moved_toward_benign,moved_toward_benign,0.01153140984633751,0.01153140984633751,true,correct high-confidence,0.9884685901536625,consequence=synonymous,not recorded,,unknown,unreviewed,,pass,recorded temporal_test_predictions.csv
V8,2178862,not recorded,ITGB4,not recorded,Likely benign,moved_toward_benign,moved_toward_benign,0.21739098793318745,0.21739098793318745,true,low-confidence,0.7826090120668125,consequence=missense,not recorded,,unknown,unreviewed,,pass,recorded temporal_test_predictions.csv
V8,2179027,not recorded,SIGMAR1,not recorded,Likely benign,moved_toward_benign,moved_toward_benign,0.01226224590806918,0.01226224590806918,true,correct high-confidence,0.9877377540919308,consequence=synonymous,not recorded,,unknown,unreviewed,,pass,recorded temporal_test_predictions.csv
V8,2179120,not recorded,RPS27,not recorded,Likely benign,moved_toward_benign,moved_toward_benign,0.08090473267459324,0.08090473267459324,true,correct high-confidence,0.9190952673254068,consequence=noncoding,not recorded,,unknown,unreviewed,,pass,recorded temporal_test_predictions.csv
V8,2179139,not recorded,SPAG1,not recorded,Pathogenic,moved_toward_pathogenic,moved_toward_benign,0.07955473087224357,0.07955473087224357,false,wrong high-confidence,0.9204452691277565,consequence=noncoding,not recorded,,model over-predicted benign,unreviewed,,pass,recorded temporal_test_predictions.csv
V8,2179225,not recorded,B4GALT7,not recorded,Likely pathogenic,moved_toward_pathogenic,moved_toward_pathogenic,0.9389058087445915,0.9389058087445915,true,correct high-confidence,0.9389058087445915,consequence=canonical_splice,not recorded,,unknown,unreviewed,,pass,recorded temporal_test_predictions.csv
V8,2179498,not recorded,PEX16,not recorded,Likely benign,moved_toward_benign,moved_toward_benign,0.011005280802339971,0.011005280802339971,true,correct high-confidence,0.98899471919766,consequence=synonymous,not recorded,,unknown,unreviewed,,pass,recorded temporal_test_predictions.csv
V8,2179867,not recorded,CSF2RA,not recorded,Likely benign,moved_toward_benign,moved_toward_benign,0.2107285922941883,0.2107285922941883,true,low-confidence,0.7892714077058117,consequence=noncoding,not recorded,,unknown,unreviewed,,pass,recorded temporal_test_predictions.csv
V8,2182059,not recorded,SULF1,not recorded,Likely benign,moved_toward_benign,moved_toward_benign,0.011595704696660467,0.011595704696660467,true,correct high-confidence,0.9884042953033395,consequence=synonymous,not recorded,,unknown,unreviewed,,pass,recorded temporal_test_predictions.csv
V8,2182285,not recorded,DENND5A,not recorded,Likely benign,moved_toward_benign,moved_toward_benign,0.08188702655251837,0.08188702655251837,true,correct high-confidence,0.9181129734474817,consequence=noncoding,not recorded,,unknown,unreviewed,,pass,recorded temporal_test_predictions.csv
V8,2183112,not recorded,CD40,not recorded,Likely pathogenic,moved_toward_pathogenic,moved_toward_pathogenic,0.9729911518673191,0.9729911518673191,true,correct high-confidence,0.9729911518673191,consequence=loss_of_function,not recorded,,unknown,unreviewed,,pass,recorded temporal_test_predictions.csv
V8,2183888,not recorded,COASY,not recorded,Likely benign,moved_toward_benign,moved_toward_benign,0.08210184357649843,0.08210184357649843,true,correct high-confidence,0.9178981564235016,consequence=noncoding,not recorded,,unknown,unreviewed,,pass,recorded temporal_test_predictions.csv
V8,2184014,not recorded,VPS11,not recorded,Likely benign,moved_toward_benign,moved_toward_benign,0.011181847653800803,0.011181847653800803,true,correct high-confidence,0.9888181523461992,consequence=synonymous,not recorded,,unknown,unreviewed,,pass,recorded temporal_test_predictions.csv
V8,2184261,not recorded,TSEN54,not recorded,Likely benign,moved_toward_benign,moved_toward_pathogenic,0.827144316186327,0.827144316186327,false,wrong high-confidence,0.827144316186327,consequence=missense,not recorded,,model over-predicted pathogenic,unreviewed,,pass,recorded temporal_test_predictions.csv
V8,2185314,not recorded,TSEN54,not recorded,Likely benign,moved_toward_benign,moved_toward_benign,0.21741365190550294,0.21741365190550294,true,low-confidence,0.782586348094497,consequence=missense,not recorded,,unknown,unreviewed,,pass,recorded temporal_test_predictions.csv
V8,2185994,not recorded,MBTPS1,not recorded,Pathogenic,moved_toward_pathogenic,moved_toward_pathogenic,0.9781867879659283,0.9781867879659283,true,correct high-confidence,0.9781867879659283,consequence=loss_of_function,not recorded,,unknown,unreviewed,,pass,recorded temporal_test_predictions.csv
V8,2187196,not recorded,RBM10,not recorded,Benign/Likely benign,moved_toward_benign,moved_toward_benign,0.29384883901156716,0.29384883901156716,true,low-confidence,0.7061511609884328,consequence=missense,not recorded,,unknown,unreviewed,,pass,recorded temporal_test_predictions.csv
V8,2187929,not recorded,TMEM132E,not recorded,Likely benign,moved_toward_benign,moved_toward_benign,0.012207311605140892,0.012207311605140892,true,correct high-confidence,0.9877926883948591,consequence=synonymous,not recorded,,unknown,unreviewed,,pass,recorded temporal_test_predictions.csv
V8,2188941,not recorded,GREB1L,not recorded,Likely benign,moved_toward_benign,moved_toward_benign,0.2754292141610837,0.2754292141610837,true,low-confidence,0.7245707858389163,consequence=missense,not recorded,,unknown,unreviewed,,pass,recorded temporal_test_predictions.csv
V8,2191065,not recorded,LOXL3,not recorded,Pathogenic,moved_toward_pathogenic,moved_toward_benign,0.27735782754026445,0.27735782754026445,false,low-confidence,0.7226421724597356,consequence=missense,not recorded,,model over-predicted benign,unreviewed,,pass,recorded temporal_test_predictions.csv
V8,2191100,not recorded,TAP2,not recorded,Likely benign,moved_toward_benign,moved_toward_benign,0.08647137341548708,0.08647137341548708,true,correct high-confidence,0.913528626584513,consequence=noncoding,not recorded,,unknown,unreviewed,,pass,recorded temporal_test_predictions.csv
V8,2192096,not recorded,TRPV3,not recorded,Likely benign,moved_toward_benign,moved_toward_pathogenic,0.49917475802934785,0.49917475802934785,false,low-confidence,0.5008252419706521,consequence=missense,not recorded,,model over-predicted pathogenic,unreviewed,,pass,recorded temporal_test_predictions.csv
V8,2192302,not recorded,DNMT3A,not recorded,Likely benign,moved_toward_benign,moved_toward_benign,0.13510546693907996,0.13510546693907996,true,correct high-confidence,0.86489453306092,consequence=missense,not recorded,,unknown,unreviewed,,pass,recorded temporal_test_predictions.csv
V8,2192444,not recorded,CTF1,not recorded,Likely benign,moved_toward_benign,moved_toward_benign,0.08539806514658053,0.08539806514658053,true,correct high-confidence,0.9146019348534195,consequence=noncoding,not recorded,,unknown,unreviewed,,pass,recorded temporal_test_predictions.csv
V8,2192598,not recorded,DENND5A,not recorded,Likely benign,moved_toward_benign,moved_toward_benign,0.01189014956775014,0.01189014956775014,true,correct high-confidence,0.9881098504322499,consequence=synonymous,not recorded,,unknown,unreviewed,,pass,recorded temporal_test_predictions.csv
V8,2192947,not recorded,FGD1,not recorded,Likely benign,moved_toward_benign,moved_toward_pathogenic,0.5121985889358127,0.5121985889358127,false,low-confidence,0.5121985889358127,consequence=missense,not recorded,,model over-predicted pathogenic,unreviewed,,pass,recorded temporal_test_predictions.csv
V8,2195890,not recorded,ALDH1A3,not recorded,Likely benign,moved_toward_benign,moved_toward_benign,0.012234900062615283,0.012234900062615283,true,correct high-confidence,0.9877650999373847,consequence=synonymous,not recorded,,unknown,unreviewed,,pass,recorded temporal_test_predictions.csv
V8,2195938,not recorded,COG1,not recorded,Pathogenic,moved_toward_pathogenic,moved_toward_pathogenic,0.9779049847977123,0.9779049847977123,true,correct high-confidence,0.9779049847977123,consequence=loss_of_function,not recorded,,unknown,unreviewed,,pass,recorded temporal_test_predictions.csv
V8,2196524,not recorded,RAB11A,not recorded,Likely benign,moved_toward_benign,moved_toward_benign,0.23170108424098884,0.23170108424098884,true,low-confidence,0.7682989157590112,consequence=missense,not recorded,,unknown,unreviewed,,pass,recorded temporal_test_predictions.csv
V8,2196963,not recorded,SLC25A3,not recorded,Likely benign,moved_toward_benign,moved_toward_benign,0.012285978240526775,0.012285978240526775,true,correct high-confidence,0.9877140217594732,consequence=synonymous,not recorded,,unknown,unreviewed,,pass,recorded temporal_test_predictions.csv
V8,2199093,not recorded,NUP205,not recorded,Likely benign,moved_toward_benign,moved_toward_benign,0.0802083816628209,0.0802083816628209,true,correct high-confidence,0.919791618337179,consequence=noncoding,not recorded,,unknown,unreviewed,,pass,recorded temporal_test_predictions.csv
V8,2199611,not recorded,RPS10,not recorded,Likely benign,moved_toward_benign,moved_toward_benign,0.08637398577376268,0.08637398577376268,true,correct high-confidence,0.9136260142262373,consequence=noncoding,not recorded,,unknown,unreviewed,,pass,recorded temporal_test_predictions.csv
V8,2203268,not recorded,TBCK,not recorded,Likely benign,moved_toward_benign,moved_toward_benign,0.011816257545638238,0.011816257545638238,true,correct high-confidence,0.9881837424543618,consequence=synonymous,not recorded,,unknown,unreviewed,,pass,recorded temporal_test_predictions.csv
V8,2210992,not recorded,MTFMT,not recorded,Likely benign,moved_toward_benign,moved_toward_pathogenic,0.37213672750844745,0.37213672750844745,false,low-confidence,0.6278632724915525,consequence=missense,not recorded,,model over-predicted pathogenic,unreviewed,,pass,recorded temporal_test_predictions.csv
V8,2217472,not recorded,KAT8,not recorded,Pathogenic,moved_toward_pathogenic,moved_toward_pathogenic,0.5150877461343479,0.5150877461343479,true,low-confidence,0.5150877461343479,consequence=missense,not recorded,,unknown,unreviewed,,pass,recorded temporal_test_predictions.csv
V8,2228504,not recorded,GLI2,not recorded,Likely benign,moved_toward_benign,moved_toward_benign,0.30782356345184997,0.30782356345184997,true,low-confidence,0.69217643654815,consequence=missense,not recorded,,unknown,unreviewed,,pass,recorded temporal_test_predictions.csv
V8,2230521,not recorded,TBC1D20,not recorded,Likely benign,moved_toward_benign,moved_toward_benign,0.2465925788795186,0.2465925788795186,true,low-confidence,0.7534074211204814,consequence=missense,not recorded,,unknown,unreviewed,,pass,recorded temporal_test_predictions.csv
V8,2248272,not recorded,GANAB,not recorded,Likely benign,moved_toward_benign,moved_toward_benign,0.2980373099336902,0.2980373099336902,true,low-confidence,0.7019626900663098,consequence=missense,not recorded,,unknown,unreviewed,,pass,recorded temporal_test_predictions.csv
V8,2260860,not recorded,KDM1A,not recorded,Likely benign,moved_toward_benign,moved_toward_pathogenic,0.4967638422980666,0.4967638422980666,false,low-confidence,0.5032361577019334,consequence=missense,not recorded,,model over-predicted pathogenic,unreviewed,,pass,recorded temporal_test_predictions.csv
V8,2291740,not recorded,BCAS3,not recorded,Likely benign,moved_toward_benign,moved_toward_benign,0.22755904285082615,0.22755904285082615,true,low-confidence,0.7724409571491738,consequence=missense,not recorded,,unknown,unreviewed,,pass,recorded temporal_test_predictions.csv
V8,2308472,not recorded,SPEN,not recorded,Likely benign,moved_toward_benign,moved_toward_pathogenic,0.3743171965286271,0.3743171965286271,false,low-confidence,0.6256828034713728,consequence=missense,not recorded,,model over-predicted pathogenic,unreviewed,,pass,recorded temporal_test_predictions.csv
V8,2358538,not recorded,WDR4,not recorded,Likely benign,moved_toward_benign,moved_toward_benign,0.2556366310376025,0.2556366310376025,true,low-confidence,0.7443633689623975,consequence=missense,not recorded,,unknown,unreviewed,,pass,recorded temporal_test_predictions.csv
V8,2374287,not recorded,PSMD12,not recorded,Likely benign,moved_toward_benign,moved_toward_benign,0.2558262099154115,0.2558262099154115,true,low-confidence,0.7441737900845885,consequence=missense,not recorded,,unknown,unreviewed,,pass,recorded temporal_test_predictions.csv
V8,2380813,not recorded,ARFGEF1,not recorded,Likely benign,moved_toward_benign,moved_toward_pathogenic,0.4673504342597057,0.4673504342597057,false,low-confidence,0.5326495657402943,consequence=missense,not recorded,,model over-predicted pathogenic,unreviewed,,pass,recorded temporal_test_predictions.csv
V8,2388225,not recorded,PTPN4,not recorded,Likely benign,moved_toward_benign,moved_toward_benign,0.3136618729568434,0.3136618729568434,true,low-confidence,0.6863381270431566,consequence=missense,not recorded,,unknown,unreviewed,,pass,recorded temporal_test_predictions.csv
V8,2398873,not recorded,DHX30,not recorded,Likely benign,moved_toward_benign,moved_toward_benign,0.27681413934776916,0.27681413934776916,true,low-confidence,0.7231858606522308,consequence=missense,not recorded,,unknown,unreviewed,,pass,recorded temporal_test_predictions.csv
V8,2408951,not recorded,PCDH12,not recorded,Likely benign,moved_toward_benign,moved_toward_pathogenic,0.31634766633004036,0.31634766633004036,false,low-confidence,0.6836523336699596,consequence=missense,not recorded,,model over-predicted pathogenic,unreviewed,,pass,recorded temporal_test_predictions.csv
V8,2411525,not recorded,ADAM22,not recorded,Likely benign,moved_toward_benign,moved_toward_pathogenic,0.5916305553228872,0.5916305553228872,false,low-confidence,0.5916305553228872,consequence=missense,not recorded,,model over-predicted pathogenic,unreviewed,,pass,recorded temporal_test_predictions.csv
V8,2414264,not recorded,GATAD2B,not recorded,Likely benign,moved_toward_benign,moved_toward_benign,0.011646149969974682,0.011646149969974682,true,correct high-confidence,0.9883538500300253,consequence=synonymous,not recorded,,unknown,unreviewed,,pass,recorded temporal_test_predictions.csv
V8,2414293,not recorded,GRID2,not recorded,Likely benign,moved_toward_benign,moved_toward_benign,0.012025396347766832,0.012025396347766832,true,correct high-confidence,0.9879746036522332,consequence=synonymous,not recorded,,unknown,unreviewed,,pass,recorded temporal_test_predictions.csv
V8,2415008,not recorded,MPV17,not recorded,Pathogenic,moved_toward_pathogenic,moved_toward_pathogenic,0.9719540398835728,0.9719540398835728,true,correct high-confidence,0.9719540398835728,consequence=loss_of_function,not recorded,,unknown,unreviewed,,pass,recorded temporal_test_predictions.csv
V8,2415116,not recorded,CASZ1,not recorded,Likely benign,moved_toward_benign,moved_toward_pathogenic,0.5458121561463424,0.5458121561463424,false,low-confidence,0.5458121561463424,consequence=missense,not recorded,,model over-predicted pathogenic,unreviewed,,pass,recorded temporal_test_predictions.csv
V8,2415982,not recorded,TBXAS1,not recorded,Pathogenic,moved_toward_pathogenic,moved_toward_pathogenic,0.7429467183760071,0.7429467183760071,true,low-confidence,0.7429467183760071,consequence=unrecognized,not recorded,,unknown,unreviewed,,pass,recorded temporal_test_predictions.csv
V8,2419380,not recorded,ANXA11,not recorded,Likely benign,moved_toward_benign,moved_toward_benign,0.011988426756683677,0.011988426756683677,true,correct high-confidence,0.9880115732433163,consequence=synonymous,not recorded,,unknown,unreviewed,,pass,recorded temporal_test_predictions.csv
V8,2419611,not recorded,VCL,not recorded,Likely benign,moved_toward_benign,moved_toward_benign,0.012255431929489226,0.012255431929489226,true,correct high-confidence,0.9877445680705108,consequence=synonymous,not recorded,,unknown,unreviewed,,pass,recorded temporal_test_predictions.csv
V8,2420786,not recorded,SLC44A4,not recorded,Likely benign,moved_toward_benign,moved_toward_benign,0.012346189404735702,0.012346189404735702,true,correct high-confidence,0.9876538105952642,consequence=synonymous,not recorded,,unknown,unreviewed,,pass,recorded temporal_test_predictions.csv
V8,2422584,not recorded,CFI,not recorded,Pathogenic,moved_toward_pathogenic,moved_toward_pathogenic,0.894548357598798,0.894548357598798,true,correct high-confidence,0.894548357598798,consequence=unrecognized,not recorded,,unknown,unreviewed,,pass,recorded temporal_test_predictions.csv
V8,2423204,not recorded,KRT14,not recorded,Pathogenic,moved_toward_pathogenic,moved_toward_pathogenic,0.8214438684555317,0.8214438684555317,true,correct high-confidence,0.8214438684555317,consequence=unrecognized,not recorded,,unknown,unreviewed,,pass,recorded temporal_test_predictions.csv
V8,2424324,not recorded,DLAT,not recorded,Pathogenic,moved_toward_pathogenic,moved_toward_pathogenic,0.8661824127442056,0.8661824127442056,true,correct high-confidence,0.8661824127442056,consequence=unrecognized,not recorded,,unknown,unreviewed,,pass,recorded temporal_test_predictions.csv
V8,2432315,not recorded,GSR,not recorded,Likely benign,moved_toward_benign,moved_toward_benign,0.22492315867008034,0.22492315867008034,true,low-confidence,0.7750768413299196,consequence=missense,not recorded,,unknown,unreviewed,,pass,recorded temporal_test_predictions.csv
V8,2433047,not recorded,KCNT2,not recorded,Likely benign,moved_toward_benign,moved_toward_benign,0.14571738916707414,0.14571738916707414,true,correct high-confidence,0.8542826108329259,consequence=missense,not recorded,,unknown,unreviewed,,pass,recorded temporal_test_predictions.csv
V8,2433092,not recorded,KDM6B,not recorded,Likely pathogenic,moved_toward_pathogenic,moved_toward_pathogenic,0.9801506162692957,0.9801506162692957,true,correct high-confidence,0.9801506162692957,consequence=loss_of_function,not recorded,,unknown,unreviewed,,pass,recorded temporal_test_predictions.csv
V8,2434013,not recorded,NAA15,not recorded,Likely benign,moved_toward_benign,moved_toward_benign,0.08322695949738798,0.08322695949738798,true,correct high-confidence,0.916773040502612,consequence=noncoding,not recorded,,unknown,unreviewed,,pass,recorded temporal_test_predictions.csv
V8,2435371,not recorded,RARS1,not recorded,Likely benign,moved_toward_benign,moved_toward_benign,0.09352318977547931,0.09352318977547931,true,correct high-confidence,0.9064768102245206,consequence=noncoding,not recorded,,unknown,unreviewed,,pass,recorded temporal_test_predictions.csv
V8,2436376,not recorded,SPTA1,not recorded,Benign/Likely benign,moved_toward_benign,moved_toward_benign,0.012726615245651168,0.012726615245651168,true,correct high-confidence,0.9872733847543488,consequence=synonymous,not recorded,,unknown,unreviewed,,pass,recorded temporal_test_predictions.csv
V8,2443127,not recorded,ETV6,not recorded,Benign,moved_toward_benign,moved_toward_benign,0.10622168699286515,0.10622168699286515,true,correct high-confidence,0.8937783130071348,consequence=missense,not recorded,,unknown,unreviewed,,pass,recorded temporal_test_predictions.csv
V8,2443296,not recorded,USP45,not recorded,Likely pathogenic,moved_toward_pathogenic,moved_toward_pathogenic,0.9645419944136826,0.9645419944136826,true,correct high-confidence,0.9645419944136826,consequence=loss_of_function,not recorded,,unknown,unreviewed,,pass,recorded temporal_test_predictions.csv
V8,2443383,not recorded,KATNIP,not recorded,Likely pathogenic,moved_toward_pathogenic,moved_toward_benign,0.17901849883061147,0.17901849883061147,false,wrong high-confidence,0.8209815011693885,consequence=missense,not recorded,,model over-predicted benign,unreviewed,,pass,recorded temporal_test_predictions.csv
V8,2443508,not recorded,PCDH12,not recorded,Likely pathogenic,moved_toward_pathogenic,moved_toward_pathogenic,0.38412816852352233,0.38412816852352233,true,low-confidence,0.6158718314764777,consequence=missense,not recorded,,unknown,unreviewed,,pass,recorded temporal_test_predictions.csv
V8,2443957,not recorded,ACACA,not recorded,Pathogenic,moved_toward_pathogenic,moved_toward_benign,0.18431543015606808,0.18431543015606808,false,wrong high-confidence,0.8156845698439319,consequence=missense,not recorded,,model over-predicted benign,unreviewed,,pass,recorded temporal_test_predictions.csv
V8,2444243,not recorded,RRM1,not recorded,Likely pathogenic,moved_toward_pathogenic,moved_toward_pathogenic,0.5744819857617991,0.5744819857617991,true,low-confidence,0.5744819857617991,consequence=missense,not recorded,,unknown,unreviewed,,pass,recorded temporal_test_predictions.csv
V8,2445689,not recorded,MAPT,not recorded,Likely benign,moved_toward_benign,moved_toward_benign,0.07485543651060472,0.07485543651060472,true,correct high-confidence,0.9251445634893953,consequence=noncoding,not recorded,,unknown,unreviewed,,pass,recorded temporal_test_predictions.csv
V8,2447640,not recorded,RIT1,not recorded,Likely pathogenic,moved_toward_pathogenic,moved_toward_benign,0.20459258835216995,0.20459258835216995,false,low-confidence,0.79540741164783,consequence=missense,not recorded,,model over-predicted benign,unreviewed,,pass,recorded temporal_test_predictions.csv
V8,2475601,not recorded,MSL2,not recorded,Pathogenic,moved_toward_pathogenic,moved_toward_pathogenic,0.9751618114669883,0.9751618114669883,true,correct high-confidence,0.9751618114669883,consequence=loss_of_function,not recorded,,unknown,unreviewed,,pass,recorded temporal_test_predictions.csv
V8,2487837,not recorded,MRPS34,not recorded,Likely benign,moved_toward_benign,moved_toward_pathogenic,0.4942818817850339,0.4942818817850339,false,low-confidence,0.5057181182149662,consequence=missense,not recorded,,model over-predicted pathogenic,unreviewed,,pass,recorded temporal_test_predictions.csv
V8,2489661,not recorded,SIX5,not recorded,Likely benign,moved_toward_benign,moved_toward_benign,0.2519052679676017,0.2519052679676017,true,low-confidence,0.7480947320323983,consequence=missense,not recorded,,unknown,unreviewed,,pass,recorded temporal_test_predictions.csv
V8,2497591,not recorded,SPINK1,not recorded,Likely benign,moved_toward_benign,moved_toward_benign,0.12549577308182644,0.12549577308182644,true,correct high-confidence,0.8745042269181735,consequence=missense,not recorded,,unknown,unreviewed,,pass,recorded temporal_test_predictions.csv
V8,2500761,not recorded,NUP214,not recorded,Likely pathogenic,moved_toward_pathogenic,moved_toward_pathogenic,0.40130561506075296,0.40130561506075296,true,low-confidence,0.598694384939247,consequence=missense,not recorded,,unknown,unreviewed,,pass,recorded temporal_test_predictions.csv
V8,2501099,not recorded,SYNE4,not recorded,Likely pathogenic,moved_toward_pathogenic,moved_toward_pathogenic,0.9327556104783696,0.9327556104783696,true,correct high-confidence,0.9327556104783696,consequence=canonical_splice,not recorded,,unknown,unreviewed,,pass,recorded temporal_test_predictions.csv
V8,2503858,not recorded,DNAJC19,not recorded,Likely benign,moved_toward_benign,moved_toward_benign,0.07197808981990882,0.07197808981990882,true,correct high-confidence,0.9280219101800912,consequence=noncoding,not recorded,,unknown,unreviewed,,pass,recorded temporal_test_predictions.csv
V8,2504571,not recorded,FEM1C,not recorded,Likely pathogenic,moved_toward_pathogenic,moved_toward_pathogenic,0.391457794339451,0.391457794339451,true,low-confidence,0.608542205660549,consequence=missense,not recorded,,unknown,unreviewed,,pass,recorded temporal_test_predictions.csv
V8,2504572,not recorded,SV2A,not recorded,Likely pathogenic,moved_toward_pathogenic,moved_toward_pathogenic,0.9805070399826776,0.9805070399826776,true,correct high-confidence,0.9805070399826776,consequence=loss_of_function,not recorded,,unknown,unreviewed,,pass,recorded temporal_test_predictions.csv
V8,2505332,not recorded,CASZ1,not recorded,Pathogenic,moved_toward_pathogenic,moved_toward_pathogenic,0.3185639196030832,0.3185639196030832,true,low-confidence,0.6814360803969168,consequence=missense,not recorded,,unknown,unreviewed,,pass,recorded temporal_test_predictions.csv
V8,2505705,not recorded,BRSK2,not recorded,Likely pathogenic,moved_toward_pathogenic,moved_toward_pathogenic,0.6632529694935598,0.6632529694935598,true,low-confidence,0.6632529694935598,consequence=missense,not recorded,,unknown,unreviewed,,pass,recorded temporal_test_predictions.csv
V8,2506170,not recorded,GPR143,not recorded,Likely pathogenic,moved_toward_pathogenic,moved_toward_pathogenic,0.6720395328771946,0.6720395328771946,true,low-confidence,0.6720395328771946,consequence=missense,not recorded,,unknown,unreviewed,,pass,recorded temporal_test_predictions.csv
V8,2507214,not recorded,NANS,not recorded,Pathogenic,moved_toward_pathogenic,moved_toward_pathogenic,0.9758518987777046,0.9758518987777046,true,correct high-confidence,0.9758518987777046,consequence=loss_of_function,not recorded,,unknown,unreviewed,,pass,recorded temporal_test_predictions.csv
V8,2530789,not recorded,PEX16,not recorded,Likely benign,moved_toward_benign,moved_toward_pathogenic,0.5451477329458659,0.5451477329458659,false,low-confidence,0.5451477329458659,consequence=missense,not recorded,,model over-predicted pathogenic,unreviewed,,pass,recorded temporal_test_predictions.csv
V8,2534486,not recorded,POU3F3,not recorded,Likely benign,moved_toward_benign,moved_toward_benign,0.25066557848597404,0.25066557848597404,true,low-confidence,0.749334421514026,consequence=missense,not recorded,,unknown,unreviewed,,pass,recorded temporal_test_predictions.csv
V8,2550055,not recorded,BRPF1,not recorded,Likely benign,moved_toward_benign,moved_toward_benign,0.1949896236817704,0.1949896236817704,true,correct high-confidence,0.8050103763182296,consequence=missense,not recorded,,unknown,unreviewed,,pass,recorded temporal_test_predictions.csv
V8,2571911,not recorded,ZBTB7A,not recorded,Likely pathogenic,moved_toward_pathogenic,moved_toward_pathogenic,0.9698719463246684,0.9698719463246684,true,correct high-confidence,0.9698719463246684,consequence=loss_of_function,not recorded,,unknown,unreviewed,,pass,recorded temporal_test_predictions.csv
V8,2573382,not recorded,LAMB3,not recorded,Likely pathogenic,moved_toward_pathogenic,moved_toward_benign,0.18488859937411328,0.18488859937411328,false,wrong high-confidence,0.8151114006258867,consequence=missense,not recorded,,model over-predicted benign,unreviewed,,pass,recorded temporal_test_predictions.csv
V8,2577206,not recorded,TGM6,not recorded,Likely benign,moved_toward_benign,moved_toward_benign,0.06760176668179095,0.06760176668179095,true,correct high-confidence,0.932398233318209,consequence=noncoding,not recorded,,unknown,unreviewed,,pass,recorded temporal_test_predictions.csv
V8,2578652,not recorded,EIF3F,not recorded,Likely benign,moved_toward_benign,moved_toward_benign,0.3078687532056959,0.3078687532056959,true,low-confidence,0.6921312467943042,consequence=missense,not recorded,,unknown,unreviewed,,pass,recorded temporal_test_predictions.csv
V8,2579538,not recorded,DHX9,not recorded,Pathogenic,moved_toward_pathogenic,moved_toward_pathogenic,0.9375492118245309,0.9375492118245309,true,correct high-confidence,0.9375492118245309,consequence=canonical_splice,not recorded,,unknown,unreviewed,,pass,recorded temporal_test_predictions.csv
V8,2582870,not recorded,SLC30A10,not recorded,Likely benign,moved_toward_benign,moved_toward_benign,0.008570782019970708,0.008570782019970708,true,correct high-confidence,0.9914292179800293,consequence=synonymous,not recorded,,unknown,unreviewed,,pass,recorded temporal_test_predictions.csv
V8,2625023,not recorded,SCN2B,not recorded,Likely benign,moved_toward_benign,moved_toward_benign,0.2994743850008216,0.2994743850008216,true,low-confidence,0.7005256149991784,consequence=missense,not recorded,,unknown,unreviewed,,pass,recorded temporal_test_predictions.csv
V8,2628758,not recorded,ADCY3,not recorded,Likely benign,moved_toward_benign,moved_toward_benign,0.27124215886111885,0.27124215886111885,true,low-confidence,0.7287578411388811,consequence=missense,not recorded,,unknown,unreviewed,,pass,recorded temporal_test_predictions.csv
V8,2628998,not recorded,PLXNA3,not recorded,Likely benign,moved_toward_benign,moved_toward_benign,0.2736714656080748,0.2736714656080748,true,low-confidence,0.7263285343919252,consequence=missense,not recorded,,unknown,unreviewed,,pass,recorded temporal_test_predictions.csv
V8,2629016,not recorded,SLC10A1,not recorded,Likely benign,moved_toward_benign,moved_toward_benign,0.20302967349140577,0.20302967349140577,true,low-confidence,0.7969703265085942,consequence=missense,not recorded,,unknown,unreviewed,,pass,recorded temporal_test_predictions.csv
V8,2629824,not recorded,TUBB3,not recorded,Likely pathogenic,moved_toward_pathogenic,moved_toward_pathogenic,0.5527297818031396,0.5527297818031396,true,low-confidence,0.5527297818031396,consequence=missense,not recorded,,unknown,unreviewed,,pass,recorded temporal_test_predictions.csv
V8,2630166,not recorded,AIMP1,not recorded,Likely pathogenic,moved_toward_pathogenic,moved_toward_pathogenic,0.9691263000299507,0.9691263000299507,true,correct high-confidence,0.9691263000299507,consequence=loss_of_function,not recorded,,unknown,unreviewed,,pass,recorded temporal_test_predictions.csv
V8,2631113,not recorded,CA5A,not recorded,Pathogenic,moved_toward_pathogenic,moved_toward_pathogenic,0.6459472645809463,0.6459472645809463,true,low-confidence,0.6459472645809463,consequence=missense,not recorded,,unknown,unreviewed,,pass,recorded temporal_test_predictions.csv
V8,2633613,not recorded,KCNJ16,not recorded,Pathogenic,moved_toward_pathogenic,moved_toward_benign,0.20802415988487452,0.20802415988487452,false,low-confidence,0.7919758401151255,consequence=inframe_indel,not recorded,,model over-predicted benign,unreviewed,,pass,recorded temporal_test_predictions.csv
V8,2633740,not recorded,KSR2,not recorded,Likely benign,moved_toward_benign,moved_toward_benign,0.008176151140316727,0.008176151140316727,true,correct high-confidence,0.9918238488596832,consequence=synonymous,not recorded,,unknown,unreviewed,,pass,recorded temporal_test_predictions.csv
V8,2634069,not recorded,PLXNA3,not recorded,Likely benign,moved_toward_benign,moved_toward_benign,0.13895919743542642,0.13895919743542642,true,correct high-confidence,0.8610408025645736,consequence=missense,not recorded,,unknown,unreviewed,,pass,recorded temporal_test_predictions.csv
V8,2634100,not recorded,BBIP1,not recorded,Likely benign,moved_toward_benign,moved_toward_benign,0.0724053031575964,0.0724053031575964,true,correct high-confidence,0.9275946968424036,consequence=noncoding,not recorded,,unknown,unreviewed,,pass,recorded temporal_test_predictions.csv
V8,2634181,not recorded,HLTF,not recorded,Likely benign,moved_toward_benign,moved_toward_pathogenic,0.5095398904426833,0.5095398904426833,false,low-confidence,0.5095398904426833,consequence=missense,not recorded,,model over-predicted pathogenic,unreviewed,,pass,recorded temporal_test_predictions.csv
V8,2634199,not recorded,PLXNA3,not recorded,Likely benign,moved_toward_benign,moved_toward_benign,0.009575016257471971,0.009575016257471971,true,correct high-confidence,0.9904249837425281,consequence=synonymous,not recorded,,unknown,unreviewed,,pass,recorded temporal_test_predictions.csv
V8,2634439,not recorded,KIDINS220,not recorded,Likely benign,moved_toward_benign,moved_toward_benign,0.06941010158416674,0.06941010158416674,true,correct high-confidence,0.9305898984158333,consequence=noncoding,not recorded,,unknown,unreviewed,,pass,recorded temporal_test_predictions.csv
V8,2634492,not recorded,TP53I3,not recorded,Likely benign,moved_toward_benign,moved_toward_benign,0.011348096604223132,0.011348096604223132,true,correct high-confidence,0.9886519033957769,consequence=synonymous,not recorded,,unknown,unreviewed,,pass,recorded temporal_test_predictions.csv
V8,2634496,not recorded,PLXNA3,not recorded,Likely benign,moved_toward_benign,moved_toward_benign,0.2669944833514511,0.2669944833514511,true,low-confidence,0.733005516648549,consequence=missense,not recorded,,unknown,unreviewed,,pass,recorded temporal_test_predictions.csv
V8,2634522,not recorded,UCP3,not recorded,Likely benign,moved_toward_benign,moved_toward_pathogenic,0.7726437574044066,0.7726437574044066,false,low-confidence,0.7726437574044066,consequence=missense,not recorded,,model over-predicted pathogenic,unreviewed,,pass,recorded temporal_test_predictions.csv
V8,2634784,not recorded,NR0B2,not recorded,Likely pathogenic,moved_toward_pathogenic,moved_toward_pathogenic,0.9699775908019812,0.9699775908019812,true,correct high-confidence,0.9699775908019812,consequence=loss_of_function,not recorded,,unknown,unreviewed,,pass,recorded temporal_test_predictions.csv
V8,2635421,not recorded,TBR1,not recorded,Likely pathogenic,moved_toward_pathogenic,moved_toward_benign,0.0794845436948717,0.0794845436948717,false,wrong high-confidence,0.9205154563051283,consequence=noncoding,not recorded,,model over-predicted benign,unreviewed,,pass,recorded temporal_test_predictions.csv
V8,2635736,not recorded,NRP2,not recorded,Likely benign,moved_toward_benign,moved_toward_benign,0.25255289067422954,0.25255289067422954,true,low-confidence,0.7474471093257704,consequence=missense,not recorded,,unknown,unreviewed,,pass,recorded temporal_test_predictions.csv
V8,2635926,not recorded,TBC1D8B,not recorded,Likely benign,moved_toward_benign,moved_toward_benign,0.06603855712598167,0.06603855712598167,true,correct high-confidence,0.9339614428740184,consequence=noncoding,not recorded,,unknown,unreviewed,,pass,recorded temporal_test_predictions.csv
V8,2636260,not recorded,SRRM2,not recorded,Likely pathogenic,moved_toward_pathogenic,moved_toward_pathogenic,0.4370434916811669,0.4370434916811669,true,low-confidence,0.562956508318833,consequence=missense,not recorded,,unknown,unreviewed,,pass,recorded temporal_test_predictions.csv
V8,2637596,not recorded,STUB1,not recorded,Likely benign,moved_toward_benign,moved_toward_pathogenic,0.4451035900577196,0.4451035900577196,false,low-confidence,0.5548964099422804,consequence=unrecognized,not recorded,,model over-predicted pathogenic,unreviewed,,pass,recorded temporal_test_predictions.csv
V8,2641489,not recorded,KCNQ1OT1,not recorded,Likely benign,moved_toward_benign,moved_toward_benign,0.07847228514615442,0.07847228514615442,true,correct high-confidence,0.9215277148538455,consequence=noncoding,not recorded,,unknown,unreviewed,,pass,recorded temporal_test_predictions.csv
V8,2646459,not recorded,SETD1A,not recorded,Likely benign,moved_toward_benign,moved_toward_benign,0.2118671255107802,0.2118671255107802,true,low-confidence,0.7881328744892198,consequence=missense,not recorded,,unknown,unreviewed,,pass,recorded temporal_test_predictions.csv
V8,2650673,not recorded,ODC1,not recorded,Likely benign,moved_toward_benign,moved_toward_benign,0.22099544508556962,0.22099544508556962,true,low-confidence,0.7790045549144304,consequence=missense,not recorded,,unknown,unreviewed,,pass,recorded temporal_test_predictions.csv
V8,2654128,not recorded,PLXND1,not recorded,Likely benign,moved_toward_benign,moved_toward_benign,0.12577998727672174,0.12577998727672174,true,correct high-confidence,0.8742200127232782,consequence=missense,not recorded,,unknown,unreviewed,,pass,recorded temporal_test_predictions.csv
V8,2655642,not recorded,KCNN2,not recorded,Likely benign,moved_toward_benign,moved_toward_pathogenic,0.36791804457440874,0.36791804457440874,false,low-confidence,0.6320819554255912,consequence=missense,not recorded,,model over-predicted pathogenic,unreviewed,,pass,recorded temporal_test_predictions.csv
V8,2656299,not recorded,H1-4,not recorded,Likely benign,moved_toward_benign,moved_toward_benign,0.2285220711292773,0.2285220711292773,true,low-confidence,0.7714779288707228,consequence=missense,not recorded,,unknown,unreviewed,,pass,recorded temporal_test_predictions.csv
V8,2660398,not recorded,RBM10,not recorded,Likely benign,moved_toward_benign,moved_toward_benign,0.17066303260864513,0.17066303260864513,true,correct high-confidence,0.8293369673913549,consequence=missense,not recorded,,unknown,unreviewed,,pass,recorded temporal_test_predictions.csv
V8,2660560,not recorded,SHROOM4,not recorded,Likely benign,moved_toward_benign,moved_toward_benign,0.2796640788263324,0.2796640788263324,true,low-confidence,0.7203359211736676,consequence=missense,not recorded,,unknown,unreviewed,,pass,recorded temporal_test_predictions.csv
