variation_id,component_hash,actual_outcome,outer_fold,clue_score,clue_score_directional,elastic_net_logistic_probability,elastic_net_logistic_prediction,hist_gradient_boosting_probability,hist_gradient_boosting_prediction,extra_trees_probability,extra_trees_prediction,consequence_only_probability,consequence_only_prediction,majority_probability,majority_prediction,frozen_v8_reference_probability,frozen_v8_reference_prediction
1676545,64825309461f70f0fec739d56edb3e96fa15eaf951f155a37fb6a62210508d1a,moved_toward_pathogenic,1,2.0,False,0.6181975695853389,moved_toward_pathogenic,0.08671189679897905,moved_toward_benign,0.3914313888880946,moved_toward_pathogenic,1.0,moved_toward_pathogenic,0.0,moved_toward_benign,0.0010646108111242,moved_toward_benign
1508577,4547463f108392cf54b39c87dff2a0f02a0a390bdc973e06221665171eb6d189,moved_toward_pathogenic,3,0.0,False,0.02463652821621475,moved_toward_benign,0.014529396992269489,moved_toward_benign,0.10616748570430806,moved_toward_benign,0.0,moved_toward_benign,0.0,moved_toward_benign,0.0706468107945407,moved_toward_benign
2635421,8eaf8ad3857a6995fa29e357f7a8c16321068b89e8239f361f660ac6a43c37aa,moved_toward_pathogenic,0,0.0,False,0.024637213595422057,moved_toward_benign,0.020220364703209967,moved_toward_benign,0.009163905756146418,moved_toward_benign,0.0,moved_toward_benign,0.0,moved_toward_benign,0.0794845436948717,moved_toward_benign
2179139,cac47b8fdcd3106dede98d245cc66159f678d8c9fd851f195eb6f9c9b412d987,moved_toward_pathogenic,0,0.0,False,0.024664236187261834,moved_toward_benign,0.020220364703209967,moved_toward_benign,0.009163905756146418,moved_toward_benign,0.0,moved_toward_benign,0.0,moved_toward_benign,0.0795547308722435,moved_toward_benign
1917357,0a78d448b0cd1a4270698b5ebc3fb6b8382d6c07bc8f079ccea24fcde20c3f4c,moved_toward_pathogenic,1,0.0,False,0.016322958783065108,moved_toward_benign,0.017833129927342806,moved_toward_benign,0.0036067639695082226,moved_toward_benign,0.0,moved_toward_benign,0.0,moved_toward_benign,0.0843161260499011,moved_toward_benign
2125741,c6fa6b1892905a0a51d350d87ce7c79e814a7eb9a210028ba7f428b4fbf795bd,moved_toward_pathogenic,2,0.0,False,0.03125915689877606,moved_toward_benign,0.02452624161981988,moved_toward_benign,0.009615170096265193,moved_toward_benign,0.0,moved_toward_benign,0.0,moved_toward_benign,0.0855768761162457,moved_toward_benign
1510471,65d5be3d9f9e127f680b825f27247cc69b948236c3794abf087c8c08c2a254fe,moved_toward_pathogenic,1,0.0,False,0.015688189005155524,moved_toward_benign,0.014297288826502377,moved_toward_benign,0.003497877956628249,moved_toward_benign,0.0,moved_toward_benign,0.0,moved_toward_benign,0.0902218200104322,moved_toward_benign
1518918,64e70227660fea274a85870ad8106a80618886197bc210e85fed73a292f59afb,moved_toward_pathogenic,1,2.0,False,0.13777010505926973,moved_toward_benign,0.1293552474209044,moved_toward_benign,0.2125300183093483,moved_toward_pathogenic,1.0,moved_toward_pathogenic,0.0,moved_toward_benign,0.1331174051531411,moved_toward_benign
1516358,b2da5310f621c3211f7a2322948d605acd16da232fccc8e2936eb965fdce1c40,moved_toward_pathogenic,3,2.0,False,0.0891453633058636,moved_toward_benign,0.0548988703133153,moved_toward_benign,0.13701787349076994,moved_toward_benign,1.0,moved_toward_pathogenic,0.0,moved_toward_benign,0.1554285503200016,moved_toward_benign
2443383,df5dc65104ab312d45ad29cc94ae2be32c4c834cd20b8b1af83dc3aa21ba9e80,moved_toward_pathogenic,3,2.0,False,0.1382495505315868,moved_toward_benign,0.3466801961148202,moved_toward_pathogenic,0.40315090010875615,moved_toward_pathogenic,1.0,moved_toward_pathogenic,0.0,moved_toward_benign,0.1790184988306114,moved_toward_benign
2443957,bf682231643a97b22151c8515db107a3c94af6a762ed658f5d35349cec08d4e9,moved_toward_pathogenic,2,1.0,False,0.17799264483476776,moved_toward_benign,0.19031912387805633,moved_toward_benign,0.2552855372759379,moved_toward_benign,1.0,moved_toward_pathogenic,0.0,moved_toward_benign,0.184315430156068,moved_toward_benign
2573382,79b7dc68bbc2227b9e5f9c286bcddb59ef13813b6545989356bf39f58c2f1d70,moved_toward_pathogenic,4,2.0,False,0.17086426208335992,moved_toward_benign,0.13913192821149045,moved_toward_benign,0.22164660440854392,moved_toward_benign,1.0,moved_toward_pathogenic,0.0,moved_toward_benign,0.1848885993741132,moved_toward_benign
1993961,d05493e2a9e1f39c6f3e2c53e919f04091f2c160f5699d7949869f3b501d4474,moved_toward_pathogenic,4,2.0,False,0.15592637076463314,moved_toward_benign,0.41651987356498865,moved_toward_pathogenic,0.21063066465784772,moved_toward_benign,1.0,moved_toward_pathogenic,0.0,moved_toward_benign,0.1881067510516416,moved_toward_benign
1719216,eb6d7d82a6fd276458fa245536fc52986d0eb124cbc990f37395b924b7645b1a,moved_toward_pathogenic,2,2.0,False,0.15603346188152084,moved_toward_benign,0.24264870791412638,moved_toward_pathogenic,0.2632481766706152,moved_toward_benign,1.0,moved_toward_pathogenic,0.0,moved_toward_benign,0.2032159932637871,moved_toward_benign
2447640,bc042f4787656246766daa552a4f3d5f85b91bf5343b752869447ff1b5fbb07d,moved_toward_pathogenic,0,2.0,False,0.17903175244759953,moved_toward_benign,0.13365998678998314,moved_toward_benign,0.2413850416095376,moved_toward_pathogenic,1.0,moved_toward_pathogenic,0.0,moved_toward_benign,0.2045925883521699,moved_toward_benign
2633613,a2d27777561ad960e91566364ca82d9ffe2050c826c7bff0b1f8876162a8737a,moved_toward_pathogenic,1,1.0,False,0.6671894673455867,moved_toward_pathogenic,0.39345773070388135,moved_toward_pathogenic,0.7282282722410208,moved_toward_pathogenic,0.0,moved_toward_benign,0.0,moved_toward_benign,0.2080241598848745,moved_toward_benign
2138351,1d17b9df88f33ff16b3a2ee62b7a44ea6d4fc164d803a3382532258a57a3452b,moved_toward_pathogenic,0,1.0,False,0.18996626021968469,moved_toward_benign,0.7847920249444639,moved_toward_pathogenic,0.6282746004054537,moved_toward_pathogenic,0.0,moved_toward_benign,0.0,moved_toward_benign,0.2112584765814389,moved_toward_benign
1403780,3d6d2f041c23b33f8e32fd026da6021f5352134b3b35a8f77a31f55c125e32b5,moved_toward_pathogenic,4,2.0,False,0.1590442168647841,moved_toward_benign,0.28820849005327503,moved_toward_pathogenic,0.21926055671135028,moved_toward_benign,1.0,moved_toward_pathogenic,0.0,moved_toward_benign,0.2159958685566607,moved_toward_benign
2169644,e48ffd0b5aa6620f79890a21a36f7949bb55f15208ffe9d120df27609c034993,moved_toward_pathogenic,2,2.0,False,0.2158997334749118,moved_toward_pathogenic,0.30534749833733105,moved_toward_pathogenic,0.28858436943777577,moved_toward_pathogenic,1.0,moved_toward_pathogenic,0.0,moved_toward_benign,0.217677648733753,moved_toward_benign
1523531,f29ad1d7ecb015bade5734303c4eaa409d3648ae38c1f12ba3526e27947b5b5e,moved_toward_pathogenic,3,2.0,False,0.1748985689376067,moved_toward_benign,0.2612625020600353,moved_toward_pathogenic,0.1908778063278568,moved_toward_benign,1.0,moved_toward_pathogenic,0.0,moved_toward_benign,0.2199647552022729,moved_toward_benign
1367200,295eed6c09aa96db6d0ec977540f382a650a7499f82aaca453419b979d387171,moved_toward_pathogenic,4,2.0,False,0.16737828347000527,moved_toward_benign,0.11050874917443208,moved_toward_benign,0.20807445576453573,moved_toward_benign,1.0,moved_toward_pathogenic,0.0,moved_toward_benign,0.2204568976859957,moved_toward_benign
1343012,44dac912eafb122038fe118edfa8eb8c8a8b8de3c8f1bd254b6b4e7473cb6406,moved_toward_pathogenic,4,2.0,False,0.1867151387129473,moved_toward_benign,0.3830237564033787,moved_toward_pathogenic,0.25561147688901126,moved_toward_benign,1.0,moved_toward_pathogenic,0.0,moved_toward_benign,0.2225711840643244,moved_toward_benign
1699024,75cb1c62c51bbb4b60c4b4db2f6d89e1cc739d85441bb963b63240f3d3d7870b,moved_toward_pathogenic,4,1.0,False,0.6235668735037894,moved_toward_pathogenic,0.6306847991864976,moved_toward_pathogenic,0.774555015912385,moved_toward_pathogenic,0.0,moved_toward_benign,0.0,moved_toward_benign,0.2328847361047533,moved_toward_benign
2137670,4547463f108392cf54b39c87dff2a0f02a0a390bdc973e06221665171eb6d189,moved_toward_pathogenic,3,2.0,False,0.1748985689376067,moved_toward_benign,0.07216084585472812,moved_toward_benign,0.17190038275643943,moved_toward_benign,1.0,moved_toward_pathogenic,0.0,moved_toward_benign,0.2335000826414129,moved_toward_benign
1387135,c715699489c85767822e8523b7649c012de8a3b3028e19984dde230baee8a16a,moved_toward_pathogenic,3,2.0,False,0.16668994994319714,moved_toward_benign,0.07414722334383274,moved_toward_benign,0.16070798631484268,moved_toward_benign,1.0,moved_toward_pathogenic,0.0,moved_toward_benign,0.234942503672652,moved_toward_benign
2169571,6bb2708e2272905b44f2cc100784dbd1750dfe824b5e4de7a73f5889f8db631c,moved_toward_pathogenic,2,2.0,False,0.32375732745130215,moved_toward_pathogenic,0.4597614051362154,moved_toward_pathogenic,0.3484178132457512,moved_toward_pathogenic,1.0,moved_toward_pathogenic,0.0,moved_toward_benign,0.2590654181190762,moved_toward_benign
1910224,c715699489c85767822e8523b7649c012de8a3b3028e19984dde230baee8a16a,moved_toward_pathogenic,3,2.0,False,0.3678601160974625,moved_toward_pathogenic,0.3218047603449327,moved_toward_pathogenic,0.277110262049419,moved_toward_pathogenic,1.0,moved_toward_pathogenic,0.0,moved_toward_benign,0.2661583019464975,moved_toward_benign
2085378,64e70227660fea274a85870ad8106a80618886197bc210e85fed73a292f59afb,moved_toward_pathogenic,1,2.0,False,0.2742157114846215,moved_toward_pathogenic,0.09563485955500603,moved_toward_benign,0.30283972328343123,moved_toward_pathogenic,1.0,moved_toward_pathogenic,0.0,moved_toward_benign,0.2671948993248468,moved_toward_benign
2191065,239e35012c9f105dbeb791b817c1843fc996c4fecf36b97c0c0b6cda5c34d99c,moved_toward_pathogenic,1,2.0,False,0.23024744357340482,moved_toward_pathogenic,0.25893491725889045,moved_toward_pathogenic,0.3018155769776712,moved_toward_pathogenic,1.0,moved_toward_pathogenic,0.0,moved_toward_benign,0.2773578275402644,moved_toward_benign
2175962,f86ce72b2dfdd98b766da160d2a01097c815aed7102ad31fa1ac9763811f01f4,moved_toward_pathogenic,0,2.0,False,0.19340740776371831,moved_toward_benign,0.34932021627491133,moved_toward_benign,0.3172788940418165,moved_toward_pathogenic,1.0,moved_toward_pathogenic,0.0,moved_toward_benign,0.2777494997787577,moved_toward_benign
2097852,50a0273e15076a9969a3cc0123a61b34ebd0907091d887a288869f44652c278f,moved_toward_pathogenic,4,2.0,False,0.31278801152312563,moved_toward_pathogenic,0.2835666738418718,moved_toward_pathogenic,0.3772109662225874,moved_toward_pathogenic,1.0,moved_toward_pathogenic,0.0,moved_toward_benign,0.3057396202253727,moved_toward_benign
1338214,118b661c20439ab5373f50ef6917246ae63c06b3072ff55c759d30fa0b2995f1,moved_toward_benign,3,6.0,True,0.999993753618082,moved_toward_pathogenic,0.9164932266100813,moved_toward_pathogenic,0.9819014355444557,moved_toward_pathogenic,1.0,moved_toward_pathogenic,0.0,moved_toward_benign,0.9950571074176208,moved_toward_pathogenic
1804720,ca718eabad4392e09bd69aa9008ca685bb4dc852341c226a2cd375405d60e603,moved_toward_benign,2,4.0,True,0.9221840733356153,moved_toward_pathogenic,0.7835020766282059,moved_toward_pathogenic,0.9467073950591418,moved_toward_pathogenic,1.0,moved_toward_pathogenic,0.0,moved_toward_benign,0.9368828432310298,moved_toward_pathogenic
2151981,8478873613cf6e0fc2e759e161bc7f44ce70e68d23df0caaa589ddb97d33d7f5,moved_toward_benign,4,5.0,True,0.8529028025885363,moved_toward_pathogenic,0.932024029778224,moved_toward_pathogenic,0.9759275894490969,moved_toward_pathogenic,1.0,moved_toward_pathogenic,0.0,moved_toward_benign,0.9332021249391164,moved_toward_pathogenic
1481314,40abbd5964bd2e2219307a48b903ab4cf2c90e83e49a336c82924ac948122b53,moved_toward_benign,2,2.0,False,0.8958784301650572,moved_toward_pathogenic,0.48321803390073903,moved_toward_pathogenic,0.447668126307636,moved_toward_pathogenic,1.0,moved_toward_pathogenic,0.0,moved_toward_benign,0.8707431677760239,moved_toward_pathogenic
1444570,26144d54d9619fa86962dd08f8ce978e2b293eaab9b07e008daad88a13969926,moved_toward_benign,3,4.0,True,0.9255543445092335,moved_toward_pathogenic,0.9434826303505092,moved_toward_pathogenic,0.837640459383997,moved_toward_pathogenic,1.0,moved_toward_pathogenic,0.0,moved_toward_benign,0.8400167965860683,moved_toward_pathogenic
2184261,d8c3aef83c97236b0fa840f740bba0c68d710feccacd62bbeead495169440600,moved_toward_benign,3,2.0,False,0.8406172242743847,moved_toward_pathogenic,0.6229489998209802,moved_toward_pathogenic,0.4374339626504609,moved_toward_pathogenic,1.0,moved_toward_pathogenic,0.0,moved_toward_benign,0.827144316186327,moved_toward_pathogenic
1469777,89d205e6cd71cff3c0118e846bf2a4854d898c957147f7c65e6f6844974d805a,moved_toward_benign,3,1.0,False,0.23371331952128271,moved_toward_pathogenic,0.6343083114183574,moved_toward_pathogenic,0.34231074948569506,moved_toward_pathogenic,0.0,moved_toward_benign,0.0,moved_toward_benign,0.7927954210383035,moved_toward_pathogenic
2634522,91a0604aff8cdc56f31202d85b86a11bd73ccf0be32173f3cc00bd2a13ab22c6,moved_toward_benign,2,2.0,False,0.7885562504836026,moved_toward_pathogenic,0.5837648448119439,moved_toward_pathogenic,0.5469327706777386,moved_toward_pathogenic,1.0,moved_toward_pathogenic,0.0,moved_toward_benign,0.7726437574044066,moved_toward_pathogenic
1514081,4b2df152db7fee6a0df1bce90065c35dcb95596dbc7920751ea1143dde8f0acf,moved_toward_benign,3,2.0,False,0.24640734374149312,moved_toward_pathogenic,0.4306007356437463,moved_toward_pathogenic,0.25651197400052334,moved_toward_benign,1.0,moved_toward_pathogenic,0.0,moved_toward_benign,0.7461180715141321,moved_toward_pathogenic
1344550,329d6ceade1a6bc15c4df87b3cee1744379c4dff1a5d4f9fb036ba99847c6641,moved_toward_benign,4,0.0,False,0.8783513694704941,moved_toward_pathogenic,0.7425210534531111,moved_toward_pathogenic,0.41999287918423855,moved_toward_pathogenic,0.0,moved_toward_benign,0.0,moved_toward_benign,0.7122207985475159,moved_toward_pathogenic
2176499,8ba6d03b81293fd5e9628c9907a6c3d79a504aa002136837a5ac84daceccf895,moved_toward_benign,1,1.0,False,0.8366229669427436,moved_toward_pathogenic,0.7254608593644374,moved_toward_pathogenic,0.8580293665174348,moved_toward_pathogenic,0.0,moved_toward_benign,0.0,moved_toward_benign,0.7003407341304048,moved_toward_pathogenic
1953098,b8275e4b9eaf9fe8bf2dab7a049c5ab4cf90e0495f135409837e2ab789c247db,moved_toward_benign,0,2.0,False,0.7240081051598307,moved_toward_pathogenic,0.7366642304274812,moved_toward_pathogenic,0.651811294565601,moved_toward_pathogenic,1.0,moved_toward_pathogenic,0.0,moved_toward_benign,0.6930011043924129,moved_toward_pathogenic
1740318,fd5a4caec7e8e2a1cbf5f357ade1d996fba3d376dd2e5ca16a9e63c78aa59306,moved_toward_benign,3,2.0,False,0.776725356454209,moved_toward_pathogenic,0.6805557193858737,moved_toward_pathogenic,0.5548578355400476,moved_toward_pathogenic,1.0,moved_toward_pathogenic,0.0,moved_toward_benign,0.6817339840129508,moved_toward_pathogenic
1365050,8478873613cf6e0fc2e759e161bc7f44ce70e68d23df0caaa589ddb97d33d7f5,moved_toward_benign,4,2.0,False,0.7357986867136903,moved_toward_pathogenic,0.6931824853797878,moved_toward_pathogenic,0.7067704394991172,moved_toward_pathogenic,1.0,moved_toward_pathogenic,0.0,moved_toward_benign,0.668469734759352,moved_toward_pathogenic
1409760,48bfbc47fa45f1a85421d80afbac405013c064a2a68c5005720e06759e830aad,moved_toward_benign,0,2.0,False,0.6423150849553495,moved_toward_pathogenic,0.7065314582290612,moved_toward_pathogenic,0.702466639823479,moved_toward_pathogenic,1.0,moved_toward_pathogenic,0.0,moved_toward_benign,0.6061348725515225,moved_toward_pathogenic
2411525,8fcdea81d5cbd7f40a37c3734eb5907d05481e530abb89c35d5f0392eb1e0da9,moved_toward_benign,2,2.0,False,0.39698730211218347,moved_toward_pathogenic,0.28170525923814654,moved_toward_pathogenic,0.454281861367171,moved_toward_pathogenic,1.0,moved_toward_pathogenic,0.0,moved_toward_benign,0.5916305553228872,moved_toward_pathogenic
1902652,ec78455c8feadb1733645ab06f0b0aea84439fe988a1f865eee4c3ad9c86c86b,moved_toward_benign,0,2.0,False,0.859420675382102,moved_toward_pathogenic,0.8411868941145244,moved_toward_pathogenic,0.6428625330921554,moved_toward_pathogenic,1.0,moved_toward_pathogenic,0.0,moved_toward_benign,0.5694189492842154,moved_toward_pathogenic
2031464,67f3ad07133767ecb4c79b47ff71d612e6880923a9e096312aab898ff9eca152,moved_toward_benign,1,2.0,False,0.3282805578658744,moved_toward_pathogenic,0.1572761135641081,moved_toward_benign,0.31005543987390344,moved_toward_pathogenic,1.0,moved_toward_pathogenic,0.0,moved_toward_benign,0.5673187756375103,moved_toward_pathogenic
1378717,f656d0513b52b92852888dc0743e1014304149a3523c74e4fd9b8ec8b2095208,moved_toward_benign,0,2.0,False,0.5736833105009362,moved_toward_pathogenic,0.30180327889880937,moved_toward_benign,0.47305849851026094,moved_toward_pathogenic,1.0,moved_toward_pathogenic,0.0,moved_toward_benign,0.5642916458381362,moved_toward_pathogenic
1485769,cc7e8ae0450f732930a36b5bdd731598bfc44da3d2fb1565d1f55382a2b1ba3b,moved_toward_benign,1,2.0,False,0.4209703328445431,moved_toward_pathogenic,0.17217535914042637,moved_toward_benign,0.21735056133173777,moved_toward_pathogenic,1.0,moved_toward_pathogenic,0.0,moved_toward_benign,0.561016840283596,moved_toward_pathogenic
1418602,f9ccd3285d81cdb3f20962456ecadaaaa6063d51ecff1d0018351d3dc8a80aff,moved_toward_benign,3,2.0,False,0.5609415342880466,moved_toward_pathogenic,0.4772776715300196,moved_toward_pathogenic,0.3369835306521889,moved_toward_pathogenic,1.0,moved_toward_pathogenic,0.0,moved_toward_benign,0.556531159161481,moved_toward_pathogenic
2415116,4342da67c1fea113d747242df7008683b36f42c9ba4f2b18e4b04beb29df8b71,moved_toward_benign,2,2.0,False,0.4333855106536798,moved_toward_pathogenic,0.343171141972344,moved_toward_pathogenic,0.45828529333169926,moved_toward_pathogenic,1.0,moved_toward_pathogenic,0.0,moved_toward_benign,0.5458121561463424,moved_toward_pathogenic
2530789,c7698580533a220dffb6a82f47a3594b99b63128559074df525f3d812484e297,moved_toward_benign,4,2.0,False,0.2504794394486467,moved_toward_pathogenic,0.1380559402401939,moved_toward_benign,0.2416154184801153,moved_toward_benign,1.0,moved_toward_pathogenic,0.0,moved_toward_benign,0.5451477329458659,moved_toward_pathogenic
2039803,3cda7d4fe8db6fc8869ea70703e6b0433feb4acf1660b62b507067d9a02a7438,moved_toward_benign,2,2.0,False,0.2797438291353291,moved_toward_pathogenic,0.3700392920200636,moved_toward_pathogenic,0.3675422104490759,moved_toward_pathogenic,1.0,moved_toward_pathogenic,0.0,moved_toward_benign,0.5430684911859297,moved_toward_pathogenic
2049055,f9ccd3285d81cdb3f20962456ecadaaaa6063d51ecff1d0018351d3dc8a80aff,moved_toward_benign,3,1.0,False,0.595289184978204,moved_toward_pathogenic,0.7528019862895066,moved_toward_pathogenic,0.572783037922892,moved_toward_pathogenic,0.0,moved_toward_benign,0.0,moved_toward_benign,0.5404414154528234,moved_toward_pathogenic
1992889,f9ccd3285d81cdb3f20962456ecadaaaa6063d51ecff1d0018351d3dc8a80aff,moved_toward_benign,3,2.0,False,0.39119287717494744,moved_toward_pathogenic,0.2466350986910325,moved_toward_pathogenic,0.2832044582800529,moved_toward_pathogenic,1.0,moved_toward_pathogenic,0.0,moved_toward_benign,0.5373421269181842,moved_toward_pathogenic
2140752,76cebef133ef4432e656899ee466e0b05f2f6ee431f6a625b4cfd734cf8aec3c,moved_toward_benign,2,2.0,False,0.8806745549575167,moved_toward_pathogenic,0.6359808619799575,moved_toward_pathogenic,0.44392184286814346,moved_toward_pathogenic,1.0,moved_toward_pathogenic,0.0,moved_toward_benign,0.5321746621774255,moved_toward_pathogenic
1920086,63bcb25a4860c2d46f5926cd193046194c9ee3f3ed0233fdea012f780cdbea13,moved_toward_benign,2,2.0,False,0.36049992391709074,moved_toward_pathogenic,0.4770013538314035,moved_toward_pathogenic,0.3796609565926515,moved_toward_pathogenic,1.0,moved_toward_pathogenic,0.0,moved_toward_benign,0.5235589696442413,moved_toward_pathogenic
1481456,d8c3aef83c97236b0fa840f740bba0c68d710feccacd62bbeead495169440600,moved_toward_benign,3,2.0,False,0.5407501780737436,moved_toward_pathogenic,0.6933898042638778,moved_toward_pathogenic,0.45624558899041034,moved_toward_pathogenic,1.0,moved_toward_pathogenic,0.0,moved_toward_benign,0.5161412583117678,moved_toward_pathogenic
2192947,5bc0ad3e7b4bcee69f80c5ba7fcc5bbaebf429f6633049ae02ff13741cf9eb1e,moved_toward_benign,0,2.0,False,0.5066563363783455,moved_toward_pathogenic,0.6053258611899034,moved_toward_pathogenic,0.4212158614094836,moved_toward_pathogenic,1.0,moved_toward_pathogenic,0.0,moved_toward_benign,0.5121985889358127,moved_toward_pathogenic
2634181,2d37acd53eac396e20a71ecda465fc3d0ba6d3aada3e81eacbcb905607162840,moved_toward_benign,1,2.0,False,0.43292999309452335,moved_toward_pathogenic,0.4231354207610321,moved_toward_pathogenic,0.45378893635698786,moved_toward_pathogenic,1.0,moved_toward_pathogenic,0.0,moved_toward_benign,0.5095398904426833,moved_toward_pathogenic
1996920,9ddd37faa3f947ceeb457a6dca33ac826aa0435530026c492272de9a526d6938,moved_toward_benign,1,2.0,False,0.4708090711199668,moved_toward_pathogenic,0.6384578300085225,moved_toward_pathogenic,0.4040403227061541,moved_toward_pathogenic,1.0,moved_toward_pathogenic,0.0,moved_toward_benign,0.5076603699621796,moved_toward_pathogenic
1908216,cda69805551b651bb26cdc5260226e2f24cb2f5adc97788fef835cebe12f1ef5,moved_toward_benign,2,2.0,False,0.8805751290408839,moved_toward_pathogenic,0.6910915337030222,moved_toward_pathogenic,0.6182060537387608,moved_toward_pathogenic,1.0,moved_toward_pathogenic,0.0,moved_toward_benign,0.500116285327123,moved_toward_pathogenic
2192096,564c60057febbfff08e3191964d808de8a5cd79ba54954ea3c3e74431bd69780,moved_toward_benign,4,2.0,False,0.37254923072278223,moved_toward_pathogenic,0.661715981332772,moved_toward_pathogenic,0.4231786470062312,moved_toward_pathogenic,1.0,moved_toward_pathogenic,0.0,moved_toward_benign,0.4991747580293478,moved_toward_pathogenic
2260860,46abf2edbbd6901e24783a086b8ca707bab0091370a39ea94686408883bc2888,moved_toward_benign,0,2.0,False,0.31636841245562747,moved_toward_pathogenic,0.6017660079444822,moved_toward_pathogenic,0.4742880919810697,moved_toward_pathogenic,1.0,moved_toward_pathogenic,0.0,moved_toward_benign,0.4967638422980666,moved_toward_pathogenic
2487837,345b67fcf69b784429686174bae01f658e6916cf20d7cbc469cb9ed89bb80165,moved_toward_benign,3,2.0,False,0.584699645486574,moved_toward_pathogenic,0.6032825814382762,moved_toward_pathogenic,0.39959660799410474,moved_toward_pathogenic,1.0,moved_toward_pathogenic,0.0,moved_toward_benign,0.4942818817850339,moved_toward_pathogenic
1410260,f656d0513b52b92852888dc0743e1014304149a3523c74e4fd9b8ec8b2095208,moved_toward_benign,0,2.0,False,0.6515827570690836,moved_toward_pathogenic,0.597282961436848,moved_toward_pathogenic,0.576359557331928,moved_toward_pathogenic,1.0,moved_toward_pathogenic,0.0,moved_toward_benign,0.4804279020735053,moved_toward_pathogenic
2153622,3d6d2f041c23b33f8e32fd026da6021f5352134b3b35a8f77a31f55c125e32b5,moved_toward_benign,4,2.0,False,0.2033715817092939,moved_toward_benign,0.5328227508191669,moved_toward_pathogenic,0.2390900352989067,moved_toward_benign,1.0,moved_toward_pathogenic,0.0,moved_toward_benign,0.4800239693475896,moved_toward_pathogenic
2147112,5bafa51c7aca4208ccf1751434cc0c953ae7bbac333c46925191a25183a162d7,moved_toward_benign,1,2.0,False,0.2802719151927234,moved_toward_pathogenic,0.44875904703587455,moved_toward_pathogenic,0.29899322119806965,moved_toward_pathogenic,1.0,moved_toward_pathogenic,0.0,moved_toward_benign,0.4775639307130326,moved_toward_pathogenic
2127003,5553c0ef1e0c8439008bacb2a93f26d64f39c9cb721361139b211cbf8d980c31,moved_toward_benign,0,2.0,False,0.2073396313618444,moved_toward_pathogenic,0.5759478535462648,moved_toward_pathogenic,0.32398536467985806,moved_toward_pathogenic,1.0,moved_toward_pathogenic,0.0,moved_toward_benign,0.4758426758094477,moved_toward_pathogenic
2093950,44dac912eafb122038fe118edfa8eb8c8a8b8de3c8f1bd254b6b4e7473cb6406,moved_toward_benign,4,2.0,False,0.21463208722293328,moved_toward_pathogenic,0.12662000274641352,moved_toward_benign,0.2196646215291244,moved_toward_benign,1.0,moved_toward_pathogenic,0.0,moved_toward_benign,0.4716232622112248,moved_toward_pathogenic
1404861,e8b4bc344337315924d6ec163f4fdbe04823223ae9cad2742a9f0c05337fa1af,moved_toward_benign,1,2.0,False,0.3300631259245239,moved_toward_pathogenic,0.14826689622679678,moved_toward_benign,0.4484730375684876,moved_toward_pathogenic,1.0,moved_toward_pathogenic,0.0,moved_toward_benign,0.4705995727903844,moved_toward_pathogenic
1378882,e235894692b885aee30fa91e932042e540bc094e808657ec451b887687046476,moved_toward_benign,2,2.0,False,0.2557457652277096,moved_toward_pathogenic,0.3641726359925279,moved_toward_pathogenic,0.3823457739738633,moved_toward_pathogenic,1.0,moved_toward_pathogenic,0.0,moved_toward_benign,0.4701197145164582,moved_toward_pathogenic
2068277,26144d54d9619fa86962dd08f8ce978e2b293eaab9b07e008daad88a13969926,moved_toward_benign,3,2.0,False,0.5859697509495118,moved_toward_pathogenic,0.4882881373935417,moved_toward_pathogenic,0.5640254019334587,moved_toward_pathogenic,1.0,moved_toward_pathogenic,0.0,moved_toward_benign,0.4688345264682361,moved_toward_pathogenic
2380813,c6fe1a63b9b4e4860d98029ba50d5f640135fd57c7afb23a07a27289ba464316,moved_toward_benign,3,2.0,False,0.5075411121173432,moved_toward_pathogenic,0.5600330792326265,moved_toward_pathogenic,0.4075286084431551,moved_toward_pathogenic,1.0,moved_toward_pathogenic,0.0,moved_toward_benign,0.4673504342597057,moved_toward_pathogenic
2029336,1b144921be2dc6ca7aa1b05c979ac9cdce4f4c6bfa8b85a497aef0d24e702d90,moved_toward_benign,3,2.0,False,0.5859697509495118,moved_toward_pathogenic,0.6401203878879015,moved_toward_pathogenic,0.587705917358733,moved_toward_pathogenic,1.0,moved_toward_pathogenic,0.0,moved_toward_benign,0.4477600778944851,moved_toward_pathogenic
2637596,b8838be565e62671e8ded05eb588daf01c0db22e553776198e09576c9eb468c2,moved_toward_benign,2,1.0,False,0.9651407650053686,moved_toward_pathogenic,0.7341610433844067,moved_toward_pathogenic,0.9430821734590462,moved_toward_pathogenic,0.0,moved_toward_benign,0.0,moved_toward_benign,0.4451035900577196,moved_toward_pathogenic
1936392,3498e73f4c08a59891b2edd3758dc49e10dc77ebdbf5b209af808f2ec38dc83d,moved_toward_benign,0,2.0,False,0.4470798472406638,moved_toward_pathogenic,0.7731887754025512,moved_toward_pathogenic,0.4309981137317894,moved_toward_pathogenic,1.0,moved_toward_pathogenic,0.0,moved_toward_benign,0.4146209657642129,moved_toward_pathogenic
1347398,ba08ea4852d6be8470361d76ab2ac873de732882d19f2fe0a20efdb15d535602,moved_toward_benign,4,2.0,False,0.209109773896501,moved_toward_pathogenic,0.21000756201378393,moved_toward_benign,0.2300741275709554,moved_toward_benign,1.0,moved_toward_pathogenic,0.0,moved_toward_benign,0.4144123784981138,moved_toward_pathogenic
1909126,f656d0513b52b92852888dc0743e1014304149a3523c74e4fd9b8ec8b2095208,moved_toward_benign,0,2.0,False,0.6737381964111746,moved_toward_pathogenic,0.6373701331152993,moved_toward_pathogenic,0.3662433407496221,moved_toward_pathogenic,1.0,moved_toward_pathogenic,0.0,moved_toward_benign,0.4056356729267961,moved_toward_pathogenic
2140757,76cebef133ef4432e656899ee466e0b05f2f6ee431f6a625b4cfd734cf8aec3c,moved_toward_benign,2,2.0,False,0.699868714819086,moved_toward_pathogenic,0.12887470590584574,moved_toward_benign,0.30506717676997047,moved_toward_pathogenic,1.0,moved_toward_pathogenic,0.0,moved_toward_benign,0.4044404939891501,moved_toward_pathogenic
1358214,f9ccd3285d81cdb3f20962456ecadaaaa6063d51ecff1d0018351d3dc8a80aff,moved_toward_benign,3,2.0,False,0.26571070112400375,moved_toward_pathogenic,0.48272276415217824,moved_toward_pathogenic,0.42814277443539955,moved_toward_pathogenic,1.0,moved_toward_pathogenic,0.0,moved_toward_benign,0.403244439222074,moved_toward_pathogenic
1360281,7da5985efa2855e34744f4a34dc01b46b0d5723b7888b3095d21c46d8f6c2dc7,moved_toward_benign,0,2.0,False,0.66732568600173,moved_toward_pathogenic,0.6787032546714412,moved_toward_pathogenic,0.36448797074752687,moved_toward_pathogenic,1.0,moved_toward_pathogenic,0.0,moved_toward_benign,0.3996791847533945,moved_toward_pathogenic
1718030,7c80947d3dfe281be394b8dcd2236d6ccf301b9b2cce7499cee5a10fbc3c7aed,moved_toward_benign,0,2.0,False,0.6660450172393155,moved_toward_pathogenic,0.6787032546714412,moved_toward_pathogenic,0.36448797074752687,moved_toward_pathogenic,1.0,moved_toward_pathogenic,0.0,moved_toward_benign,0.3985000227064132,moved_toward_pathogenic
1508049,e235894692b885aee30fa91e932042e540bc094e808657ec451b887687046476,moved_toward_benign,2,2.0,False,0.28937604463153715,moved_toward_pathogenic,0.2408094886317558,moved_toward_pathogenic,0.3093507761005882,moved_toward_pathogenic,1.0,moved_toward_pathogenic,0.0,moved_toward_benign,0.3922204085709789,moved_toward_pathogenic
1523590,cc7e8ae0450f732930a36b5bdd731598bfc44da3d2fb1565d1f55382a2b1ba3b,moved_toward_benign,1,2.0,False,0.23214820723900892,moved_toward_pathogenic,0.2992816353743679,moved_toward_pathogenic,0.2672028455102246,moved_toward_pathogenic,1.0,moved_toward_pathogenic,0.0,moved_toward_benign,0.3864465560712701,moved_toward_pathogenic
1410725,c8339ed2b283623129d85c18ba81375c54f227b3ec063ebe193c0e456e12840b,moved_toward_benign,1,2.0,False,0.530190090245992,moved_toward_pathogenic,0.6152586746860255,moved_toward_pathogenic,0.44332263261653115,moved_toward_pathogenic,1.0,moved_toward_pathogenic,0.0,moved_toward_benign,0.3771375298855088,moved_toward_pathogenic
1444757,f656d0513b52b92852888dc0743e1014304149a3523c74e4fd9b8ec8b2095208,moved_toward_benign,0,1.0,False,0.5714453972448188,moved_toward_pathogenic,0.49701258112696617,moved_toward_pathogenic,0.8616809238004539,moved_toward_pathogenic,0.0,moved_toward_benign,0.0,moved_toward_benign,0.3745915315397886,moved_toward_pathogenic
2308472,66c84b1c91282a64f79435dc03cffc897797e64cafa1962e64be0c311b5d6fa3,moved_toward_benign,0,2.0,False,0.5964921906540429,moved_toward_pathogenic,0.5028940536266994,moved_toward_pathogenic,0.3465775711615046,moved_toward_pathogenic,1.0,moved_toward_pathogenic,0.0,moved_toward_benign,0.3743171965286271,moved_toward_pathogenic
2210992,d05493e2a9e1f39c6f3e2c53e919f04091f2c160f5699d7949869f3b501d4474,moved_toward_benign,4,2.0,False,0.37408751029949594,moved_toward_pathogenic,0.2946253916790222,moved_toward_pathogenic,0.24470564449042825,moved_toward_benign,1.0,moved_toward_pathogenic,0.0,moved_toward_benign,0.3721367275084474,moved_toward_pathogenic
2099761,1b144921be2dc6ca7aa1b05c979ac9cdce4f4c6bfa8b85a497aef0d24e702d90,moved_toward_benign,3,2.0,False,0.5946365414956788,moved_toward_pathogenic,0.2103804438335801,moved_toward_pathogenic,0.23863935705575215,moved_toward_benign,1.0,moved_toward_pathogenic,0.0,moved_toward_benign,0.3720446979875624,moved_toward_pathogenic
1358885,13c51c40afc54476d48070cab382e50bc330576cd548549d569649784edfcb76,moved_toward_benign,0,2.0,False,0.21858876127247062,moved_toward_pathogenic,0.41530218494886045,moved_toward_pathogenic,0.2784938284799529,moved_toward_pathogenic,1.0,moved_toward_pathogenic,0.0,moved_toward_benign,0.3706502725675724,moved_toward_pathogenic
2655642,1961a8d53c1c569fd05479af605c77f12b20721adef0bb363f8246b9412d1cb1,moved_toward_benign,3,2.0,False,0.3315453887600944,moved_toward_pathogenic,0.6032825814382762,moved_toward_pathogenic,0.26178550984296217,moved_toward_pathogenic,1.0,moved_toward_pathogenic,0.0,moved_toward_benign,0.3679180445744087,moved_toward_pathogenic
1423291,5c530fb55057bfcabc3fece0f9d3e682bcf46c579053252e38a70ee0e349663f,moved_toward_benign,3,2.0,False,0.3894820401512656,moved_toward_pathogenic,0.45768917299928513,moved_toward_pathogenic,0.5151372672523544,moved_toward_pathogenic,1.0,moved_toward_pathogenic,0.0,moved_toward_benign,0.3607938854162604,moved_toward_pathogenic
1446180,d96d56e33aba84bfac6ece3f1cd31d056a98e3e53cae8d91eaae368bb5d7c176,moved_toward_benign,4,2.0,False,0.32753589797282046,moved_toward_pathogenic,0.4223587081215337,moved_toward_pathogenic,0.3456363948133977,moved_toward_pathogenic,1.0,moved_toward_pathogenic,0.0,moved_toward_benign,0.3553859829625787,moved_toward_pathogenic
1797356,5890a5e08ab5075033fbaeb6179c1394cdbfad6a3c8a9807b9c06d1e89e3eb33,moved_toward_benign,1,2.0,False,0.16901830380456628,moved_toward_benign,0.10681911934237848,moved_toward_benign,0.22655767780046523,moved_toward_pathogenic,1.0,moved_toward_pathogenic,0.0,moved_toward_benign,0.3530541764990397,moved_toward_pathogenic
1481022,286dea696da6790b0d0fa742581651805e5a70052140ccd236c2e3474b5d3829,moved_toward_benign,1,2.0,False,0.639985903338857,moved_toward_pathogenic,0.20381465732765888,moved_toward_benign,0.48352054944352313,moved_toward_pathogenic,1.0,moved_toward_pathogenic,0.0,moved_toward_benign,0.3529893107466268,moved_toward_pathogenic
1504767,cc7e8ae0450f732930a36b5bdd731598bfc44da3d2fb1565d1f55382a2b1ba3b,moved_toward_benign,1,2.0,False,0.639985903338857,moved_toward_pathogenic,0.20381465732765888,moved_toward_benign,0.48352054944352313,moved_toward_pathogenic,1.0,moved_toward_pathogenic,0.0,moved_toward_benign,0.3529893107466268,moved_toward_pathogenic
1412696,4342da67c1fea113d747242df7008683b36f42c9ba4f2b18e4b04beb29df8b71,moved_toward_benign,2,2.0,False,0.4067531832429126,moved_toward_pathogenic,0.5326320624271444,moved_toward_pathogenic,0.38050748084748676,moved_toward_pathogenic,1.0,moved_toward_pathogenic,0.0,moved_toward_benign,0.3529603817109909,moved_toward_pathogenic
2152101,59e4b7172ee4c63af71c7ba3ffc3519b45e543e8bcc872cce078591276566ece,moved_toward_benign,4,2.0,False,0.28250401674633013,moved_toward_pathogenic,0.12150685085557275,moved_toward_benign,0.33464950012235267,moved_toward_pathogenic,1.0,moved_toward_pathogenic,0.0,moved_toward_benign,0.3528936853823114,moved_toward_pathogenic
1768273,8eaf8ad3857a6995fa29e357f7a8c16321068b89e8239f361f660ac6a43c37aa,moved_toward_benign,0,2.0,False,0.26594740222680374,moved_toward_pathogenic,0.16515184169443953,moved_toward_benign,0.2521836545123331,moved_toward_pathogenic,1.0,moved_toward_pathogenic,0.0,moved_toward_benign,0.3498367982707688,moved_toward_pathogenic
1746288,fd5a4caec7e8e2a1cbf5f357ade1d996fba3d376dd2e5ca16a9e63c78aa59306,moved_toward_benign,3,2.0,False,0.18802268408136308,moved_toward_benign,0.15502005262222446,moved_toward_benign,0.29629678915794433,moved_toward_pathogenic,1.0,moved_toward_pathogenic,0.0,moved_toward_benign,0.3476336335886846,moved_toward_pathogenic
1401295,f656d0513b52b92852888dc0743e1014304149a3523c74e4fd9b8ec8b2095208,moved_toward_benign,0,2.0,False,0.516957694477495,moved_toward_pathogenic,0.27633148254202744,moved_toward_benign,0.3759021353803856,moved_toward_pathogenic,1.0,moved_toward_pathogenic,0.0,moved_toward_benign,0.3469623635064874,moved_toward_pathogenic
2408951,90e2a81359ebdea96c880452eb39142d264eb6d5d9faa3c588f8d49e035afdbd,moved_toward_benign,1,2.0,False,0.16629836668936887,moved_toward_benign,0.1500023657277583,moved_toward_benign,0.21991534062960738,moved_toward_pathogenic,1.0,moved_toward_pathogenic,0.0,moved_toward_benign,0.3163476663300403,moved_toward_pathogenic
1412108,5fcbf31e4d20889b16355fc046eb8ff52cb5c475184eff1a314e5c83bb3aeaa1,moved_toward_benign,4,2.0,False,0.18651323462991343,moved_toward_benign,0.25470472273846406,moved_toward_pathogenic,0.580251366756925,moved_toward_pathogenic,1.0,moved_toward_pathogenic,0.0,moved_toward_benign,0.0019718677385765,moved_toward_benign
2155139,ee0cf2295eb0c91da6187d8836a13bc8b8d04c9aeb7d6456b61cf79a0fc02dcc,moved_toward_benign,4,1.0,False,0.33338664209456326,moved_toward_pathogenic,0.524051100453821,moved_toward_pathogenic,0.700889208674185,moved_toward_pathogenic,0.0,moved_toward_benign,0.0,moved_toward_benign,0.0700566956624215,moved_toward_benign
2497591,93fc3fc8a38460983201800a6022e896e9469f5ad4a17f01be2432a578b26363,moved_toward_benign,4,2.0,False,0.12784893081714133,moved_toward_benign,0.14920571216738043,moved_toward_benign,0.19918447556397176,moved_toward_benign,1.0,moved_toward_pathogenic,0.0,moved_toward_benign,0.1254957730818264,moved_toward_benign
2654128,18c55c2dc5cc73bcf3c9f3c95b922aba4a1fab116abece2bc3e3e67cdddba004,moved_toward_benign,0,2.0,False,0.12712530808603673,moved_toward_benign,0.11390861149682871,moved_toward_benign,0.24289635226955647,moved_toward_pathogenic,1.0,moved_toward_pathogenic,0.0,moved_toward_benign,0.1257799872767217,moved_toward_benign
2079746,64e70227660fea274a85870ad8106a80618886197bc210e85fed73a292f59afb,moved_toward_benign,1,2.0,False,0.1377943163331898,moved_toward_benign,0.09902083431907094,moved_toward_benign,0.2125300183093483,moved_toward_pathogenic,1.0,moved_toward_pathogenic,0.0,moved_toward_benign,0.1330741384045472,moved_toward_benign
2192302,62244a8bb202bd2d3e08775462d4a93d80841903176965c82a6ac08a8b418547,moved_toward_benign,0,2.0,False,0.13673707260655868,moved_toward_benign,0.12828411725254948,moved_toward_benign,0.25850406996365977,moved_toward_pathogenic,1.0,moved_toward_pathogenic,0.0,moved_toward_benign,0.1351054669390799,moved_toward_benign
1419503,894257b15c046dc65499fc6c12cb666b5ed477335732d63828ab510c03ae36a7,moved_toward_benign,2,2.0,False,0.14213007882244336,moved_toward_benign,0.22780308140201247,moved_toward_pathogenic,0.23831891601436406,moved_toward_benign,1.0,moved_toward_pathogenic,0.0,moved_toward_benign,0.1417992678853661,moved_toward_benign
2049871,48bfbc47fa45f1a85421d80afbac405013c064a2a68c5005720e06759e830aad,moved_toward_benign,0,2.0,False,0.14913614528549074,moved_toward_benign,0.21010166625326787,moved_toward_benign,0.2587690460163739,moved_toward_pathogenic,1.0,moved_toward_pathogenic,0.0,moved_toward_benign,0.1455230840058064,moved_toward_benign
2433047,c6f75aac1704606c21cf1656cc54e8a63c9860999eae8154d97f79732eae78e4,moved_toward_benign,2,2.0,False,0.13776410402090725,moved_toward_benign,0.23089650707356776,moved_toward_pathogenic,0.2444513620843417,moved_toward_benign,1.0,moved_toward_pathogenic,0.0,moved_toward_benign,0.1457173891670741,moved_toward_benign
1343755,39904c0e5adc7f2013fdc4e3bd86a4d2d3862a30fe0bf686f51b29255157c120,moved_toward_benign,4,2.0,False,0.1306938897393489,moved_toward_benign,0.16159493556028018,moved_toward_benign,0.19931653150195083,moved_toward_benign,1.0,moved_toward_pathogenic,0.0,moved_toward_benign,0.1469692029738349,moved_toward_benign
1350915,6dc5e80200983e8e31b36adda7802d096d9933c72fc08bebe7c5aa89a4126df1,moved_toward_benign,2,2.0,False,0.13164498233695093,moved_toward_benign,0.34749621996950575,moved_toward_pathogenic,0.25115561069833453,moved_toward_benign,1.0,moved_toward_pathogenic,0.0,moved_toward_benign,0.1553970661235788,moved_toward_benign
1722787,64825309461f70f0fec739d56edb3e96fa15eaf951f155a37fb6a62210508d1a,moved_toward_benign,1,2.0,False,0.15128992884480008,moved_toward_benign,0.35526283179703844,moved_toward_pathogenic,0.23933377782753004,moved_toward_pathogenic,1.0,moved_toward_pathogenic,0.0,moved_toward_benign,0.1640361472890689,moved_toward_benign
1401251,5553c0ef1e0c8439008bacb2a93f26d64f39c9cb721361139b211cbf8d980c31,moved_toward_benign,0,2.0,False,0.17523733774976383,moved_toward_benign,0.4097540692846064,moved_toward_pathogenic,0.2720460037832795,moved_toward_pathogenic,1.0,moved_toward_pathogenic,0.0,moved_toward_benign,0.1704516862903818,moved_toward_benign
2660398,6a14e1e88a189480357ecdb3e3d3321a4c67b4fc702ee2a52dd6672b75180692,moved_toward_benign,0,2.0,False,0.16560244702740806,moved_toward_benign,0.1227945616034553,moved_toward_benign,0.3497045246067949,moved_toward_pathogenic,1.0,moved_toward_pathogenic,0.0,moved_toward_benign,0.1706630326086451,moved_toward_benign
1718471,f80a9dcba7de0ea46080249ffc62723b6b93371ad430a1cf92e8ad87624e4c60,moved_toward_pathogenic,3,2.0,False,0.8406172242743847,moved_toward_pathogenic,0.6229489998209802,moved_toward_pathogenic,0.4374339626504609,moved_toward_pathogenic,1.0,moved_toward_pathogenic,0.0,moved_toward_benign,0.8272041404715832,moved_toward_pathogenic
1701184,04d11a704d5e4191f3f60354c2c0714742ce799cce7367a17742a69a117c78cf,moved_toward_benign,3,2.0,False,0.18304241427895312,moved_toward_benign,0.2421951767899325,moved_toward_pathogenic,0.2730786887978825,moved_toward_pathogenic,1.0,moved_toward_pathogenic,0.0,moved_toward_benign,0.1837094003009889,moved_toward_benign
2083393,44dac912eafb122038fe118edfa8eb8c8a8b8de3c8f1bd254b6b4e7473cb6406,moved_toward_benign,4,2.0,False,0.15530850474916907,moved_toward_benign,0.41632999009876015,moved_toward_pathogenic,0.21187779778033702,moved_toward_benign,1.0,moved_toward_pathogenic,0.0,moved_toward_benign,0.194574786207656,moved_toward_benign
2550055,4223322abe02652c4837bbb1dd04810d9c1f583064e0e20c98c5b9ee901632fe,moved_toward_benign,4,2.0,False,0.30216215963986703,moved_toward_pathogenic,0.608816939699998,moved_toward_pathogenic,0.3604596324706552,moved_toward_pathogenic,1.0,moved_toward_pathogenic,0.0,moved_toward_benign,0.1949896236817704,moved_toward_benign
2629016,e73aa2d344fb41b2e6ef0a1f1771c405658e0de2ec81ec4020552a931c8b15af,moved_toward_benign,1,2.0,False,0.22988763454388894,moved_toward_pathogenic,0.33877292678158977,moved_toward_pathogenic,0.27863499498082095,moved_toward_pathogenic,1.0,moved_toward_pathogenic,0.0,moved_toward_benign,0.2030296734914057,moved_toward_benign
2142531,f656d0513b52b92852888dc0743e1014304149a3523c74e4fd9b8ec8b2095208,moved_toward_benign,0,2.0,False,0.21296929417459923,moved_toward_pathogenic,0.17491784972467972,moved_toward_benign,0.3496343227349509,moved_toward_pathogenic,1.0,moved_toward_pathogenic,0.0,moved_toward_benign,0.2114087638543929,moved_toward_benign
1444125,f656d0513b52b92852888dc0743e1014304149a3523c74e4fd9b8ec8b2095208,moved_toward_benign,0,2.0,False,0.2210463527303962,moved_toward_pathogenic,0.36322762315972507,moved_toward_benign,0.34991297057668364,moved_toward_pathogenic,1.0,moved_toward_pathogenic,0.0,moved_toward_benign,0.2117300220643347,moved_toward_benign
2646459,4e6d13c1b6e4e5ec4fc96c65c810f13cc92fe8beeecb01ffc30998dc7149e2cd,moved_toward_benign,3,2.0,False,0.16668994994319714,moved_toward_benign,0.15113809675320045,moved_toward_benign,0.16891071048474485,moved_toward_benign,1.0,moved_toward_pathogenic,0.0,moved_toward_benign,0.2118671255107802,moved_toward_benign
1805410,eba28fd17e1a7dfc55c2cdd53d9b1d887c119c5b99ddbf1f726c4092e3ba1050,moved_toward_benign,1,2.0,False,0.19203556537457606,moved_toward_benign,0.09312155896297172,moved_toward_benign,0.26609859759479326,moved_toward_pathogenic,1.0,moved_toward_pathogenic,0.0,moved_toward_benign,0.2125507292839303,moved_toward_benign
2178862,cda69805551b651bb26cdc5260226e2f24cb2f5adc97788fef835cebe12f1ef5,moved_toward_benign,2,2.0,False,0.14080128866839123,moved_toward_benign,0.14839157568874337,moved_toward_benign,0.257457755747318,moved_toward_benign,1.0,moved_toward_pathogenic,0.0,moved_toward_benign,0.2173909879331874,moved_toward_benign
2185314,d8c3aef83c97236b0fa840f740bba0c68d710feccacd62bbeead495169440600,moved_toward_benign,3,2.0,False,0.07736651793130606,moved_toward_benign,0.0970714206382489,moved_toward_benign,0.16374843295462202,moved_toward_benign,1.0,moved_toward_pathogenic,0.0,moved_toward_benign,0.2174136519055029,moved_toward_benign
1778128,4fd8596bf3788a90388746656b1375c40ede95be0b7601cc0fbf891286c55125,moved_toward_benign,3,2.0,False,0.13371004275189985,moved_toward_benign,0.16982213870362461,moved_toward_benign,0.20910009293259813,moved_toward_benign,1.0,moved_toward_pathogenic,0.0,moved_toward_benign,0.2190127324089486,moved_toward_benign
2046453,8478873613cf6e0fc2e759e161bc7f44ce70e68d23df0caaa589ddb97d33d7f5,moved_toward_benign,4,2.0,False,0.17248650610628818,moved_toward_benign,0.11296609301582393,moved_toward_benign,0.20753181619311029,moved_toward_benign,1.0,moved_toward_pathogenic,0.0,moved_toward_benign,0.2217499907331674,moved_toward_benign
2432315,acd15b35e7eb57322346ffb3a5be9271f93e442dd37a411ad636657219af1cd0,moved_toward_benign,4,2.0,False,0.25971462861543837,moved_toward_pathogenic,0.11690313234928766,moved_toward_benign,0.3450191038492229,moved_toward_pathogenic,1.0,moved_toward_pathogenic,0.0,moved_toward_benign,0.2249231586700803,moved_toward_benign
1381949,9ddd37faa3f947ceeb457a6dca33ac826aa0435530026c492272de9a526d6938,moved_toward_benign,1,2.0,False,0.25913753262876393,moved_toward_pathogenic,0.21088841366503983,moved_toward_benign,0.2800244803129592,moved_toward_pathogenic,1.0,moved_toward_pathogenic,0.0,moved_toward_benign,0.225022002900577,moved_toward_benign
1983912,5bc0ad3e7b4bcee69f80c5ba7fcc5bbaebf429f6633049ae02ff13741cf9eb1e,moved_toward_benign,0,2.0,False,0.2028731713077264,moved_toward_benign,0.1999241391574056,moved_toward_benign,0.24150574636156227,moved_toward_pathogenic,1.0,moved_toward_pathogenic,0.0,moved_toward_benign,0.2268770111429245,moved_toward_benign
2291740,580edc715857d2ec18c55069b9dca47861e9975df0b676144c66c8c7864c5d49,moved_toward_benign,4,2.0,False,0.297539584068412,moved_toward_pathogenic,0.34281022897891117,moved_toward_pathogenic,0.33415824140495703,moved_toward_pathogenic,1.0,moved_toward_pathogenic,0.0,moved_toward_benign,0.2275590428508261,moved_toward_benign
2656299,da74c985ba031ccefba1066c4efd8c6d2209647cac7d94c7cb58a59c0d1791f8,moved_toward_benign,2,2.0,False,0.20485748122954947,moved_toward_pathogenic,0.4951558468267633,moved_toward_pathogenic,0.2908497097067798,moved_toward_pathogenic,1.0,moved_toward_pathogenic,0.0,moved_toward_benign,0.2285220711292773,moved_toward_benign
1414256,26144d54d9619fa86962dd08f8ce978e2b293eaab9b07e008daad88a13969926,moved_toward_benign,3,2.0,False,0.16668994994319714,moved_toward_benign,0.11217669341524432,moved_toward_benign,0.16316970428688413,moved_toward_benign,1.0,moved_toward_pathogenic,0.0,moved_toward_benign,0.2294655671190757,moved_toward_benign
2158026,564c60057febbfff08e3191964d808de8a5cd79ba54954ea3c3e74431bd69780,moved_toward_benign,4,2.0,False,0.15760739137803492,moved_toward_benign,0.19427938233174297,moved_toward_benign,0.21503013436363752,moved_toward_benign,1.0,moved_toward_pathogenic,0.0,moved_toward_benign,0.2302863170014115,moved_toward_benign
1480969,f656d0513b52b92852888dc0743e1014304149a3523c74e4fd9b8ec8b2095208,moved_toward_benign,0,2.0,False,0.20669524451792315,moved_toward_pathogenic,0.1999241391574056,moved_toward_benign,0.24300398907665055,moved_toward_pathogenic,1.0,moved_toward_pathogenic,0.0,moved_toward_benign,0.2304085635722685,moved_toward_benign
1928681,cc7e8ae0450f732930a36b5bdd731598bfc44da3d2fb1565d1f55382a2b1ba3b,moved_toward_benign,1,1.0,False,0.6498134074368401,moved_toward_pathogenic,0.6737412255232621,moved_toward_pathogenic,0.7377660431293096,moved_toward_pathogenic,0.0,moved_toward_benign,0.0,moved_toward_benign,0.2324228494994435,moved_toward_benign
1354065,f656d0513b52b92852888dc0743e1014304149a3523c74e4fd9b8ec8b2095208,moved_toward_benign,0,2.0,False,0.22214962435922436,moved_toward_pathogenic,0.21644605018454552,moved_toward_benign,0.29398079144023653,moved_toward_pathogenic,1.0,moved_toward_pathogenic,0.0,moved_toward_benign,0.2347770933071389,moved_toward_benign
1486840,67f3ad07133767ecb4c79b47ff71d612e6880923a9e096312aab898ff9eca152,moved_toward_benign,1,2.0,False,0.2307850484521413,moved_toward_pathogenic,0.12235118219604683,moved_toward_benign,0.26067110161156065,moved_toward_pathogenic,1.0,moved_toward_pathogenic,0.0,moved_toward_benign,0.239451733534801,moved_toward_benign
1504575,b99a939a9a98b03e70bd4686406201f9132e891006465f98160ca4bce7e44284,moved_toward_benign,3,2.0,False,0.16668994994319714,moved_toward_benign,0.0728557775082707,moved_toward_benign,0.16032707656026637,moved_toward_benign,1.0,moved_toward_pathogenic,0.0,moved_toward_benign,0.2397798403290919,moved_toward_benign
1361293,e235894692b885aee30fa91e932042e540bc094e808657ec451b887687046476,moved_toward_benign,2,2.0,False,0.18844494364909564,moved_toward_benign,0.18338754129365492,moved_toward_benign,0.2548543673087018,moved_toward_benign,1.0,moved_toward_pathogenic,0.0,moved_toward_benign,0.2403967505882198,moved_toward_benign
2230521,77f87b9a09792e86beb46b1a625ad2970f15f4119d95f9a06bda2fde5d9df789,moved_toward_benign,3,2.0,False,0.23727164143587942,moved_toward_pathogenic,0.2595303686671565,moved_toward_pathogenic,0.29226041871484504,moved_toward_pathogenic,1.0,moved_toward_pathogenic,0.0,moved_toward_benign,0.2465925788795186,moved_toward_benign
2534486,d997f8929fffb5782ad7a8d3b32101039c213c2a7f822d5db48258623af91c4e,moved_toward_benign,0,2.0,False,0.13300012043950962,moved_toward_benign,0.2070640278673387,moved_toward_benign,0.2550795651667181,moved_toward_pathogenic,1.0,moved_toward_pathogenic,0.0,moved_toward_benign,0.250665578485974,moved_toward_benign
2489661,db01a065c36fb6233ec2216ad3c657b9eb87f94043262f67f056f561004ad2b4,moved_toward_benign,0,2.0,False,0.38571322587988927,moved_toward_pathogenic,0.325241922733874,moved_toward_benign,0.33543868714931596,moved_toward_pathogenic,1.0,moved_toward_pathogenic,0.0,moved_toward_benign,0.2519052679676017,moved_toward_benign
2635736,e4a73f2c93486b261b36db5566c7227525d68e425a54849493f099726cfff3b3,moved_toward_benign,1,2.0,False,0.24275131470384342,moved_toward_pathogenic,0.4266539800202848,moved_toward_pathogenic,0.3229887282703211,moved_toward_pathogenic,1.0,moved_toward_pathogenic,0.0,moved_toward_benign,0.2525528906742295,moved_toward_benign
2358538,4985b1df2dee43e9952c9695246e9076fdc4adb9c2294c1861cc454d7eefa111,moved_toward_benign,4,2.0,False,0.48368433637055624,moved_toward_pathogenic,0.14938627443547323,moved_toward_benign,0.5518096519240426,moved_toward_pathogenic,1.0,moved_toward_pathogenic,0.0,moved_toward_benign,0.2556366310376025,moved_toward_benign
2374287,515d771198960bd6ef57819c827c1ff8ca222e964bfa8183d98db1a82af643c1,moved_toward_benign,1,2.0,False,0.5040220256238886,moved_toward_pathogenic,0.3670760018540121,moved_toward_pathogenic,0.5144127047416012,moved_toward_pathogenic,1.0,moved_toward_pathogenic,0.0,moved_toward_benign,0.2558262099154115,moved_toward_benign
1789882,4fd8596bf3788a90388746656b1375c40ede95be0b7601cc0fbf891286c55125,moved_toward_benign,3,2.0,False,0.19226212840726445,moved_toward_benign,0.08126712303046975,moved_toward_benign,0.1773934685824393,moved_toward_benign,1.0,moved_toward_pathogenic,0.0,moved_toward_benign,0.2560443749642599,moved_toward_benign
2634496,022eeb7dd92f4419e2c5d21197d753ec82a0c4ace209e819babb4e501326c756,moved_toward_benign,1,2.0,False,0.20215528981629707,moved_toward_benign,0.2902219567435687,moved_toward_pathogenic,0.2544126786266692,moved_toward_pathogenic,1.0,moved_toward_pathogenic,0.0,moved_toward_benign,0.2669944833514511,moved_toward_benign
2144392,462987dc4842c9fdba27dd2d1930c6eb60cebaac9d3e22a55d096248c8a07da8,moved_toward_benign,4,2.0,False,0.49828433228048075,moved_toward_pathogenic,0.642368036150316,moved_toward_pathogenic,0.5802259370352962,moved_toward_pathogenic,1.0,moved_toward_pathogenic,0.0,moved_toward_benign,0.2683949052690538,moved_toward_benign
2165251,48bfbc47fa45f1a85421d80afbac405013c064a2a68c5005720e06759e830aad,moved_toward_benign,0,2.0,False,0.3572405639194849,moved_toward_pathogenic,0.49766276895762396,moved_toward_pathogenic,0.4420627012574362,moved_toward_pathogenic,1.0,moved_toward_pathogenic,0.0,moved_toward_benign,0.2684571881063961,moved_toward_benign
2628758,41dce4a9b56a42ee6b68c4ec44af6fd5d4880be7323b971133a4ee059d41abc4,moved_toward_benign,4,2.0,False,0.17238996382033017,moved_toward_benign,0.17643549685629192,moved_toward_benign,0.22001622695619572,moved_toward_benign,1.0,moved_toward_pathogenic,0.0,moved_toward_benign,0.2712421588611188,moved_toward_benign
2398873,1d723c54dd96f4de0012fab4b3255e7e0bf4d6692f9a94751f7b244d4df3c89d,moved_toward_benign,2,2.0,False,0.1847627977267427,moved_toward_benign,0.24088402586424507,moved_toward_pathogenic,0.23678613390819334,moved_toward_benign,1.0,moved_toward_pathogenic,0.0,moved_toward_benign,0.2768141393477691,moved_toward_benign
2660560,e418372b3d3e1e7ee4852ab4c88edd534cd9bbcc235e705e44c8dd1040bd2e6e,moved_toward_benign,4,2.0,False,0.1714715732520524,moved_toward_benign,0.18521539418227065,moved_toward_benign,0.21875861060454002,moved_toward_benign,1.0,moved_toward_pathogenic,0.0,moved_toward_benign,0.2796640788263324,moved_toward_benign
1983897,cc7e8ae0450f732930a36b5bdd731598bfc44da3d2fb1565d1f55382a2b1ba3b,moved_toward_benign,1,2.0,False,0.44974007094591445,moved_toward_pathogenic,0.11920385017405666,moved_toward_benign,0.33792994229532797,moved_toward_pathogenic,1.0,moved_toward_pathogenic,0.0,moved_toward_benign,0.2824155727679697,moved_toward_benign
1694545,32b2b4929556c146cf9e5cd51b3575d09c6c9bd607329ac2bb6c6c3c484fbe37,moved_toward_benign,1,2.0,False,0.1695060231836642,moved_toward_benign,0.19471444896470172,moved_toward_benign,0.22456181435830383,moved_toward_pathogenic,1.0,moved_toward_pathogenic,0.0,moved_toward_benign,0.283258364717368,moved_toward_benign
2010398,cc7e8ae0450f732930a36b5bdd731598bfc44da3d2fb1565d1f55382a2b1ba3b,moved_toward_benign,1,2.0,False,0.048988935417364765,moved_toward_benign,0.23105859064149933,moved_toward_pathogenic,0.22952625579524272,moved_toward_pathogenic,1.0,moved_toward_pathogenic,0.0,moved_toward_benign,0.2838037236544349,moved_toward_benign
2187196,6a14e1e88a189480357ecdb3e3d3321a4c67b4fc702ee2a52dd6672b75180692,moved_toward_benign,0,2.0,False,0.2113973950262066,moved_toward_pathogenic,0.2690436471239302,moved_toward_benign,0.2616253744636676,moved_toward_pathogenic,1.0,moved_toward_pathogenic,0.0,moved_toward_benign,0.2938488390115671,moved_toward_benign
1925971,7c80947d3dfe281be394b8dcd2236d6ccf301b9b2cce7499cee5a10fbc3c7aed,moved_toward_benign,0,2.0,False,0.2121573737826323,moved_toward_pathogenic,0.2690436471239302,moved_toward_benign,0.26046516670191566,moved_toward_pathogenic,1.0,moved_toward_pathogenic,0.0,moved_toward_benign,0.2946554684410101,moved_toward_benign
2248272,7246bc35e950fb944a8b6744871d3919d16638d18d8197517b3b64c7bc677aa5,moved_toward_benign,0,2.0,False,0.212153752919385,moved_toward_pathogenic,0.3528963690446819,moved_toward_benign,0.3137111318307836,moved_toward_pathogenic,1.0,moved_toward_pathogenic,0.0,moved_toward_benign,0.2980373099336902,moved_toward_benign
2625023,7bbee68c10c7de72c44a83102c50853d34883e77214f1ec2b365f18dc9d500ed,moved_toward_benign,3,2.0,False,0.47724774867828007,moved_toward_pathogenic,0.5899216541910444,moved_toward_pathogenic,0.3943372983788509,moved_toward_pathogenic,1.0,moved_toward_pathogenic,0.0,moved_toward_benign,0.2994743850008216,moved_toward_benign
2034753,64e70227660fea274a85870ad8106a80618886197bc210e85fed73a292f59afb,moved_toward_pathogenic,1,2.0,False,0.7283404611192623,moved_toward_pathogenic,0.22739193387426215,moved_toward_pathogenic,0.44050072619092295,moved_toward_pathogenic,1.0,moved_toward_pathogenic,0.0,moved_toward_benign,0.6994000855784079,moved_toward_pathogenic
2150757,e235894692b885aee30fa91e932042e540bc094e808657ec451b887687046476,moved_toward_benign,2,2.0,False,0.26483337420277864,moved_toward_pathogenic,0.19300569391195582,moved_toward_benign,0.36532532736016804,moved_toward_pathogenic,1.0,moved_toward_pathogenic,0.0,moved_toward_benign,0.3016285127519679,moved_toward_benign
2148596,76cebef133ef4432e656899ee466e0b05f2f6ee431f6a625b4cfd734cf8aec3c,moved_toward_benign,2,2.0,False,0.16518438218097234,moved_toward_benign,0.24059304828861802,moved_toward_pathogenic,0.23657761743345276,moved_toward_benign,1.0,moved_toward_pathogenic,0.0,moved_toward_benign,0.3046309801926914,moved_toward_benign
2069159,d9a96dd8950e10244db56c7b4c60302b406e397af461092930c38e39348d1647,moved_toward_benign,1,2.0,False,0.1702009409480236,moved_toward_benign,0.09752888092125554,moved_toward_benign,0.22406753675769595,moved_toward_pathogenic,1.0,moved_toward_pathogenic,0.0,moved_toward_benign,0.3053559960842578,moved_toward_benign
2228504,40abbd5964bd2e2219307a48b903ab4cf2c90e83e49a336c82924ac948122b53,moved_toward_benign,2,2.0,False,0.13808428700502653,moved_toward_benign,0.1265877732968334,moved_toward_benign,0.2426851093412566,moved_toward_benign,1.0,moved_toward_pathogenic,0.0,moved_toward_benign,0.3078235634518499,moved_toward_benign
2578652,034e7dd517cec898f0f089754735e9d7f2ff252c6c4206017bb1262282c82368,moved_toward_benign,1,2.0,False,0.571631594541316,moved_toward_pathogenic,0.4314180195597899,moved_toward_pathogenic,0.44878320773822056,moved_toward_pathogenic,1.0,moved_toward_pathogenic,0.0,moved_toward_benign,0.3078687532056959,moved_toward_benign
2388225,8cbe45b0538e258648d337f31c38cb2db183e9f38c1b9ce678da099e7a0d694c,moved_toward_benign,2,2.0,False,0.14097148489553418,moved_toward_benign,0.17203228976244936,moved_toward_benign,0.2385000736373121,moved_toward_benign,1.0,moved_toward_pathogenic,0.0,moved_toward_benign,0.3136618729568434,moved_toward_benign
2138780,080354065684b2f8b9c222e7f346f70344d68f554737e9343271da7a817c9ea4,moved_toward_pathogenic,4,2.0,False,0.3919552857094134,moved_toward_pathogenic,0.10737943800511539,moved_toward_benign,0.2651407900505407,moved_toward_benign,1.0,moved_toward_pathogenic,0.0,moved_toward_benign,0.5505714019984739,moved_toward_pathogenic
2138308,b538b651d75ad35fa72961c25894a87ba711a75ef326cc23055c9714f9da0579,moved_toward_pathogenic,3,2.0,False,0.10985035792278078,moved_toward_benign,0.3664839001256601,moved_toward_pathogenic,0.11476796411194767,moved_toward_benign,1.0,moved_toward_pathogenic,0.0,moved_toward_benign,0.4765808755091894,moved_toward_pathogenic
2159554,8cc5d8538080e9e70e0fbaf5762a6c4e45d2af728c19a346a2ae862227b7ad91,moved_toward_pathogenic,3,2.0,False,0.38337196666313933,moved_toward_pathogenic,0.6918719421894544,moved_toward_pathogenic,0.39182000213942847,moved_toward_pathogenic,1.0,moved_toward_pathogenic,0.0,moved_toward_benign,0.4548990261301713,moved_toward_pathogenic
1449976,3dc43e86e5ca89fa2237473bede66fe94c7719ca16144581bc1f45260cda9346,moved_toward_pathogenic,3,2.0,False,0.5859697509495118,moved_toward_pathogenic,0.6431290476765429,moved_toward_pathogenic,0.5909812578873033,moved_toward_pathogenic,1.0,moved_toward_pathogenic,0.0,moved_toward_benign,0.4528769081459096,moved_toward_pathogenic
1705688,9662ff83fcd57cd49a3fcb0d1ac501b597ea30086cc8b15dc46d61ca5f874bf2,moved_toward_pathogenic,4,2.0,False,0.6338907431786124,moved_toward_pathogenic,0.2963637342120991,moved_toward_pathogenic,0.6088748958527812,moved_toward_pathogenic,1.0,moved_toward_pathogenic,0.0,moved_toward_benign,0.4517480020684276,moved_toward_pathogenic
2020840,feba12e07be796543e3b0a6d747b9006c3d6fa0aa94c1c9ed46f23ce71fa66ca,moved_toward_pathogenic,1,2.0,False,0.434241016674278,moved_toward_pathogenic,0.2507621588333399,moved_toward_pathogenic,0.38622317176786797,moved_toward_pathogenic,1.0,moved_toward_pathogenic,0.0,moved_toward_benign,0.408499024289189,moved_toward_pathogenic
1511645,e48ffd0b5aa6620f79890a21a36f7949bb55f15208ffe9d120df27609c034993,moved_toward_pathogenic,2,2.0,False,0.38472011145424445,moved_toward_pathogenic,0.25916124831840515,moved_toward_pathogenic,0.36370562644232374,moved_toward_pathogenic,1.0,moved_toward_pathogenic,0.0,moved_toward_benign,0.3926086869711704,moved_toward_pathogenic
2443508,90e2a81359ebdea96c880452eb39142d264eb6d5d9faa3c588f8d49e035afdbd,moved_toward_pathogenic,1,2.0,False,0.2820614228518853,moved_toward_pathogenic,0.45414636980893863,moved_toward_pathogenic,0.34671274153278997,moved_toward_pathogenic,1.0,moved_toward_pathogenic,0.0,moved_toward_benign,0.3841281685235223,moved_toward_pathogenic
2115096,740746cbf9ec73fabad3e13e8db7fd762171bdf28f3eec3b3eed17cc85ff1d05,moved_toward_benign,0,0.0,False,0.014386573932541733,moved_toward_benign,0.036768034908843054,moved_toward_benign,0.03984510126585111,moved_toward_benign,0.0,moved_toward_benign,0.0,moved_toward_benign,0.0064340908024092,moved_toward_benign
2064501,7eb7ec3ee042ecd37b96c647704a6e2dfb4d4236d32ed358ea73938d1c1a6dd1,moved_toward_benign,2,0.0,False,0.01598403554103771,moved_toward_benign,0.022494287370136434,moved_toward_benign,0.03785313158943303,moved_toward_benign,0.0,moved_toward_benign,0.0,moved_toward_benign,0.0070442695793473,moved_toward_benign
1501217,0149f3d41240d4efdf7a5a01fbe7fd2ce5bff59cb03757f921c510eb27cb0831,moved_toward_benign,0,0.0,False,0.016331771191649355,moved_toward_benign,0.035879056913552664,moved_toward_benign,0.0352068119766536,moved_toward_benign,0.0,moved_toward_benign,0.0,moved_toward_benign,0.0071760166695844,moved_toward_benign
1522922,0149f3d41240d4efdf7a5a01fbe7fd2ce5bff59cb03757f921c510eb27cb0831,moved_toward_benign,0,0.0,False,0.016360484881369406,moved_toward_benign,0.035879056913552664,moved_toward_benign,0.0352068119766536,moved_toward_benign,0.0,moved_toward_benign,0.0,moved_toward_benign,0.0071868795610653,moved_toward_benign
1424085,312d9cc32c0bc8c105f482782210b6eddf98ba466486e9c4f705ef70c13e2713,moved_toward_pathogenic,0,5.0,True,0.9447647603046921,moved_toward_pathogenic,0.8624942111432142,moved_toward_pathogenic,0.9138713947360484,moved_toward_pathogenic,1.0,moved_toward_pathogenic,0.0,moved_toward_benign,0.9922171616578492,moved_toward_pathogenic
2633740,98a001742977edec2ad70aec79962c88622b0c046a34d0fd842184b236aca2fc,moved_toward_benign,3,-2.0,True,0.0112638552273513,moved_toward_benign,0.010761849817225774,moved_toward_benign,0.009535908676196976,moved_toward_benign,0.0,moved_toward_benign,0.0,moved_toward_benign,0.0081761511403167,moved_toward_benign
2582870,a31c7eaf033a5a0ea397306d7c8f047fc01265228a874287713f497d693ee00c,moved_toward_benign,1,-2.0,True,0.023351774896754475,moved_toward_benign,0.00962201585586808,moved_toward_benign,0.003604914352674101,moved_toward_benign,0.0,moved_toward_benign,0.0,moved_toward_benign,0.0085707820199707,moved_toward_benign
1805124,ee72f79f5eeed936cf6168917eebf5703967d750ea9ed4efdebe71d90b338182,moved_toward_pathogenic,1,5.0,True,0.9685830315640857,moved_toward_pathogenic,0.9600908812427688,moved_toward_pathogenic,0.9662028240929441,moved_toward_pathogenic,1.0,moved_toward_pathogenic,0.0,moved_toward_benign,0.9911096989951748,moved_toward_pathogenic
1367461,1c529e263244f701049412377bbfe10dbad91c0b14969e1bc61f4ffb76e5f64e,moved_toward_pathogenic,3,1.0,False,0.9804035598431017,moved_toward_pathogenic,0.9001194774349988,moved_toward_pathogenic,0.9637190338258468,moved_toward_pathogenic,0.0,moved_toward_benign,0.0,moved_toward_benign,0.9908792034802194,moved_toward_pathogenic
2634199,022eeb7dd92f4419e2c5d21197d753ec82a0c4ace209e819babb4e501326c756,moved_toward_benign,1,-2.0,True,0.022005284038223407,moved_toward_benign,0.00962201585586808,moved_toward_benign,0.0035589164472534024,moved_toward_benign,0.0,moved_toward_benign,0.0,moved_toward_benign,0.0095750162574719,moved_toward_benign
1515881,94cda2fade4a2cecd2e69c84168409d5f9fdd276fdcc37ff714bd5c627e3c1ec,moved_toward_benign,0,-1.0,False,0.10614497074529723,moved_toward_benign,0.009784386518442578,moved_toward_benign,0.07896315020127341,moved_toward_benign,0.0,moved_toward_benign,0.0,moved_toward_benign,0.0106044894695589,moved_toward_benign
2179498,c7698580533a220dffb6a82f47a3594b99b63128559074df525f3d812484e297,moved_toward_benign,4,-2.0,True,0.023304687191440993,moved_toward_benign,0.007396236109079079,moved_toward_benign,0.005393976713593393,moved_toward_benign,0.0,moved_toward_benign,0.0,moved_toward_benign,0.0110052808023399,moved_toward_benign
2059210,e9e6221adf31c533f9aeb7acbcbe0d8a17bcb6b91b250bba3d7793252fa95463,moved_toward_benign,3,-2.0,True,0.0112638552273513,moved_toward_benign,0.007557580568370412,moved_toward_benign,0.007132403908727837,moved_toward_benign,0.0,moved_toward_benign,0.0,moved_toward_benign,0.0110466244188226,moved_toward_benign
2122619,847972d3270017ad1e075accd7db19db7046e715301dde3b63dbac55debc35fe,moved_toward_benign,1,-2.0,True,0.020377603377333978,moved_toward_benign,0.011188609402213903,moved_toward_benign,0.0025636257627580073,moved_toward_benign,0.0,moved_toward_benign,0.0,moved_toward_benign,0.0110466244188226,moved_toward_benign
2085942,0d8d6033ef9c2272edb96c2bbb21dbbbc9968f4d01b835a8b01dd982181e5e73,moved_toward_benign,1,-2.0,True,0.020372515070082954,moved_toward_benign,0.011188609402213903,moved_toward_benign,0.0025636257627580073,moved_toward_benign,0.0,moved_toward_benign,0.0,moved_toward_benign,0.0110517498569914,moved_toward_benign
2031963,50ec669e149ab88403ec71c4ef5fd269d8c8ad71c65ef206361d9dccb1d62bb8,moved_toward_benign,2,-2.0,True,0.02656692510154267,moved_toward_benign,0.008322797894997847,moved_toward_benign,0.005171430782126663,moved_toward_benign,0.0,moved_toward_benign,0.0,moved_toward_benign,0.0110568659766787,moved_toward_benign
1972006,c457e4bb258830b29aca11e330e48c83f9b34e68008752075beb98fe2ef0ae13,moved_toward_benign,2,-2.0,True,0.026532869188744014,moved_toward_benign,0.008322797894997847,moved_toward_benign,0.005171430782126663,moved_toward_benign,0.0,moved_toward_benign,0.0,moved_toward_benign,0.0110670704125201,moved_toward_benign
1946406,84ddfebc65c3047280ff5d8792f5a02f249101efe4376c40c4fb9daa48be71fd,moved_toward_benign,4,-2.0,True,0.023286638181357774,moved_toward_benign,0.005139256379396865,moved_toward_benign,0.005393976713593393,moved_toward_benign,0.0,moved_toward_benign,0.0,moved_toward_benign,0.0110823081208324,moved_toward_benign
2164603,5c297c1f020298479ab984a1740e9bf40b43f7b3beff6f551d78fc49e5818d79,moved_toward_benign,0,-2.0,True,0.01943027152113571,moved_toward_benign,0.007494638998490182,moved_toward_benign,0.0045369239165427185,moved_toward_benign,0.0,moved_toward_benign,0.0,moved_toward_benign,0.0110823081208324,moved_toward_benign
2037889,b61330780101a3e534e4ccecf1d695e4dc2135c9693740b7efe6b787c721ee2b,moved_toward_benign,3,-2.0,True,0.0112638552273513,moved_toward_benign,0.006625805804648721,moved_toward_benign,0.006881184968771035,moved_toward_benign,0.0,moved_toward_benign,0.0,moved_toward_benign,0.0111024979198783,moved_toward_benign
1983018,8478873613cf6e0fc2e759e161bc7f44ce70e68d23df0caaa589ddb97d33d7f5,moved_toward_benign,4,-2.0,True,0.023272641138804274,moved_toward_benign,0.0050975372658541695,moved_toward_benign,0.00549084011183434,moved_toward_benign,0.0,moved_toward_benign,0.0,moved_toward_benign,0.0111424502317142,moved_toward_benign
2055756,8d05018cf1e3a37505e6905b05c65eed279346068e6a2ec2eee1b671a7610155,moved_toward_benign,1,-2.0,True,0.020283059546310073,moved_toward_benign,0.009205848474699007,moved_toward_benign,0.0024162292727406033,moved_toward_benign,0.0,moved_toward_benign,0.0,moved_toward_benign,0.0111424502317142,moved_toward_benign
2088507,3ce96a243ebbd8a05e61fa087cb25e1f88a93f58bc76b4f81d24afa6b68f9ae1,moved_toward_benign,4,-2.0,True,0.023271491723160457,moved_toward_benign,0.0050975372658541695,moved_toward_benign,0.00549084011183434,moved_toward_benign,0.0,moved_toward_benign,0.0,moved_toward_benign,0.0111474048974255,moved_toward_benign
1970334,8d05018cf1e3a37505e6905b05c65eed279346068e6a2ec2eee1b671a7610155,moved_toward_benign,1,-2.0,True,0.020244545959921225,moved_toward_benign,0.00826793938583705,moved_toward_benign,0.0024162292727406033,moved_toward_benign,0.0,moved_toward_benign,0.0,moved_toward_benign,0.0111818476538008,moved_toward_benign
2020360,76cebef133ef4432e656899ee466e0b05f2f6ee431f6a625b4cfd734cf8aec3c,moved_toward_benign,2,-2.0,True,0.026154822803309875,moved_toward_benign,0.005816511853661734,moved_toward_benign,0.005172138557767919,moved_toward_benign,0.0,moved_toward_benign,0.0,moved_toward_benign,0.0111818476538008,moved_toward_benign
2184014,8d05018cf1e3a37505e6905b05c65eed279346068e6a2ec2eee1b671a7610155,moved_toward_benign,1,-2.0,True,0.020244545959921225,moved_toward_benign,0.00826793938583705,moved_toward_benign,0.0024162292727406033,moved_toward_benign,0.0,moved_toward_benign,0.0,moved_toward_benign,0.0111818476538008,moved_toward_benign
2173039,1f4d6f54ca48098c82ee34e410ca2248ae85be32e258893e70acd7b29491bccc,moved_toward_benign,1,-2.0,True,0.02021144364886732,moved_toward_benign,0.008397649943053797,moved_toward_benign,0.0024162292727406033,moved_toward_benign,0.0,moved_toward_benign,0.0,moved_toward_benign,0.0112158786359626,moved_toward_benign
2173993,1b144921be2dc6ca7aa1b05c979ac9cdce4f4c6bfa8b85a497aef0d24e702d90,moved_toward_benign,3,-2.0,True,0.0112638552273513,moved_toward_benign,0.005746319048385885,moved_toward_benign,0.00683230243288826,moved_toward_benign,0.0,moved_toward_benign,0.0,moved_toward_benign,0.0112207072327039,moved_toward_benign
2084867,ec1daac1072790f023adf9f00162570b5ba448171e57456bb01a4ed4c5942ac4,moved_toward_benign,0,-2.0,True,0.019742023567567324,moved_toward_benign,0.007192539975055367,moved_toward_benign,0.0045369239165427185,moved_toward_benign,0.0,moved_toward_benign,0.0,moved_toward_benign,0.011235144252246,moved_toward_benign
2020766,394430d441e68bdea464f8e00a2225ff2224012edb991b4e857d7efd9557cdf3,moved_toward_benign,4,-2.0,True,0.023243560779617183,moved_toward_benign,0.0050975372658541695,moved_toward_benign,0.005226182194010015,moved_toward_benign,0.0,moved_toward_benign,0.0,moved_toward_benign,0.0112685500409736,moved_toward_benign
2071322,d18e757efbf212cb413645f679a47851c058644f40a66caf503e8eb19674f3d5,moved_toward_benign,1,-2.0,True,0.02015594208628829,moved_toward_benign,0.00856712566000898,moved_toward_benign,0.0024162292727406033,moved_toward_benign,0.0,moved_toward_benign,0.0,moved_toward_benign,0.0112732906676202,moved_toward_benign
2144826,b5523974857390232b9f29670c9e6417d879597d50629ef34bc1667af7b7507a,moved_toward_benign,3,-2.0,True,0.0112638552273513,moved_toward_benign,0.005746319048385885,moved_toward_benign,0.00683230243288826,moved_toward_benign,0.0,moved_toward_benign,0.0,moved_toward_benign,0.011282748492658,moved_toward_benign
2162109,23265ea5cc0366940ba86deae7de58b59add9a5ce1e236f4231370579dd29bcf,moved_toward_benign,1,-2.0,True,0.0201332645603387,moved_toward_benign,0.00856712566000898,moved_toward_benign,0.0024162292727406033,moved_toward_benign,0.0,moved_toward_benign,0.0,moved_toward_benign,0.0112968770914796,moved_toward_benign
1403789,c7698580533a220dffb6a82f47a3594b99b63128559074df525f3d812484e297,moved_toward_benign,4,-2.0,True,0.023234934162518643,moved_toward_benign,0.0050975372658541695,moved_toward_benign,0.005226182194010015,moved_toward_benign,0.0,moved_toward_benign,0.0,moved_toward_benign,0.0113062577302906,moved_toward_benign
1506450,248072d661f78fa331525d86f065cb2602110931079f589fd9dc2b9fca9cd4c2,moved_toward_benign,1,-2.0,True,0.02012426534435841,moved_toward_benign,0.00856712566000898,moved_toward_benign,0.0024162292727406033,moved_toward_benign,0.0,moved_toward_benign,0.0,moved_toward_benign,0.0113062577302906,moved_toward_benign
1901613,8d05018cf1e3a37505e6905b05c65eed279346068e6a2ec2eee1b671a7610155,moved_toward_benign,1,-2.0,True,0.02012426534435841,moved_toward_benign,0.00856712566000898,moved_toward_benign,0.0024162292727406033,moved_toward_benign,0.0,moved_toward_benign,0.0,moved_toward_benign,0.0113062577302906,moved_toward_benign
1433803,b0989d23c9dd96927641f30eb257c44367f725d3c45c88fd6673a591e1f894ea,moved_toward_benign,1,-2.0,True,0.02011978094488311,moved_toward_benign,0.007718595388513568,moved_toward_benign,0.0024162292727406033,moved_toward_benign,0.0,moved_toward_benign,0.0,moved_toward_benign,0.0113109366059957,moved_toward_benign
2168919,3d8c0601d69006b505e717aad4e3feee7de84b8e89edeac7a73c68b5b969181d,moved_toward_benign,3,-2.0,True,0.0112638552273513,moved_toward_benign,0.005746319048385885,moved_toward_benign,0.00683230243288826,moved_toward_benign,0.0,moved_toward_benign,0.0,moved_toward_benign,0.0113156078897142,moved_toward_benign
1461637,55b775ac211aaecd37015035c179c4dfa7992273c56af251ddd4bc7ea1fb7f23,moved_toward_benign,2,-2.0,True,0.025623090183748778,moved_toward_benign,0.0059512552913076845,moved_toward_benign,0.005086242517833343,moved_toward_benign,0.0,moved_toward_benign,0.0,moved_toward_benign,0.0113480966042231,moved_toward_benign
2634492,e21dc863c1f3178f1e90a046ce8b5ca7c3e26bf172f23825c2c2daf8df52e303,moved_toward_benign,2,-2.0,True,0.025623090183748778,moved_toward_benign,0.0059512552913076845,moved_toward_benign,0.005086242517833343,moved_toward_benign,0.0,moved_toward_benign,0.0,moved_toward_benign,0.0113480966042231,moved_toward_benign
1899589,4bf5c17f003282ff9b2ed4766a783f65919fb2c5719c7e30fc6dd24682ab95e9,moved_toward_benign,0,-2.0,True,0.01998226174268284,moved_toward_benign,0.007356341065500138,moved_toward_benign,0.0045369239165427185,moved_toward_benign,0.0,moved_toward_benign,0.0,moved_toward_benign,0.0113527081349117,moved_toward_benign
2013560,a6bf4a542cff60b9fef9d67834922032f78ccaba92474bb80eaa6ed5a6c78ae6,moved_toward_benign,4,-2.0,True,0.02322435070679976,moved_toward_benign,0.0050975372658541695,moved_toward_benign,0.005226182194010015,moved_toward_benign,0.0,moved_toward_benign,0.0,moved_toward_benign,0.0113527081349117,moved_toward_benign
1356273,3bc641e8ddbe934d5d6816e869c2a6c1d87543f1014bd44df40a0540de177a67,moved_toward_benign,1,-2.0,True,0.020075484402442674,moved_toward_benign,0.007031251382656806,moved_toward_benign,0.0024162292727406033,moved_toward_benign,0.0,moved_toward_benign,0.0,moved_toward_benign,0.0113573123170435,moved_toward_benign
1970819,3746c77bafef1ba5eebf5e297fa70c8eb0ac561b044fe35c423a3f3210891c37,moved_toward_benign,3,-2.0,True,0.0112638552273513,moved_toward_benign,0.005746319048385885,moved_toward_benign,0.00683230243288826,moved_toward_benign,0.0,moved_toward_benign,0.0,moved_toward_benign,0.0113573123170435,moved_toward_benign
2168173,cac47b8fdcd3106dede98d245cc66159f678d8c9fd851f195eb6f9c9b412d987,moved_toward_benign,0,-2.0,True,0.01999167785647977,moved_toward_benign,0.007356341065500138,moved_toward_benign,0.0045369239165427185,moved_toward_benign,0.0,moved_toward_benign,0.0,moved_toward_benign,0.0113573123170435,moved_toward_benign
1449141,8d739e82fe045a4198e1cff1ecc935ace9a638a57151e79b37e0abc617f85282,moved_toward_benign,4,-2.0,True,0.023221217740245985,moved_toward_benign,0.0050975372658541695,moved_toward_benign,0.005226182194010015,moved_toward_benign,0.0,moved_toward_benign,0.0,moved_toward_benign,0.0113664987406759,moved_toward_benign
2081224,f167717fb2ed36e774225dd5b609cd208e028ba12cfc08946de444227e4e80d2,moved_toward_benign,3,-2.0,True,0.0112638552273513,moved_toward_benign,0.005746319048385885,moved_toward_benign,0.00683230243288826,moved_toward_benign,0.0,moved_toward_benign,0.0,moved_toward_benign,0.0113664987406759,moved_toward_benign
2161650,8cb90ae5eb21ec008cc893888409d9a14af02066fa5cf281ec8bd99055663314,moved_toward_benign,3,-2.0,True,0.0112638552273513,moved_toward_benign,0.005746319048385885,moved_toward_benign,0.00683230243288826,moved_toward_benign,0.0,moved_toward_benign,0.0,moved_toward_benign,0.0113664987406759,moved_toward_benign
2107887,f2215d7e0fc885b4427e8293ad8052f882179305126516b6eb259ce557da10eb,moved_toward_benign,0,-2.0,True,0.02004787379349469,moved_toward_benign,0.007356341065500138,moved_toward_benign,0.0045369239165427185,moved_toward_benign,0.0,moved_toward_benign,0.0,moved_toward_benign,0.0113847845525692,moved_toward_benign
2104445,50ec669e149ab88403ec71c4ef5fd269d8c8ad71c65ef206361d9dccb1d62bb8,moved_toward_benign,2,-2.0,True,0.02547983173469838,moved_toward_benign,0.00584042242061847,moved_toward_benign,0.005086242517833343,moved_toward_benign,0.0,moved_toward_benign,0.0,moved_toward_benign,0.0113938843512024,moved_toward_benign
1990495,f80a9dcba7de0ea46080249ffc62723b6b93371ad430a1cf92e8ad87624e4c60,moved_toward_benign,3,-2.0,True,0.0112638552273513,moved_toward_benign,0.005746319048385885,moved_toward_benign,0.00683230243288826,moved_toward_benign,0.0,moved_toward_benign,0.0,moved_toward_benign,0.0113984235623514,moved_toward_benign
2023443,b7501fefe971bb7ec1ea7ce824166db274f98bb995f136954b0fb25abc2b5aac,moved_toward_benign,4,-2.0,True,0.023211931951758157,moved_toward_benign,0.0050975372658541695,moved_toward_benign,0.005226182194010015,moved_toward_benign,0.0,moved_toward_benign,0.0,moved_toward_benign,0.0114074807334147,moved_toward_benign
1506838,f36605e696944089e1bbcf18995ee9d8f9fa6a2cd97d60c18f480025f81c797f,moved_toward_benign,2,-2.0,True,0.025423528182981082,moved_toward_benign,0.00584042242061847,moved_toward_benign,0.005086242517833343,moved_toward_benign,0.0,moved_toward_benign,0.0,moved_toward_benign,0.0114119987429601,moved_toward_benign
2022603,e3853b5796e166bff6ed0e64ff44dfe6b4a803cbe64a8f97e5efb516044fd8ba,moved_toward_benign,4,-2.0,True,0.023210910491514674,moved_toward_benign,0.0050975372658541695,moved_toward_benign,0.005226182194010015,moved_toward_benign,0.0,moved_toward_benign,0.0,moved_toward_benign,0.0114119987429601,moved_toward_benign
1930038,eecca16797af500352275d8c3b68a69ff287a0e30dd8b1237f693fa139629fe7,moved_toward_benign,2,-2.0,True,0.02540953959093316,moved_toward_benign,0.00584042242061847,moved_toward_benign,0.005086242517833343,moved_toward_benign,0.0,moved_toward_benign,0.0,moved_toward_benign,0.0114165097347103,moved_toward_benign
2166320,3e68404a1b5b0ab7d529b65d9b2035ef9a4db19c5a62e028393c8a4f8dab504c,moved_toward_benign,2,-2.0,True,0.025367780869554834,moved_toward_benign,0.00584042242061847,moved_toward_benign,0.005086242517833343,moved_toward_benign,0.0,moved_toward_benign,0.0,moved_toward_benign,0.0114300008473236,moved_toward_benign
2065202,8d05018cf1e3a37505e6905b05c65eed279346068e6a2ec2eee1b671a7610155,moved_toward_benign,1,-2.0,True,0.020002377188111157,moved_toward_benign,0.006166575115069805,moved_toward_benign,0.0024162292727406033,moved_toward_benign,0.0,moved_toward_benign,0.0,moved_toward_benign,0.0114344840113676,moved_toward_benign
1910799,ce18b8f73d0dc80c32ed503f16b94bda3ca181c15294018a263a97d3e9a88025,moved_toward_benign,3,-2.0,True,0.0112638552273513,moved_toward_benign,0.005954425679125348,moved_toward_benign,0.00683230243288826,moved_toward_benign,0.0,moved_toward_benign,0.0,moved_toward_benign,0.0114434296731405,moved_toward_benign
2119999,0c86eb2ffe20c6667d02db692d3d83de5ae6902828021fd5366dcfe87f3c4161,moved_toward_benign,4,-2.0,True,0.023203816642176796,moved_toward_benign,0.0050975372658541695,moved_toward_benign,0.005209638572786007,moved_toward_benign,0.0,moved_toward_benign,0.0,moved_toward_benign,0.0114434296731405,moved_toward_benign
1971001,50ec669e149ab88403ec71c4ef5fd269d8c8ad71c65ef206361d9dccb1d62bb8,moved_toward_benign,2,-2.0,True,0.025312580080932418,moved_toward_benign,0.00584042242061847,moved_toward_benign,0.005086242517833343,moved_toward_benign,0.0,moved_toward_benign,0.0,moved_toward_benign,0.0114478922183939,moved_toward_benign
1900448,b117f2a7a6a9cb9cfcbd0ea204e43517abe2b57973e235826b7b0e3034fba2cf,moved_toward_benign,3,-2.0,True,0.0112638552273513,moved_toward_benign,0.006243669767126898,moved_toward_benign,0.00683230243288826,moved_toward_benign,0.0,moved_toward_benign,0.0,moved_toward_benign,0.0114612389941035,moved_toward_benign
1943467,5b4c4d13b1178f2a757d652c3f9c0c3140e6a07d00d11fad15d02f5254815881,moved_toward_benign,2,-2.0,True,0.025271532439937242,moved_toward_benign,0.005947746745703989,moved_toward_benign,0.005086242517833343,moved_toward_benign,0.0,moved_toward_benign,0.0,moved_toward_benign,0.0114612389941035,moved_toward_benign
1988271,8d05018cf1e3a37505e6905b05c65eed279346068e6a2ec2eee1b671a7610155,moved_toward_benign,1,-2.0,True,0.019968885964632622,moved_toward_benign,0.006166575115069805,moved_toward_benign,0.0024162292727406033,moved_toward_benign,0.0,moved_toward_benign,0.0,moved_toward_benign,0.0114701030274307,moved_toward_benign
1897480,8d05018cf1e3a37505e6905b05c65eed279346068e6a2ec2eee1b671a7610155,moved_toward_benign,1,-2.0,True,0.019952350823356214,moved_toward_benign,0.006166575115069805,moved_toward_benign,0.0024162292727406033,moved_toward_benign,0.0,moved_toward_benign,0.0,moved_toward_benign,0.0114877507602831,moved_toward_benign
1973847,1c21d114a2216ea8dcfda3c5a055bd19d7dd16c8682b6cd5c7b2bab0d3258dc0,moved_toward_benign,4,-2.0,True,0.023186013423152154,moved_toward_benign,0.0050975372658541695,moved_toward_benign,0.005209638572786007,moved_toward_benign,0.0,moved_toward_benign,0.0,moved_toward_benign,0.0115227299245166,moved_toward_benign
2098835,50ec669e149ab88403ec71c4ef5fd269d8c8ad71c65ef206361d9dccb1d62bb8,moved_toward_benign,2,-2.0,True,0.02507069124115961,moved_toward_benign,0.005947746745703989,moved_toward_benign,0.005086242517833343,moved_toward_benign,0.0,moved_toward_benign,0.0,moved_toward_benign,0.0115270730964385,moved_toward_benign
2178643,bc34773c0adef145e45133b0e8143ba0b91ec0e32ec348e07bc8efd19a9596fa,moved_toward_benign,4,-2.0,True,0.023184072910786013,moved_toward_benign,0.0050975372658541695,moved_toward_benign,0.005209638572786007,moved_toward_benign,0.0,moved_toward_benign,0.0,moved_toward_benign,0.0115314098463375,moved_toward_benign
1977585,50ec669e149ab88403ec71c4ef5fd269d8c8ad71c65ef206361d9dccb1d62bb8,moved_toward_benign,2,-2.0,True,0.02496646402167671,moved_toward_benign,0.006879108117284036,moved_toward_benign,0.005086242517833343,moved_toward_benign,0.0,moved_toward_benign,0.0,moved_toward_benign,0.011561589056613,moved_toward_benign
2093305,a1eba58886d70f92c494db3eab1bf857da0efd8000f38eaa784ccb21e260506f,moved_toward_benign,4,-2.0,True,0.023176383502861702,moved_toward_benign,0.0050975372658541695,moved_toward_benign,0.005209638572786007,moved_toward_benign,0.0,moved_toward_benign,0.0,moved_toward_benign,0.0115658751889222,moved_toward_benign
1916036,260d75337dd0e97e74346eafdada930864c13e2918838ac6daf859a35d862885,moved_toward_benign,2,-2.0,True,0.024940710284300723,moved_toward_benign,0.006879108117284036,moved_toward_benign,0.005087447747487934,moved_toward_benign,0.0,moved_toward_benign,0.0,moved_toward_benign,0.0115701550872467,moved_toward_benign
2154547,0b0c109c40fdb030d3e00a9e1ab70d6d10640be68df7ce5223344b21eca64998,moved_toward_benign,0,-2.0,True,0.02044510469598145,moved_toward_benign,0.0071861880064458435,moved_toward_benign,0.0045369239165427185,moved_toward_benign,0.0,moved_toward_benign,0.0,moved_toward_benign,0.0115786962632908,moved_toward_benign
1979963,1e34669ded88ae2e91b748a63386d31ce359bdaf903713eaa614005962f494f5,moved_toward_benign,3,-2.0,True,0.0112638552273513,moved_toward_benign,0.006304751103687744,moved_toward_benign,0.00683230243288826,moved_toward_benign,0.0,moved_toward_benign,0.0,moved_toward_benign,0.0115872127464155,moved_toward_benign
2007343,fcd2ab23bbfac0902bba74ee8eaefcbb9185debb727229cf774bfd7c44a0bcc0,moved_toward_benign,4,-2.0,True,0.02317163556177518,moved_toward_benign,0.0050975372658541695,moved_toward_benign,0.005209638572786007,moved_toward_benign,0.0,moved_toward_benign,0.0,moved_toward_benign,0.0115872127464155,moved_toward_benign
1972043,50ec669e149ab88403ec71c4ef5fd269d8c8ad71c65ef206361d9dccb1d62bb8,moved_toward_benign,2,-2.0,True,0.024864160524140866,moved_toward_benign,0.007143231352346239,moved_toward_benign,0.005087447747487934,moved_toward_benign,0.0,moved_toward_benign,0.0,moved_toward_benign,0.0115957046966604,moved_toward_benign
2182059,91ddf9f7ce766f55b31db10570e127b6331ea20a2e0d67c0540903376c53912b,moved_toward_benign,3,-2.0,True,0.0112638552273513,moved_toward_benign,0.006304751103687744,moved_toward_benign,0.00683230243288826,moved_toward_benign,0.0,moved_toward_benign,0.0,moved_toward_benign,0.0115957046966604,moved_toward_benign
2070302,901919e557357635b2d54c8f5dcd614782c2c7a465f3d06cc5a90bbc4b52dcfd,moved_toward_benign,2,-2.0,True,0.024851504711717237,moved_toward_benign,0.007143231352346239,moved_toward_benign,0.005087447747487934,moved_toward_benign,0.0,moved_toward_benign,0.0,moved_toward_benign,0.0115999415215251,moved_toward_benign
1953501,5e82ebd126e11a263f9d21c9beaeeae763a6b4ce431cfc35fa60a1865ded0381,moved_toward_benign,0,-2.0,True,0.02052333605222542,moved_toward_benign,0.0071861880064458435,moved_toward_benign,0.0045369239165427185,moved_toward_benign,0.0,moved_toward_benign,0.0,moved_toward_benign,0.0116168282767325,moved_toward_benign
2175733,44f53dc89b86f314e1710106c1df9090d107d4cc8d41a27d8bbe8623bfcc4b1d,moved_toward_benign,2,-2.0,True,0.024801169905509887,moved_toward_benign,0.007143231352346239,moved_toward_benign,0.005087447747487934,moved_toward_benign,0.0,moved_toward_benign,0.0,moved_toward_benign,0.0116168282767325,moved_toward_benign
2414264,0bd1f8a08f8938e9ca7d7ea9ce56896b7f658466b9e0dfa71f892f4b56e0ee91,moved_toward_benign,0,-2.0,True,0.020583518250542037,moved_toward_benign,0.0071861880064458435,moved_toward_benign,0.0045369239165427185,moved_toward_benign,0.0,moved_toward_benign,0.0,moved_toward_benign,0.0116461499699746,moved_toward_benign
1926329,8d05018cf1e3a37505e6905b05c65eed279346068e6a2ec2eee1b671a7610155,moved_toward_benign,1,-2.0,True,0.019798016172110258,moved_toward_benign,0.006803822757458894,moved_toward_benign,0.0024162292727406033,moved_toward_benign,0.0,moved_toward_benign,0.0,moved_toward_benign,0.0116544745387957,moved_toward_benign
2034724,50ec669e149ab88403ec71c4ef5fd269d8c8ad71c65ef206361d9dccb1d62bb8,moved_toward_benign,2,-2.0,True,0.024677311640131195,moved_toward_benign,0.007143231352346239,moved_toward_benign,0.005087447747487934,moved_toward_benign,0.0,moved_toward_benign,0.0,moved_toward_benign,0.0116586280732778,moved_toward_benign
2177766,76ca71c04d9e24a9349c470fff3b1b2cbfe81501ee5204c7448873b5f240e851,moved_toward_benign,0,-2.0,True,0.02063465079271391,moved_toward_benign,0.0071861880064458435,moved_toward_benign,0.0045369239165427185,moved_toward_benign,0.0,moved_toward_benign,0.0,moved_toward_benign,0.011671053896763,moved_toward_benign
1940346,ad6c93cfd8b7686ae521f8d92c1eb1627842f5a4d013482047797a09ca979eac,moved_toward_benign,3,-2.0,True,0.0112638552273513,moved_toward_benign,0.006304751103687744,moved_toward_benign,0.00683230243288826,moved_toward_benign,0.0,moved_toward_benign,0.0,moved_toward_benign,0.0116751843051262,moved_toward_benign
1948448,05cf37c342914ce120a87094d47c7b416b4e841356529213f0aed9bcc3109adc,moved_toward_benign,3,-2.0,True,0.0112638552273513,moved_toward_benign,0.006304751103687744,moved_toward_benign,0.00683230243288826,moved_toward_benign,0.0,moved_toward_benign,0.0,moved_toward_benign,0.0116793089771303,moved_toward_benign
1908464,bc34773c0adef145e45133b0e8143ba0b91ec0e32ec348e07bc8efd19a9596fa,moved_toward_benign,4,-2.0,True,0.023144036684198194,moved_toward_benign,0.005115071911409172,moved_toward_benign,0.005205627374861471,moved_toward_benign,0.0,moved_toward_benign,0.0,moved_toward_benign,0.0117121019733111,moved_toward_benign
2099646,90fce73cb7c144cf09bf1f8c6719765172f384716c0574b2c5c1248e921fc8a1,moved_toward_benign,2,-2.0,True,0.024496624291000763,moved_toward_benign,0.007124263147188485,moved_toward_benign,0.005087447747487934,moved_toward_benign,0.0,moved_toward_benign,0.0,moved_toward_benign,0.0117202440913759,moved_toward_benign
2172543,6303aeafae0e4835316db6fe34d3d5f37c9b80db1c77908402b142ea91f02986,moved_toward_benign,0,-2.0,True,0.020744043721500644,moved_toward_benign,0.0071861880064458435,moved_toward_benign,0.0045369239165427185,moved_toward_benign,0.0,moved_toward_benign,0.0,moved_toward_benign,0.0117243068255624,moved_toward_benign
1907297,462987dc4842c9fdba27dd2d1930c6eb60cebaac9d3e22a55d096248c8a07da8,moved_toward_benign,4,-2.0,True,0.023140466747852827,moved_toward_benign,0.005115071911409172,moved_toward_benign,0.005205627374861471,moved_toward_benign,0.0,moved_toward_benign,0.0,moved_toward_benign,0.0117283640325051,moved_toward_benign
1944652,6d6c1ff8fa175a29c4dc2bf21ac39445f329b78cd21b3d5cb57e95a3be6119e4,moved_toward_benign,4,-2.0,True,0.023140466747852827,moved_toward_benign,0.005115071911409172,moved_toward_benign,0.005205627374861471,moved_toward_benign,0.0,moved_toward_benign,0.0,moved_toward_benign,0.0117283640325051,moved_toward_benign
2084134,2b5f87f3708ae9f3253ba02b2a2f1c4ecdba42c02910dcf1e4a25696a6f80e6e,moved_toward_benign,2,-2.0,True,0.024472978883390808,moved_toward_benign,0.007124263147188485,moved_toward_benign,0.005087447747487934,moved_toward_benign,0.0,moved_toward_benign,0.0,moved_toward_benign,0.0117283640325051,moved_toward_benign
2148511,7b30044692fe3914571b2a0c2c8a7fadc3efd901b8614709691433cc9d06803e,moved_toward_benign,0,-2.0,True,0.020752381128074558,moved_toward_benign,0.0071861880064458435,moved_toward_benign,0.0045369239165427185,moved_toward_benign,0.0,moved_toward_benign,0.0,moved_toward_benign,0.0117283640325051,moved_toward_benign
2069993,8b1d5583838eed23512f78db573e09e0ee15d5d5f213439edeb3b021242f83b2,moved_toward_benign,0,-2.0,True,0.020769023286868717,moved_toward_benign,0.0071861880064458435,moved_toward_benign,0.0045369239165427185,moved_toward_benign,0.0,moved_toward_benign,0.0,moved_toward_benign,0.0117364619321351,moved_toward_benign
1997254,3ce96a243ebbd8a05e61fa087cb25e1f88a93f58bc76b4f81d24afa6b68f9ae1,moved_toward_benign,4,-2.0,True,0.023135158116518152,moved_toward_benign,0.005115071911409172,moved_toward_benign,0.005205627374861471,moved_toward_benign,0.0,moved_toward_benign,0.0,moved_toward_benign,0.011752592142247,moved_toward_benign
2050441,4de4c0643275532005e3cf10c0df69aeac680facc21a2c633faa426a597ba66d,moved_toward_benign,2,-2.0,True,0.024333230176408458,moved_toward_benign,0.007124263147188485,moved_toward_benign,0.005087447747487934,moved_toward_benign,0.0,moved_toward_benign,0.0,moved_toward_benign,0.0117766254592048,moved_toward_benign
2160167,746f2f834cd163826c40a19ba15c6fb41e709b374ffca2c8685d7c98281f3912,moved_toward_benign,3,-2.0,True,0.0112638552273513,moved_toward_benign,0.006408180548454371,moved_toward_benign,0.006957693975109798,moved_toward_benign,0.0,moved_toward_benign,0.0,moved_toward_benign,0.0117845938833151,moved_toward_benign
2070616,8d519a14c074d08ffd2d05ada80c1d84ea0d1551c9c16d1735d0b6c923593a3a,moved_toward_benign,0,-2.0,True,0.020876152753671436,moved_toward_benign,0.0071861880064458435,moved_toward_benign,0.0045369239165427185,moved_toward_benign,0.0,moved_toward_benign,0.0,moved_toward_benign,0.0117885701643209,moved_toward_benign
2063908,9677c662df15379be632a9ab7c6675c50593bb68a11007ea420dc5335a88aeb7,moved_toward_benign,1,-2.0,True,0.01966204271178572,moved_toward_benign,0.006803822757458894,moved_toward_benign,0.002438128098414034,moved_toward_benign,0.0,moved_toward_benign,0.0,moved_toward_benign,0.0118044227810783,moved_toward_benign
2203268,e3853b5796e166bff6ed0e64ff44dfe6b4a803cbe64a8f97e5efb516044fd8ba,moved_toward_benign,4,-2.0,True,0.023121265369064916,moved_toward_benign,0.005115071911409172,moved_toward_benign,0.005179694217360409,moved_toward_benign,0.0,moved_toward_benign,0.0,moved_toward_benign,0.0118162575456382,moved_toward_benign
1439221,64e70227660fea274a85870ad8106a80618886197bc210e85fed73a292f59afb,moved_toward_benign,1,-2.0,True,0.01964437436472089,moved_toward_benign,0.006803822757458894,moved_toward_benign,0.002438128098414034,moved_toward_benign,0.0,moved_toward_benign,0.0,moved_toward_benign,0.0118241215721725,moved_toward_benign
1913570,cd92833be76199e825d0ce8170339326a5cd9940cfe33494de9b6ac18116ca87,moved_toward_benign,2,-2.0,True,0.024141245911369322,moved_toward_benign,0.007124263147188485,moved_toward_benign,0.005087447747487934,moved_toward_benign,0.0,moved_toward_benign,0.0,moved_toward_benign,0.0118436921615701,moved_toward_benign
1971305,4328ff8c1238de512093e4a1f73e2859c3fbadfb9f8a4ede079c7c5567baf960,moved_toward_benign,0,-2.0,True,0.021029575987925108,moved_toward_benign,0.0071861880064458435,moved_toward_benign,0.004520572372347206,moved_toward_benign,0.0,moved_toward_benign,0.0,moved_toward_benign,0.0118631364111951,moved_toward_benign
2173729,5253e381d05ab75f052ed245508b0bf733e4a08d21bbfe25c937857d72266e7a,moved_toward_benign,2,-2.0,True,0.02408606142288685,moved_toward_benign,0.007124263147188485,moved_toward_benign,0.005087447747487934,moved_toward_benign,0.0,moved_toward_benign,0.0,moved_toward_benign,0.0118631364111951,moved_toward_benign
2176508,7387dc12d1fa86ae8f77d331a623b3c4f6860a66ca3bbd594ba8c42981aa2850,moved_toward_benign,1,-2.0,True,0.01958547625466761,moved_toward_benign,0.006803822757458894,moved_toward_benign,0.002438128098414034,moved_toward_benign,0.0,moved_toward_benign,0.0,moved_toward_benign,0.0118901495677501,moved_toward_benign
2192598,1fe0cc6658871619d6d7e6538c799f325240792f5b601886968d592e6e9de4be,moved_toward_benign,2,-2.0,True,0.024009747367173557,moved_toward_benign,0.007124263147188485,moved_toward_benign,0.005087447747487934,moved_toward_benign,0.0,moved_toward_benign,0.0,moved_toward_benign,0.0118901495677501,moved_toward_benign
1972188,50ec669e149ab88403ec71c4ef5fd269d8c8ad71c65ef206361d9dccb1d62bb8,moved_toward_benign,2,-2.0,True,0.023998933876476555,moved_toward_benign,0.007124263147188485,moved_toward_benign,0.005087447747487934,moved_toward_benign,0.0,moved_toward_benign,0.0,moved_toward_benign,0.0118939889518591,moved_toward_benign
2074285,8f3861789a621e7d4a46e8c803b5306522decd2628c22b4a19721f319ccdea63,moved_toward_benign,3,-2.0,True,0.0112638552273513,moved_toward_benign,0.006408180548454371,moved_toward_benign,0.006817397077754887,moved_toward_benign,0.0,moved_toward_benign,0.0,moved_toward_benign,0.0118939889518591,moved_toward_benign
1945611,9662ff83fcd57cd49a3fcb0d1ac501b597ea30086cc8b15dc46d61ca5f874bf2,moved_toward_benign,4,-2.0,True,0.02309782615532289,moved_toward_benign,0.005115071911409172,moved_toward_benign,0.005179694217360409,moved_toward_benign,0.0,moved_toward_benign,0.0,moved_toward_benign,0.0119245299507815,moved_toward_benign
1991742,286dea696da6790b0d0fa742581651805e5a70052140ccd236c2e3474b5d3829,moved_toward_benign,1,-2.0,True,0.01955500433753754,moved_toward_benign,0.004951445676441487,moved_toward_benign,0.002438128098414034,moved_toward_benign,0.0,moved_toward_benign,0.0,moved_toward_benign,0.0119245299507815,moved_toward_benign
1970696,5e82ebd126e11a263f9d21c9beaeeae763a6b4ce431cfc35fa60a1865ded0381,moved_toward_benign,0,-2.0,True,0.021179436233665777,moved_toward_benign,0.0071861880064458435,moved_toward_benign,0.004410616523428666,moved_toward_benign,0.0,moved_toward_benign,0.0,moved_toward_benign,0.0119359039403078,moved_toward_benign
1923485,0c86eb2ffe20c6667d02db692d3d83de5ae6902828021fd5366dcfe87f3c4161,moved_toward_benign,4,-2.0,True,0.023092940383291623,moved_toward_benign,0.005115071911409172,moved_toward_benign,0.005179694217360409,moved_toward_benign,0.0,moved_toward_benign,0.0,moved_toward_benign,0.0119472354642424,moved_toward_benign
2163361,88c476421bce35e4d4d9a41c8c5c15019906ed3666feffd839224fee9bb7df5f,moved_toward_benign,1,-2.0,True,0.019534953004213332,moved_toward_benign,0.004951445676441487,moved_toward_benign,0.002438128098414034,moved_toward_benign,0.0,moved_toward_benign,0.0,moved_toward_benign,0.0119472354642424,moved_toward_benign
2082192,50ec669e149ab88403ec71c4ef5fd269d8c8ad71c65ef206361d9dccb1d62bb8,moved_toward_benign,2,-2.0,True,0.023818390611327126,moved_toward_benign,0.007124263147188485,moved_toward_benign,0.005087447747487934,moved_toward_benign,0.0,moved_toward_benign,0.0,moved_toward_benign,0.011958524877606,moved_toward_benign
1897272,26144d54d9619fa86962dd08f8ce978e2b293eaab9b07e008daad88a13969926,moved_toward_benign,3,-2.0,True,0.0112638552273513,moved_toward_benign,0.006408180548454371,moved_toward_benign,0.006817397077754887,moved_toward_benign,0.0,moved_toward_benign,0.0,moved_toward_benign,0.0119809787698011,moved_toward_benign
1933990,9602491c95dfb21feff4c291a5a5c5603ecb6e9bbec3eda13938c3213c2c1f17,moved_toward_benign,2,-2.0,True,0.02373551186878124,moved_toward_benign,0.007124263147188485,moved_toward_benign,0.005087447747487934,moved_toward_benign,0.0,moved_toward_benign,0.0,moved_toward_benign,0.0119884267566836,moved_toward_benign
2419380,780b4cb3e389f3558ea031f5bed628ad12599dce068ee13531b099195c26ed24,moved_toward_benign,2,-2.0,True,0.02373551186878124,moved_toward_benign,0.007124263147188485,moved_toward_benign,0.005087447747487934,moved_toward_benign,0.0,moved_toward_benign,0.0,moved_toward_benign,0.0119884267566836,moved_toward_benign
1921283,8d05018cf1e3a37505e6905b05c65eed279346068e6a2ec2eee1b671a7610155,moved_toward_benign,1,-2.0,True,0.019469579554905157,moved_toward_benign,0.004615658072420582,moved_toward_benign,0.002438128098414034,moved_toward_benign,0.0,moved_toward_benign,0.0,moved_toward_benign,0.0120217194625144,moved_toward_benign
2140972,0c86eb2ffe20c6667d02db692d3d83de5ae6902828021fd5366dcfe87f3c4161,moved_toward_benign,4,-2.0,True,0.023076984108156062,moved_toward_benign,0.005115071911409172,moved_toward_benign,0.005179694217360409,moved_toward_benign,0.0,moved_toward_benign,0.0,moved_toward_benign,0.0120217194625144,moved_toward_benign
2414293,a157478eec88e8707ec70287c9ebf4ed6aeb57fcd32de2587e7d5430da690a8e,moved_toward_benign,4,-2.0,True,0.02307619923992401,moved_toward_benign,0.005115071911409172,moved_toward_benign,0.005179694217360409,moved_toward_benign,0.0,moved_toward_benign,0.0,moved_toward_benign,0.0120253963477668,moved_toward_benign
2068820,8d05018cf1e3a37505e6905b05c65eed279346068e6a2ec2eee1b671a7610155,moved_toward_benign,1,-2.0,True,0.019459961872271562,moved_toward_benign,0.004615658072420582,moved_toward_benign,0.002438128098414034,moved_toward_benign,0.0,moved_toward_benign,0.0,moved_toward_benign,0.0120327368803714,moved_toward_benign
1960634,15ff9c426183800ae857adc866d424d8168f22daafe1cca23e5270ba8cb9e8a5,moved_toward_benign,0,-2.0,True,0.021439286987178032,moved_toward_benign,0.0070330006183198296,moved_toward_benign,0.004410616523428666,moved_toward_benign,0.0,moved_toward_benign,0.0,moved_toward_benign,0.0120619242368425,moved_toward_benign
2105194,0c86eb2ffe20c6667d02db692d3d83de5ae6902828021fd5366dcfe87f3c4161,moved_toward_benign,4,-2.0,True,0.023068416255076826,moved_toward_benign,0.005115071911409172,moved_toward_benign,0.005179694217360409,moved_toward_benign,0.0,moved_toward_benign,0.0,moved_toward_benign,0.0120619242368425,moved_toward_benign
2105544,0c86eb2ffe20c6667d02db692d3d83de5ae6902828021fd5366dcfe87f3c4161,moved_toward_benign,4,-2.0,True,0.023068416255076826,moved_toward_benign,0.005115071911409172,moved_toward_benign,0.005179694217360409,moved_toward_benign,0.0,moved_toward_benign,0.0,moved_toward_benign,0.0120619242368425,moved_toward_benign
2101775,3bc641e8ddbe934d5d6816e869c2a6c1d87543f1014bd44df40a0540de177a67,moved_toward_benign,1,-2.0,True,0.019412581354331764,moved_toward_benign,0.004026188739695738,moved_toward_benign,0.0023706811458207373,moved_toward_benign,0.0,moved_toward_benign,0.0,moved_toward_benign,0.0120872372297583,moved_toward_benign
1904887,c3fe5e30d7236485bf03a90f22af77dc711eeb5954c413b7327781c0b0f83a64,moved_toward_benign,0,-2.0,True,0.021498959936598266,moved_toward_benign,0.0070330006183198296,moved_toward_benign,0.004410616523428666,moved_toward_benign,0.0,moved_toward_benign,0.0,moved_toward_benign,0.0120908363994157,moved_toward_benign
2098545,14d199a03baa5a7b45de4019f285b9ee15d1fed332c7ae79ff1d2cca7085403e,moved_toward_benign,4,-2.0,True,0.023059989934889398,moved_toward_benign,0.005115071911409172,moved_toward_benign,0.005179694217360409,moved_toward_benign,0.0,moved_toward_benign,0.0,moved_toward_benign,0.0121016086954181,moved_toward_benign
1350364,3f1003fd8f08df3647101e68092653a51f5a365a1fbb7e2fdba64fad35432c2a,moved_toward_benign,0,-2.0,True,0.02152859498679238,moved_toward_benign,0.0070330006183198296,moved_toward_benign,0.004410616523428666,moved_toward_benign,0.0,moved_toward_benign,0.0,moved_toward_benign,0.0121051910931426,moved_toward_benign
1901127,c6750b613407d67c845d796a86c12f47603aedba65299f05b42f8c6ba36ae55a,moved_toward_benign,2,-2.0,True,0.02335877068459082,moved_toward_benign,0.006488957700556467,moved_toward_benign,0.005054268764300473,moved_toward_benign,0.0,moved_toward_benign,0.0,moved_toward_benign,0.0121265983819869,moved_toward_benign
1933862,0149f3d41240d4efdf7a5a01fbe7fd2ce5bff59cb03757f921c510eb27cb0831,moved_toward_benign,0,-2.0,True,0.021572799651015,moved_toward_benign,0.0070330006183198296,moved_toward_benign,0.004410616523428666,moved_toward_benign,0.0,moved_toward_benign,0.0,moved_toward_benign,0.0121265983819869,moved_toward_benign
1985406,4eedc4dd2bef6dcd11ca7aae7c5d4906ba594060065cbf168b4c3ac5fde7f34f,moved_toward_benign,0,-2.0,True,0.021572799651015,moved_toward_benign,0.0070330006183198296,moved_toward_benign,0.004410616523428666,moved_toward_benign,0.0,moved_toward_benign,0.0,moved_toward_benign,0.0121265983819869,moved_toward_benign
1484871,c8be61fc35aff1085179109b8997a0ec8ba5d0c1e2190cb0ee7499ceeede855b,moved_toward_benign,0,-2.0,True,0.02158013844274143,moved_toward_benign,0.0070330006183198296,moved_toward_benign,0.004410616523428666,moved_toward_benign,0.0,moved_toward_benign,0.0,moved_toward_benign,0.0121301518477343,moved_toward_benign
1927647,710ffb420195c224c7bd59817179a2e30521954af8e74df8376f89e77915c7ac,moved_toward_benign,3,-2.0,True,0.0112638552273513,moved_toward_benign,0.00566115330278442,moved_toward_benign,0.006825294254470751,moved_toward_benign,0.0,moved_toward_benign,0.0,moved_toward_benign,0.0121301518477343,moved_toward_benign
1369795,f5795a7919fb7880ef6ee1dd571078049a2a51528bf8cc9a1ae76d08c8c31c9f,moved_toward_benign,3,-2.0,True,0.0112638552273513,moved_toward_benign,0.00566115330278442,moved_toward_benign,0.006825294254470751,moved_toward_benign,0.0,moved_toward_benign,0.0,moved_toward_benign,0.0121337012231632,moved_toward_benign
1899972,b800d7577b6eadecae0ec13408f6a04209a590e785ed31ada82c937eace05c0e,moved_toward_benign,2,-2.0,True,0.02333967626604783,moved_toward_benign,0.006488957700556467,moved_toward_benign,0.005054268764300473,moved_toward_benign,0.0,moved_toward_benign,0.0,moved_toward_benign,0.0121337012231632,moved_toward_benign
2160846,27ff3754632a1ac5887a9164a868a6e2cb9e334b7be3b632a896a6ea374edc19,moved_toward_benign,0,-2.0,True,0.021587469103659145,moved_toward_benign,0.0070330006183198296,moved_toward_benign,0.004410616523428666,moved_toward_benign,0.0,moved_toward_benign,0.0,moved_toward_benign,0.0121337012231632,moved_toward_benign
2087296,7387dc12d1fa86ae8f77d331a623b3c4f6860a66ca3bbd594ba8c42981aa2850,moved_toward_benign,1,-2.0,True,0.01936938934914875,moved_toward_benign,0.004026188739695738,moved_toward_benign,0.002366470416050994,moved_toward_benign,0.0,moved_toward_benign,0.0,moved_toward_benign,0.0121372465188495,moved_toward_benign
2094922,6232e5fcc12d84191c43c79b9304b25a8aa42789aecf4e9cdc0fb379e95aadba,moved_toward_benign,1,-2.0,True,0.01936938934914875,moved_toward_benign,0.004026188739695738,moved_toward_benign,0.002366470416050994,moved_toward_benign,0.0,moved_toward_benign,0.0,moved_toward_benign,0.0121372465188495,moved_toward_benign
1499276,0d8d6033ef9c2272edb96c2bbb21dbbbc9968f4d01b835a8b01dd982181e5e73,moved_toward_benign,1,-2.0,True,0.019360259097300204,moved_toward_benign,0.004026188739695738,moved_toward_benign,0.002366470416050994,moved_toward_benign,0.0,moved_toward_benign,0.0,moved_toward_benign,0.0121478580325776,moved_toward_benign
1444187,1e42552b65672178741cc2460269aba9f6d80540ce65b4d1567ad76e9c881fac,moved_toward_benign,1,-2.0,True,0.019357225320135677,moved_toward_benign,0.004026188739695738,moved_toward_benign,0.002366470416050994,moved_toward_benign,0.0,moved_toward_benign,0.0,moved_toward_benign,0.0121513871142078,moved_toward_benign
1524482,e43b9e2b4a11fc53eb7c21290a3de56f274735ede32283425e87253855a4bae8,moved_toward_benign,4,-2.0,True,0.023049463065164758,moved_toward_benign,0.005115071911409172,moved_toward_benign,0.005179694217360409,moved_toward_benign,0.0,moved_toward_benign,0.0,moved_toward_benign,0.0121513871142078,moved_toward_benign
1935969,76bf5ae21148180ef42e4124bab236ebc9d4e45af2745f23eae83c271898ac51,moved_toward_benign,4,-2.0,True,0.023049463065164758,moved_toward_benign,0.005115071911409172,moved_toward_benign,0.005179694217360409,moved_toward_benign,0.0,moved_toward_benign,0.0,moved_toward_benign,0.0121513871142078,moved_toward_benign
1965741,bb2f3a50c2b86b8254480491ee25d4c1c67c9b59ab8d158fb3e0887870f64d8b,moved_toward_benign,4,-2.0,True,0.023049463065164758,moved_toward_benign,0.005115071911409172,moved_toward_benign,0.005179694217360409,moved_toward_benign,0.0,moved_toward_benign,0.0,moved_toward_benign,0.0121513871142078,moved_toward_benign
2055142,3ce96a243ebbd8a05e61fa087cb25e1f88a93f58bc76b4f81d24afa6b68f9ae1,moved_toward_benign,4,-2.0,True,0.023049463065164758,moved_toward_benign,0.005115071911409172,moved_toward_benign,0.005179694217360409,moved_toward_benign,0.0,moved_toward_benign,0.0,moved_toward_benign,0.0121513871142078,moved_toward_benign
1950993,7b30044692fe3914571b2a0c2c8a7fadc3efd901b8614709691433cc9d06803e,moved_toward_benign,0,-2.0,True,0.021631283472903707,moved_toward_benign,0.0070330006183198296,moved_toward_benign,0.004410616523428666,moved_toward_benign,0.0,moved_toward_benign,0.0,moved_toward_benign,0.012154912168343,moved_toward_benign
2159297,5a0642f8d38de293220d4b152cce386c6afbeec944044c963dbfe3bf94284cdc,moved_toward_benign,4,-2.0,True,0.023047235314356034,moved_toward_benign,0.005115071911409172,moved_toward_benign,0.005179694217360409,moved_toward_benign,0.0,moved_toward_benign,0.0,moved_toward_benign,0.0121619502353852,moved_toward_benign
1970839,48bfbc47fa45f1a85421d80afbac405013c064a2a68c5005720e06759e830aad,moved_toward_benign,0,-2.0,True,0.0216530825460274,moved_toward_benign,0.0070330006183198296,moved_toward_benign,0.004410616523428666,moved_toward_benign,0.0,moved_toward_benign,0.0,moved_toward_benign,0.0121654632688182,moved_toward_benign
1935539,3cda7d4fe8db6fc8869ea70703e6b0433feb4acf1660b62b507067d9a02a7438,moved_toward_benign,2,-2.0,True,0.023217249581767904,moved_toward_benign,0.006488957700556467,moved_toward_benign,0.0050580954037655135,moved_toward_benign,0.0,moved_toward_benign,0.0,moved_toward_benign,0.0121794756395359,moved_toward_benign
2090346,a5ff31a786131881f751fe03b831f88fe35cc272bcf9e6dc440b60412a1c0525,moved_toward_benign,0,-2.0,True,0.021682037077428676,moved_toward_benign,0.0070330006183198296,moved_toward_benign,0.004410616523428666,moved_toward_benign,0.0,moved_toward_benign,0.0,moved_toward_benign,0.0121794756395359,moved_toward_benign
1449752,15ff9c426183800ae857adc866d424d8168f22daafe1cca23e5270ba8cb9e8a5,moved_toward_benign,0,-2.0,True,0.021689256038628604,moved_toward_benign,0.0070330006183198296,moved_toward_benign,0.004410616523428666,moved_toward_benign,0.0,moved_toward_benign,0.0,moved_toward_benign,0.0121829688419679,moved_toward_benign
2060115,a010f1d8c9ab7da4a2baa5309d989036255bc114a08dc91ddd8b9fb358af4929,moved_toward_benign,3,-2.0,True,0.0112638552273513,moved_toward_benign,0.005921980203925285,moved_toward_benign,0.006825294254470751,moved_toward_benign,0.0,moved_toward_benign,0.0,moved_toward_benign,0.0121829688419679,moved_toward_benign
2037049,d61ec220d09606d372769ff525a93ca141174e48de556f76dc7c71fb3160bdb4,moved_toward_benign,4,-2.0,True,0.02304060990313756,moved_toward_benign,0.005115071911409172,moved_toward_benign,0.005179694217360409,moved_toward_benign,0.0,moved_toward_benign,0.0,moved_toward_benign,0.0121934248728575,moved_toward_benign
2187929,479d7b6fae99817e846a7c180c2b55e0f7ed85e3e4505895902c4a04ba5bb6dc,moved_toward_benign,1,-2.0,True,0.01930932748152757,moved_toward_benign,0.004026188739695738,moved_toward_benign,0.002366470416050994,moved_toward_benign,0.0,moved_toward_benign,0.0,moved_toward_benign,0.0122073116051408,moved_toward_benign
1477671,8f3861789a621e7d4a46e8c803b5306522decd2628c22b4a19721f319ccdea63,moved_toward_benign,3,-2.0,True,0.0112638552273513,moved_toward_benign,0.005921980203925285,moved_toward_benign,0.006825294254470751,moved_toward_benign,0.0,moved_toward_benign,0.0,moved_toward_benign,0.0122142317295358,moved_toward_benign
1506618,740746cbf9ec73fabad3e13e8db7fd762171bdf28f3eec3b3eed17cc85ff1d05,moved_toward_benign,0,-2.0,True,0.02175387668377,moved_toward_benign,0.0070330006183198296,moved_toward_benign,0.004410616523428666,moved_toward_benign,0.0,moved_toward_benign,0.0,moved_toward_benign,0.0122142317295358,moved_toward_benign
2076820,df5f1c0399e920456f45732d14d92677ab0697a34d4ab614e15f3e705e430f40,moved_toward_benign,3,-2.0,True,0.0112638552273513,moved_toward_benign,0.005921980203925285,moved_toward_benign,0.006825294254470751,moved_toward_benign,0.0,moved_toward_benign,0.0,moved_toward_benign,0.0122142317295358,moved_toward_benign
1451010,239e35012c9f105dbeb791b817c1843fc996c4fecf36b97c0c0b6cda5c34d99c,moved_toward_benign,1,-2.0,True,0.01930047865604305,moved_toward_benign,0.004026188739695738,moved_toward_benign,0.002366470416050994,moved_toward_benign,0.0,moved_toward_benign,0.0,moved_toward_benign,0.0122176860152536,moved_toward_benign
2071473,4547463f108392cf54b39c87dff2a0f02a0a390bdc973e06221665171eb6d189,moved_toward_benign,3,-2.0,True,0.0112638552273513,moved_toward_benign,0.005921980203925285,moved_toward_benign,0.006825294254470751,moved_toward_benign,0.0,moved_toward_benign,0.0,moved_toward_benign,0.0122176860152536,moved_toward_benign
1422954,6ce9d09feb37535741f38300f6219c0e869b129508a36dfc57b9314c556c9d1c,moved_toward_benign,0,-2.0,True,0.021768152112709712,moved_toward_benign,0.0070330006183198296,moved_toward_benign,0.004410616523428666,moved_toward_benign,0.0,moved_toward_benign,0.0,moved_toward_benign,0.0122211364628203,moved_toward_benign
1498320,260d75337dd0e97e74346eafdada930864c13e2918838ac6daf859a35d862885,moved_toward_benign,2,-2.0,True,0.023106761596968537,moved_toward_benign,0.006090759729877419,moved_toward_benign,0.0050580954037655135,moved_toward_benign,0.0,moved_toward_benign,0.0,moved_toward_benign,0.0122211364628203,moved_toward_benign
2170623,76cebef133ef4432e656899ee466e0b05f2f6ee431f6a625b4cfd734cf8aec3c,moved_toward_benign,2,-2.0,True,0.023106761596968537,moved_toward_benign,0.006090759729877419,moved_toward_benign,0.0050580954037655135,moved_toward_benign,0.0,moved_toward_benign,0.0,moved_toward_benign,0.0122211364628203,moved_toward_benign
1360465,17ce5ab310550e5bad62ef6e83bc9e9828fcb9765eefb70dbaddaf6fb341e598,moved_toward_benign,4,-2.0,True,0.02303334799075308,moved_toward_benign,0.005115071911409172,moved_toward_benign,0.005179694217360409,moved_toward_benign,0.0,moved_toward_benign,0.0,moved_toward_benign,0.0122280258817823,moved_toward_benign
1447025,14d199a03baa5a7b45de4019f285b9ee15d1fed332c7ae79ff1d2cca7085403e,moved_toward_benign,4,-2.0,True,0.02303334799075308,moved_toward_benign,0.005115071911409172,moved_toward_benign,0.005179694217360409,moved_toward_benign,0.0,moved_toward_benign,0.0,moved_toward_benign,0.0122280258817823,moved_toward_benign
1940277,3fcda356148ded9d9f16abf7e73dd4303807c1a3992b7a7e78142afcd929c236,moved_toward_benign,3,-2.0,True,0.0112638552273513,moved_toward_benign,0.005397583746238524,moved_toward_benign,0.006825294254470751,moved_toward_benign,0.0,moved_toward_benign,0.0,moved_toward_benign,0.0122280258817823,moved_toward_benign
2156669,fa6046eefde09905d439fd4572b777a066642929fe28e988c2d55bbd5ee8abf0,moved_toward_benign,2,-2.0,True,0.023079506644448758,moved_toward_benign,0.006090759729877419,moved_toward_benign,0.0050580954037655135,moved_toward_benign,0.0,moved_toward_benign,0.0,moved_toward_benign,0.0122314648722258,moved_toward_benign
2066384,92506b117b3143141a7d67b64199c98c5d51bcdcf4e0e54c72947248010c0c4f,moved_toward_benign,1,-2.0,True,0.019285821093380208,moved_toward_benign,0.004026188739695738,moved_toward_benign,0.002366470416050994,moved_toward_benign,0.0,moved_toward_benign,0.0,moved_toward_benign,0.0122349000626152,moved_toward_benign
2195890,9bf70b69a57be0b0b403dcc2c8c723069e95c9eba0320666b773bbbe18b5028c,moved_toward_benign,3,-2.0,True,0.0112638552273513,moved_toward_benign,0.005397583746238524,moved_toward_benign,0.006825294254470751,moved_toward_benign,0.0,moved_toward_benign,0.0,moved_toward_benign,0.0122349000626152,moved_toward_benign
2419611,13206c86bda7a59173745eeb804150dedddbc2df3ea0162a92832efad3464583,moved_toward_benign,1,-2.0,True,0.019268379292565276,moved_toward_benign,0.004026188739695738,moved_toward_benign,0.002366470416050994,moved_toward_benign,0.0,moved_toward_benign,0.0,moved_toward_benign,0.0122554319294892,moved_toward_benign
2161387,0293dccfbde7731f360043ce864e207930c60c064622c523ae8a451b9e305101,moved_toward_benign,4,-2.0,True,0.023026188159251847,moved_toward_benign,0.005115071911409172,moved_toward_benign,0.005179694217360409,moved_toward_benign,0.0,moved_toward_benign,0.0,moved_toward_benign,0.0122622459080691,moved_toward_benign
2179027,95f90528b7f49d076c68b32babf71f93d62a9497a1a0fc17beeb195bea20c1f4,moved_toward_benign,4,-2.0,True,0.023026188159251847,moved_toward_benign,0.005115071911409172,moved_toward_benign,0.005179694217360409,moved_toward_benign,0.0,moved_toward_benign,0.0,moved_toward_benign,0.0122622459080691,moved_toward_benign
2070709,c089a159273d9c4bfb1b813e809f14b2663464947ed86f29166d4aa021509a88,moved_toward_benign,2,-2.0,True,0.022989689626852935,moved_toward_benign,0.006090759729877419,moved_toward_benign,0.0050580954037655135,moved_toward_benign,0.0,moved_toward_benign,0.0,moved_toward_benign,0.0122656473181004,moved_toward_benign
2070968,a6bf4a542cff60b9fef9d67834922032f78ccaba92474bb80eaa6ed5a6c78ae6,moved_toward_benign,4,-2.0,True,0.02302547768173244,moved_toward_benign,0.005115071911409172,moved_toward_benign,0.005179694217360409,moved_toward_benign,0.0,moved_toward_benign,0.0,moved_toward_benign,0.0122656473181004,moved_toward_benign
1930545,05cf37c342914ce120a87094d47c7b416b4e841356529213f0aed9bcc3109adc,moved_toward_benign,3,-2.0,True,0.0112638552273513,moved_toward_benign,0.005397583746238524,moved_toward_benign,0.006825294254470751,moved_toward_benign,0.0,moved_toward_benign,0.0,moved_toward_benign,0.0122690450207865,moved_toward_benign
1936670,4e6685273255adb66ce8a775fe3d9afda6bed808d15301fc15ffd9344cc622e1,moved_toward_benign,2,-2.0,True,0.02298079405156842,moved_toward_benign,0.006090759729877419,moved_toward_benign,0.0050580954037655135,moved_toward_benign,0.0,moved_toward_benign,0.0,moved_toward_benign,0.0122690450207865,moved_toward_benign
2196963,b081cde671bf238a96b373c12711aec84bbfa3be02fcd3f81ad164c96b895957,moved_toward_benign,1,-2.0,True,0.019242512082739416,moved_toward_benign,0.004026188739695738,moved_toward_benign,0.0023691840975215072,moved_toward_benign,0.0,moved_toward_benign,0.0,moved_toward_benign,0.0122859782405267,moved_toward_benign
2059448,9602491c95dfb21feff4c291a5a5c5603ecb6e9bbec3eda13938c3213c2c1f17,moved_toward_benign,2,-2.0,True,0.02291895539055852,moved_toward_benign,0.006090759729877419,moved_toward_benign,0.0050580954037655135,moved_toward_benign,0.0,moved_toward_benign,0.0,moved_toward_benign,0.0122927258920581,moved_toward_benign
2059931,4bc93ac7efe2375103ff95393416bbb49e548b80a0537a438e048b24eb82d560,moved_toward_benign,4,-2.0,True,0.02301982927314186,moved_toward_benign,0.005115071911409172,moved_toward_benign,0.005179694217360409,moved_toward_benign,0.0,moved_toward_benign,0.0,moved_toward_benign,0.0122927258920581,moved_toward_benign
2150422,b61330780101a3e534e4ccecf1d695e4dc2135c9693740b7efe6b787c721ee2b,moved_toward_benign,3,-2.0,True,0.0112638552273513,moved_toward_benign,0.005397583746238524,moved_toward_benign,0.006825294254470751,moved_toward_benign,0.0,moved_toward_benign,0.0,moved_toward_benign,0.0122927258920581,moved_toward_benign
1911548,a305b113f157540ab2f3f2f938192b31dafee9ebe1570bc29dd5ee982caf51cf,moved_toward_benign,4,-2.0,True,0.02301912760821602,moved_toward_benign,0.005115071911409172,moved_toward_benign,0.005179694217360409,moved_toward_benign,0.0,moved_toward_benign,0.0,moved_toward_benign,0.0122960942598745,moved_toward_benign
2057776,4c2458c79aa032e16bf5f7f34088bdbd3d1b8aaa63914e83d1728dd7bc8c5ac4,moved_toward_benign,3,-2.0,True,0.0112638552273513,moved_toward_benign,0.005397583746238524,moved_toward_benign,0.006825294254470751,moved_toward_benign,0.0,moved_toward_benign,0.0,moved_toward_benign,0.0122960942598745,moved_toward_benign
2059040,008bc24b3365063b8c0b5e84b987ee6147543239102c780b4969683ffe74ca91,moved_toward_benign,4,-2.0,True,0.02301912760821602,moved_toward_benign,0.005115071911409172,moved_toward_benign,0.005179694217360409,moved_toward_benign,0.0,moved_toward_benign,0.0,moved_toward_benign,0.0122960942598745,moved_toward_benign
2157605,a3c5f74c95c806a900ab04594fab98eaeabcc759b7e0f23d45d799ce916cd7fe,moved_toward_benign,2,-2.0,True,0.022910182210827978,moved_toward_benign,0.006090759729877419,moved_toward_benign,0.0050580954037655135,moved_toward_benign,0.0,moved_toward_benign,0.0,moved_toward_benign,0.0122960942598745,moved_toward_benign
2054062,0d8d6033ef9c2272edb96c2bbb21dbbbc9968f4d01b835a8b01dd982181e5e73,moved_toward_benign,1,-2.0,True,0.019231127312263646,moved_toward_benign,0.004026188739695738,moved_toward_benign,0.0023691840975215072,moved_toward_benign,0.0,moved_toward_benign,0.0,moved_toward_benign,0.01229945900081,moved_toward_benign
2054672,15ff9c426183800ae857adc866d424d8168f22daafe1cca23e5270ba8cb9e8a5,moved_toward_benign,0,-2.0,True,0.021930165757378908,moved_toward_benign,0.0070330006183198296,moved_toward_benign,0.004443214324277922,moved_toward_benign,0.0,moved_toward_benign,0.0,moved_toward_benign,0.01229945900081,moved_toward_benign
2055041,d195f7407231df7fadc0198acaaacc3cfd2a3b391103aacc59b947b707c352da,moved_toward_benign,3,-2.0,True,0.0112638552273513,moved_toward_benign,0.005397583746238524,moved_toward_benign,0.006825294254470751,moved_toward_benign,0.0,moved_toward_benign,0.0,moved_toward_benign,0.01229945900081,moved_toward_benign
1978258,4f506c3a73003c42f01f8a8a9fe84de894d8a1fa5b382a17af28b43c210262d3,moved_toward_benign,4,-2.0,True,0.023017028398011466,moved_toward_benign,0.005115071911409172,moved_toward_benign,0.005179694217360409,moved_toward_benign,0.0,moved_toward_benign,0.0,moved_toward_benign,0.0123061776370955,moved_toward_benign
2052233,a46c09a3c9531925631fb325642b087eede91bf51d2e44be86915843f8cf25c3,moved_toward_benign,2,-2.0,True,0.022883953019431448,moved_toward_benign,0.006090759729877419,moved_toward_benign,0.0050580954037655135,moved_toward_benign,0.0,moved_toward_benign,0.0,moved_toward_benign,0.0123061776370955,moved_toward_benign
2163192,c35b8d45aa2ffa8c681f5fe3546d62ebd51c2b45249e17ee682e5dac90e4acc3,moved_toward_benign,4,-2.0,True,0.023017028398011466,moved_toward_benign,0.005115071911409172,moved_toward_benign,0.005179694217360409,moved_toward_benign,0.0,moved_toward_benign,0.0,moved_toward_benign,0.0123061776370955,moved_toward_benign
1921663,9bf70b69a57be0b0b403dcc2c8c723069e95c9eba0320666b773bbbe18b5028c,moved_toward_benign,3,-2.0,True,0.0112638552273513,moved_toward_benign,0.005397583746238524,moved_toward_benign,0.006825294254470751,moved_toward_benign,0.0,moved_toward_benign,0.0,moved_toward_benign,0.0123095315498917,moved_toward_benign
1364406,b88f97bc03ee41c03b2de8a131a0a6571adc534f7852494c969eac20812681e9,moved_toward_benign,1,-2.0,True,0.01921981021904677,moved_toward_benign,0.004026188739695738,moved_toward_benign,0.0023691840975215072,moved_toward_benign,0.0,moved_toward_benign,0.0,moved_toward_benign,0.0123128818706999,moved_toward_benign
1415664,772fdd1bfc7b2a2e5472d4331fb106860c4eba45da6a7e972fafaa6fc09f1a5d,moved_toward_benign,1,-2.0,True,0.019214176812998755,moved_toward_benign,0.004026188739695738,moved_toward_benign,0.0023691840975215072,moved_toward_benign,0.0,moved_toward_benign,0.0,moved_toward_benign,0.0123195717708863,moved_toward_benign
2044052,26144d54d9619fa86962dd08f8ce978e2b293eaab9b07e008daad88a13969926,moved_toward_benign,3,-2.0,True,0.0112638552273513,moved_toward_benign,0.005397583746238524,moved_toward_benign,0.006825294254470751,moved_toward_benign,0.0,moved_toward_benign,0.0,moved_toward_benign,0.0123262474064012,moved_toward_benign
2160818,3dc43e86e5ca89fa2237473bede66fe94c7719ca16144581bc1f45260cda9346,moved_toward_benign,3,-2.0,True,0.0112638552273513,moved_toward_benign,0.005397583746238524,moved_toward_benign,0.006825294254470751,moved_toward_benign,0.0,moved_toward_benign,0.0,moved_toward_benign,0.012336234262539,moved_toward_benign
1934179,4342da67c1fea113d747242df7008683b36f42c9ba4f2b18e4b04beb29df8b71,moved_toward_benign,2,-2.0,True,0.022797487349177994,moved_toward_benign,0.006090759729877419,moved_toward_benign,0.0050580954037655135,moved_toward_benign,0.0,moved_toward_benign,0.0,moved_toward_benign,0.0123395561558484,moved_toward_benign
2420786,592494d2b1b44f0ddd39e2e17dab770fedda4e71484d61bd72a1a59acc6b6c3a,moved_toward_benign,3,-2.0,True,0.0112638552273513,moved_toward_benign,0.005397583746238524,moved_toward_benign,0.006825294254470751,moved_toward_benign,0.0,moved_toward_benign,0.0,moved_toward_benign,0.0123461894047357,moved_toward_benign
1432429,479d7b6fae99817e846a7c180c2b55e0f7ed85e3e4505895902c4a04ba5bb6dc,moved_toward_benign,1,-2.0,True,0.019189031002685278,moved_toward_benign,0.004026188739695738,moved_toward_benign,0.0023691840975215072,moved_toward_benign,0.0,moved_toward_benign,0.0,moved_toward_benign,0.012349500776996,moved_toward_benign
2037498,a74cf71ce0b35418b2ec30c07af03d06dc1029819e4ea855d22e8ae57ed33622,moved_toward_benign,3,-2.0,True,0.0112638552273513,moved_toward_benign,0.005397583746238524,moved_toward_benign,0.006825294254470751,moved_toward_benign,0.0,moved_toward_benign,0.0,moved_toward_benign,0.012349500776996,moved_toward_benign
2178243,0c22327c8f1eb5cc72eb37394a1df18dd6d40a0d159c0421a0daab035da0a143,moved_toward_benign,1,-2.0,True,0.019189031002685278,moved_toward_benign,0.004026188739695738,moved_toward_benign,0.0023691840975215072,moved_toward_benign,0.0,moved_toward_benign,0.0,moved_toward_benign,0.012349500776996,moved_toward_benign
1400064,1b08944dbbc27fc316c2d9743a9709917bf9e969e31059087f007c3d048e7a4b,moved_toward_benign,2,-2.0,True,0.02274630700643576,moved_toward_benign,0.006090759729877419,moved_toward_benign,0.0050580954037655135,moved_toward_benign,0.0,moved_toward_benign,0.0,moved_toward_benign,0.0123594139844943,moved_toward_benign
1394415,3f1003fd8f08df3647101e68092653a51f5a365a1fbb7e2fdba64fad35432c2a,moved_toward_benign,0,-2.0,True,0.02206793939050866,moved_toward_benign,0.0070330006183198296,moved_toward_benign,0.004459271716322152,moved_toward_benign,0.0,moved_toward_benign,0.0,moved_toward_benign,0.0123660054473571,moved_toward_benign
1461382,53e5803f1b646cbc814f99c6fe286a85caa05bcc30fa91483f621c4c2e4b6680,moved_toward_benign,4,-2.0,True,0.023004611786316347,moved_toward_benign,0.005115071911409172,moved_toward_benign,0.005163425005704569,moved_toward_benign,0.0,moved_toward_benign,0.0,moved_toward_benign,0.0123660054473571,moved_toward_benign
1465577,1d62d2d0b6389e0a27e1527d65653915a1bc69dcaae9c87b015b559c892e71b0,moved_toward_benign,2,-2.0,True,0.022729361313657413,moved_toward_benign,0.006090759729877419,moved_toward_benign,0.0050580954037655135,moved_toward_benign,0.0,moved_toward_benign,0.0,moved_toward_benign,0.0123660054473571,moved_toward_benign
1357930,8f1fc0665ac85464808fb81236ed7e505ba5cf989f78297a082f54770adc423d,moved_toward_benign,0,-2.0,True,0.022074754780656285,moved_toward_benign,0.0070330006183198296,moved_toward_benign,0.004446300912583414,moved_toward_benign,0.0,moved_toward_benign,0.0,moved_toward_benign,0.0123692960006693,moved_toward_benign
1391370,3e37ce83084f70c657c11c51958205cad70f5daa5cd9db0fdbf53c62b78ab11a,moved_toward_benign,0,-2.0,True,0.022074754780656285,moved_toward_benign,0.0070330006183198296,moved_toward_benign,0.004446300912583414,moved_toward_benign,0.0,moved_toward_benign,0.0,moved_toward_benign,0.0123692960006693,moved_toward_benign
1391817,baa5dc2d3f640d88a2a30fa4ca1560d88e4837f5783984ba76b4fc0fbcbf5877,moved_toward_benign,4,-2.0,True,0.023003930779217314,moved_toward_benign,0.005115071911409172,moved_toward_benign,0.005163425005704569,moved_toward_benign,0.0,moved_toward_benign,0.0,moved_toward_benign,0.0123692960006693,moved_toward_benign
1397087,93c82c161fb1b5ff65ebcf0adc1c6fa639cbb298bf844b2ee9f81ac20476d30b,moved_toward_benign,4,-2.0,True,0.023003930779217314,moved_toward_benign,0.005115071911409172,moved_toward_benign,0.005163425005704569,moved_toward_benign,0.0,moved_toward_benign,0.0,moved_toward_benign,0.0123692960006693,moved_toward_benign
1409094,3b37edd4103a2465abd80c43e7da4b1b54ca5c3bd04835543ea2fe190ebef357,moved_toward_benign,0,-2.0,True,0.022074754780656285,moved_toward_benign,0.0070330006183198296,moved_toward_benign,0.004446300912583414,moved_toward_benign,0.0,moved_toward_benign,0.0,moved_toward_benign,0.0123692960006693,moved_toward_benign
1496106,90e2a81359ebdea96c880452eb39142d264eb6d5d9faa3c588f8d49e035afdbd,moved_toward_benign,1,-2.0,True,0.019172450137070886,moved_toward_benign,0.004026188739695738,moved_toward_benign,0.002368104574156521,moved_toward_benign,0.0,moved_toward_benign,0.0,moved_toward_benign,0.0123692960006693,moved_toward_benign
1681279,aa67b40c50678a93316bc37d8c40eb999855de4bf1c97556a55a15416214c88f,moved_toward_benign,2,-2.0,True,0.02272090972949265,moved_toward_benign,0.006090759729877419,moved_toward_benign,0.0050580954037655135,moved_toward_benign,0.0,moved_toward_benign,0.0,moved_toward_benign,0.0123692960006693,moved_toward_benign
1991087,321fadf24a9e46d754275ac7aa1e7bce9c4bf438ce01e636997f9332900eca11,moved_toward_benign,3,-2.0,True,0.0112638552273513,moved_toward_benign,0.005397583746238524,moved_toward_benign,0.006825294254470751,moved_toward_benign,0.0,moved_toward_benign,0.0,moved_toward_benign,0.0123692960006693,moved_toward_benign
1507563,d4c8997e91d1f571e0ff6ad7d039b19adf05994168adf4edf8c56cee70420a40,moved_toward_benign,0,-2.0,True,0.022088364992120225,moved_toward_benign,0.0070330006183198296,moved_toward_benign,0.004446300912583414,moved_toward_benign,0.0,moved_toward_benign,0.0,moved_toward_benign,0.0123758667916252,moved_toward_benign
1365048,bd006b42bb31cb6dc9663fefe9cd340819340e395704bbed6e0e800baf5697af,moved_toward_benign,1,-2.0,True,0.01915328711155919,moved_toward_benign,0.004026188739695738,moved_toward_benign,0.002368104574156521,moved_toward_benign,0.0,moved_toward_benign,0.0,moved_toward_benign,0.0123922339694961,moved_toward_benign
1682037,66456d7ca3513975f6743b21fcf1b12469e3c1535153714767c6aae62c284fb0,moved_toward_benign,1,-2.0,True,0.01915328711155919,moved_toward_benign,0.004026188739695738,moved_toward_benign,0.002368104574156521,moved_toward_benign,0.0,moved_toward_benign,0.0,moved_toward_benign,0.0123922339694961,moved_toward_benign
1435463,772fdd1bfc7b2a2e5472d4331fb106860c4eba45da6a7e972fafaa6fc09f1a5d,moved_toward_benign,1,-2.0,True,0.0191343158117157,moved_toward_benign,0.004026188739695738,moved_toward_benign,0.002368104574156521,moved_toward_benign,0.0,moved_toward_benign,0.0,moved_toward_benign,0.0124150060542329,moved_toward_benign
1423938,2bb61eda2a0d0a17a186158bc165c48dd516b19e030841b8d68cf88d72267625,moved_toward_benign,4,-2.0,True,0.022993823595190633,moved_toward_benign,0.005115071911409172,moved_toward_benign,0.005225302538704141,moved_toward_benign,0.0,moved_toward_benign,0.0,moved_toward_benign,0.0124182458244089,moved_toward_benign
1429658,e9c37968c9def264dac99d0d162378ce7ff7fa0e9cb4f8d9a4f61f83aaa80ba6,moved_toward_benign,2,-2.0,True,0.022579359259230134,moved_toward_benign,0.006090759729877419,moved_toward_benign,0.0050580954037655135,moved_toward_benign,0.0,moved_toward_benign,0.0,moved_toward_benign,0.012424715403361,moved_toward_benign
1374528,60bd57c6e4bb7412b02e6ba9333f6707a9c54eea1fb5c0ae50e864f6eb831eda,moved_toward_benign,4,-2.0,True,0.02299182604160494,moved_toward_benign,0.005115071911409172,moved_toward_benign,0.005225302538704141,moved_toward_benign,0.0,moved_toward_benign,0.0,moved_toward_benign,0.0124279452274229,moved_toward_benign
1393255,0e827a8a7a12a7c5afd02a31d127eb7497f98aa9415ebf0c2e7b8dde12b784c7,moved_toward_benign,0,-2.0,True,0.022196273602901932,moved_toward_benign,0.0070330006183198296,moved_toward_benign,0.0044773374608151045,moved_toward_benign,0.0,moved_toward_benign,0.0,moved_toward_benign,0.0124279452274229,moved_toward_benign
1478446,44f53dc89b86f314e1710106c1df9090d107d4cc8d41a27d8bbe8623bfcc4b1d,moved_toward_benign,2,-2.0,True,0.022562965202809884,moved_toward_benign,0.006090759729877419,moved_toward_benign,0.0050580954037655135,moved_toward_benign,0.0,moved_toward_benign,0.0,moved_toward_benign,0.0124311717513536,moved_toward_benign
1399299,8f990f3b4187ddc40037674a148383955beeb6a38d9e3905fbefbce74edfb344,moved_toward_benign,0,-2.0,True,0.022209642380754277,moved_toward_benign,0.0070330006183198296,moved_toward_benign,0.0044773374608151045,moved_toward_benign,0.0,moved_toward_benign,0.0,moved_toward_benign,0.0124343949827279,moved_toward_benign
1392447,d28fef7b4cb3be181cfb074879763ee7b13c08c3899244bead43030ff2fa2c12,moved_toward_benign,3,-2.0,True,0.0112638552273513,moved_toward_benign,0.005397583746238524,moved_toward_benign,0.006817188034514257,moved_toward_benign,0.0,moved_toward_benign,0.0,moved_toward_benign,0.0124408315979717,moved_toward_benign
1429238,fcd2ab23bbfac0902bba74ee8eaefcbb9185debb727229cf774bfd7c44a0bcc0,moved_toward_benign,4,-2.0,True,0.022989174786279,moved_toward_benign,0.005115071911409172,moved_toward_benign,0.005225302538704141,moved_toward_benign,0.0,moved_toward_benign,0.0,moved_toward_benign,0.0124408315979717,moved_toward_benign
1346420,3dc43e86e5ca89fa2237473bede66fe94c7719ca16144581bc1f45260cda9346,moved_toward_benign,3,-2.0,True,0.0112638552273513,moved_toward_benign,0.005397583746238524,moved_toward_benign,0.006817188034514257,moved_toward_benign,0.0,moved_toward_benign,0.0,moved_toward_benign,0.0124472551332145,moved_toward_benign
1463842,609cfe3a086fd63a9cc905885a43249a436a1a78068d9ae2fb403f92a8f492fc,moved_toward_benign,2,-2.0,True,0.02252221303659401,moved_toward_benign,0.006090759729877419,moved_toward_benign,0.0050580954037655135,moved_toward_benign,0.0,moved_toward_benign,0.0,moved_toward_benign,0.0124472551332145,moved_toward_benign
1410194,bf019b6322822fd4a664300f27e999839904b47ce77411d398e533ad9a8121c7,moved_toward_benign,2,-2.0,True,0.022506004554001046,moved_toward_benign,0.006090759729877419,moved_toward_benign,0.0050580954037655135,moved_toward_benign,0.0,moved_toward_benign,0.0,moved_toward_benign,0.0124536656480906,moved_toward_benign
1391231,c6750b613407d67c845d796a86c12f47603aedba65299f05b42f8c6ba36ae55a,moved_toward_benign,2,-2.0,True,0.02248984840684978,moved_toward_benign,0.006090759729877419,moved_toward_benign,0.0050580954037655135,moved_toward_benign,0.0,moved_toward_benign,0.0,moved_toward_benign,0.012460063201812,moved_toward_benign
1366043,26144d54d9619fa86962dd08f8ce978e2b293eaab9b07e008daad88a13969926,moved_toward_benign,3,-2.0,True,0.0112638552273513,moved_toward_benign,0.005987602237744011,moved_toward_benign,0.006817188034514257,moved_toward_benign,0.0,moved_toward_benign,0.0,moved_toward_benign,0.0124632571366292,moved_toward_benign
1448944,7da5985efa2855e34744f4a34dc01b46b0d5723b7888b3095d21c46d8f6c2dc7,moved_toward_benign,0,-2.0,True,0.022302496154807946,moved_toward_benign,0.0070330006183198296,moved_toward_benign,0.0044773374608151045,moved_toward_benign,0.0,moved_toward_benign,0.0,moved_toward_benign,0.0124791786819268,moved_toward_benign
1450684,8f3861789a621e7d4a46e8c803b5306522decd2628c22b4a19721f319ccdea63,moved_toward_benign,3,-2.0,True,0.0112638552273513,moved_toward_benign,0.005987602237744011,moved_toward_benign,0.006655182543306597,moved_toward_benign,0.0,moved_toward_benign,0.0,moved_toward_benign,0.012482353415864,moved_toward_benign
1514424,15ff9c426183800ae857adc866d424d8168f22daafe1cca23e5270ba8cb9e8a5,moved_toward_benign,0,-2.0,True,0.02230908045232819,moved_toward_benign,0.0070330006183198296,moved_toward_benign,0.0044773374608151045,moved_toward_benign,0.0,moved_toward_benign,0.0,moved_toward_benign,0.012482353415864,moved_toward_benign
1389538,6b8768d597031035167f9f180014fd9163a78f05aa18a90ecc136e394b241b80,moved_toward_benign,4,-2.0,True,0.022980002792558355,moved_toward_benign,0.005115071911409172,moved_toward_benign,0.005225302538704141,moved_toward_benign,0.0,moved_toward_benign,0.0,moved_toward_benign,0.0124855249748539,moved_toward_benign
1488120,c072b1f43ef71e93e4e43170bcc99b3624982886af28cb4e370fbbcd63ccec8e,moved_toward_benign,2,-2.0,True,0.022386088631671835,moved_toward_benign,0.006090759729877419,moved_toward_benign,0.0050580954037655135,moved_toward_benign,0.0,moved_toward_benign,0.0,moved_toward_benign,0.0125013353943723,moved_toward_benign
1498488,7b30044692fe3914571b2a0c2c8a7fadc3efd901b8614709691433cc9d06803e,moved_toward_benign,0,-2.0,True,0.022354993806580715,moved_toward_benign,0.0070330006183198296,moved_toward_benign,0.0044773374608151045,moved_toward_benign,0.0,moved_toward_benign,0.0,moved_toward_benign,0.0125044880525989,moved_toward_benign
1430775,ee490ade39fc33b319182e9e8fcc980e9712bbfc58cf6d9e44094a54e8a29819,moved_toward_benign,0,-2.0,True,0.022368055517300655,moved_toward_benign,0.0070330006183198296,moved_toward_benign,0.0044773374608151045,moved_toward_benign,0.0,moved_toward_benign,0.0,moved_toward_benign,0.0125107839994025,moved_toward_benign
1387395,2b6bf887f33c7d8dd7f87c345d5ce082f32914d36281f65e5697da0c63ccaadf,moved_toward_benign,3,-2.0,True,0.0112638552273513,moved_toward_benign,0.0058832333439532815,moved_toward_benign,0.006655182543306597,moved_toward_benign,0.0,moved_toward_benign,0.0,moved_toward_benign,0.0125233386084739,moved_toward_benign
1410603,96ae66e5de51bc1015b7e125724e5088db1b1e82a92729bd6512e0c45cc1377d,moved_toward_benign,4,-2.0,True,0.02297227072082618,moved_toward_benign,0.005115071911409172,moved_toward_benign,0.005225302538704141,moved_toward_benign,0.0,moved_toward_benign,0.0,moved_toward_benign,0.0125233386084739,moved_toward_benign
1468277,9f604ba7f5da7daa4a751bffc0491f2e388fe42113de825bcd3fdbb2fde71141,moved_toward_benign,2,-2.0,True,0.022331100559112714,moved_toward_benign,0.006090759729877419,moved_toward_benign,0.0050580954037655135,moved_toward_benign,0.0,moved_toward_benign,0.0,moved_toward_benign,0.0125233386084739,moved_toward_benign
1468856,d28fef7b4cb3be181cfb074879763ee7b13c08c3899244bead43030ff2fa2c12,moved_toward_benign,3,-2.0,True,0.0112638552273513,moved_toward_benign,0.0058832333439532815,moved_toward_benign,0.006655182543306597,moved_toward_benign,0.0,moved_toward_benign,0.0,moved_toward_benign,0.0125233386084739,moved_toward_benign
1362737,a9322a1fd319d446c11490ec70867c3122ea883c076047392866cb51d98d8301,moved_toward_benign,2,-2.0,True,0.022323294563116627,moved_toward_benign,0.006284399849460356,moved_toward_benign,0.0050580954037655135,moved_toward_benign,0.0,moved_toward_benign,0.0,moved_toward_benign,0.0125264695332815,moved_toward_benign
1407147,0293dccfbde7731f360043ce864e207930c60c064622c523ae8a451b9e305101,moved_toward_benign,4,-2.0,True,0.02297163166165072,moved_toward_benign,0.005115071911409172,moved_toward_benign,0.005225302538704141,moved_toward_benign,0.0,moved_toward_benign,0.0,moved_toward_benign,0.0125264695332815,moved_toward_benign
1407794,d4a7c54fefb03b7e05a6badcf216a264e410f90b973254bf5448128438a21264,moved_toward_benign,3,-2.0,True,0.0112638552273513,moved_toward_benign,0.0058832333439532815,moved_toward_benign,0.006655182543306597,moved_toward_benign,0.0,moved_toward_benign,0.0,moved_toward_benign,0.0125264695332815,moved_toward_benign
1416682,3ce96a243ebbd8a05e61fa087cb25e1f88a93f58bc76b4f81d24afa6b68f9ae1,moved_toward_benign,4,-2.0,True,0.02297163166165072,moved_toward_benign,0.005115071911409172,moved_toward_benign,0.005225302538704141,moved_toward_benign,0.0,moved_toward_benign,0.0,moved_toward_benign,0.0125264695332815,moved_toward_benign
1441176,13c51c40afc54476d48070cab382e50bc330576cd548549d569649784edfcb76,moved_toward_benign,0,-2.0,True,0.02240060126134007,moved_toward_benign,0.0070330006183198296,moved_toward_benign,0.0044773374608151045,moved_toward_benign,0.0,moved_toward_benign,0.0,moved_toward_benign,0.0125264695332815,moved_toward_benign
1442648,56c1fb46edde606cbd04486d6242625e4c26a4a29d89795ff84baef986e2bd02,moved_toward_benign,3,-2.0,True,0.0112638552273513,moved_toward_benign,0.0058832333439532815,moved_toward_benign,0.006655182543306597,moved_toward_benign,0.0,moved_toward_benign,0.0,moved_toward_benign,0.0125264695332815,moved_toward_benign
1443140,8e33340e58ab2fc991ec45c064d9518de1daecc0598a443910f24a3dbbdffcae,moved_toward_benign,0,-2.0,True,0.02240060126134007,moved_toward_benign,0.0070330006183198296,moved_toward_benign,0.0044773374608151045,moved_toward_benign,0.0,moved_toward_benign,0.0,moved_toward_benign,0.0125264695332815,moved_toward_benign
1444444,ec1daac1072790f023adf9f00162570b5ba448171e57456bb01a4ed4c5942ac4,moved_toward_benign,0,-2.0,True,0.02240060126134007,moved_toward_benign,0.0070330006183198296,moved_toward_benign,0.0044773374608151045,moved_toward_benign,0.0,moved_toward_benign,0.0,moved_toward_benign,0.0125264695332815,moved_toward_benign
1471798,008bc24b3365063b8c0b5e84b987ee6147543239102c780b4969683ffe74ca91,moved_toward_benign,4,-2.0,True,0.02297163166165072,moved_toward_benign,0.005115071911409172,moved_toward_benign,0.005225302538704141,moved_toward_benign,0.0,moved_toward_benign,0.0,moved_toward_benign,0.0125264695332815,moved_toward_benign
1682761,e6c4efc839fe19d201e1769314d76f5bb6a8ec7ce6065ca6d9da9bf9c4480ee5,moved_toward_benign,2,-2.0,True,0.022323294563116627,moved_toward_benign,0.006284399849460356,moved_toward_benign,0.0050580954037655135,moved_toward_benign,0.0,moved_toward_benign,0.0,moved_toward_benign,0.0125264695332815,moved_toward_benign
1394198,44dac912eafb122038fe118edfa8eb8c8a8b8de3c8f1bd254b6b4e7473cb6406,moved_toward_benign,4,-2.0,True,0.02296971929353217,moved_toward_benign,0.005115071911409172,moved_toward_benign,0.005225302538704141,moved_toward_benign,0.0,moved_toward_benign,0.0,moved_toward_benign,0.0125358438709827,moved_toward_benign
1385711,816c07ec45b72f5c630b8d127633952035e863f714a8692818e316cc80972ac0,moved_toward_benign,2,-2.0,True,0.022292192807747812,moved_toward_benign,0.006284399849460356,moved_toward_benign,0.0050580954037655135,moved_toward_benign,0.0,moved_toward_benign,0.0,moved_toward_benign,0.0125389625272138,moved_toward_benign
1385480,8e33340e58ab2fc991ec45c064d9518de1daecc0598a443910f24a3dbbdffcae,moved_toward_benign,0,-2.0,True,0.02243299330239534,moved_toward_benign,0.0070330006183198296,moved_toward_benign,0.0044773374608151045,moved_toward_benign,0.0,moved_toward_benign,0.0,moved_toward_benign,0.012542078133171,moved_toward_benign
1480035,2bc04ff777fa436f946cb6b7a6ee86c15df6bb34285e57b515fae4be3aeb5fcf,moved_toward_benign,2,-2.0,True,0.022276714791432603,moved_toward_benign,0.006284399849460356,moved_toward_benign,0.0050580954037655135,moved_toward_benign,0.0,moved_toward_benign,0.0,moved_toward_benign,0.0125451906955564,moved_toward_benign
1405230,f53cc297a0486afb4b9015062984ba4ac59c3e7ec997ac555a9aa4ac26544898,moved_toward_benign,3,-2.0,True,0.0112638552273513,moved_toward_benign,0.0058832333439532815,moved_toward_benign,0.006655182543306597,moved_toward_benign,0.0,moved_toward_benign,0.0,moved_toward_benign,0.0125483002210491,moved_toward_benign
1463023,e235894692b885aee30fa91e932042e540bc094e808657ec451b887687046476,moved_toward_benign,2,-2.0,True,0.02226899388061757,moved_toward_benign,0.006284399849460356,moved_toward_benign,0.0050580954037655135,moved_toward_benign,0.0,moved_toward_benign,0.0,moved_toward_benign,0.0125483002210491,moved_toward_benign
1491354,650ac8a6c1b38439ff9f7b49f518c2d6b3f9166dd16c443ca6d024e0abebb3e2,moved_toward_benign,0,-2.0,True,0.02244590745379747,moved_toward_benign,0.0070330006183198296,moved_toward_benign,0.0044773374608151045,moved_toward_benign,0.0,moved_toward_benign,0.0,moved_toward_benign,0.0125483002210491,moved_toward_benign
1398052,b0b8b32a03727c538d6261c9230f5fe8b3a6238bf21ab1d33ab37be3311789c0,moved_toward_benign,3,-2.0,True,0.0112638552273513,moved_toward_benign,0.0058832333439532815,moved_toward_benign,0.006655182543306597,moved_toward_benign,0.0,moved_toward_benign,0.0,moved_toward_benign,0.0125545101879591,moved_toward_benign
1490801,96273056ec6284b5299c866850db39b8174a7737ebe426da17ae2376f9e8b2e3,moved_toward_benign,2,-2.0,True,0.022238230108245653,moved_toward_benign,0.006284399849460356,moved_toward_benign,0.0050580954037655135,moved_toward_benign,0.0,moved_toward_benign,0.0,moved_toward_benign,0.0125607080868801,moved_toward_benign
1370663,45b24879b7b3e3f159bf05ddc355739b04db544d15ff3abc7f273f54987d7772,moved_toward_benign,1,-2.0,True,0.019011640662265697,moved_toward_benign,0.005498946385612475,moved_toward_benign,0.002368104574156521,moved_toward_benign,0.0,moved_toward_benign,0.0,moved_toward_benign,0.0125638025273024,moved_toward_benign
1360441,bbdf6cbb305510f7a24871d2c1137ed9df85e1a654571b221c8843c1243dcd8f,moved_toward_benign,2,-2.0,True,0.022215282218973266,moved_toward_benign,0.006284399849460356,moved_toward_benign,0.0050580954037655135,moved_toward_benign,0.0,moved_toward_benign,0.0,moved_toward_benign,0.0125699824227907,moved_toward_benign
1422421,e235894692b885aee30fa91e932042e540bc094e808657ec451b887687046476,moved_toward_benign,2,-2.0,True,0.02219244044143284,moved_toward_benign,0.006284399849460356,moved_toward_benign,0.0050570960740322895,moved_toward_benign,0.0,moved_toward_benign,0.0,moved_toward_benign,0.01257922990013,moved_toward_benign
1430101,d728a29f11504d47177100d858f13d839659fb59947c957e421856360e1ad714,moved_toward_benign,1,-2.0,True,0.01899153210192719,moved_toward_benign,0.005498946385612475,moved_toward_benign,0.002368104574156521,moved_toward_benign,0.0,moved_toward_benign,0.0,moved_toward_benign,0.0125884506932129,moved_toward_benign
1470624,9c6d70211eebad466d288d8152f31c6a3f9336843b8eea4318eca7b8ebf54a8f,moved_toward_benign,3,-2.0,True,0.0112638552273513,moved_toward_benign,0.0058832333439532815,moved_toward_benign,0.006655182543306597,moved_toward_benign,0.0,moved_toward_benign,0.0,moved_toward_benign,0.0125884506932129,moved_toward_benign
1494573,2b6bf887f33c7d8dd7f87c345d5ce082f32914d36281f65e5697da0c63ccaadf,moved_toward_benign,3,-2.0,True,0.0112638552273513,moved_toward_benign,0.0058832333439532815,moved_toward_benign,0.006655182543306597,moved_toward_benign,0.0,moved_toward_benign,0.0,moved_toward_benign,0.0125884506932129,moved_toward_benign
1437292,27ff3754632a1ac5887a9164a868a6e2cb9e334b7be3b632a896a6ea374edc19,moved_toward_benign,0,-2.0,True,0.02253563405845269,moved_toward_benign,0.0070330006183198296,moved_toward_benign,0.0044773374608151045,moved_toward_benign,0.0,moved_toward_benign,0.0,moved_toward_benign,0.0125915183909479,moved_toward_benign
1498684,cac47b8fdcd3106dede98d245cc66159f678d8c9fd851f195eb6f9c9b412d987,moved_toward_benign,0,-2.0,True,0.02253563405845269,moved_toward_benign,0.0070330006183198296,moved_toward_benign,0.0044773374608151045,moved_toward_benign,0.0,moved_toward_benign,0.0,moved_toward_benign,0.0125915183909479,moved_toward_benign
1424566,f29ad1d7ecb015bade5734303c4eaa409d3648ae38c1f12ba3526e27947b5b5e,moved_toward_benign,3,-2.0,True,0.0112638552273513,moved_toward_benign,0.0058832333439532815,moved_toward_benign,0.006655182543306597,moved_toward_benign,0.0,moved_toward_benign,0.0,moved_toward_benign,0.0125976449746002,moved_toward_benign
1426775,edd504edd7d2034cbce2d5a7770ee89e0d509b56aa9f0a2fd5d39b567f9036bf,moved_toward_benign,2,-2.0,True,0.022139550746779514,moved_toward_benign,0.006536897465953628,moved_toward_benign,0.0050570960740322895,moved_toward_benign,0.0,moved_toward_benign,0.0,moved_toward_benign,0.0126007038731505,moved_toward_benign
1398380,3a606ce3e961c6249f4f7dcb21b6932ec99bb260c8f5b7486656969f51224f1f,moved_toward_benign,3,-2.0,True,0.0112638552273513,moved_toward_benign,0.0059473789409103806,moved_toward_benign,0.006565410505297466,moved_toward_benign,0.0,moved_toward_benign,0.0,moved_toward_benign,0.0126129103252453,moved_toward_benign
1492758,a46c09a3c9531925631fb325642b087eede91bf51d2e44be86915843f8cf25c3,moved_toward_benign,2,-2.0,True,0.022109581144631865,moved_toward_benign,0.006536897465953628,moved_toward_benign,0.0050570960740322895,moved_toward_benign,0.0,moved_toward_benign,0.0,moved_toward_benign,0.0126129103252453,moved_toward_benign
1385469,91ddf9f7ce766f55b31db10570e127b6331ea20a2e0d67c0540903376c53912b,moved_toward_benign,3,-2.0,True,0.0112638552273513,moved_toward_benign,0.0059473789409103806,moved_toward_benign,0.006565410505297466,moved_toward_benign,0.0,moved_toward_benign,0.0,moved_toward_benign,0.0126159546839051,moved_toward_benign
1415234,e13d97e49683f04c8f19a946531e539610293fc0c0b0bd38beab1b0b8fd6e752,moved_toward_benign,0,-2.0,True,0.02264304220439612,moved_toward_benign,0.0070330006183198296,moved_toward_benign,0.0044773374608151045,moved_toward_benign,0.0,moved_toward_benign,0.0,moved_toward_benign,0.0126432246259362,moved_toward_benign
1347918,26be345c7af2fc8b08f966a4193e22673e989054afb11b70a0bb2d8074d2fad6,moved_toward_benign,2,-2.0,True,0.02200610473021538,moved_toward_benign,0.006536897465953628,moved_toward_benign,0.0050570960740322895,moved_toward_benign,0.0,moved_toward_benign,0.0,moved_toward_benign,0.0126552706374721,moved_toward_benign
1372351,ece999bf2736303885da0757b1b8b7d8f2d6ead848df0e2b301e6a0eb086f5fa,moved_toward_benign,1,-2.0,True,0.018937317908837188,moved_toward_benign,0.005498946385612475,moved_toward_benign,0.002368104574156521,moved_toward_benign,0.0,moved_toward_benign,0.0,moved_toward_benign,0.0126552706374721,moved_toward_benign
1439154,657ef54b7141b2b301bbc6fac84b57b2db7a58ef49e4e65bf50a9a120e561e0b,moved_toward_benign,3,-2.0,True,0.0112638552273513,moved_toward_benign,0.005666228345452298,moved_toward_benign,0.006565410505297466,moved_toward_benign,0.0,moved_toward_benign,0.0,moved_toward_benign,0.0126552706374721,moved_toward_benign
1511084,282b42e79661c3b8fe42090d21b106154c9ca11a1b3e118c2baa94f0df4c81f5,moved_toward_benign,1,-2.0,True,0.018937317908837188,moved_toward_benign,0.005498946385612475,moved_toward_benign,0.002368104574156521,moved_toward_benign,0.0,moved_toward_benign,0.0,moved_toward_benign,0.0126552706374721,moved_toward_benign
1512863,d0a60d14dfe244f081cac2593f2c1fc83f570822bc8d2dcb7ee5835e312ceef6,moved_toward_benign,3,-2.0,True,0.0112638552273513,moved_toward_benign,0.005666228345452298,moved_toward_benign,0.006565410505297466,moved_toward_benign,0.0,moved_toward_benign,0.0,moved_toward_benign,0.0126552706374721,moved_toward_benign
1361480,5e82ebd126e11a263f9d21c9beaeeae763a6b4ce431cfc35fa60a1865ded0381,moved_toward_benign,0,-2.0,True,0.022674318277375233,moved_toward_benign,0.0070330006183198296,moved_toward_benign,0.0044773374608151045,moved_toward_benign,0.0,moved_toward_benign,0.0,moved_toward_benign,0.012658275098441,moved_toward_benign
1397927,6ce483da4494f7683e5d7c34b4319c570f412dcd172f1b785d7735ccb1ef5639,moved_toward_benign,4,-2.0,True,0.022944886222878113,moved_toward_benign,0.005115071911409172,moved_toward_benign,0.005225302538704141,moved_toward_benign,0.0,moved_toward_benign,0.0,moved_toward_benign,0.012658275098441,moved_toward_benign
1400819,96ae66e5de51bc1015b7e125724e5088db1b1e82a92729bd6512e0c45cc1377d,moved_toward_benign,4,-2.0,True,0.022944886222878113,moved_toward_benign,0.005115071911409172,moved_toward_benign,0.005225302538704141,moved_toward_benign,0.0,moved_toward_benign,0.0,moved_toward_benign,0.012658275098441,moved_toward_benign
1417457,2963ccbaf5d3d660d3654064eff5091d5c8748e83e65084ad263e66e8ae2a1ad,moved_toward_benign,4,-2.0,True,0.022944886222878113,moved_toward_benign,0.005115071911409172,moved_toward_benign,0.005225302538704141,moved_toward_benign,0.0,moved_toward_benign,0.0,moved_toward_benign,0.012658275098441,moved_toward_benign
1425906,b2c48022f83bafa76feb835a87049b428cec6340646dd277d86b6fb47d5baa94,moved_toward_benign,3,-2.0,True,0.0112638552273513,moved_toward_benign,0.005666228345452298,moved_toward_benign,0.006565410505297466,moved_toward_benign,0.0,moved_toward_benign,0.0,moved_toward_benign,0.012658275098441,moved_toward_benign
1449121,5e82ebd126e11a263f9d21c9beaeeae763a6b4ce431cfc35fa60a1865ded0381,moved_toward_benign,0,-2.0,True,0.022674318277375233,moved_toward_benign,0.0070330006183198296,moved_toward_benign,0.0044773374608151045,moved_toward_benign,0.0,moved_toward_benign,0.0,moved_toward_benign,0.012658275098441,moved_toward_benign
1476399,ad9e35a54e22b51f5bebbb1ae5615b06d1262edf422c21ac3d37e1c046759cc5,moved_toward_benign,1,-2.0,True,0.018934890449359046,moved_toward_benign,0.005498946385612475,moved_toward_benign,0.002368104574156521,moved_toward_benign,0.0,moved_toward_benign,0.0,moved_toward_benign,0.012658275098441,moved_toward_benign
1478215,e3f514fd82a0db2deca2165bd8d5a956fbbe9b698d77644b29deb185409f7853,moved_toward_benign,3,-2.0,True,0.0112638552273513,moved_toward_benign,0.005666228345452298,moved_toward_benign,0.006565410505297466,moved_toward_benign,0.0,moved_toward_benign,0.0,moved_toward_benign,0.012658275098441,moved_toward_benign
1484541,a7ef18b923421cb4800cf5cb2d3362ab4d9a36c7cb4ef26bf1c1cbe6d27e8c5c,moved_toward_benign,1,-2.0,True,0.018934890449359046,moved_toward_benign,0.005498946385612475,moved_toward_benign,0.002368104574156521,moved_toward_benign,0.0,moved_toward_benign,0.0,moved_toward_benign,0.012658275098441,moved_toward_benign
1496834,8e33340e58ab2fc991ec45c064d9518de1daecc0598a443910f24a3dbbdffcae,moved_toward_benign,0,-2.0,True,0.022674318277375233,moved_toward_benign,0.0070330006183198296,moved_toward_benign,0.0044773374608151045,moved_toward_benign,0.0,moved_toward_benign,0.0,moved_toward_benign,0.012658275098441,moved_toward_benign
1501969,650ac8a6c1b38439ff9f7b49f518c2d6b3f9166dd16c443ca6d024e0abebb3e2,moved_toward_benign,0,-2.0,True,0.022674318277375233,moved_toward_benign,0.0070330006183198296,moved_toward_benign,0.0044773374608151045,moved_toward_benign,0.0,moved_toward_benign,0.0,moved_toward_benign,0.012658275098441,moved_toward_benign
1506317,fea2da02adbe85af4e389097e22d6e949a958180d91753c4f9ba18e7a9fea13b,moved_toward_benign,4,-2.0,True,0.022944886222878113,moved_toward_benign,0.005115071911409172,moved_toward_benign,0.005225302538704141,moved_toward_benign,0.0,moved_toward_benign,0.0,moved_toward_benign,0.012658275098441,moved_toward_benign
1506479,f167717fb2ed36e774225dd5b609cd208e028ba12cfc08946de444227e4e80d2,moved_toward_benign,3,-2.0,True,0.0112638552273513,moved_toward_benign,0.005666228345452298,moved_toward_benign,0.006565410505297466,moved_toward_benign,0.0,moved_toward_benign,0.0,moved_toward_benign,0.012658275098441,moved_toward_benign
1516119,a305b113f157540ab2f3f2f938192b31dafee9ebe1570bc29dd5ee982caf51cf,moved_toward_benign,4,-2.0,True,0.022944886222878113,moved_toward_benign,0.005115071911409172,moved_toward_benign,0.005225302538704141,moved_toward_benign,0.0,moved_toward_benign,0.0,moved_toward_benign,0.012658275098441,moved_toward_benign
1523509,67d5eebb257acfcf3d692ff108fa81fb917aeb425fdc63711d2c8ed3b4871052,moved_toward_benign,1,-2.0,True,0.018934890449359046,moved_toward_benign,0.005498946385612475,moved_toward_benign,0.002368104574156521,moved_toward_benign,0.0,moved_toward_benign,0.0,moved_toward_benign,0.012658275098441,moved_toward_benign
2156666,f6c5f5e4f1994ad1e2d6cc6608ac62bf3c9ac9ac506d632adf2deb24da80a3c1,moved_toward_benign,1,-2.0,True,0.018934890449359046,moved_toward_benign,0.005498946385612475,moved_toward_benign,0.002368104574156521,moved_toward_benign,0.0,moved_toward_benign,0.0,moved_toward_benign,0.012658275098441,moved_toward_benign
1351108,894257b15c046dc65499fc6c12cb666b5ed477335732d63828ab510c03ae36a7,moved_toward_benign,2,-2.0,True,0.021991499153044783,moved_toward_benign,0.007595949495495913,moved_toward_benign,0.0050570960740322895,moved_toward_benign,0.0,moved_toward_benign,0.0,moved_toward_benign,0.0126612767544769,moved_toward_benign
1354829,83d4d67f89a4333cc68e419131ce237bcf6a2c5df06a061e093ccd9cddc34ffa,moved_toward_benign,1,-2.0,True,0.018932466128665497,moved_toward_benign,0.0056104474408217855,moved_toward_benign,0.002368104574156521,moved_toward_benign,0.0,moved_toward_benign,0.0,moved_toward_benign,0.0126612767544769,moved_toward_benign
1364710,47fb4c823ca78ba6f6694f2baed2daf57eca5dc8569a38f1597805ab6a478a25,moved_toward_benign,3,-2.0,True,0.0112638552273513,moved_toward_benign,0.005631908540494132,moved_toward_benign,0.006565410505297466,moved_toward_benign,0.0,moved_toward_benign,0.0,moved_toward_benign,0.0126612767544769,moved_toward_benign
1379781,3322edd076db77e1733ea72abacfba25f7cf310fd215a50421a2328dbf4639a3,moved_toward_benign,0,-2.0,True,0.02268055660638064,moved_toward_benign,0.0070330006183198296,moved_toward_benign,0.0044773374608151045,moved_toward_benign,0.0,moved_toward_benign,0.0,moved_toward_benign,0.0126612767544769,moved_toward_benign
1384190,64e70227660fea274a85870ad8106a80618886197bc210e85fed73a292f59afb,moved_toward_benign,1,-2.0,True,0.018932466128665497,moved_toward_benign,0.0056104474408217855,moved_toward_benign,0.002368104574156521,moved_toward_benign,0.0,moved_toward_benign,0.0,moved_toward_benign,0.0126612767544769,moved_toward_benign
1396634,44f53dc89b86f314e1710106c1df9090d107d4cc8d41a27d8bbe8623bfcc4b1d,moved_toward_benign,2,-2.0,True,0.021991499153044783,moved_toward_benign,0.007595949495495913,moved_toward_benign,0.0050570960740322895,moved_toward_benign,0.0,moved_toward_benign,0.0,moved_toward_benign,0.0126612767544769,moved_toward_benign
1486770,a4a11ade0379a655233e94678602b3787c930033e15657477497ebeb99eaff04,moved_toward_benign,2,-2.0,True,0.021991499153044783,moved_toward_benign,0.007595949495495913,moved_toward_benign,0.0050570960740322895,moved_toward_benign,0.0,moved_toward_benign,0.0,moved_toward_benign,0.0126612767544769,moved_toward_benign
1496676,8779fd7ad0a4af61ae2ab8d7df2888528a4f16c9ffc29b7294f0ced3e7ead018,moved_toward_benign,4,-2.0,True,0.022944280698643297,moved_toward_benign,0.005115071911409172,moved_toward_benign,0.005225302538704141,moved_toward_benign,0.0,moved_toward_benign,0.0,moved_toward_benign,0.0126612767544769,moved_toward_benign
1504012,215f857a90ee7a7eaebbe674661ffb09f407a3cdbe72ef14c092e8e8a880859a,moved_toward_benign,1,-2.0,True,0.018932466128665497,moved_toward_benign,0.0056104474408217855,moved_toward_benign,0.002368104574156521,moved_toward_benign,0.0,moved_toward_benign,0.0,moved_toward_benign,0.0126612767544769,moved_toward_benign
1510103,bb2f3a50c2b86b8254480491ee25d4c1c67c9b59ab8d158fb3e0887870f64d8b,moved_toward_benign,4,-2.0,True,0.022944280698643297,moved_toward_benign,0.005115071911409172,moved_toward_benign,0.005225302538704141,moved_toward_benign,0.0,moved_toward_benign,0.0,moved_toward_benign,0.0126612767544769,moved_toward_benign
1519128,458e05613ef47b6b0147e5224ca3cdf63686371c33b8a3538515ea0cf71dcdcb,moved_toward_benign,0,-2.0,True,0.02268055660638064,moved_toward_benign,0.0070330006183198296,moved_toward_benign,0.0044773374608151045,moved_toward_benign,0.0,moved_toward_benign,0.0,moved_toward_benign,0.0126612767544769,moved_toward_benign
1394379,b2b766c5231c996a4a6a3a64b3089af67cf82a813cd717ad919477b0ff456b34,moved_toward_benign,4,-2.0,True,0.02294367589613684,moved_toward_benign,0.005115071911409172,moved_toward_benign,0.005225302538704141,moved_toward_benign,0.0,moved_toward_benign,0.0,moved_toward_benign,0.0126642756114625,moved_toward_benign
1421371,c3807d3e800fe2ec9070725f2b0df384ff01e021400c93b6700922b1e7d5f4c4,moved_toward_benign,2,-2.0,True,0.021984212687076225,moved_toward_benign,0.008454915857018405,moved_toward_benign,0.0050570960740322895,moved_toward_benign,0.0,moved_toward_benign,0.0,moved_toward_benign,0.0126642756114625,moved_toward_benign
1428715,c7698580533a220dffb6a82f47a3594b99b63128559074df525f3d812484e297,moved_toward_benign,4,-2.0,True,0.02294367589613684,moved_toward_benign,0.005115071911409172,moved_toward_benign,0.005225302538704141,moved_toward_benign,0.0,moved_toward_benign,0.0,moved_toward_benign,0.0126642756114625,moved_toward_benign
1471149,43003aaa5e99badaf3d1a9f0cea7f7617dccf27da311e3f80a0e7742860888f4,moved_toward_benign,3,-2.0,True,0.0112638552273513,moved_toward_benign,0.005631908540494132,moved_toward_benign,0.006565410505297466,moved_toward_benign,0.0,moved_toward_benign,0.0,moved_toward_benign,0.0126642756114625,moved_toward_benign
1359027,f18d8c908ff09d856754a50a0ad4d235607b65fa967f941f91cdaf27876d2d18,moved_toward_benign,2,-2.0,True,0.02197693706440833,moved_toward_benign,0.008035770369332071,moved_toward_benign,0.0050570960740322895,moved_toward_benign,0.0,moved_toward_benign,0.0,moved_toward_benign,0.0126672716752614,moved_toward_benign
1516073,b0f1cfa48ee0c07d2b4248700f79db23f995ab5d2befa7e150510a05837fedab,moved_toward_benign,1,-2.0,True,0.018927626872810358,moved_toward_benign,0.005105370860090099,moved_toward_benign,0.002368104574156521,moved_toward_benign,0.0,moved_toward_benign,0.0,moved_toward_benign,0.0126672716752614,moved_toward_benign
1346886,09c2b2d2f1d4dfef3b0b8bd868f4ee569a26396189a4ff11708937612b3fbe8b,moved_toward_benign,1,-2.0,True,0.01892521192230745,moved_toward_benign,0.005105370860090099,moved_toward_benign,0.002368104574156521,moved_toward_benign,0.0,moved_toward_benign,0.0,moved_toward_benign,0.012670264951718,moved_toward_benign
1400186,c072b1f43ef71e93e4e43170bcc99b3624982886af28cb4e370fbbcd63ccec8e,moved_toward_benign,2,-2.0,True,0.021969672256345458,moved_toward_benign,0.008035770369332071,moved_toward_benign,0.0050570960740322895,moved_toward_benign,0.0,moved_toward_benign,0.0,moved_toward_benign,0.012670264951718,moved_toward_benign
1402973,c074a29d2e7d42f44d8c4990a2e87d3808b6e363070d5142d5e0ec7b4aee7b5f,moved_toward_benign,4,-2.0,True,0.022942468449515405,moved_toward_benign,0.005115071911409172,moved_toward_benign,0.005223947927239741,moved_toward_benign,0.0,moved_toward_benign,0.0,moved_toward_benign,0.012670264951718,moved_toward_benign
1434976,a708719de768e7ebc86fc365b3520d764fbf67f4bfbbbfa4a5e45253a30648bd,moved_toward_benign,1,-2.0,True,0.01892521192230745,moved_toward_benign,0.005105370860090099,moved_toward_benign,0.002368104574156521,moved_toward_benign,0.0,moved_toward_benign,0.0,moved_toward_benign,0.012670264951718,moved_toward_benign
1487283,0d73367ab110e97366738c8f298db0728c9d1be0d7bfd3ab1b86f74666ca9ce6,moved_toward_benign,0,-2.0,True,0.02269923803072116,moved_toward_benign,0.007159962132584114,moved_toward_benign,0.0044773374608151045,moved_toward_benign,0.0,moved_toward_benign,0.0,moved_toward_benign,0.012670264951718,moved_toward_benign
1488534,15ff9c426183800ae857adc866d424d8168f22daafe1cca23e5270ba8cb9e8a5,moved_toward_benign,0,-2.0,True,0.02269923803072116,moved_toward_benign,0.007159962132584114,moved_toward_benign,0.0044773374608151045,moved_toward_benign,0.0,moved_toward_benign,0.0,moved_toward_benign,0.012670264951718,moved_toward_benign
1374793,99cc55b5efad90dd99f3450c9186c079d12643ada1ccf378f5915c139d95e366,moved_toward_benign,3,-2.0,True,0.0112638552273513,moved_toward_benign,0.005631908540494132,moved_toward_benign,0.006565410505297466,moved_toward_benign,0.0,moved_toward_benign,0.0,moved_toward_benign,0.0126732554466578,moved_toward_benign
1418950,92434f40d9a3180cf76c12fddfa84e756d66b0954702d8daaffe2bf6a3adc787,moved_toward_benign,2,-2.0,True,0.021962418234301104,moved_toward_benign,0.007800816023168711,moved_toward_benign,0.0050570960740322895,moved_toward_benign,0.0,moved_toward_benign,0.0,moved_toward_benign,0.0126732554466578,moved_toward_benign
1426698,e225b3ef9d6d7253b80f2700ba0de24a3bf0241527bbda75027cd4e05e485bf0,moved_toward_benign,1,-2.0,True,0.01892280007990627,moved_toward_benign,0.005105370860090099,moved_toward_benign,0.002368104574156521,moved_toward_benign,0.0,moved_toward_benign,0.0,moved_toward_benign,0.0126732554466578,moved_toward_benign
1445058,506fc8a729e30632de3283726e5a8d8b9aeb453e13e267265c75b893c74c765b,moved_toward_benign,2,-2.0,True,0.021962418234301104,moved_toward_benign,0.007800816023168711,moved_toward_benign,0.0050570960740322895,moved_toward_benign,0.0,moved_toward_benign,0.0,moved_toward_benign,0.0126732554466578,moved_toward_benign
1515169,d4c8997e91d1f571e0ff6ad7d039b19adf05994168adf4edf8c56cee70420a40,moved_toward_benign,0,-2.0,True,0.022705454022911,moved_toward_benign,0.007159962132584114,moved_toward_benign,0.0044773374608151045,moved_toward_benign,0.0,moved_toward_benign,0.0,moved_toward_benign,0.0126732554466578,moved_toward_benign
1356192,e2f76d2b55f9637e7217f46a6b3fa793bd5b71aaeab7fd42783dcc66ff3c6255,moved_toward_benign,2,-2.0,True,0.021955174969797344,moved_toward_benign,0.007800816023168711,moved_toward_benign,0.0050570960740322895,moved_toward_benign,0.0,moved_toward_benign,0.0,moved_toward_benign,0.0126762431658873,moved_toward_benign
1399283,f167717fb2ed36e774225dd5b609cd208e028ba12cfc08946de444227e4e80d2,moved_toward_benign,3,-2.0,True,0.0112638552273513,moved_toward_benign,0.005631908540494132,moved_toward_benign,0.006565410505297466,moved_toward_benign,0.0,moved_toward_benign,0.0,moved_toward_benign,0.0126762431658873,moved_toward_benign
1429476,2963ccbaf5d3d660d3654064eff5091d5c8748e83e65084ad263e66e8ae2a1ad,moved_toward_benign,4,-2.0,True,0.022941263869486254,moved_toward_benign,0.005115071911409172,moved_toward_benign,0.005223947927239741,moved_toward_benign,0.0,moved_toward_benign,0.0,moved_toward_benign,0.0126762431658873,moved_toward_benign
1504861,260d75337dd0e97e74346eafdada930864c13e2918838ac6daf859a35d862885,moved_toward_benign,2,-2.0,True,0.021955174969797344,moved_toward_benign,0.007800816023168711,moved_toward_benign,0.0050570960740322895,moved_toward_benign,0.0,moved_toward_benign,0.0,moved_toward_benign,0.0126762431658873,moved_toward_benign
1377514,219167d4add956eab917f44ebd788bf7ba544b6c41ac9b9850b4194634ccfc33,moved_toward_benign,3,-2.0,True,0.0112638552273513,moved_toward_benign,0.005631908540494132,moved_toward_benign,0.006565410505297466,moved_toward_benign,0.0,moved_toward_benign,0.0,moved_toward_benign,0.0126792281151943,moved_toward_benign
1359550,8d519a14c074d08ffd2d05ada80c1d84ea0d1551c9c16d1735d0b6c923593a3a,moved_toward_benign,0,-2.0,True,0.022724068711544657,moved_toward_benign,0.00712101261887694,moved_toward_benign,0.0044773374608151045,moved_toward_benign,0.0,moved_toward_benign,0.0,moved_toward_benign,0.0126822103003476,moved_toward_benign
1441123,1d3e02ae16ee3dcab1d5dfd006a06673774cafbf2f9ed6d056585ea8866fb2f6,moved_toward_benign,2,-2.0,True,0.021940720600039626,moved_toward_benign,0.007800816023168711,moved_toward_benign,0.0050570960740322895,moved_toward_benign,0.0,moved_toward_benign,0.0,moved_toward_benign,0.0126822103003476,moved_toward_benign
1488763,e75761f50b21435f11a96bb902eba24483bbb00ebbd5458ad86880ba9880fddd,moved_toward_benign,2,-2.0,True,0.021940720600039626,moved_toward_benign,0.007800816023168711,moved_toward_benign,0.0050570960740322895,moved_toward_benign,0.0,moved_toward_benign,0.0,moved_toward_benign,0.0126822103003476,moved_toward_benign
1420260,40abbd5964bd2e2219307a48b903ab4cf2c90e83e49a336c82924ac948122b53,moved_toward_benign,2,-2.0,True,0.021933509438367926,moved_toward_benign,0.007800816023168711,moved_toward_benign,0.0050570960740322895,moved_toward_benign,0.0,moved_toward_benign,0.0,moved_toward_benign,0.0126851897270976,moved_toward_benign
1348917,8f3861789a621e7d4a46e8c803b5306522decd2628c22b4a19721f319ccdea63,moved_toward_benign,3,-2.0,True,0.0112638552273513,moved_toward_benign,0.005631908540494132,moved_toward_benign,0.006565410505297466,moved_toward_benign,0.0,moved_toward_benign,0.0,moved_toward_benign,0.0126941115141517,moved_toward_benign
1370410,c6750b613407d67c845d796a86c12f47603aedba65299f05b42f8c6ba36ae55a,moved_toward_benign,2,-2.0,True,0.021911939709910816,moved_toward_benign,0.007800816023168711,moved_toward_benign,0.0050570960740322895,moved_toward_benign,0.0,moved_toward_benign,0.0,moved_toward_benign,0.0126941115141517,moved_toward_benign
1376024,c55f8f24a1d984d8b602038c86655fc75c26d2cdb11659eb3af2f012541a9726,moved_toward_benign,0,-2.0,True,0.02274881104702389,moved_toward_benign,0.00712101261887694,moved_toward_benign,0.0044773374608151045,moved_toward_benign,0.0,moved_toward_benign,0.0,moved_toward_benign,0.0126941115141517,moved_toward_benign
1490649,4342da67c1fea113d747242df7008683b36f42c9ba4f2b18e4b04beb29df8b71,moved_toward_benign,2,-2.0,True,0.021911939709910816,moved_toward_benign,0.007800816023168711,moved_toward_benign,0.0050570960740322895,moved_toward_benign,0.0,moved_toward_benign,0.0,moved_toward_benign,0.0126941115141517,moved_toward_benign
1513720,1cb73aabb5269c2689094d4cec6d881826d5312a5b1ebdab3303b3a3c835601d,moved_toward_benign,0,-2.0,True,0.02276114930996858,moved_toward_benign,0.00712101261887694,moved_toward_benign,0.0044773374608151045,moved_toward_benign,0.0,moved_toward_benign,0.0,moved_toward_benign,0.0127000456847598,moved_toward_benign
1413167,db5f1a085a445a011e36f2e5014265ae744db959b05c5097464d6982589f26f4,moved_toward_benign,4,-2.0,True,0.02293409584203457,moved_toward_benign,0.005115071911409172,moved_toward_benign,0.005223947927239741,moved_toward_benign,0.0,moved_toward_benign,0.0,moved_toward_benign,0.0127118813793531,moved_toward_benign
1366179,3df1fe359493bf3d4c6025276848dad5eb71051196dc65e0e1e9a3f82b0792c5,moved_toward_benign,0,-2.0,True,0.02279189970738611,moved_toward_benign,0.00712101261887694,moved_toward_benign,0.0044773374608151045,moved_toward_benign,0.0,moved_toward_benign,0.0,moved_toward_benign,0.0127148335342846,moved_toward_benign
1366858,29ce51a1d45af69928eaef01af324351ecefbfacce4fcf3dd6332c37f7f529fe,moved_toward_benign,3,-2.0,True,0.0112638552273513,moved_toward_benign,0.006694839081481341,moved_toward_benign,0.006565410505297466,moved_toward_benign,0.0,moved_toward_benign,0.0,moved_toward_benign,0.0127148335342846,moved_toward_benign
1370469,00cc8560a68ee035aef095fccecef9827f37deb7801b0e97265ced1063215f19,moved_toward_benign,1,-2.0,True,0.018889356429341433,moved_toward_benign,0.006025790998496186,moved_toward_benign,0.0024304836225406265,moved_toward_benign,0.0,moved_toward_benign,0.0,moved_toward_benign,0.0127148335342846,moved_toward_benign
1396667,b0989d23c9dd96927641f30eb257c44367f725d3c45c88fd6673a591e1f894ea,moved_toward_benign,1,-2.0,True,0.018889356429341433,moved_toward_benign,0.006025790998496186,moved_toward_benign,0.0024304836225406265,moved_toward_benign,0.0,moved_toward_benign,0.0,moved_toward_benign,0.0127148335342846,moved_toward_benign
1406878,bff24edd3f063d91c46eb46b509db10f4ed4a50ff0bb14f8e2b4ec92a86b9d88,moved_toward_benign,0,-2.0,True,0.02279189970738611,moved_toward_benign,0.00712101261887694,moved_toward_benign,0.0044773374608151045,moved_toward_benign,0.0,moved_toward_benign,0.0,moved_toward_benign,0.0127148335342846,moved_toward_benign
1439204,2b60f22b78a681683b56cc7bf59154f16797dd65fcfcbc517f23885e2680d03c,moved_toward_benign,1,-2.0,True,0.018889356429341433,moved_toward_benign,0.006025790998496186,moved_toward_benign,0.0024304836225406265,moved_toward_benign,0.0,moved_toward_benign,0.0,moved_toward_benign,0.0127148335342846,moved_toward_benign
1450785,15e8e4bf527e2da3d90336e2b9c164ef0c18c76ebdc434c4cd8bcd36d2c008ea,moved_toward_benign,2,-2.0,True,0.02186197870433109,moved_toward_benign,0.00970604313502646,moved_toward_benign,0.0050570960740322895,moved_toward_benign,0.0,moved_toward_benign,0.0,moved_toward_benign,0.0127148335342846,moved_toward_benign
1464907,e3f514fd82a0db2deca2165bd8d5a956fbbe9b698d77644b29deb185409f7853,moved_toward_benign,3,-2.0,True,0.0112638552273513,moved_toward_benign,0.006694839081481341,moved_toward_benign,0.006565410505297466,moved_toward_benign,0.0,moved_toward_benign,0.0,moved_toward_benign,0.0127148335342846,moved_toward_benign
1467956,d0a60d14dfe244f081cac2593f2c1fc83f570822bc8d2dcb7ee5835e312ceef6,moved_toward_benign,3,-2.0,True,0.0112638552273513,moved_toward_benign,0.006694839081481341,moved_toward_benign,0.006565410505297466,moved_toward_benign,0.0,moved_toward_benign,0.0,moved_toward_benign,0.0127148335342846,moved_toward_benign
1473941,e0cc5a412e141313e50ba81bf343f78088890a4bcdcbd5d2696f7b41bdfe2abd,moved_toward_benign,3,-2.0,True,0.0112638552273513,moved_toward_benign,0.006694839081481341,moved_toward_benign,0.006565410505297466,moved_toward_benign,0.0,moved_toward_benign,0.0,moved_toward_benign,0.0127148335342846,moved_toward_benign
1475621,bff24edd3f063d91c46eb46b509db10f4ed4a50ff0bb14f8e2b4ec92a86b9d88,moved_toward_benign,0,-2.0,True,0.02279189970738611,moved_toward_benign,0.00712101261887694,moved_toward_benign,0.0044773374608151045,moved_toward_benign,0.0,moved_toward_benign,0.0,moved_toward_benign,0.0127148335342846,moved_toward_benign
1502536,8f3861789a621e7d4a46e8c803b5306522decd2628c22b4a19721f319ccdea63,moved_toward_benign,3,-2.0,True,0.0112638552273513,moved_toward_benign,0.006694839081481341,moved_toward_benign,0.006565410505297466,moved_toward_benign,0.0,moved_toward_benign,0.0,moved_toward_benign,0.0127148335342846,moved_toward_benign
1504857,00ec5042a2b69489663c92953fa0478b76f9f6b0f9e6bed42bd44b8f65212c49,moved_toward_benign,1,-2.0,True,0.018889356429341433,moved_toward_benign,0.006025790998496186,moved_toward_benign,0.0024304836225406265,moved_toward_benign,0.0,moved_toward_benign,0.0,moved_toward_benign,0.0127148335342846,moved_toward_benign
1515595,3ff4109ef69ef8d03466da375339497d759093a851e00d89925854bc7bcef09d,moved_toward_benign,4,-2.0,True,0.022933503053620432,moved_toward_benign,0.005115071911409172,moved_toward_benign,0.005223947927239741,moved_toward_benign,0.0,moved_toward_benign,0.0,moved_toward_benign,0.0127148335342846,moved_toward_benign
1518135,3ff4109ef69ef8d03466da375339497d759093a851e00d89925854bc7bcef09d,moved_toward_benign,4,-2.0,True,0.022933503053620432,moved_toward_benign,0.005115071911409172,moved_toward_benign,0.005223947927239741,moved_toward_benign,0.0,moved_toward_benign,0.0,moved_toward_benign,0.0127148335342846,moved_toward_benign
1680647,db0837a44789cec223338592205544952f23856117fc38d85ca4a1c9a589b53d,moved_toward_benign,1,-2.0,True,0.018889356429341433,moved_toward_benign,0.006025790998496186,moved_toward_benign,0.0024304836225406265,moved_toward_benign,0.0,moved_toward_benign,0.0,moved_toward_benign,0.0127148335342846,moved_toward_benign
1683188,b82884d52a49c70add33ad265e44ff1056ba81581a40d401fc17cc0c2d1dd62d,moved_toward_benign,0,-2.0,True,0.02279189970738611,moved_toward_benign,0.00712101261887694,moved_toward_benign,0.0044773374608151045,moved_toward_benign,0.0,moved_toward_benign,0.0,moved_toward_benign,0.0127148335342846,moved_toward_benign
1436119,56d2ecd61775d329aef96534af3b1cf51f93f96469a4d0bc0f3f8c9633764cf6,moved_toward_benign,3,-2.0,True,0.0112638552273513,moved_toward_benign,0.006694839081481341,moved_toward_benign,0.006565410505297466,moved_toward_benign,0.0,moved_toward_benign,0.0,moved_toward_benign,0.0127177829928565,moved_toward_benign
2436376,3498e73f4c08a59891b2edd3758dc49e10dc77ebdbf5b209af808f2ec38dc83d,moved_toward_benign,0,-2.0,True,0.022816402767722368,moved_toward_benign,0.007349025828311655,moved_toward_benign,0.0044773374608151045,moved_toward_benign,0.0,moved_toward_benign,0.0,moved_toward_benign,0.0127266152456511,moved_toward_benign
1486264,d9a6130b5aeb9e9112f68e0ab5d3c12d7b8167f23597e61c5f9dcf3af06c9b05,moved_toward_benign,2,-2.0,True,0.02182660391932134,moved_toward_benign,0.011301906145838106,moved_toward_benign,0.0050570960740322895,moved_toward_benign,0.0,moved_toward_benign,0.0,moved_toward_benign,0.0127295539739332,moved_toward_benign
1372659,26be345c7af2fc8b08f966a4193e22673e989054afb11b70a0bb2d8074d2fad6,moved_toward_benign,2,-2.0,True,0.021805502098555897,moved_toward_benign,0.011301906145838106,moved_toward_benign,0.0050570960740322895,moved_toward_benign,0.0,moved_toward_benign,0.0,moved_toward_benign,0.012738354167305,moved_toward_benign
1510243,fdd1adda7ee5b1b440632d6ab4eb7c57b480fc4808d0cac60539aac985d4b0ba,moved_toward_benign,2,-2.0,True,0.02179148504913031,moved_toward_benign,0.011301906145838106,moved_toward_benign,0.0050570960740322895,moved_toward_benign,0.0,moved_toward_benign,0.0,moved_toward_benign,0.0127442076908921,moved_toward_benign
1424022,f9ccd3285d81cdb3f20962456ecadaaaa6063d51ecff1d0018351d3dc8a80aff,moved_toward_benign,3,-2.0,True,0.0112638552273513,moved_toward_benign,0.007102541717553918,moved_toward_benign,0.006565410505297466,moved_toward_benign,0.0,moved_toward_benign,0.0,moved_toward_benign,0.0127500506471834,moved_toward_benign
1384223,06bf65c963d93e594bc08e0c6b82fe8ee7b5e1f16e326e7b340c5850d787826e,moved_toward_pathogenic,0,5.0,True,0.9327643702585029,moved_toward_pathogenic,0.9330681306825355,moved_toward_pathogenic,0.9189773831942396,moved_toward_pathogenic,1.0,moved_toward_pathogenic,0.0,moved_toward_benign,0.9863374610238788,moved_toward_pathogenic
2165476,b731a6472f90125fc315e7f455c4d69c3731c06457eef8cdfdba0691a8943bd7,moved_toward_pathogenic,2,5.0,True,0.9137250660374823,moved_toward_pathogenic,0.9277781559642818,moved_toward_pathogenic,0.9355693300747909,moved_toward_pathogenic,1.0,moved_toward_pathogenic,0.0,moved_toward_benign,0.9856317291935154,moved_toward_pathogenic
1344492,41b571546a97b9a2ad689e85f983672c564f496457f15978245e29a2e54ae8de,moved_toward_pathogenic,2,5.0,True,0.9945659298983681,moved_toward_pathogenic,0.9261472942009075,moved_toward_pathogenic,0.9556543071339252,moved_toward_pathogenic,1.0,moved_toward_pathogenic,0.0,moved_toward_benign,0.9835828015439292,moved_toward_pathogenic
1775090,c76f2b13ddfc00b0bfb0cc98d3a84283fb3d4cac81c357d6269be5f404c75804,moved_toward_pathogenic,2,5.0,True,0.7752203116014176,moved_toward_pathogenic,0.9331088734998487,moved_toward_pathogenic,0.9127022396640956,moved_toward_pathogenic,1.0,moved_toward_pathogenic,0.0,moved_toward_benign,0.9818423003085988,moved_toward_pathogenic
2504572,a6faa991a8769100c8ca91759f92952294ce95be54706023d50399c2dd72c0d3,moved_toward_pathogenic,0,5.0,True,0.2626943465207873,moved_toward_pathogenic,0.8280831556922539,moved_toward_pathogenic,0.9236765143356492,moved_toward_pathogenic,1.0,moved_toward_pathogenic,0.0,moved_toward_benign,0.9805070399826776,moved_toward_pathogenic
2433092,f07a95df44309ce323b2a985fef3c73d9335d7c031119b57b754c5b7be0782f0,moved_toward_pathogenic,4,5.0,True,0.8338853101731509,moved_toward_pathogenic,0.9383062718594605,moved_toward_pathogenic,0.9188281178910016,moved_toward_pathogenic,1.0,moved_toward_pathogenic,0.0,moved_toward_benign,0.9801506162692956,moved_toward_pathogenic
1354563,b731a6472f90125fc315e7f455c4d69c3731c06457eef8cdfdba0691a8943bd7,moved_toward_pathogenic,2,5.0,True,0.7986145444712074,moved_toward_pathogenic,0.9331088734998487,moved_toward_pathogenic,0.912203802717309,moved_toward_pathogenic,1.0,moved_toward_pathogenic,0.0,moved_toward_benign,0.9799935489689844,moved_toward_pathogenic
1480008,feba12e07be796543e3b0a6d747b9006c3d6fa0aa94c1c9ed46f23ce71fa66ca,moved_toward_pathogenic,1,5.0,True,0.8198589842735307,moved_toward_pathogenic,0.9503319434618904,moved_toward_pathogenic,0.8977540562178845,moved_toward_pathogenic,1.0,moved_toward_pathogenic,0.0,moved_toward_benign,0.979692832276178,moved_toward_pathogenic
1483962,34e124ee84093201cacea25801d775578f29269980b1baa6173c08b99ea28c2c,moved_toward_pathogenic,4,5.0,True,0.8343878666716587,moved_toward_pathogenic,0.9479233488884303,moved_toward_pathogenic,0.9196633566824355,moved_toward_pathogenic,1.0,moved_toward_pathogenic,0.0,moved_toward_benign,0.9795124674997228,moved_toward_pathogenic
2096399,a31c7eaf033a5a0ea397306d7c8f047fc01265228a874287713f497d693ee00c,moved_toward_pathogenic,1,5.0,True,0.9564708722605664,moved_toward_pathogenic,0.9600908812427688,moved_toward_pathogenic,0.958726794026571,moved_toward_pathogenic,1.0,moved_toward_pathogenic,0.0,moved_toward_benign,0.9794642435733008,moved_toward_pathogenic
1939145,06bf65c963d93e594bc08e0c6b82fe8ee7b5e1f16e326e7b340c5850d787826e,moved_toward_pathogenic,0,5.0,True,0.8553322916029021,moved_toward_pathogenic,0.9330681306825355,moved_toward_pathogenic,0.9249232523239288,moved_toward_pathogenic,1.0,moved_toward_pathogenic,0.0,moved_toward_benign,0.9792758828848624,moved_toward_pathogenic
1379064,34e124ee84093201cacea25801d775578f29269980b1baa6173c08b99ea28c2c,moved_toward_pathogenic,4,5.0,True,0.8345742847973688,moved_toward_pathogenic,0.951519079155814,moved_toward_pathogenic,0.9196633566824355,moved_toward_pathogenic,1.0,moved_toward_pathogenic,0.0,moved_toward_benign,0.9792702751489214,moved_toward_pathogenic
1363175,80d2208a4e7f11d134cb221b97570e9bf2cada36c8b074c10b3561f626b98ba6,moved_toward_pathogenic,3,5.0,True,0.9638797533935151,moved_toward_pathogenic,0.9567773999136107,moved_toward_pathogenic,0.9226915081300788,moved_toward_pathogenic,1.0,moved_toward_pathogenic,0.0,moved_toward_benign,0.9790824204792894,moved_toward_pathogenic
1396222,295eed6c09aa96db6d0ec977540f382a650a7499f82aaca453419b979d387171,moved_toward_pathogenic,4,5.0,True,0.8347214824499709,moved_toward_pathogenic,0.9493003906360507,moved_toward_pathogenic,0.9197635033450515,moved_toward_pathogenic,1.0,moved_toward_pathogenic,0.0,moved_toward_benign,0.979076902587888,moved_toward_pathogenic
2080661,06bf65c963d93e594bc08e0c6b82fe8ee7b5e1f16e326e7b340c5850d787826e,moved_toward_pathogenic,0,5.0,True,0.8561051801035379,moved_toward_pathogenic,0.938951921659305,moved_toward_pathogenic,0.926983357748607,moved_toward_pathogenic,1.0,moved_toward_pathogenic,0.0,moved_toward_benign,0.9788488051697328,moved_toward_pathogenic
1723033,c6fe1a63b9b4e4860d98029ba50d5f640135fd57c7afb23a07a27289ba464316,moved_toward_pathogenic,3,5.0,True,0.9752408884121002,moved_toward_pathogenic,0.9725699493420569,moved_toward_pathogenic,0.9693591219495156,moved_toward_pathogenic,1.0,moved_toward_pathogenic,0.0,moved_toward_benign,0.9787551837573256,moved_toward_pathogenic
2003959,eb09422ab73c4c841d7e5340d95e47aaa383eff8b96ee08bbe5b9943a1f274c5,moved_toward_pathogenic,1,5.0,True,0.8669190507355067,moved_toward_pathogenic,0.9620338743706679,moved_toward_pathogenic,0.962493056482964,moved_toward_pathogenic,1.0,moved_toward_pathogenic,0.0,moved_toward_benign,0.978500994353227,moved_toward_pathogenic
2114849,4a33ed4d9851445cc31e7e47df51cf1b7f4abb08e8ee57a56d069741d6b3280a,moved_toward_pathogenic,1,5.0,True,0.8247495772644027,moved_toward_pathogenic,0.9552573964787254,moved_toward_pathogenic,0.9006668065996374,moved_toward_pathogenic,1.0,moved_toward_pathogenic,0.0,moved_toward_benign,0.978430692193658,moved_toward_pathogenic
1712157,1d723c54dd96f4de0012fab4b3255e7e0bf4d6692f9a94751f7b244d4df3c89d,moved_toward_pathogenic,2,5.0,True,0.8171258291365422,moved_toward_pathogenic,0.9481389618544352,moved_toward_pathogenic,0.911444779446395,moved_toward_pathogenic,1.0,moved_toward_pathogenic,0.0,moved_toward_benign,0.9782683127841346,moved_toward_pathogenic
1980342,494c6e670d01dc6f862b6c9948ec682fdd54978768bd9d84cb1905d0dcec5c66,moved_toward_pathogenic,0,5.0,True,0.8518707637523693,moved_toward_pathogenic,0.9424294847156669,moved_toward_pathogenic,0.9259198790027738,moved_toward_pathogenic,1.0,moved_toward_pathogenic,0.0,moved_toward_benign,0.97824053235166,moved_toward_pathogenic
1380167,abd305c041a982d6795846bee42f5238e02351ed3e7f9ff5151d1f470cd4f081,moved_toward_pathogenic,3,5.0,True,0.9638797533935151,moved_toward_pathogenic,0.9725699493420569,moved_toward_pathogenic,0.9226976981667078,moved_toward_pathogenic,1.0,moved_toward_pathogenic,0.0,moved_toward_benign,0.978205507537614,moved_toward_pathogenic
2185994,df5f0d0b1bae35e637a17b963312826484eb7001d3a12f30a18ad9af66f5c154,moved_toward_pathogenic,4,5.0,True,0.8913781791935349,moved_toward_pathogenic,0.932024029778224,moved_toward_pathogenic,0.9550459891342079,moved_toward_pathogenic,1.0,moved_toward_pathogenic,0.0,moved_toward_benign,0.9781867879659284,moved_toward_pathogenic
2086911,db0bf0c6bfd0a12aed4550bddc07b0d96eac8ea25892a2df53439e57dc583505,moved_toward_pathogenic,1,5.0,True,0.8257376761115861,moved_toward_pathogenic,0.969269456452435,moved_toward_pathogenic,0.9006668065996374,moved_toward_pathogenic,1.0,moved_toward_pathogenic,0.0,moved_toward_benign,0.978163031044928,moved_toward_pathogenic
1993367,28ea10cc6f6017acb112a6246878e05e5b8bb61d2a23dc978a636396d4a95e7b,moved_toward_pathogenic,1,5.0,True,0.826293982067611,moved_toward_pathogenic,0.969269456452435,moved_toward_pathogenic,0.9006668065996374,moved_toward_pathogenic,1.0,moved_toward_pathogenic,0.0,moved_toward_benign,0.9780103761871218,moved_toward_pathogenic
2195938,28ea10cc6f6017acb112a6246878e05e5b8bb61d2a23dc978a636396d4a95e7b,moved_toward_pathogenic,1,5.0,True,0.8266750391499845,moved_toward_pathogenic,0.969269456452435,moved_toward_pathogenic,0.9006668065996374,moved_toward_pathogenic,1.0,moved_toward_pathogenic,0.0,moved_toward_benign,0.9779049847977124,moved_toward_pathogenic
1397948,bff24edd3f063d91c46eb46b509db10f4ed4a50ff0bb14f8e2b4ec92a86b9d88,moved_toward_pathogenic,0,6.0,True,0.9261830175674496,moved_toward_pathogenic,0.8280831556922539,moved_toward_pathogenic,0.9561635421583179,moved_toward_pathogenic,1.0,moved_toward_pathogenic,0.0,moved_toward_benign,0.9778197451547288,moved_toward_pathogenic
1946821,473ad82fd1e52e7f494e2ad68c3e1d8dea9cada000d116ba3dd3285fe441393a,moved_toward_pathogenic,4,5.0,True,0.8357177336177167,moved_toward_pathogenic,0.9400260576391459,moved_toward_pathogenic,0.9216457229487386,moved_toward_pathogenic,1.0,moved_toward_pathogenic,0.0,moved_toward_benign,0.9777170593284734,moved_toward_pathogenic
1809826,36020c7916c2b2d50efcbfa6573be52fa994cebfa80fa28c0370734f6dec21da,moved_toward_pathogenic,2,5.0,True,0.8225468059017842,moved_toward_pathogenic,0.9476012263552542,moved_toward_pathogenic,0.9127141506992866,moved_toward_pathogenic,1.0,moved_toward_pathogenic,0.0,moved_toward_benign,0.9777090201275817,moved_toward_pathogenic
1363920,06bf65c963d93e594bc08e0c6b82fe8ee7b5e1f16e326e7b340c5850d787826e,moved_toward_pathogenic,0,5.0,True,0.8476773087430849,moved_toward_pathogenic,0.9415160603265028,moved_toward_pathogenic,0.9259198790027738,moved_toward_pathogenic,1.0,moved_toward_pathogenic,0.0,moved_toward_benign,0.9776358810830762,moved_toward_pathogenic
2015221,06bf65c963d93e594bc08e0c6b82fe8ee7b5e1f16e326e7b340c5850d787826e,moved_toward_pathogenic,0,5.0,True,0.8475634582023285,moved_toward_pathogenic,0.9415160603265028,moved_toward_pathogenic,0.9259198790027738,moved_toward_pathogenic,1.0,moved_toward_pathogenic,0.0,moved_toward_benign,0.9776194326898712,moved_toward_pathogenic
2054643,8f476966912d051dae8d39e70c316c0d44da62eb856fa514a0aa521d11a359b3,moved_toward_pathogenic,3,5.0,True,0.9638797533935151,moved_toward_pathogenic,0.9706033218878992,moved_toward_pathogenic,0.9241190258190503,moved_toward_pathogenic,1.0,moved_toward_pathogenic,0.0,moved_toward_benign,0.9775360952333492,moved_toward_pathogenic
2024847,1d17b9df88f33ff16b3a2ee62b7a44ea6d4fc164d803a3382532258a57a3452b,moved_toward_pathogenic,0,5.0,True,0.8450535619158938,moved_toward_pathogenic,0.9442002452521222,moved_toward_pathogenic,0.9259198790027738,moved_toward_pathogenic,1.0,moved_toward_pathogenic,0.0,moved_toward_benign,0.9772563741670868,moved_toward_pathogenic
1927535,cf880572f529ceb84fb79fb7f4ea8050f0f44f29354eb1d444ecba6572f8359a,moved_toward_pathogenic,0,5.0,True,0.844226861459023,moved_toward_pathogenic,0.9442002452521222,moved_toward_pathogenic,0.9256091008608092,moved_toward_pathogenic,1.0,moved_toward_pathogenic,0.0,moved_toward_benign,0.9771366027943754,moved_toward_pathogenic
2029255,db0bf0c6bfd0a12aed4550bddc07b0d96eac8ea25892a2df53439e57dc583505,moved_toward_pathogenic,1,5.0,True,0.8295433067269603,moved_toward_pathogenic,0.9432768169697772,moved_toward_pathogenic,0.9003117166404132,moved_toward_pathogenic,1.0,moved_toward_pathogenic,0.0,moved_toward_benign,0.9770895227383444,moved_toward_pathogenic
1486555,295eed6c09aa96db6d0ec977540f382a650a7499f82aaca453419b979d387171,moved_toward_pathogenic,4,5.0,True,0.8361625860131606,moved_toward_pathogenic,0.9471725225906193,moved_toward_pathogenic,0.9216198304883952,moved_toward_pathogenic,1.0,moved_toward_pathogenic,0.0,moved_toward_benign,0.9770800371868,moved_toward_pathogenic
1954560,c882a15e1752ffd9f7e1af31ef0158e208960a0f8c99722322b13523605824db,moved_toward_pathogenic,4,5.0,True,0.8362020345649261,moved_toward_pathogenic,0.9417872635368767,moved_toward_pathogenic,0.9216198304883952,moved_toward_pathogenic,1.0,moved_toward_pathogenic,0.0,moved_toward_benign,0.9770226282048788,moved_toward_pathogenic
1958560,d8a01585843290dc584512d791897ceab0064d99442acf1818de3a6b10fc6333,moved_toward_pathogenic,1,5.0,True,0.8297725060592643,moved_toward_pathogenic,0.9432768169697772,moved_toward_pathogenic,0.9003117166404132,moved_toward_pathogenic,1.0,moved_toward_pathogenic,0.0,moved_toward_benign,0.9770226282048788,moved_toward_pathogenic
1377473,8f476966912d051dae8d39e70c316c0d44da62eb856fa514a0aa521d11a359b3,moved_toward_pathogenic,3,5.0,True,0.9638797533935151,moved_toward_pathogenic,0.902107723312085,moved_toward_pathogenic,0.9241190258190503,moved_toward_pathogenic,1.0,moved_toward_pathogenic,0.0,moved_toward_benign,0.9766801966875296,moved_toward_pathogenic
2027635,28ea10cc6f6017acb112a6246878e05e5b8bb61d2a23dc978a636396d4a95e7b,moved_toward_pathogenic,1,5.0,True,0.83110926166942,moved_toward_pathogenic,0.8925349422585558,moved_toward_pathogenic,0.9009758587405979,moved_toward_pathogenic,1.0,moved_toward_pathogenic,0.0,moved_toward_benign,0.976627204088806,moved_toward_pathogenic
2507214,bb1307900e64ca979b4126780e63b8d4ab6e8dbd2e0b3528915a4799b9255e1a,moved_toward_pathogenic,0,5.0,True,0.8354011876605499,moved_toward_pathogenic,0.8007739035174968,moved_toward_pathogenic,0.9241987885370914,moved_toward_pathogenic,1.0,moved_toward_pathogenic,0.0,moved_toward_benign,0.9758518987777046,moved_toward_pathogenic
2475601,0c091ecf3248f4857c5d73dceab0ee5ec657de22b70be84674aaceecc924be85,moved_toward_pathogenic,3,5.0,True,0.9638797533935151,moved_toward_pathogenic,0.9206452807784173,moved_toward_pathogenic,0.9228103479926899,moved_toward_pathogenic,1.0,moved_toward_pathogenic,0.0,moved_toward_benign,0.9751618114669884,moved_toward_pathogenic
1447591,abd305c041a982d6795846bee42f5238e02351ed3e7f9ff5151d1f470cd4f081,moved_toward_pathogenic,3,5.0,True,0.9805813895372919,moved_toward_pathogenic,0.9634461876123404,moved_toward_pathogenic,0.9896591658787861,moved_toward_pathogenic,1.0,moved_toward_pathogenic,0.0,moved_toward_benign,0.9750263428425316,moved_toward_pathogenic
1406837,b731a6472f90125fc315e7f455c4d69c3731c06457eef8cdfdba0691a8943bd7,moved_toward_pathogenic,2,5.0,True,0.9331195049003197,moved_toward_pathogenic,0.9338160231066125,moved_toward_pathogenic,0.965170031102996,moved_toward_pathogenic,1.0,moved_toward_pathogenic,0.0,moved_toward_benign,0.9748447577262292,moved_toward_pathogenic
1377327,a2ef6f4b194a85d740eaa6b6249db10685a69d6274b70333903524de4a8010b0,moved_toward_pathogenic,0,5.0,True,0.9450242559716256,moved_toward_pathogenic,0.8706796157862557,moved_toward_pathogenic,0.9621844026067014,moved_toward_pathogenic,1.0,moved_toward_pathogenic,0.0,moved_toward_benign,0.9746608827112956,moved_toward_pathogenic
1480682,28ea10cc6f6017acb112a6246878e05e5b8bb61d2a23dc978a636396d4a95e7b,moved_toward_pathogenic,1,5.0,True,0.9696363389852602,moved_toward_pathogenic,0.9607104891921946,moved_toward_pathogenic,0.9815274408127469,moved_toward_pathogenic,1.0,moved_toward_pathogenic,0.0,moved_toward_benign,0.974022471029932,moved_toward_pathogenic
2060871,80d2208a4e7f11d134cb221b97570e9bf2cada36c8b074c10b3561f626b98ba6,moved_toward_pathogenic,3,5.0,True,0.9805813895372919,moved_toward_pathogenic,0.9567773999136107,moved_toward_pathogenic,0.9884557017578112,moved_toward_pathogenic,1.0,moved_toward_pathogenic,0.0,moved_toward_benign,0.9738629153942808,moved_toward_pathogenic
1463255,86b8ebc8e8a202024c963d90b27ec2bf074e898f66c5571fb7b783c2fbbc3fb9,moved_toward_benign,3,0.0,False,0.02652325675822034,moved_toward_benign,0.02823596589285966,moved_toward_benign,0.01448633076806226,moved_toward_benign,0.0,moved_toward_benign,0.0,moved_toward_benign,0.0262155241429942,moved_toward_benign
1675625,01bb625585ab1f510aa5baf8519dfab5327d2b7ed56b0aa04c1b7efe1b41043b,moved_toward_pathogenic,1,5.0,True,0.9700413243372947,moved_toward_pathogenic,0.9655750352315973,moved_toward_pathogenic,0.9819617983892871,moved_toward_pathogenic,1.0,moved_toward_pathogenic,0.0,moved_toward_benign,0.9733700490160396,moved_toward_pathogenic
1369670,260d75337dd0e97e74346eafdada930864c13e2918838ac6daf859a35d862885,moved_toward_pathogenic,2,5.0,True,0.9381445924878911,moved_toward_pathogenic,0.9481600129172425,moved_toward_pathogenic,0.9665156170344991,moved_toward_pathogenic,1.0,moved_toward_pathogenic,0.0,moved_toward_benign,0.973354224164793,moved_toward_pathogenic
2045104,a6bf4a542cff60b9fef9d67834922032f78ccaba92474bb80eaa6ed5a6c78ae6,moved_toward_pathogenic,4,5.0,True,0.9427056088424608,moved_toward_pathogenic,0.9479070293546753,moved_toward_pathogenic,0.9775586991105133,moved_toward_pathogenic,1.0,moved_toward_pathogenic,0.0,moved_toward_benign,0.9732903582061644,moved_toward_pathogenic
2183112,1d17b9df88f33ff16b3a2ee62b7a44ea6d4fc164d803a3382532258a57a3452b,moved_toward_pathogenic,0,5.0,True,0.9408946878869608,moved_toward_pathogenic,0.9424294847156669,moved_toward_pathogenic,0.9637482795272772,moved_toward_pathogenic,1.0,moved_toward_pathogenic,0.0,moved_toward_benign,0.9729911518673192,moved_toward_pathogenic
2076101,91a0604aff8cdc56f31202d85b86a11bd73ccf0be32173f3cc00bd2a13ab22c6,moved_toward_pathogenic,2,5.0,True,0.9399978725012693,moved_toward_pathogenic,0.9481600129172425,moved_toward_pathogenic,0.9663634904795252,moved_toward_pathogenic,1.0,moved_toward_pathogenic,0.0,moved_toward_benign,0.9727529909938522,moved_toward_pathogenic
2170396,e225b3ef9d6d7253b80f2700ba0de24a3bf0241527bbda75027cd4e05e485bf0,moved_toward_benign,1,0.0,False,0.009845094082147109,moved_toward_benign,0.015710135303128436,moved_toward_benign,0.021726733862588464,moved_toward_benign,0.0,moved_toward_benign,0.0,moved_toward_benign,0.0273498235174922,moved_toward_benign
2004610,b977fe258e52daa1253e26206f2518531bf7ed66a21d310147a6192e046ba398,moved_toward_pathogenic,4,5.0,True,0.9429022993852617,moved_toward_pathogenic,0.9383943536881999,moved_toward_pathogenic,0.9772867129163014,moved_toward_pathogenic,1.0,moved_toward_pathogenic,0.0,moved_toward_benign,0.9724342639193342,moved_toward_pathogenic
1914495,f9ce5a0733085ef6b73840444ef5d7b49173d78575fdf5c06be771c07f954b68,moved_toward_pathogenic,0,5.0,True,0.9390944693305858,moved_toward_pathogenic,0.9421194755204627,moved_toward_pathogenic,0.9634974310396454,moved_toward_pathogenic,1.0,moved_toward_pathogenic,0.0,moved_toward_benign,0.9722662325731072,moved_toward_pathogenic
2008415,06bf65c963d93e594bc08e0c6b82fe8ee7b5e1f16e326e7b340c5850d787826e,moved_toward_pathogenic,0,5.0,True,0.9387386199327077,moved_toward_pathogenic,0.9416010540869746,moved_toward_pathogenic,0.9634974310396454,moved_toward_pathogenic,1.0,moved_toward_pathogenic,0.0,moved_toward_benign,0.9721231361949636,moved_toward_pathogenic
2415008,d3f59198f70f0224cee51ef193310b02b855768e4b7ff090aa9ad75503a09aa8,moved_toward_pathogenic,4,5.0,True,0.9430097800417817,moved_toward_pathogenic,0.9408105848998108,moved_toward_pathogenic,0.9770578867112345,moved_toward_pathogenic,1.0,moved_toward_pathogenic,0.0,moved_toward_benign,0.9719540398835728,moved_toward_pathogenic
2140434,8f476966912d051dae8d39e70c316c0d44da62eb856fa514a0aa521d11a359b3,moved_toward_pathogenic,3,5.0,True,0.9805813895372919,moved_toward_pathogenic,0.9573701261756372,moved_toward_pathogenic,0.9882006593254413,moved_toward_pathogenic,1.0,moved_toward_pathogenic,0.0,moved_toward_benign,0.971921643851753,moved_toward_pathogenic
2024104,d6c9b9cc3c79e96af5435bb24255cdfd294e5ef8375c68eab129d522bdf3ffe1,moved_toward_pathogenic,0,5.0,True,0.9380194871061833,moved_toward_pathogenic,0.9442002452521222,moved_toward_pathogenic,0.9629704837515722,moved_toward_pathogenic,1.0,moved_toward_pathogenic,0.0,moved_toward_benign,0.971834147446648,moved_toward_pathogenic
2077160,4de4c0643275532005e3cf10c0df69aeac680facc21a2c633faa426a597ba66d,moved_toward_pathogenic,2,5.0,True,0.9432521550577039,moved_toward_pathogenic,0.9403242459905538,moved_toward_pathogenic,0.9658989144631086,moved_toward_pathogenic,1.0,moved_toward_pathogenic,0.0,moved_toward_benign,0.9716196050827686,moved_toward_pathogenic
1917255,e67a073fa2996ba6c44b91c919c46e9cde3cea95a7677a190005ec0c5a90af18,moved_toward_benign,4,0.0,False,0.036358766946692836,moved_toward_benign,0.04019844088286847,moved_toward_benign,0.03368258178328242,moved_toward_benign,0.0,moved_toward_benign,0.0,moved_toward_benign,0.0287590058941998,moved_toward_benign
1677019,2b6bf887f33c7d8dd7f87c345d5ce082f32914d36281f65e5697da0c63ccaadf,moved_toward_benign,3,0.0,False,0.02652325675822034,moved_toward_benign,0.026602575891189206,moved_toward_benign,0.2742141254701121,moved_toward_pathogenic,0.0,moved_toward_benign,0.0,moved_toward_benign,0.0299106689143041,moved_toward_benign
2634784,fd54d97c75e1a9276a7a80304a63aaeef6cf4ea39c78461100192beb0c359333,moved_toward_pathogenic,1,5.0,True,0.8498335014097411,moved_toward_pathogenic,0.8797321605715013,moved_toward_pathogenic,0.8967104164905094,moved_toward_pathogenic,1.0,moved_toward_pathogenic,0.0,moved_toward_benign,0.9699775908019812,moved_toward_pathogenic
2571911,e46ee35067770203335fe873efb28cd56909de0f89355f52222b39a1ce5e0c40,moved_toward_pathogenic,2,5.0,True,0.9477314015240561,moved_toward_pathogenic,0.8847278968548271,moved_toward_pathogenic,0.9651436994968997,moved_toward_pathogenic,1.0,moved_toward_pathogenic,0.0,moved_toward_benign,0.9698719463246684,moved_toward_pathogenic
1922474,c6fa6b1892905a0a51d350d87ce7c79e814a7eb9a210028ba7f428b4fbf795bd,moved_toward_benign,2,0.0,False,0.10717020320325972,moved_toward_benign,0.022494287370136434,moved_toward_benign,0.19017577809585415,moved_toward_benign,0.0,moved_toward_benign,0.0,moved_toward_benign,0.0305577045605131,moved_toward_benign
2630166,52ac516511b258eee1e69131442362f4dbc3478b702544db5d402eff3e690a95,moved_toward_pathogenic,3,5.0,True,0.9805813895372919,moved_toward_pathogenic,0.9206452807784173,moved_toward_pathogenic,0.9853833225308831,moved_toward_pathogenic,1.0,moved_toward_pathogenic,0.0,moved_toward_benign,0.9691263000299508,moved_toward_pathogenic
2443296,9499139f4e138342206a926b9c2cc06478a7905636fe4a8e9539216fabcff215,moved_toward_pathogenic,2,4.0,True,0.8162036888571675,moved_toward_pathogenic,0.9476012263552542,moved_toward_pathogenic,0.9057803756958567,moved_toward_pathogenic,1.0,moved_toward_pathogenic,0.0,moved_toward_benign,0.9645419944136826,moved_toward_pathogenic
2035436,eb09422ab73c4c841d7e5340d95e47aaa383eff8b96ee08bbe5b9943a1f274c5,moved_toward_pathogenic,1,4.0,True,0.9657313237826429,moved_toward_pathogenic,0.7322526044385154,moved_toward_pathogenic,0.7554511796371692,moved_toward_pathogenic,1.0,moved_toward_pathogenic,0.0,moved_toward_benign,0.9595158037490334,moved_toward_pathogenic
1806275,f53cc297a0486afb4b9015062984ba4ac59c3e7ec997ac555a9aa4ac26544898,moved_toward_pathogenic,3,4.0,True,0.9201653274936407,moved_toward_pathogenic,0.92542572294553,moved_toward_pathogenic,0.927099733932806,moved_toward_pathogenic,1.0,moved_toward_pathogenic,0.0,moved_toward_benign,0.949364919365326,moved_toward_pathogenic
1806290,ffdc8f371730bd2b4434082429749acab348d41f9544ee9619a505c53c941362,moved_toward_pathogenic,1,4.0,True,0.8066628219697616,moved_toward_pathogenic,0.7347938581869115,moved_toward_pathogenic,0.8858008663011302,moved_toward_pathogenic,1.0,moved_toward_pathogenic,0.0,moved_toward_benign,0.9493574255820704,moved_toward_pathogenic
1684583,dd16c3f894a1a1ff6df564bd7fc7e916c3f7026d4b3d56e04a680ac4098ac641,moved_toward_benign,3,-1.0,False,0.02463652821621475,moved_toward_benign,0.030969818307833952,moved_toward_benign,0.07991839732960075,moved_toward_benign,0.0,moved_toward_benign,0.0,moved_toward_benign,0.0541841304522769,moved_toward_benign
1443577,b2b766c5231c996a4a6a3a64b3089af67cf82a813cd717ad919477b0ff456b34,moved_toward_pathogenic,4,4.0,True,0.8484680718781821,moved_toward_pathogenic,0.8942432427498791,moved_toward_pathogenic,0.9312820553196203,moved_toward_pathogenic,1.0,moved_toward_pathogenic,0.0,moved_toward_benign,0.945511729494552,moved_toward_pathogenic
1478485,9602491c95dfb21feff4c291a5a5c5603ecb6e9bbec3eda13938c3213c2c1f17,moved_toward_pathogenic,2,4.0,True,0.9056434249365406,moved_toward_pathogenic,0.8334746047316159,moved_toward_pathogenic,0.9468002586700267,moved_toward_pathogenic,1.0,moved_toward_pathogenic,0.0,moved_toward_benign,0.94515380591382,moved_toward_pathogenic
1378529,c6fa6b1892905a0a51d350d87ce7c79e814a7eb9a210028ba7f428b4fbf795bd,moved_toward_pathogenic,2,4.0,True,0.9063598639624092,moved_toward_pathogenic,0.8227132961373651,moved_toward_pathogenic,0.9468002586700267,moved_toward_pathogenic,1.0,moved_toward_pathogenic,0.0,moved_toward_benign,0.944844275056472,moved_toward_pathogenic
1445694,abd305c041a982d6795846bee42f5238e02351ed3e7f9ff5151d1f470cd4f081,moved_toward_pathogenic,3,4.0,True,0.9201653274936407,moved_toward_pathogenic,0.9353995736889493,moved_toward_pathogenic,0.9270618091862033,moved_toward_pathogenic,1.0,moved_toward_pathogenic,0.0,moved_toward_benign,0.9444583221793956,moved_toward_pathogenic
1463811,91f2db7dc9fbdcda30fd659383e79c881dd42348d36c47800a7fc19a746b6d27,moved_toward_pathogenic,3,4.0,True,0.9201653274936407,moved_toward_pathogenic,0.9353995736889493,moved_toward_pathogenic,0.9270618091862033,moved_toward_pathogenic,1.0,moved_toward_pathogenic,0.0,moved_toward_benign,0.9443525777797436,moved_toward_pathogenic
1912446,161c66370773195521f6aaaca9f9983b96e5c26849fcbd9a98f707e4e3d8016d,moved_toward_pathogenic,3,4.0,True,0.9201653274936407,moved_toward_pathogenic,0.9124508876085942,moved_toward_pathogenic,0.9202882931433832,moved_toward_pathogenic,1.0,moved_toward_pathogenic,0.0,moved_toward_benign,0.9432072538208036,moved_toward_pathogenic
2064958,b731a6472f90125fc315e7f455c4d69c3731c06457eef8cdfdba0691a8943bd7,moved_toward_pathogenic,2,4.0,True,0.91251278297165,moved_toward_pathogenic,0.8610271186234415,moved_toward_pathogenic,0.9466307572878514,moved_toward_pathogenic,1.0,moved_toward_pathogenic,0.0,moved_toward_benign,0.9420215519121646,moved_toward_pathogenic
1915207,7b30044692fe3914571b2a0c2c8a7fadc3efd901b8614709691433cc9d06803e,moved_toward_pathogenic,0,4.0,True,0.8546765428710286,moved_toward_pathogenic,0.9158013948398257,moved_toward_pathogenic,0.9195418294099474,moved_toward_pathogenic,1.0,moved_toward_pathogenic,0.0,moved_toward_benign,0.941422670111514,moved_toward_pathogenic
1897669,b88f97bc03ee41c03b2de8a131a0a6571adc534f7852494c969eac20812681e9,moved_toward_pathogenic,1,4.0,True,0.8194576857140831,moved_toward_pathogenic,0.792675904494318,moved_toward_pathogenic,0.8813176003959285,moved_toward_pathogenic,1.0,moved_toward_pathogenic,0.0,moved_toward_benign,0.9413679833265508,moved_toward_pathogenic
1446036,8f1c98e97d3daf9ee9364b91baa1876de7711dee5a7d6c17ae7cc1be634629cd,moved_toward_pathogenic,0,4.0,True,0.8522633502681807,moved_toward_pathogenic,0.9130476414034407,moved_toward_pathogenic,0.9184777239672575,moved_toward_pathogenic,1.0,moved_toward_pathogenic,0.0,moved_toward_benign,0.9405081586091308,moved_toward_pathogenic
1461350,295eed6c09aa96db6d0ec977540f382a650a7499f82aaca453419b979d387171,moved_toward_pathogenic,4,5.0,True,0.8513242063395015,moved_toward_pathogenic,0.9320289359150633,moved_toward_pathogenic,0.9754934954691562,moved_toward_pathogenic,1.0,moved_toward_pathogenic,0.0,moved_toward_benign,0.9398186674915996,moved_toward_pathogenic
2002672,34e124ee84093201cacea25801d775578f29269980b1baa6173c08b99ea28c2c,moved_toward_pathogenic,4,4.0,True,0.8500062891311257,moved_toward_pathogenic,0.8949042260316835,moved_toward_pathogenic,0.9259627500711758,moved_toward_pathogenic,1.0,moved_toward_pathogenic,0.0,moved_toward_benign,0.9397394791528636,moved_toward_pathogenic
2017623,e983115dc19babe1c99f9636307e37be4ae37888cd68988a92152d8a96d4e1e0,moved_toward_pathogenic,1,4.0,True,0.8218183248931797,moved_toward_pathogenic,0.7398180169643486,moved_toward_pathogenic,0.8792796132086216,moved_toward_pathogenic,1.0,moved_toward_pathogenic,0.0,moved_toward_benign,0.9397178458360572,moved_toward_pathogenic
2056320,1b08944dbbc27fc316c2d9743a9709917bf9e969e31059087f007c3d048e7a4b,moved_toward_pathogenic,2,4.0,True,0.9171540907212303,moved_toward_pathogenic,0.8329907085813142,moved_toward_pathogenic,0.945865503970643,moved_toward_pathogenic,1.0,moved_toward_pathogenic,0.0,moved_toward_benign,0.9396744364007312,moved_toward_pathogenic
2109236,db0bf0c6bfd0a12aed4550bddc07b0d96eac8ea25892a2df53439e57dc583505,moved_toward_pathogenic,1,4.0,True,0.822374677032611,moved_toward_pathogenic,0.6382387885911159,moved_toward_pathogenic,0.8772710995049153,moved_toward_pathogenic,1.0,moved_toward_pathogenic,0.0,moved_toward_benign,0.939320125964973,moved_toward_pathogenic
2179225,b731a6472f90125fc315e7f455c4d69c3731c06457eef8cdfdba0691a8943bd7,moved_toward_pathogenic,2,4.0,True,0.9185894321119527,moved_toward_pathogenic,0.8258896221611615,moved_toward_pathogenic,0.945865503970643,moved_toward_pathogenic,1.0,moved_toward_pathogenic,0.0,moved_toward_benign,0.9389058087445916,moved_toward_pathogenic
1388087,1b08944dbbc27fc316c2d9743a9709917bf9e969e31059087f007c3d048e7a4b,moved_toward_pathogenic,2,4.0,True,0.9206069151641236,moved_toward_pathogenic,0.7303647182507135,moved_toward_pathogenic,0.9467073950591418,moved_toward_pathogenic,1.0,moved_toward_pathogenic,0.0,moved_toward_benign,0.9377883166413128,moved_toward_pathogenic
1982013,50bd6bf3f8783e95c03cb83eb8981d7065b4ca4901efc737793a78c5e039233f,moved_toward_pathogenic,2,4.0,True,0.9209811520719574,moved_toward_pathogenic,0.7821224618486095,moved_toward_pathogenic,0.9467073950591418,moved_toward_pathogenic,1.0,moved_toward_pathogenic,0.0,moved_toward_benign,0.937576057725275,moved_toward_pathogenic
2579538,30af38363da6342509cafe28c5458124f837229b6cba08e1492ce20b87f5fcd5,moved_toward_pathogenic,1,4.0,True,0.8247952175592932,moved_toward_pathogenic,0.6346557576693601,moved_toward_pathogenic,0.8753528026092162,moved_toward_pathogenic,1.0,moved_toward_pathogenic,0.0,moved_toward_benign,0.9375492118245308,moved_toward_pathogenic
1510429,eb09422ab73c4c841d7e5340d95e47aaa383eff8b96ee08bbe5b9943a1f274c5,moved_toward_pathogenic,1,4.0,True,0.8250129189981902,moved_toward_pathogenic,0.6288550835615113,moved_toward_pathogenic,0.8754375568428953,moved_toward_pathogenic,1.0,moved_toward_pathogenic,0.0,moved_toward_benign,0.9373866373928128,moved_toward_pathogenic
2103874,cf880572f529ceb84fb79fb7f4ea8050f0f44f29354eb1d444ecba6572f8359a,moved_toward_pathogenic,0,5.0,True,0.8739538577839734,moved_toward_pathogenic,0.9330681306825355,moved_toward_pathogenic,0.9546643700038946,moved_toward_pathogenic,1.0,moved_toward_pathogenic,0.0,moved_toward_benign,0.936960174882821,moved_toward_pathogenic
1879779,7985ba40728acafdaec94650fe0a2656a09968dc5e7b288e6ec37d84f38f2044,moved_toward_pathogenic,1,4.0,True,0.8266183863467842,moved_toward_pathogenic,0.6025699908816878,moved_toward_pathogenic,0.8719895309888719,moved_toward_pathogenic,1.0,moved_toward_pathogenic,0.0,moved_toward_benign,0.9361704173471508,moved_toward_pathogenic
2074442,780b4b997bdfe670ae501f57255512669e1f37891a2cf7f0016fe5334121d781,moved_toward_pathogenic,2,5.0,True,0.945843453627348,moved_toward_pathogenic,0.9357173184409825,moved_toward_pathogenic,0.9585452000051818,moved_toward_pathogenic,1.0,moved_toward_pathogenic,0.0,moved_toward_benign,0.9360608287754244,moved_toward_pathogenic
1502151,4bc93ac7efe2375103ff95393416bbb49e548b80a0537a438e048b24eb82d560,moved_toward_pathogenic,4,5.0,True,0.8526423524829572,moved_toward_pathogenic,0.932024029778224,moved_toward_pathogenic,0.9762731809829434,moved_toward_pathogenic,1.0,moved_toward_pathogenic,0.0,moved_toward_benign,0.9343426601322796,moved_toward_pathogenic
2635926,f2340160b57900f5a75df2ad2eff45cb9cb8d08362cbb5e2d74bc1b6e432b881,moved_toward_benign,3,0.0,False,0.02463652821621475,moved_toward_benign,0.04209771300418869,moved_toward_benign,0.023975800064220964,moved_toward_benign,0.0,moved_toward_benign,0.0,moved_toward_benign,0.0660385571259816,moved_toward_benign
2501099,dd13d59ac2dfffd0dcbc14dd49696c111783b6bc135034d46b36068aa099bf75,moved_toward_pathogenic,2,4.0,True,0.9287809684049058,moved_toward_pathogenic,0.8054170357596229,moved_toward_pathogenic,0.9455287059024979,moved_toward_pathogenic,1.0,moved_toward_pathogenic,0.0,moved_toward_benign,0.9327556104783696,moved_toward_pathogenic
2030965,e48ffd0b5aa6620f79890a21a36f7949bb55f15208ffe9d120df27609c034993,moved_toward_pathogenic,2,5.0,True,0.9498740234008011,moved_toward_pathogenic,0.8593191303436349,moved_toward_pathogenic,0.9592563414894845,moved_toward_pathogenic,1.0,moved_toward_pathogenic,0.0,moved_toward_benign,0.9325156056021148,moved_toward_pathogenic
2577206,8d69a197ddc880433a499c5a269c46c486e65225770ced575c812a8a0b2480ac,moved_toward_benign,0,0.0,False,0.020166040041424863,moved_toward_benign,0.023448231516181015,moved_toward_benign,0.00966950382374894,moved_toward_benign,0.0,moved_toward_benign,0.0,moved_toward_benign,0.0676017666817909,moved_toward_benign
2058503,cee0ab46783f17c6139c58ccc6130702b4a9baa4f2b86c9577b88f09f5a53a37,moved_toward_pathogenic,0,5.0,True,0.8631422525321908,moved_toward_pathogenic,0.7886498852675686,moved_toward_pathogenic,0.9539630776106403,moved_toward_pathogenic,1.0,moved_toward_pathogenic,0.0,moved_toward_benign,0.9320138545895392,moved_toward_pathogenic
2015550,cf880572f529ceb84fb79fb7f4ea8050f0f44f29354eb1d444ecba6572f8359a,moved_toward_pathogenic,0,5.0,True,0.8623827011100066,moved_toward_pathogenic,0.7886498852675686,moved_toward_pathogenic,0.9539630776106403,moved_toward_pathogenic,1.0,moved_toward_pathogenic,0.0,moved_toward_benign,0.9316662420047426,moved_toward_pathogenic
1900445,1e34669ded88ae2e91b748a63386d31ce359bdaf903713eaa614005962f494f5,moved_toward_benign,3,0.0,False,0.04561723456692926,moved_toward_benign,0.03734749335782594,moved_toward_benign,0.06416038797918572,moved_toward_benign,0.0,moved_toward_benign,0.0,moved_toward_benign,0.0683532795138224,moved_toward_benign
1966220,06bf65c963d93e594bc08e0c6b82fe8ee7b5e1f16e326e7b340c5850d787826e,moved_toward_pathogenic,0,5.0,True,0.861331677321876,moved_toward_pathogenic,0.7859645411096713,moved_toward_pathogenic,0.9539630776106403,moved_toward_pathogenic,1.0,moved_toward_pathogenic,0.0,moved_toward_benign,0.931185191910518,moved_toward_pathogenic
2634439,94cda2fade4a2cecd2e69c84168409d5f9fdd276fdcc37ff714bd5c627e3c1ec,moved_toward_benign,0,0.0,False,0.17760083798689846,moved_toward_benign,0.020220364703209967,moved_toward_benign,0.015098563423875942,moved_toward_benign,0.0,moved_toward_benign,0.0,moved_toward_benign,0.0694101015841667,moved_toward_benign
2503858,44a6776d4ceeabe737f30f8d1a1a84b6c4de11373d66c5152979a78ccd5ea627,moved_toward_benign,4,0.0,False,0.033451485051285076,moved_toward_benign,0.05028555152401868,moved_toward_benign,0.01941508670743584,moved_toward_benign,0.0,moved_toward_benign,0.0,moved_toward_benign,0.0719780898199088,moved_toward_benign
1498431,2cf03e725a758b7ab4ac4f0b6d158d59894448171d4b2390e2692d9f7fb19497,moved_toward_benign,4,0.0,False,0.09874861529537983,moved_toward_benign,0.0212980578687117,moved_toward_benign,0.09516271788242339,moved_toward_benign,0.0,moved_toward_benign,0.0,moved_toward_benign,0.0722913299553854,moved_toward_benign
1395371,970cf3a9fd721f63cf5b01342f158659e250878d264a4e821c8d3a9662d0357c,moved_toward_benign,4,0.0,False,0.09873518549616514,moved_toward_benign,0.0212980578687117,moved_toward_benign,0.09516271788242339,moved_toward_benign,0.0,moved_toward_benign,0.0,moved_toward_benign,0.0723813629797057,moved_toward_benign
2634100,65d20c9d000136d687e6bc5d0c7c729337643287fd581513dc68fb7e369b9fa5,moved_toward_benign,4,0.0,False,0.0334282973198954,moved_toward_benign,0.05028555152401868,moved_toward_benign,0.01941508670743584,moved_toward_benign,0.0,moved_toward_benign,0.0,moved_toward_benign,0.0724053031575964,moved_toward_benign
1478462,6a3ee1388912e38ba17d49948d100d6d077f171054c9b76bc19ed0bad9e00894,moved_toward_benign,1,0.0,False,0.09927501857392249,moved_toward_benign,0.03515217803098882,moved_toward_benign,0.12799729257883694,moved_toward_benign,0.0,moved_toward_benign,0.0,moved_toward_benign,0.0733581183744905,moved_toward_benign
1519521,218577ce7b019e678d0b5b2d16b00296a306e98ae01fd74e1678c2844c748e38,moved_toward_benign,2,0.0,False,0.09256650993695835,moved_toward_benign,0.03253780775644433,moved_toward_benign,0.11401088035091815,moved_toward_benign,0.0,moved_toward_benign,0.0,moved_toward_benign,0.0739575289969575,moved_toward_benign
1475682,b8eafd29b4c86cea054e5199cde65d9e264d4238d3f9ffa96015b8efd1d708ee,moved_toward_benign,2,0.0,False,0.0922014164149823,moved_toward_benign,0.03253780775644433,moved_toward_benign,0.11401088035091815,moved_toward_benign,0.0,moved_toward_benign,0.0,moved_toward_benign,0.0741689076052702,moved_toward_benign
1489526,8f3861789a621e7d4a46e8c803b5306522decd2628c22b4a19721f319ccdea63,moved_toward_benign,3,0.0,False,0.04561723456692926,moved_toward_benign,0.03387032460141085,moved_toward_benign,0.050070359313201515,moved_toward_benign,0.0,moved_toward_benign,0.0,moved_toward_benign,0.0744732279160496,moved_toward_benign
2445689,ca38a1de082c431a59a0398100f62d9759134153f8bb5b16c4daecc77e502e77,moved_toward_benign,0,0.0,False,0.02287070619160032,moved_toward_benign,0.023448231516181015,moved_toward_benign,0.009390649194073253,moved_toward_benign,0.0,moved_toward_benign,0.0,moved_toward_benign,0.0748554365106047,moved_toward_benign
2062181,4547463f108392cf54b39c87dff2a0f02a0a390bdc973e06221665171eb6d189,moved_toward_benign,3,0.0,False,0.02463652821621475,moved_toward_benign,0.01848439230593216,moved_toward_benign,0.10566726295729388,moved_toward_benign,0.0,moved_toward_benign,0.0,moved_toward_benign,0.0759742561951059,moved_toward_benign
2132862,8f1c98e97d3daf9ee9364b91baa1876de7711dee5a7d6c17ae7cc1be634629cd,moved_toward_pathogenic,0,4.0,True,0.9378738996344612,moved_toward_pathogenic,0.7616190848159884,moved_toward_pathogenic,0.8511140799576334,moved_toward_pathogenic,1.0,moved_toward_pathogenic,0.0,moved_toward_benign,0.9235196346371174,moved_toward_pathogenic
1878215,bae7d21c82cb89301fbb3c59859dac386deb734cb9c37bc868ee85c618d9b0fa,moved_toward_benign,0,0.0,False,0.024191013558985012,moved_toward_benign,0.020467541670856897,moved_toward_benign,0.009390649194073253,moved_toward_benign,0.0,moved_toward_benign,0.0,moved_toward_benign,0.0783229292919287,moved_toward_benign
2641489,5858f5bcd60c938b2c1b88a2e299409275c4bd0edf3b3ed7a89c92a38c1e1754,moved_toward_benign,0,0.0,False,0.02424827521500662,moved_toward_benign,0.020467541670856897,moved_toward_benign,0.009390649194073253,moved_toward_benign,0.0,moved_toward_benign,0.0,moved_toward_benign,0.0784722851461544,moved_toward_benign
1922718,dcfe75556b31d8fa2d3e160eda37c93a8da214890b26da43a4d272072cb34d0f,moved_toward_benign,2,0.0,False,0.034846562172378796,moved_toward_benign,0.06195721740837781,moved_toward_benign,0.01004531780688571,moved_toward_benign,0.0,moved_toward_benign,0.0,moved_toward_benign,0.0795547308722435,moved_toward_benign
1379185,f656d0513b52b92852888dc0743e1014304149a3523c74e4fd9b8ec8b2095208,moved_toward_benign,0,0.0,False,0.024744726866899592,moved_toward_benign,0.02111174948992393,moved_toward_benign,0.009163905756146418,moved_toward_benign,0.0,moved_toward_benign,0.0,moved_toward_benign,0.0797636845999718,moved_toward_benign
1987259,254a26cd5130cca6d2b21fc2f9d94ddcdda80fe494ada37b2af3869b6c146e21,moved_toward_benign,1,0.0,False,0.01685059423843717,moved_toward_benign,0.03341963142175722,moved_toward_benign,0.004094832874051448,moved_toward_benign,0.0,moved_toward_benign,0.0,moved_toward_benign,0.0798328073628485,moved_toward_benign
1991205,db01a065c36fb6233ec2216ad3c657b9eb87f94043262f67f056f561004ad2b4,moved_toward_benign,0,0.0,False,0.024771367327516502,moved_toward_benign,0.02111174948992393,moved_toward_benign,0.009163905756146418,moved_toward_benign,0.0,moved_toward_benign,0.0,moved_toward_benign,0.0798328073628485,moved_toward_benign
1948346,8d519a14c074d08ffd2d05ada80c1d84ea0d1551c9c16d1735d0b6c923593a3a,moved_toward_benign,0,0.0,False,0.0248111527385875,moved_toward_benign,0.02111174948992393,moved_toward_benign,0.009163905756146418,moved_toward_benign,0.0,moved_toward_benign,0.0,moved_toward_benign,0.0799360035852227,moved_toward_benign
1485930,15ff9c426183800ae857adc866d424d8168f22daafe1cca23e5270ba8cb9e8a5,moved_toward_benign,0,0.0,False,0.024863876680519356,moved_toward_benign,0.02111174948992393,moved_toward_benign,0.00917979589097973,moved_toward_benign,0.0,moved_toward_benign,0.0,moved_toward_benign,0.0800726989835374,moved_toward_benign
1902247,a5a6ae6e3812c70840e4937c6487b0fbd32552474f1431648d324d47b60da7db,moved_toward_benign,4,0.0,False,0.033034583523795936,moved_toward_benign,0.031645810345950556,moved_toward_benign,0.015965537386824373,moved_toward_benign,0.0,moved_toward_benign,0.0,moved_toward_benign,0.0800726989835374,moved_toward_benign
1923458,4bf5c17f003282ff9b2ed4766a783f65919fb2c5719c7e30fc6dd24682ab95e9,moved_toward_benign,0,0.0,False,0.024863876680519356,moved_toward_benign,0.02111174948992393,moved_toward_benign,0.00917979589097973,moved_toward_benign,0.0,moved_toward_benign,0.0,moved_toward_benign,0.0800726989835374,moved_toward_benign
2055493,0d8d6033ef9c2272edb96c2bbb21dbbbc9968f4d01b835a8b01dd982181e5e73,moved_toward_benign,1,0.0,False,0.01682125672214128,moved_toward_benign,0.03341963142175722,moved_toward_benign,0.003995157307590534,moved_toward_benign,0.0,moved_toward_benign,0.0,moved_toward_benign,0.0800726989835374,moved_toward_benign
1487874,e3853b5796e166bff6ed0e64ff44dfe6b4a803cbe64a8f97e5efb516044fd8ba,moved_toward_benign,4,0.0,False,0.03302797122251439,moved_toward_benign,0.031645810345950556,moved_toward_benign,0.015778114528882264,moved_toward_benign,0.0,moved_toward_benign,0.0,moved_toward_benign,0.0802083816628209,moved_toward_benign
2199093,171b76a6526bf68590405d0386d98d8bd89a031e5fa73f73720c9fd4045cf7cf,moved_toward_benign,2,0.0,False,0.03442650691839047,moved_toward_benign,0.06148728294762952,moved_toward_benign,0.009903419743352118,moved_toward_benign,0.0,moved_toward_benign,0.0,moved_toward_benign,0.0802083816628209,moved_toward_benign
2034472,bf682231643a97b22151c8515db107a3c94af6a762ed658f5d35349cec08d4e9,moved_toward_benign,2,0.0,False,0.034405026537463294,moved_toward_benign,0.0435146309069925,moved_toward_benign,0.009829357328333906,moved_toward_benign,0.0,moved_toward_benign,0.0,moved_toward_benign,0.080242146021304,moved_toward_benign
1371593,f35aa971009f8af16f69843f6cca78847138191b1946f71d5b8a39cdf0c6127f,moved_toward_benign,0,0.0,False,0.025019886652166028,moved_toward_benign,0.0215851828240177,moved_toward_benign,0.009197759321417547,moved_toward_benign,0.0,moved_toward_benign,0.0,moved_toward_benign,0.0804767738923116,moved_toward_benign
1482690,c3807d3e800fe2ec9070725f2b0df384ff01e021400c93b6700922b1e7d5f4c4,moved_toward_benign,2,0.0,False,0.03425634278725253,moved_toward_benign,0.0435146309069925,moved_toward_benign,0.009829357328333906,moved_toward_benign,0.0,moved_toward_benign,0.0,moved_toward_benign,0.0804767738923116,moved_toward_benign
1905794,1e34669ded88ae2e91b748a63386d31ce359bdaf903713eaa614005962f494f5,moved_toward_benign,3,0.0,False,0.02463652821621475,moved_toward_benign,0.016602809692384552,moved_toward_benign,0.024525104685988466,moved_toward_benign,0.0,moved_toward_benign,0.0,moved_toward_benign,0.0804767738923116,moved_toward_benign
2132291,0b2f66c94be56d1740fe3442e470e0885eaa7b38c4eb9cbcc4c75ad1d3f9fb47,moved_toward_benign,3,0.0,False,0.02463652821621475,moved_toward_benign,0.015099863274959675,moved_toward_benign,0.024400576463455566,moved_toward_benign,0.0,moved_toward_benign,0.0,moved_toward_benign,0.0805100490132932,moved_toward_benign
1974498,e9e6221adf31c533f9aeb7acbcbe0d8a17bcb6b91b250bba3d7793252fa95463,moved_toward_benign,3,0.0,False,0.02463652821621475,moved_toward_benign,0.015099863274959675,moved_toward_benign,0.024294426391484263,moved_toward_benign,0.0,moved_toward_benign,0.0,moved_toward_benign,0.0807413063555888,moved_toward_benign
2032971,c6750b613407d67c845d796a86c12f47603aedba65299f05b42f8c6ba36ae55a,moved_toward_benign,2,0.0,False,0.03408992218135888,moved_toward_benign,0.02962395498996677,moved_toward_benign,0.009782604091275886,moved_toward_benign,0.0,moved_toward_benign,0.0,moved_toward_benign,0.0807413063555888,moved_toward_benign
1921118,4c033829388039c577df849c5f60cf88bc8679d242ebbc748cecbf8064b86abd,moved_toward_benign,1,0.0,False,0.016724420428092794,moved_toward_benign,0.023234439131376246,moved_toward_benign,0.0037828328898638474,moved_toward_benign,0.0,moved_toward_benign,0.0,moved_toward_benign,0.0808721629052098,moved_toward_benign
1951838,6ad22ad2ce1880ce4748b1478b7865005505afa53f0418c3b13d0e6f37d170f2,moved_toward_benign,0,0.0,False,0.025185373074812074,moved_toward_benign,0.0215887715382054,moved_toward_benign,0.009197759321417547,moved_toward_benign,0.0,moved_toward_benign,0.0,moved_toward_benign,0.0809047326745932,moved_toward_benign
2083777,4c6501cc2ffd5fc36ffdef96ae7ff0b06edd76fc895ba57733ffa28c3d0345be,moved_toward_benign,1,0.0,False,0.016720505489519154,moved_toward_benign,0.023234439131376246,moved_toward_benign,0.0037828328898638474,moved_toward_benign,0.0,moved_toward_benign,0.0,moved_toward_benign,0.0809047326745932,moved_toward_benign
2179120,c06764f89df0ec061d1f33eb77bf634832d3fd5c774c264e7a019af3ac1b9e87,moved_toward_benign,4,0.0,False,0.03299421528122141,moved_toward_benign,0.023721268700056933,moved_toward_benign,0.015381556929874826,moved_toward_benign,0.0,moved_toward_benign,0.0,moved_toward_benign,0.0809047326745932,moved_toward_benign
1414385,9f604ba7f5da7daa4a751bffc0491f2e388fe42113de825bcd3fdbb2fde71141,moved_toward_benign,2,0.0,False,0.033927100704098184,moved_toward_benign,0.02939214061849982,moved_toward_benign,0.009750528943634068,moved_toward_benign,0.0,moved_toward_benign,0.0,moved_toward_benign,0.081002099065798,moved_toward_benign
2140130,01a82709f82e5d93311b62bd9cc27d73dbe503796fcaeddb3875af744a217f64,moved_toward_benign,4,0.0,False,0.032986405318848805,moved_toward_benign,0.023721268700056933,moved_toward_benign,0.01517153035478452,moved_toward_benign,0.0,moved_toward_benign,0.0,moved_toward_benign,0.0810667264249432,moved_toward_benign
1917269,8d05018cf1e3a37505e6905b05c65eed279346068e6a2ec2eee1b671a7610155,moved_toward_benign,1,0.0,False,0.016697208019934958,moved_toward_benign,0.023234439131376246,moved_toward_benign,0.0037647686879684885,moved_toward_benign,0.0,moved_toward_benign,0.0,moved_toward_benign,0.0810989556859202,moved_toward_benign
2021286,91a087afb8e22d576dd01c81cf4506b1ac2e287b29683d6d166aef7bf68578d7,moved_toward_benign,4,0.0,False,0.03298330482402526,moved_toward_benign,0.023721268700056933,moved_toward_benign,0.01517153035478452,moved_toward_benign,0.0,moved_toward_benign,0.0,moved_toward_benign,0.0811311289545674,moved_toward_benign
1974756,c06764f89df0ec061d1f33eb77bf634832d3fd5c774c264e7a019af3ac1b9e87,moved_toward_benign,4,0.0,False,0.03297103426087351,moved_toward_benign,0.023721268700056933,moved_toward_benign,0.015146231301578135,moved_toward_benign,0.0,moved_toward_benign,0.0,moved_toward_benign,0.081386524734085,moved_toward_benign
2028859,ee45e4c2c25272c6ced0bd7d1d68ea9c4bc462cb648b19bb7367d76737223c2c,moved_toward_benign,2,0.0,False,0.03361171642715039,moved_toward_benign,0.02933607610316238,moved_toward_benign,0.00974541172395179,moved_toward_benign,0.0,moved_toward_benign,0.0,moved_toward_benign,0.0815129172389604,moved_toward_benign
2120199,0c22327c8f1eb5cc72eb37394a1df18dd6d40a0d159c0421a0daab035da0a143,moved_toward_benign,1,0.0,False,0.016647827530630672,moved_toward_benign,0.022713320864964647,moved_toward_benign,0.0036789057615501217,moved_toward_benign,0.0,moved_toward_benign,0.0,moved_toward_benign,0.0815129172389604,moved_toward_benign
2023311,98176654e343c41a3fa5737193054f0cdd5fe03e96faa10362c748dfd33cdb19,moved_toward_benign,0,0.0,False,0.02543320582292411,moved_toward_benign,0.022281623691510623,moved_toward_benign,0.00921613307819335,moved_toward_benign,0.0,moved_toward_benign,0.0,moved_toward_benign,0.0815443815848003,moved_toward_benign
1984521,f6ce8e44a408695af533500f1d300dc3bc61752696d788b1679f2f32f4e391e5,moved_toward_benign,0,0.0,False,0.02551810422548183,moved_toward_benign,0.022041319942228087,moved_toward_benign,0.00921613307819335,moved_toward_benign,0.0,moved_toward_benign,0.0,moved_toward_benign,0.0817631557337385,moved_toward_benign
1959923,8478873613cf6e0fc2e759e161bc7f44ce70e68d23df0caaa589ddb97d33d7f5,moved_toward_benign,4,0.0,False,0.03295005016602454,moved_toward_benign,0.019719512521199044,moved_toward_benign,0.014850320865563593,moved_toward_benign,0.0,moved_toward_benign,0.0,moved_toward_benign,0.0818251939113041,moved_toward_benign
2048052,d82965c04b8573875ec266a225c0f830c965143cbd9c9b9135b1a0e6614898e8,moved_toward_benign,4,0.0,False,0.032948574392489514,moved_toward_benign,0.019719512521199044,moved_toward_benign,0.014850320865563593,moved_toward_benign,0.0,moved_toward_benign,0.0,moved_toward_benign,0.0818561358303651,moved_toward_benign
2182285,1fe0cc6658871619d6d7e6538c799f325240792f5b601886968d592e6e9de4be,moved_toward_benign,2,0.0,False,0.03338366261292158,moved_toward_benign,0.024406929460153753,moved_toward_benign,0.00974541172395179,moved_toward_benign,0.0,moved_toward_benign,0.0,moved_toward_benign,0.0818870265525183,moved_toward_benign
1902704,e3853b5796e166bff6ed0e64ff44dfe6b4a803cbe64a8f97e5efb516044fd8ba,moved_toward_benign,4,0.0,False,0.032945631870040695,moved_toward_benign,0.019719512521199044,moved_toward_benign,0.014850320865563593,moved_toward_benign,0.0,moved_toward_benign,0.0,moved_toward_benign,0.081917866263629,moved_toward_benign
1992107,8d739e82fe045a4198e1cff1ecc935ace9a638a57151e79b37e0abc617f85282,moved_toward_benign,4,0.0,False,0.032945631870040695,moved_toward_benign,0.019719512521199044,moved_toward_benign,0.014850320865563593,moved_toward_benign,0.0,moved_toward_benign,0.0,moved_toward_benign,0.081917866263629,moved_toward_benign
1928235,b99a939a9a98b03e70bd4686406201f9132e891006465f98160ca4bce7e44284,moved_toward_benign,3,0.0,False,0.02463652821621475,moved_toward_benign,0.014529396992269489,moved_toward_benign,0.023129735679745873,moved_toward_benign,0.0,moved_toward_benign,0.0,moved_toward_benign,0.0819486551485197,moved_toward_benign
1901672,0293dccfbde7731f360043ce864e207930c60c064622c523ae8a451b9e305101,moved_toward_benign,4,0.0,False,0.032942701299835946,moved_toward_benign,0.019719512521199044,moved_toward_benign,0.014850320865563593,moved_toward_benign,0.0,moved_toward_benign,0.0,moved_toward_benign,0.0819793933909789,moved_toward_benign
1967620,a0168958bcb15b3510420dfd1e2608a87f9f14e5b19c0aeae3370b2e37ae876b,moved_toward_benign,2,0.0,False,0.03332773233257024,moved_toward_benign,0.024312422198764838,moved_toward_benign,0.00970274769299166,moved_toward_benign,0.0,moved_toward_benign,0.0,moved_toward_benign,0.0819793933909789,moved_toward_benign
2024601,9c94e297264d2caf5ee044c505ccb4d3b8b8e0d9a899e3cb19aece6538d59223,moved_toward_benign,0,0.0,False,0.02560208538596617,moved_toward_benign,0.021876013071518943,moved_toward_benign,0.009232730632713947,moved_toward_benign,0.0,moved_toward_benign,0.0,moved_toward_benign,0.0819793933909789,moved_toward_benign
1705129,9602491c95dfb21feff4c291a5a5c5603ecb6e9bbec3eda13938c3213c2c1f17,moved_toward_benign,2,0.0,False,0.033309182876894335,moved_toward_benign,0.024312422198764838,moved_toward_benign,0.00970274769299166,moved_toward_benign,0.0,moved_toward_benign,0.0,moved_toward_benign,0.0820100811737683,moved_toward_benign
1495848,0c22327c8f1eb5cc72eb37394a1df18dd6d40a0d159c0421a0daab035da0a143,moved_toward_benign,1,0.0,False,0.016581804855640942,moved_toward_benign,0.016271745110146715,moved_toward_benign,0.0036443727631802797,moved_toward_benign,0.0,moved_toward_benign,0.0,moved_toward_benign,0.0820713060862981,moved_toward_benign
2123685,ce1f811314383c7c6c2f94e6ac12e96395ff7f144f7ff39d1f94cda965f47b38,moved_toward_benign,3,0.0,False,0.02463652821621475,moved_toward_benign,0.014529396992269489,moved_toward_benign,0.0230725543432716,moved_toward_benign,0.0,moved_toward_benign,0.0,moved_toward_benign,0.0820713060862981,moved_toward_benign
2183888,34175a31520616e87ec774285d9e8da30215bec771c3428b7eb9296ef9540b0f,moved_toward_benign,4,0.0,False,0.03293687563454357,moved_toward_benign,0.019719512521199044,moved_toward_benign,0.014850320865563593,moved_toward_benign,0.0,moved_toward_benign,0.0,moved_toward_benign,0.0821018435764984,moved_toward_benign
1925804,26144d54d9619fa86962dd08f8ce978e2b293eaab9b07e008daad88a13969926,moved_toward_benign,3,0.0,False,0.02463652821621475,moved_toward_benign,0.014529396992269489,moved_toward_benign,0.02305069734308556,moved_toward_benign,0.0,moved_toward_benign,0.0,moved_toward_benign,0.0822537884866703,moved_toward_benign
1485077,f656d0513b52b92852888dc0743e1014304149a3523c74e4fd9b8ec8b2095208,moved_toward_benign,0,0.0,False,0.025720511563387144,moved_toward_benign,0.021682458259732643,moved_toward_benign,0.009232730632713947,moved_toward_benign,0.0,moved_toward_benign,0.0,moved_toward_benign,0.0822840301910984,moved_toward_benign
1960018,5cc71bd650521933b8bfed9baba6f9ab96afb970509ab47cb698f2ca3fe8483a,moved_toward_benign,1,0.0,False,0.016556827791607623,moved_toward_benign,0.016271745110146715,moved_toward_benign,0.0036443727631802797,moved_toward_benign,0.0,moved_toward_benign,0.0,moved_toward_benign,0.0822840301910984,moved_toward_benign
1987370,5cc71bd650521933b8bfed9baba6f9ab96afb970509ab47cb698f2ca3fe8483a,moved_toward_benign,1,0.0,False,0.016556827791607623,moved_toward_benign,0.016271745110146715,moved_toward_benign,0.0036443727631802797,moved_toward_benign,0.0,moved_toward_benign,0.0,moved_toward_benign,0.0822840301910984,moved_toward_benign
2094759,1c21d114a2216ea8dcfda3c5a055bd19d7dd16c8682b6cd5c7b2bab0d3258dc0,moved_toward_benign,4,0.0,False,0.032928224422903996,moved_toward_benign,0.019719512521199044,moved_toward_benign,0.014869024407115307,moved_toward_benign,0.0,moved_toward_benign,0.0,moved_toward_benign,0.0822840301910984,moved_toward_benign
1964127,a859edce12dc1f42751f871ed3f46a195e525f9dd7ac05c2aa3f386646cee390,moved_toward_benign,2,0.0,False,0.03310817148283707,moved_toward_benign,0.024754758359765688,moved_toward_benign,0.00970274769299166,moved_toward_benign,0.0,moved_toward_benign,0.0,moved_toward_benign,0.0823443677113799,moved_toward_benign
2037794,e01d2e058df54c3a40931e44e0d75d1d09f88d343364aed6ca5b3a6004d2e2b4,moved_toward_benign,0,0.0,False,0.025743983181059363,moved_toward_benign,0.021414021092650982,moved_toward_benign,0.009232730632713947,moved_toward_benign,0.0,moved_toward_benign,0.0,moved_toward_benign,0.0823443677113799,moved_toward_benign
1903296,5b4c4d13b1178f2a757d652c3f9c0c3140e6a07d00d11fad15d02f5254815881,moved_toward_benign,2,0.0,False,0.03309016815757162,moved_toward_benign,0.024754758359765688,moved_toward_benign,0.00970274769299166,moved_toward_benign,0.0,moved_toward_benign,0.0,moved_toward_benign,0.0823744638702244,moved_toward_benign
1494207,d4ea147ed105b2c5d18299ed99e7464b22b30d0c2460b4d1bafd63f3f293fa48,moved_toward_benign,0,0.0,False,0.025767384731204622,moved_toward_benign,0.021414021092650982,moved_toward_benign,0.009232730632713947,moved_toward_benign,0.0,moved_toward_benign,0.0,moved_toward_benign,0.082404511855309,moved_toward_benign
2078965,0c86eb2ffe20c6667d02db692d3d83de5ae6902828021fd5366dcfe87f3c4161,moved_toward_benign,4,0.0,False,0.03292251407483318,moved_toward_benign,0.019833970192279813,moved_toward_benign,0.014854181012685876,moved_toward_benign,0.0,moved_toward_benign,0.0,moved_toward_benign,0.082404511855309,moved_toward_benign
2041852,50ec669e149ab88403ec71c4ef5fd269d8c8ad71c65ef206361d9dccb1d62bb8,moved_toward_benign,2,0.0,False,0.03305429396337045,moved_toward_benign,0.024754758359765688,moved_toward_benign,0.00970274769299166,moved_toward_benign,0.0,moved_toward_benign,0.0,moved_toward_benign,0.082434511835804,moved_toward_benign
1972147,6253721d64d41816cc3e61fdd19ef826b3e1e53478c7a650b424b214548f97a8,moved_toward_benign,1,0.0,False,0.016532224835345753,moved_toward_benign,0.016271745110146715,moved_toward_benign,0.0036443727631802797,moved_toward_benign,0.0,moved_toward_benign,0.0,moved_toward_benign,0.0824943684551264,moved_toward_benign
1977714,d18e757efbf212cb413645f679a47851c058644f40a66caf503e8eb19674f3d5,moved_toward_benign,1,0.0,False,0.016532224835345753,moved_toward_benign,0.016271745110146715,moved_toward_benign,0.0036443727631802797,moved_toward_benign,0.0,moved_toward_benign,0.0,moved_toward_benign,0.0824943684551264,moved_toward_benign
1991295,cf880572f529ceb84fb79fb7f4ea8050f0f44f29354eb1d444ecba6572f8359a,moved_toward_benign,0,0.0,False,0.025813979533733752,moved_toward_benign,0.021414021092650982,moved_toward_benign,0.0092423856999,moved_toward_benign,0.0,moved_toward_benign,0.0,moved_toward_benign,0.0825242254277333,moved_toward_benign
2175554,1c21d114a2216ea8dcfda3c5a055bd19d7dd16c8682b6cd5c7b2bab0d3258dc0,moved_toward_benign,4,0.0,False,0.032912628521232744,moved_toward_benign,0.019833970192279813,moved_toward_benign,0.014855525984248826,moved_toward_benign,0.0,moved_toward_benign,0.0,moved_toward_benign,0.0826135129811622,moved_toward_benign
1909904,7287bfe6eaeb0e57c031d0e48f14b721e89fb0e1df2314ac87ef0ec777f803d8,moved_toward_benign,3,0.0,False,0.02463652821621475,moved_toward_benign,0.01715225991197011,moved_toward_benign,0.02322478175344756,moved_toward_benign,0.0,moved_toward_benign,0.0,moved_toward_benign,0.0827319079582654,moved_toward_benign
2019647,9f604ba7f5da7daa4a751bffc0491f2e388fe42113de825bcd3fdbb2fde71141,moved_toward_benign,2,0.0,False,0.03287752272113787,moved_toward_benign,0.02485543798815364,moved_toward_benign,0.00969142517323928,moved_toward_benign,0.0,moved_toward_benign,0.0,moved_toward_benign,0.0827319079582654,moved_toward_benign
2139561,a31c7eaf033a5a0ea397306d7c8f047fc01265228a874287713f497d693ee00c,moved_toward_benign,1,0.0,False,0.016490888641798856,moved_toward_benign,0.016271745110146715,moved_toward_benign,0.003630035701834156,moved_toward_benign,0.0,moved_toward_benign,0.0,moved_toward_benign,0.0828495636731287,moved_toward_benign
1913379,59f66c31b016abca33661316f3b21035da63228f2682f64e965f9ff007aa56c8,moved_toward_benign,1,0.0,False,0.016487490604213242,moved_toward_benign,0.016271745110146715,moved_toward_benign,0.003630035701834156,moved_toward_benign,0.0,moved_toward_benign,0.0,moved_toward_benign,0.0828788632768538,moved_toward_benign
1469415,e99e8b429123d31069974850ebc54fb0b8cdc33043c78293bd45ddf70cc7d7b9,moved_toward_benign,1,0.0,False,0.016484099610563012,moved_toward_benign,0.016271745110146715,moved_toward_benign,0.003630035701834156,moved_toward_benign,0.0,moved_toward_benign,0.0,moved_toward_benign,0.0829081174623429,moved_toward_benign
2018124,e9c37968c9def264dac99d0d162378ce7ff7fa0e9cb4f8d9a4f61f83aaa80ba6,moved_toward_benign,2,0.0,False,0.03277348663354375,moved_toward_benign,0.02485543798815364,moved_toward_benign,0.00969142517323928,moved_toward_benign,0.0,moved_toward_benign,0.0,moved_toward_benign,0.0829081174623429,moved_toward_benign
1470211,8d05018cf1e3a37505e6905b05c65eed279346068e6a2ec2eee1b671a7610155,moved_toward_benign,1,0.0,False,0.01648071563312586,moved_toward_benign,0.016271745110146715,moved_toward_benign,0.003630035701834156,moved_toward_benign,0.0,moved_toward_benign,0.0,moved_toward_benign,0.0829373263840401,moved_toward_benign
1997562,d888abb1ec2b353fcf3e67d18c8331a2d0c762f3027b7e9a3be330a0f7cc1c4a,moved_toward_benign,2,0.0,False,0.03273913712976906,moved_toward_benign,0.027664734939641035,moved_toward_benign,0.00969142517323928,moved_toward_benign,0.0,moved_toward_benign,0.0,moved_toward_benign,0.0829664901955782,moved_toward_benign
1955061,69ecc951500d6e8c09a7e84447b5401d77a55e84f84a7c25c55ba63b2a5e67f9,moved_toward_benign,0,0.0,False,0.025997649108374456,moved_toward_benign,0.021414021092650982,moved_toward_benign,0.009273775056939182,moved_toward_benign,0.0,moved_toward_benign,0.0,moved_toward_benign,0.0829956090497844,moved_toward_benign
1971799,50ec669e149ab88403ec71c4ef5fd269d8c8ad71c65ef206361d9dccb1d62bb8,moved_toward_benign,2,0.0,False,0.032704949909925715,moved_toward_benign,0.032324100358272115,moved_toward_benign,0.00969142517323928,moved_toward_benign,0.0,moved_toward_benign,0.0,moved_toward_benign,0.0830246830986859,moved_toward_benign
2055421,5cc71bd650521933b8bfed9baba6f9ab96afb970509ab47cb698f2ca3fe8483a,moved_toward_benign,1,0.0,False,0.016463900030029184,moved_toward_benign,0.016271745110146715,moved_toward_benign,0.0036300365913074237,moved_toward_benign,0.0,moved_toward_benign,0.0,moved_toward_benign,0.0830826973847192,moved_toward_benign
1975870,1b144921be2dc6ca7aa1b05c979ac9cdce4f4c6bfa8b85a497aef0d24e702d90,moved_toward_benign,3,0.0,False,0.02463652821621475,moved_toward_benign,0.017078801480746208,moved_toward_benign,0.02314379962021457,moved_toward_benign,0.0,moved_toward_benign,0.0,moved_toward_benign,0.0831116379219571,moved_toward_benign
1912737,62036331eb33936a35a9bd7aa59422dfe9956aac18dec02b11fd73fe25477a83,moved_toward_benign,4,0.0,False,0.03288781422677664,moved_toward_benign,0.019596345643480173,moved_toward_benign,0.014854390907912901,moved_toward_benign,0.0,moved_toward_benign,0.0,moved_toward_benign,0.0831405342541136,moved_toward_benign
2068436,e225b3ef9d6d7253b80f2700ba0de24a3bf0241527bbda75027cd4e05e485bf0,moved_toward_benign,1,0.0,False,0.016457221949775353,moved_toward_benign,0.016271745110146715,moved_toward_benign,0.0036216254109357453,moved_toward_benign,0.0,moved_toward_benign,0.0,moved_toward_benign,0.0831405342541136,moved_toward_benign
2434013,c46a5b723ac62fbadc02a9fe93f639d86248fbff3661ed2853b0ac104a9702ff,moved_toward_benign,2,0.0,False,0.03258655310820017,moved_toward_benign,0.032324100358272115,moved_toward_benign,0.00969142517323928,moved_toward_benign,0.0,moved_toward_benign,0.0,moved_toward_benign,0.0832269594973879,moved_toward_benign
1498932,56593ed9d03bfe1cea0ad939d4c4e3f79c3c62e5bd4778333b8bcdceb8c84ca1,moved_toward_benign,3,0.0,False,0.02463652821621475,moved_toward_benign,0.01996738559092138,moved_toward_benign,0.023442132182753313,moved_toward_benign,0.0,moved_toward_benign,0.0,moved_toward_benign,0.0833701311422284,moved_toward_benign
2045841,592494d2b1b44f0ddd39e2e17dab770fedda4e71484d61bd72a1a59acc6b6c3a,moved_toward_benign,3,0.0,False,0.02463652821621475,moved_toward_benign,0.01996738559092138,moved_toward_benign,0.023442132182753313,moved_toward_benign,0.0,moved_toward_benign,0.0,moved_toward_benign,0.0833701311422284,moved_toward_benign
1961768,4bf5c17f003282ff9b2ed4766a783f65919fb2c5719c7e30fc6dd24682ab95e9,moved_toward_benign,0,0.0,False,0.026166050993433075,moved_toward_benign,0.021613314216651545,moved_toward_benign,0.009307259440686267,moved_toward_benign,0.0,moved_toward_benign,0.0,moved_toward_benign,0.0834270985055689,moved_toward_benign
1910744,88a04f2f5935288d6c1fae57305e389858522846107b6c038f927e4ece71e943,moved_toward_benign,0,0.0,False,0.026254428500606917,moved_toward_benign,0.021613314216651545,moved_toward_benign,0.009307259440686267,moved_toward_benign,0.0,moved_toward_benign,0.0,moved_toward_benign,0.0836532743787276,moved_toward_benign
1914440,90745c08c5fa6ea8df5cb520630eb9bc9e18e6eab7a609b9b12f66df9c437115,moved_toward_benign,1,0.0,False,0.016385513265399224,moved_toward_benign,0.017833129927342806,moved_toward_benign,0.003625184606233174,moved_toward_benign,0.0,moved_toward_benign,0.0,moved_toward_benign,0.0837653615302003,moved_toward_benign
1947253,46982878ce68eccc5214dbb3c3176d76324f56375b4f7700f125de71a2c766c7,moved_toward_benign,1,0.0,False,0.016372808047949366,moved_toward_benign,0.017833129927342806,moved_toward_benign,0.0036181159606426894,moved_toward_benign,0.0,moved_toward_benign,0.0,moved_toward_benign,0.083876792934627,moved_toward_benign
1978306,99fc4169a5150b180187aa30bf88599d72062e0e54c0ceb4882b9ab75b6db66f,moved_toward_benign,2,0.0,False,0.032210726948291836,moved_toward_benign,0.037539381345857846,moved_toward_benign,0.009617058611464935,moved_toward_benign,0.0,moved_toward_benign,0.0,moved_toward_benign,0.083876792934627,moved_toward_benign
2137430,f1ddc6493506cc1598cf8c75c1fc7d8714a438167ace5e64e000199ddd533d86,moved_toward_benign,3,0.0,False,0.02463652821621475,moved_toward_benign,0.025326747359219446,moved_toward_benign,0.025188880940830962,moved_toward_benign,0.0,moved_toward_benign,0.0,moved_toward_benign,0.083876792934627,moved_toward_benign
1923499,01a82709f82e5d93311b62bd9cc27d73dbe503796fcaeddb3875af744a217f64,moved_toward_benign,4,0.0,False,0.032852125798852126,moved_toward_benign,0.0251964807655103,moved_toward_benign,0.014987390114854733,moved_toward_benign,0.0,moved_toward_benign,0.0,moved_toward_benign,0.0839045493097892,moved_toward_benign
1944507,5cc71bd650521933b8bfed9baba6f9ab96afb970509ab47cb698f2ca3fe8483a,moved_toward_benign,1,0.0,False,0.016366492501583087,moved_toward_benign,0.017833129927342806,moved_toward_benign,0.0036181159606426894,moved_toward_benign,0.0,moved_toward_benign,0.0,moved_toward_benign,0.0839322653538694,moved_toward_benign
1973866,c06764f89df0ec061d1f33eb77bf634832d3fd5c774c264e7a019af3ac1b9e87,moved_toward_benign,4,0.0,False,0.03285083739484414,moved_toward_benign,0.0251964807655103,moved_toward_benign,0.014987390114854733,moved_toward_benign,0.0,moved_toward_benign,0.0,moved_toward_benign,0.0839322653538694,moved_toward_benign
1349356,75cff82fa1773b3fd2348a25206c2f5b11cc9f4a452400314d9a9d013cc87776,moved_toward_benign,0,0.0,False,0.026417548447179473,moved_toward_benign,0.02970804289231164,moved_toward_benign,0.009338089724276369,moved_toward_benign,0.0,moved_toward_benign,0.0,moved_toward_benign,0.0840702450844867,moved_toward_benign
2157568,b8eafd29b4c86cea054e5199cde65d9e264d4238d3f9ffa96015b8efd1d708ee,moved_toward_benign,2,0.0,False,0.03200674639702923,moved_toward_benign,0.041557018398346204,moved_toward_benign,0.009699615123194378,moved_toward_benign,0.0,moved_toward_benign,0.0,moved_toward_benign,0.0842345162994673,moved_toward_benign
1489514,a859edce12dc1f42751f871ed3f46a195e525f9dd7ac05c2aa3f386646cee390,moved_toward_benign,2,0.0,False,0.0319912959676466,moved_toward_benign,0.041557018398346204,moved_toward_benign,0.009699615123194378,moved_toward_benign,0.0,moved_toward_benign,0.0,moved_toward_benign,0.0842617582177914,moved_toward_benign
1940481,05cf37c342914ce120a87094d47c7b416b4e841356529213f0aed9bcc3109adc,moved_toward_benign,3,0.0,False,0.02463652821621475,moved_toward_benign,0.03128896334729868,moved_toward_benign,0.06783590363267548,moved_toward_benign,0.0,moved_toward_benign,0.0,moved_toward_benign,0.0843432522043483,moved_toward_benign
1908136,cc3b37f0f63d5b6f602371f75a66e0a25d32b743377bcab1b1382cd740b498f8,moved_toward_benign,4,0.0,False,0.0328218237440687,moved_toward_benign,0.035697535910687445,moved_toward_benign,0.015142685748856138,moved_toward_benign,0.0,moved_toward_benign,0.0,moved_toward_benign,0.0845588908180203,moved_toward_benign
1696373,d1172d7c696b2b9ea8818ff5a5dc68e4cdd906c17d6f3bd54aac2dc1668e63e1,moved_toward_benign,4,0.0,False,0.032815668412881985,moved_toward_benign,0.035697535910687445,moved_toward_benign,0.015112866819666039,moved_toward_benign,0.0,moved_toward_benign,0.0,moved_toward_benign,0.0846924452337586,moved_toward_benign
1994446,26144d54d9619fa86962dd08f8ce978e2b293eaab9b07e008daad88a13969926,moved_toward_benign,3,0.0,False,0.02463652821621475,moved_toward_benign,0.030969818307833952,moved_toward_benign,0.028965674817198406,moved_toward_benign,0.0,moved_toward_benign,0.0,moved_toward_benign,0.0847456082877933,moved_toward_benign
1925561,1038c9a8ae5f099d57b5b7bf3b82efda1bfa3be8e49a3cd6729402aac19afc90,moved_toward_benign,4,0.0,False,0.03280110721889257,moved_toward_benign,0.035697535910687445,moved_toward_benign,0.014915910354392183,moved_toward_benign,0.0,moved_toward_benign,0.0,moved_toward_benign,0.0850092437182701,moved_toward_benign
1959065,ee45e4c2c25272c6ced0bd7d1d68ea9c4bc462cb648b19bb7367d76737223c2c,moved_toward_benign,2,0.0,False,0.0315573698832747,moved_toward_benign,0.02452624161981988,moved_toward_benign,0.009683557759187632,moved_toward_benign,0.0,moved_toward_benign,0.0,moved_toward_benign,0.0850354100299654,moved_toward_benign
2131576,2dd6b3b3fb170e5775235123c5961a66967bf85112e40c04bbab5c417500738a,moved_toward_benign,4,0.0,False,0.03279393581416883,moved_toward_benign,0.035697535910687445,moved_toward_benign,0.014887674988109709,moved_toward_benign,0.0,moved_toward_benign,0.0,moved_toward_benign,0.0851657121900571,moved_toward_benign
2150763,03780768a3dc0cea346e864125321507a375f7ae5744c4e09d44911f62a8bd8e,moved_toward_benign,3,0.0,False,0.02463652821621475,moved_toward_benign,0.030969818307833952,moved_toward_benign,0.026726907431319426,moved_toward_benign,0.0,moved_toward_benign,0.0,moved_toward_benign,0.0852693248736899,moved_toward_benign
2148824,8d05018cf1e3a37505e6905b05c65eed279346068e6a2ec2eee1b671a7610155,moved_toward_benign,1,0.0,False,0.016210382126787385,moved_toward_benign,0.017833129927342806,moved_toward_benign,0.0035989582147164284,moved_toward_benign,0.0,moved_toward_benign,0.0,moved_toward_benign,0.0853209237885742,moved_toward_benign
2192444,8779fd7ad0a4af61ae2ab8d7df2888528a4f16c9ffc29b7294f0ced3e7ead018,moved_toward_benign,4,0.0,False,0.03278331120369909,moved_toward_benign,0.035697535910687445,moved_toward_benign,0.014861054610785795,moved_toward_benign,0.0,moved_toward_benign,0.0,moved_toward_benign,0.0853980651465805,moved_toward_benign
1908973,f0763a5ca8fb0185fd6936083b97ff685877b79ba048ab6a6297747141329ed5,moved_toward_benign,3,0.0,False,0.02463652821621475,moved_toward_benign,0.030969818307833952,moved_toward_benign,0.03558764126281105,moved_toward_benign,0.0,moved_toward_benign,0.0,moved_toward_benign,0.0854749004754078,moved_toward_benign
1917968,0e827a8a7a12a7c5afd02a31d127eb7497f98aa9415ebf0c2e7b8dde12b784c7,moved_toward_benign,0,0.0,False,0.02699897943781693,moved_toward_benign,0.035277735318174124,moved_toward_benign,0.009310510907913074,moved_toward_benign,0.0,moved_toward_benign,0.0,moved_toward_benign,0.0855514324285236,moved_toward_benign
1683321,2b6bf887f33c7d8dd7f87c345d5ce082f32914d36281f65e5697da0c63ccaadf,moved_toward_benign,3,0.0,False,0.02463652821621475,moved_toward_benign,0.022781313739153826,moved_toward_benign,0.03059445674537816,moved_toward_benign,0.0,moved_toward_benign,0.0,moved_toward_benign,0.0856530076348792,moved_toward_benign
2099887,3d7265327c9949c9d6330a6d69012044f0d54513412caf2c7743442fdd1eda23,moved_toward_benign,4,0.0,False,0.03276938527537135,moved_toward_benign,0.035697535910687445,moved_toward_benign,0.014861054610785795,moved_toward_benign,0.0,moved_toward_benign,0.0,moved_toward_benign,0.0857035966449642,moved_toward_benign
1983273,4e52f1ccd8d3377d090d82ef5582ca440c8fee85d64bee9f0a6991bcfcd6a809,moved_toward_benign,2,0.0,False,0.03117625810678131,moved_toward_benign,0.02452624161981988,moved_toward_benign,0.009615170096265193,moved_toward_benign,0.0,moved_toward_benign,0.0,moved_toward_benign,0.0857288418325306,moved_toward_benign
1895793,14d199a03baa5a7b45de4019f285b9ee15d1fed332c7ae79ff1d2cca7085403e,moved_toward_benign,4,0.0,False,0.03276594560138203,moved_toward_benign,0.02263233206008897,moved_toward_benign,0.014861054610785795,moved_toward_benign,0.0,moved_toward_benign,0.0,moved_toward_benign,0.0857792340405948,moved_toward_benign
2120595,0c86eb2ffe20c6667d02db692d3d83de5ae6902828021fd5366dcfe87f3c4161,moved_toward_benign,4,0.0,False,0.03276252233456602,moved_toward_benign,0.02263233206008897,moved_toward_benign,0.014861054610785795,moved_toward_benign,0.0,moved_toward_benign,0.0,moved_toward_benign,0.0858545783263589,moved_toward_benign
2041804,239e35012c9f105dbeb791b817c1843fc996c4fecf36b97c0c0b6cda5c34d99c,moved_toward_benign,1,0.0,False,0.01614863145909491,moved_toward_benign,0.01301732109223914,moved_toward_benign,0.0036003242044885804,moved_toward_benign,0.0,moved_toward_benign,0.0,moved_toward_benign,0.0858796283827731,moved_toward_benign
2043673,e99e8b429123d31069974850ebc54fb0b8cdc33043c78293bd45ddf70cc7d7b9,moved_toward_benign,1,0.0,False,0.01614313384380407,moved_toward_benign,0.012141211729419362,moved_toward_benign,0.0036003242044885804,moved_toward_benign,0.0,moved_toward_benign,0.0,moved_toward_benign,0.0859296319847932,moved_toward_benign
1927657,c3807d3e800fe2ec9070725f2b0df384ff01e021400c93b6700922b1e7d5f4c4,moved_toward_benign,2,0.0,False,0.031040271192326694,moved_toward_benign,0.02452624161981988,moved_toward_benign,0.009615170096265193,moved_toward_benign,0.0,moved_toward_benign,0.0,moved_toward_benign,0.0859795075087222,moved_toward_benign
2053062,ec046e65189b82d6f9b84cf9e6723eee87f8b28c37d3486767386f71a8e1556e,moved_toward_benign,0,0.0,False,0.027177405661645823,moved_toward_benign,0.021684865727070356,moved_toward_benign,0.009298704750015867,moved_toward_benign,0.0,moved_toward_benign,0.0,moved_toward_benign,0.0860043974660499,moved_toward_benign
2159538,9f861ca485d7e31722818ec7d0b4ef0cd80f47a1a272c829bc9b34b0f79466f5,moved_toward_benign,0,0.0,False,0.027177405661645823,moved_toward_benign,0.021684865727070356,moved_toward_benign,0.009298704750015867,moved_toward_benign,0.0,moved_toward_benign,0.0,moved_toward_benign,0.0860043974660499,moved_toward_benign
1962559,0c86eb2ffe20c6667d02db692d3d83de5ae6902828021fd5366dcfe87f3c4161,moved_toward_benign,4,0.0,False,0.032746759556958584,moved_toward_benign,0.021212044527077978,moved_toward_benign,0.014719176127396039,moved_toward_benign,0.0,moved_toward_benign,0.0,moved_toward_benign,0.0862023815090154,moved_toward_benign
2199611,ec046e65189b82d6f9b84cf9e6723eee87f8b28c37d3486767386f71a8e1556e,moved_toward_benign,0,0.0,False,0.027323202962849843,moved_toward_benign,0.02040088272863318,moved_toward_benign,0.009246349584283931,moved_toward_benign,0.0,moved_toward_benign,0.0,moved_toward_benign,0.0863739857737626,moved_toward_benign
2191100,5cc71bd650521933b8bfed9baba6f9ab96afb970509ab47cb698f2ca3fe8483a,moved_toward_benign,1,0.0,False,0.01608387464281211,moved_toward_benign,0.012141211729419362,moved_toward_benign,0.0035775081387306932,moved_toward_benign,0.0,moved_toward_benign,0.0,moved_toward_benign,0.086471373415487,moved_toward_benign
1359514,9bf70b69a57be0b0b403dcc2c8c723069e95c9eba0320666b773bbbe18b5028c,moved_toward_benign,3,0.0,False,0.02463652821621475,moved_toward_benign,0.019223852949398244,moved_toward_benign,0.022283334801745137,moved_toward_benign,0.0,moved_toward_benign,0.0,moved_toward_benign,0.0865924307086192,moved_toward_benign
2062540,f625419378d7b5824bc5bb563f0a50e4e304dee4a336ca23e94c2d2c76f6f29f,moved_toward_benign,0,0.0,False,0.027485401874973135,moved_toward_benign,0.02040088272863318,moved_toward_benign,0.00923338969148703,moved_toward_benign,0.0,moved_toward_benign,0.0,moved_toward_benign,0.0867845809813723,moved_toward_benign
2101377,7985ba40728acafdaec94650fe0a2656a09968dc5e7b288e6ec37d84f38f2044,moved_toward_benign,1,0.0,False,0.016047277838237173,moved_toward_benign,0.01060088369822144,moved_toward_benign,0.0035371221164570347,moved_toward_benign,0.0,moved_toward_benign,0.0,moved_toward_benign,0.086808468041662,moved_toward_benign
1915146,5b4c4d13b1178f2a757d652c3f9c0c3140e6a07d00d11fad15d02f5254815881,moved_toward_benign,2,0.0,False,0.030571948241913616,moved_toward_benign,0.019271002676282383,moved_toward_benign,0.009549824528873282,moved_toward_benign,0.0,moved_toward_benign,0.0,moved_toward_benign,0.0868561552047654,moved_toward_benign
2036593,9d9cbfdbec913589a527c89b828a021cff0d3b0542445bb6e64aeae6c6a4fb0f,moved_toward_benign,4,0.0,False,0.032709861925558886,moved_toward_benign,0.01958409850388571,moved_toward_benign,0.014595785984490314,moved_toward_benign,0.0,moved_toward_benign,0.0,moved_toward_benign,0.0870221552651176,moved_toward_benign
2148234,f531e5ea0dd31ac098dc4e1559f6ae37db79411a90173c36471d82160ca7f025,moved_toward_benign,4,0.0,False,0.032709861925558886,moved_toward_benign,0.01958409850388571,moved_toward_benign,0.014595785984490314,moved_toward_benign,0.0,moved_toward_benign,0.0,moved_toward_benign,0.0870221552651176,moved_toward_benign
1919284,7985ba40728acafdaec94650fe0a2656a09968dc5e7b288e6ec37d84f38f2044,moved_toward_benign,1,0.0,False,0.016021642598906864,moved_toward_benign,0.01060088369822144,moved_toward_benign,0.0035446046313747696,moved_toward_benign,0.0,moved_toward_benign,0.0,moved_toward_benign,0.0870457556473612,moved_toward_benign
1929886,69ecc951500d6e8c09a7e84447b5401d77a55e84f84a7c25c55ba63b2a5e67f9,moved_toward_benign,0,0.0,False,0.027588697736055236,moved_toward_benign,0.02040088272863318,moved_toward_benign,0.009221509731827419,moved_toward_benign,0.0,moved_toward_benign,0.0,moved_toward_benign,0.0870457556473612,moved_toward_benign
1421678,232b414e56b9a698112bfdbef3f6c3f84377880d11250783a2275f50f8c38bcd,moved_toward_benign,2,0.0,False,0.030459745371887163,moved_toward_benign,0.019271002676282383,moved_toward_benign,0.009533727874297265,moved_toward_benign,0.0,moved_toward_benign,0.0,moved_toward_benign,0.0870693277762608,moved_toward_benign
1505534,3c7543ef83bf0464f372f7a8b87490aa9e7cceeaa9ca0dcd68155006a1008235,moved_toward_benign,0,0.0,False,0.027598025334160534,moved_toward_benign,0.02040088272863318,moved_toward_benign,0.009211755156833647,moved_toward_benign,0.0,moved_toward_benign,0.0,moved_toward_benign,0.0870693277762608,moved_toward_benign
1512383,274b114f97707f5005127a1227d4da7761f4d24b09388106dc42a93d3cb36688,moved_toward_benign,3,0.0,False,0.02463652821621475,moved_toward_benign,0.01848439230593216,moved_toward_benign,0.021615794783911457,moved_toward_benign,0.0,moved_toward_benign,0.0,moved_toward_benign,0.087092871725949,moved_toward_benign
1461071,d4ea147ed105b2c5d18299ed99e7464b22b30d0c2460b4d1bafd63f3f293fa48,moved_toward_benign,0,0.0,False,0.027616649437128778,moved_toward_benign,0.020043600438309057,moved_toward_benign,0.009211755156833647,moved_toward_benign,0.0,moved_toward_benign,0.0,moved_toward_benign,0.0871163875702578,moved_toward_benign
1910714,4c86bc4a1267fe572735c2a3110dae9315589cd4afe04e3fbc6a68dd3bb6d55e,moved_toward_benign,3,0.0,False,0.02463652821621475,moved_toward_benign,0.01848439230593216,moved_toward_benign,0.021615794783911457,moved_toward_benign,0.0,moved_toward_benign,0.0,moved_toward_benign,0.0871163875702578,moved_toward_benign
1948005,4c2458c79aa032e16bf5f7f34088bdbd3d1b8aaa63914e83d1728dd7bc8c5ac4,moved_toward_benign,3,0.0,False,0.02463652821621475,moved_toward_benign,0.01848439230593216,moved_toward_benign,0.021615794783911457,moved_toward_benign,0.0,moved_toward_benign,0.0,moved_toward_benign,0.0871163875702578,moved_toward_benign
2094677,84cce6d6d6aaff0dddb28889ef62069b1761110fa3f0cce8cc972ecd352b7c27,moved_toward_benign,0,0.0,False,0.027616649437128778,moved_toward_benign,0.020043600438309057,moved_toward_benign,0.009211755156833647,moved_toward_benign,0.0,moved_toward_benign,0.0,moved_toward_benign,0.0871163875702578,moved_toward_benign
1421416,b300343be7939fe54d71419d21d0853fe8ab7335adb5a6cf9e1d740e26539391,moved_toward_benign,4,0.0,False,0.0327045925303377,moved_toward_benign,0.01958409850388571,moved_toward_benign,0.014603440221904749,moved_toward_benign,0.0,moved_toward_benign,0.0,moved_toward_benign,0.0871398753827205,moved_toward_benign
1965530,a205652894a21c5499211d5667160ae236553dc8e0cdfd71420e7ea9176f0b85,moved_toward_benign,3,0.0,False,0.02463652821621475,moved_toward_benign,0.01848439230593216,moved_toward_benign,0.021615794783911457,moved_toward_benign,0.0,moved_toward_benign,0.0,moved_toward_benign,0.0871633352365729,moved_toward_benign
2048270,83ffe45140122651c40e1b2349a8457c011d9a9276f8ca47078585a799948f37,moved_toward_benign,4,0.0,False,0.03270354328639023,moved_toward_benign,0.01958409850388571,moved_toward_benign,0.014603440221904749,moved_toward_benign,0.0,moved_toward_benign,0.0,moved_toward_benign,0.0871633352365729,moved_toward_benign
1466496,a9474407259a456350889d0ff5fed5891f7eb98a002a72ab2c277c0aeab44923,moved_toward_benign,0,0.0,False,0.027644508252553858,moved_toward_benign,0.020043600438309057,moved_toward_benign,0.009211755156833647,moved_toward_benign,0.0,moved_toward_benign,0.0,moved_toward_benign,0.0871867672047553,moved_toward_benign
1511053,970cf3a9fd721f63cf5b01342f158659e250878d264a4e821c8d3a9662d0357c,moved_toward_benign,4,0.0,False,0.032702495577036556,moved_toward_benign,0.01958409850388571,moved_toward_benign,0.014603440221904749,moved_toward_benign,0.0,moved_toward_benign,0.0,moved_toward_benign,0.0871867672047553,moved_toward_benign
1953013,6232e5fcc12d84191c43c79b9304b25a8aa42789aecf4e9cdc0fb379e95aadba,moved_toward_benign,1,0.0,False,0.016006457459867195,moved_toward_benign,0.01060088369822144,moved_toward_benign,0.0035446046313747696,moved_toward_benign,0.0,moved_toward_benign,0.0,moved_toward_benign,0.0871867672047553,moved_toward_benign
1444686,96273056ec6284b5299c866850db39b8174a7737ebe426da17ae2376f9e8b2e3,moved_toward_benign,2,0.0,False,0.03038596731755201,moved_toward_benign,0.019208422078197007,moved_toward_benign,0.009548082738014588,moved_toward_benign,0.0,moved_toward_benign,0.0,moved_toward_benign,0.0872101713599141,moved_toward_benign
1468243,f29ad1d7ecb015bade5734303c4eaa409d3648ae38c1f12ba3526e27947b5b5e,moved_toward_benign,3,0.0,False,0.02463652821621475,moved_toward_benign,0.01848439230593216,moved_toward_benign,0.021615794783911457,moved_toward_benign,0.0,moved_toward_benign,0.0,moved_toward_benign,0.0872101713599141,moved_toward_benign
1478466,1d17b9df88f33ff16b3a2ee62b7a44ea6d4fc164d803a3382532258a57a3452b,moved_toward_benign,0,0.0,False,0.027653774004981136,moved_toward_benign,0.020043600438309057,moved_toward_benign,0.009211755156833647,moved_toward_benign,0.0,moved_toward_benign,0.0,moved_toward_benign,0.0872101713599141,moved_toward_benign
1430047,3ff4109ef69ef8d03466da375339497d759093a851e00d89925854bc7bcef09d,moved_toward_benign,4,0.0,False,0.0327004047443897,moved_toward_benign,0.01958409850388571,moved_toward_benign,0.014603440221904749,moved_toward_benign,0.0,moved_toward_benign,0.0,moved_toward_benign,0.0872335477744033,moved_toward_benign
1440417,c7698580533a220dffb6a82f47a3594b99b63128559074df525f3d812484e297,moved_toward_benign,4,0.0,False,0.0327004047443897,moved_toward_benign,0.01958409850388571,moved_toward_benign,0.014603440221904749,moved_toward_benign,0.0,moved_toward_benign,0.0,moved_toward_benign,0.0872335477744033,moved_toward_benign
2080897,610afb0e21d611d7ea94f1b43ee0e3c2fffde0ca78f4f20c14a3080d38903d60,moved_toward_benign,1,0.0,False,0.01599391310878049,moved_toward_benign,0.01060088369822144,moved_toward_benign,0.003533816120964861,moved_toward_benign,0.0,moved_toward_benign,0.0,moved_toward_benign,0.0873035112930393,moved_toward_benign
2151324,f88e482e6ad61a4f80c7c4d1ea5e41447aa7d83d73f10061a282773fa50a1562,moved_toward_benign,2,0.0,False,0.030288839286572392,moved_toward_benign,0.019208422078197007,moved_toward_benign,0.009530222458990401,moved_toward_benign,0.0,moved_toward_benign,0.0,moved_toward_benign,0.0873964119541331,moved_toward_benign
2086205,db0837a44789cec223338592205544952f23856117fc38d85ca4a1c9a589b53d,moved_toward_benign,1,0.0,False,0.015971580133804425,moved_toward_benign,0.01060088369822144,moved_toward_benign,0.003533816120964861,moved_toward_benign,0.0,moved_toward_benign,0.0,moved_toward_benign,0.0875119269206109,moved_toward_benign
1939521,45efb4551419f281b8f9dd82704b786b2fd6dd1de74d70ae63d70a30a03e91ae,moved_toward_benign,4,0.0,False,0.03268491508626495,moved_toward_benign,0.01958409850388571,moved_toward_benign,0.014603440221904749,moved_toward_benign,0.0,moved_toward_benign,0.0,moved_toward_benign,0.0875809134355287,moved_toward_benign
1364669,26be345c7af2fc8b08f966a4193e22673e989054afb11b70a0bb2d8074d2fad6,moved_toward_benign,2,0.0,False,0.03014573709373478,moved_toward_benign,0.017709355889818246,moved_toward_benign,0.009530222458990401,moved_toward_benign,0.0,moved_toward_benign,0.0,moved_toward_benign,0.0876725230667684,moved_toward_benign
2161057,f2f41c749187f20d4e525be02fd4efc118d562a41a2bfce5c63b8df3715b80f5,moved_toward_benign,4,0.0,False,0.03268084048319683,moved_toward_benign,0.01958409850388571,moved_toward_benign,0.01458762619451903,moved_toward_benign,0.0,moved_toward_benign,0.0,moved_toward_benign,0.0876725230667684,moved_toward_benign
1977632,26144d54d9619fa86962dd08f8ce978e2b293eaab9b07e008daad88a13969926,moved_toward_benign,3,0.0,False,0.02463652821621475,moved_toward_benign,0.014573920484411073,moved_toward_benign,0.021541603993491552,moved_toward_benign,0.0,moved_toward_benign,0.0,moved_toward_benign,0.0877181694984381,moved_toward_benign
1906776,ec671a1ca62f34e69596594b4416920000656d5f45c3f05a61f80eae50829950,moved_toward_benign,1,0.0,False,0.015944704777510376,moved_toward_benign,0.01060088369822144,moved_toward_benign,0.003533816120964861,moved_toward_benign,0.0,moved_toward_benign,0.0,moved_toward_benign,0.0877637110508457,moved_toward_benign
2076876,c7698580533a220dffb6a82f47a3594b99b63128559074df525f3d812484e297,moved_toward_benign,4,0.0,False,0.03267175655152562,moved_toward_benign,0.01958409850388571,moved_toward_benign,0.01458762619451903,moved_toward_benign,0.0,moved_toward_benign,0.0,moved_toward_benign,0.0878771095357666,moved_toward_benign
1982785,45efb4551419f281b8f9dd82704b786b2fd6dd1de74d70ae63d70a30a03e91ae,moved_toward_benign,4,0.0,False,0.032669753461959064,moved_toward_benign,0.01958409850388571,moved_toward_benign,0.014558381381314581,moved_toward_benign,0.0,moved_toward_benign,0.0,moved_toward_benign,0.0879222881368916,moved_toward_benign
2070788,dc4a131c3ca547f4189c3d97e66d4f589132c666316b57394e82358d2fe52c35,moved_toward_benign,2,0.0,False,0.030005639374400993,moved_toward_benign,0.017709355889818246,moved_toward_benign,0.009506351253821651,moved_toward_benign,0.0,moved_toward_benign,0.0,moved_toward_benign,0.0879448389537348,moved_toward_benign
1976207,780b4cb3e389f3558ea031f5bed628ad12599dce068ee13531b099195c26ed24,moved_toward_benign,2,0.0,False,0.029959588505520385,moved_toward_benign,0.017709355889818246,moved_toward_benign,0.009506351253821651,moved_toward_benign,0.0,moved_toward_benign,0.0,moved_toward_benign,0.0880347871483649,moved_toward_benign
1465585,d8c3aef83c97236b0fa840f740bba0c68d710feccacd62bbeead495169440600,moved_toward_benign,3,0.0,False,0.02463652821621475,moved_toward_benign,0.014573920484411073,moved_toward_benign,0.0214454297114304,moved_toward_benign,0.0,moved_toward_benign,0.0,moved_toward_benign,0.0881019822333808,moved_toward_benign
2080059,34175a31520616e87ec774285d9e8da30215bec771c3428b7eb9296ef9540b0f,moved_toward_benign,4,0.0,False,0.0326617967080248,moved_toward_benign,0.01958409850388571,moved_toward_benign,0.014558381381314581,moved_toward_benign,0.0,moved_toward_benign,0.0,moved_toward_benign,0.0881019822333808,moved_toward_benign
2059894,c715699489c85767822e8523b7649c012de8a3b3028e19984dde230baee8a16a,moved_toward_benign,3,0.0,False,0.02463652821621475,moved_toward_benign,0.014573920484411073,moved_toward_benign,0.021334912317276217,moved_toward_benign,0.0,moved_toward_benign,0.0,moved_toward_benign,0.0881466531977787,moved_toward_benign
2056464,8ec96ae8ac6ded9d6fb8a4f9608690d28eae8e7bba0ff82a2340e6e46b7e5087,moved_toward_benign,3,0.0,False,0.02463652821621475,moved_toward_benign,0.014573920484411073,moved_toward_benign,0.021334912317276217,moved_toward_benign,0.0,moved_toward_benign,0.0,moved_toward_benign,0.0881689511378609,moved_toward_benign
2148293,05db573d614e577e9a96c90c39aa57f6446a625336142ad33dc7686434538237,moved_toward_benign,1,0.0,False,0.01590168844557004,moved_toward_benign,0.01060088369822144,moved_toward_benign,0.0035335058132365343,moved_toward_benign,0.0,moved_toward_benign,0.0,moved_toward_benign,0.0881689511378609,moved_toward_benign
1331473,79b7dc68bbc2227b9e5f9c286bcddb59ef13813b6545989356bf39f58c2f1d70,moved_toward_benign,4,0.0,False,0.03265785126863803,moved_toward_benign,0.01958409850388571,moved_toward_benign,0.01451412427830234,moved_toward_benign,0.0,moved_toward_benign,0.0,moved_toward_benign,0.0881912241317912,moved_toward_benign
2052525,065e771c9b072778b05ca3ac7e2c763f19ea9db7037f1fd46ba0aef1bee1c9e6,moved_toward_benign,3,0.0,False,0.02463652821621475,moved_toward_benign,0.014573920484411073,moved_toward_benign,0.021334912317276217,moved_toward_benign,0.0,moved_toward_benign,0.0,moved_toward_benign,0.0882134722407226,moved_toward_benign
2157583,5cc71bd650521933b8bfed9baba6f9ab96afb970509ab47cb698f2ca3fe8483a,moved_toward_benign,1,0.0,False,0.01589698036445645,moved_toward_benign,0.01060088369822144,moved_toward_benign,0.0035335058132365343,moved_toward_benign,0.0,moved_toward_benign,0.0,moved_toward_benign,0.0882134722407226,moved_toward_benign
2051778,6bdf7c4847ff36e445eb7e5b754d11dabff19d10a1403c9b5604c41d3369e247,moved_toward_benign,0,0.0,False,0.028060533910152143,moved_toward_benign,0.020043600438309057,moved_toward_benign,0.009267368161208083,moved_toward_benign,0.0,moved_toward_benign,0.0,moved_toward_benign,0.088235695525577,moved_toward_benign
2052114,bfc7291e47a31856f92961ac5524ed8c38eb4c99d2a0567f14314ad518d38165,moved_toward_benign,4,0.0,False,0.03265588667881316,moved_toward_benign,0.01958409850388571,moved_toward_benign,0.01451412427830234,moved_toward_benign,0.0,moved_toward_benign,0.0,moved_toward_benign,0.088235695525577,moved_toward_benign
1483555,bdce664245d10adf3418713edb53f739c4836e89f45e73f028f26c13175bd027,moved_toward_benign,4,0.0,False,0.03265490640350081,moved_toward_benign,0.01958409850388571,moved_toward_benign,0.01451412427830234,moved_toward_benign,0.0,moved_toward_benign,0.0,moved_toward_benign,0.0882578940470451,moved_toward_benign
2047990,db5b2c959afb7728853886764ed7778883486a6e99159dc13338b5c45674d533,moved_toward_benign,2,0.0,False,0.02983457429573455,moved_toward_benign,0.017709355889818246,moved_toward_benign,0.009470257208809021,moved_toward_benign,0.0,moved_toward_benign,0.0,moved_toward_benign,0.0882800678655891,moved_toward_benign
1906455,473ad82fd1e52e7f494e2ad68c3e1d8dea9cada000d116ba3dd3285fe441393a,moved_toward_benign,4,0.0,False,0.03264905279745314,moved_toward_benign,0.01958409850388571,moved_toward_benign,0.01451412427830234,moved_toward_benign,0.0,moved_toward_benign,0.0,moved_toward_benign,0.0883905685147099,moved_toward_benign
1370816,a3c5f74c95c806a900ab04594fab98eaeabcc759b7e0f23d45d799ce916cd7fe,moved_toward_benign,2,0.0,False,0.0297673684153833,moved_toward_benign,0.017709355889818246,moved_toward_benign,0.009487886111783061,moved_toward_benign,0.0,moved_toward_benign,0.0,moved_toward_benign,0.0884125953727163,moved_toward_benign
1416741,4b2df152db7fee6a0df1bce90065c35dcb95596dbc7920751ea1143dde8f0acf,moved_toward_benign,3,0.0,False,0.02463652821621475,moved_toward_benign,0.014573920484411073,moved_toward_benign,0.021115852805669563,moved_toward_benign,0.0,moved_toward_benign,0.0,moved_toward_benign,0.0884125953727163,moved_toward_benign
2171314,26144d54d9619fa86962dd08f8ce978e2b293eaab9b07e008daad88a13969926,moved_toward_benign,3,0.0,False,0.02463652821621475,moved_toward_benign,0.014573920484411073,moved_toward_benign,0.021115852805669563,moved_toward_benign,0.0,moved_toward_benign,0.0,moved_toward_benign,0.0884125953727163,moved_toward_benign
1345608,a6a6606b3928ce5bbd5e63eb8a829d24552e93f8e7b701ae46286f9d687d7fd3,moved_toward_benign,0,0.0,False,0.02822659235789363,moved_toward_benign,0.020043600438309057,moved_toward_benign,0.009277336176534704,moved_toward_benign,0.0,moved_toward_benign,0.0,moved_toward_benign,0.0886533007336897,moved_toward_benign
1476174,d9a6130b5aeb9e9112f68e0ab5d3c12d7b8167f23597e61c5f9dcf3af06c9b05,moved_toward_benign,2,0.0,False,0.029645910840216824,moved_toward_benign,0.017709355889818246,moved_toward_benign,0.009487886111783061,moved_toward_benign,0.0,moved_toward_benign,0.0,moved_toward_benign,0.0886533007336897,moved_toward_benign
1504354,ba84648170f9aefed295a8aa0b140c14b09744053bb1f5fdae9cf4c44a905b2e,moved_toward_benign,0,0.0,False,0.02822659235789363,moved_toward_benign,0.020043600438309057,moved_toward_benign,0.009277336176534704,moved_toward_benign,0.0,moved_toward_benign,0.0,moved_toward_benign,0.0886533007336897,moved_toward_benign
1680987,a31c7eaf033a5a0ea397306d7c8f047fc01265228a874287713f497d693ee00c,moved_toward_benign,1,0.0,False,0.01585065700589087,moved_toward_benign,0.01060088369822144,moved_toward_benign,0.00352916747957994,moved_toward_benign,0.0,moved_toward_benign,0.0,moved_toward_benign,0.0886533007336897,moved_toward_benign
1357408,7af605acd7a666408f6971f6db8c9cc409fb7a000722527df3c4da05a1e991f9,moved_toward_benign,1,0.0,False,0.015846098739930703,moved_toward_benign,0.01060088369822144,moved_toward_benign,0.00352916747957994,moved_toward_benign,0.0,moved_toward_benign,0.0,moved_toward_benign,0.0886967556382991,moved_toward_benign
1394974,8d739e82fe045a4198e1cff1ecc935ace9a638a57151e79b37e0abc617f85282,moved_toward_benign,4,0.0,False,0.03263082630140641,moved_toward_benign,0.01958409850388571,moved_toward_benign,0.014459768103169948,moved_toward_benign,0.0,moved_toward_benign,0.0,moved_toward_benign,0.0888049819232168,moved_toward_benign
1994939,f0d656b3e87dffae49c8a9ed05abde099df9221c8f52a4d266a3722b5eafa883,moved_toward_benign,1,0.0,False,0.01583476053899576,moved_toward_benign,0.01060088369822144,moved_toward_benign,0.00352916747957994,moved_toward_benign,0.0,moved_toward_benign,0.0,moved_toward_benign,0.0888049819232168,moved_toward_benign
1423707,3ff4109ef69ef8d03466da375339497d759093a851e00d89925854bc7bcef09d,moved_toward_benign,4,0.0,False,0.03262799044089613,moved_toward_benign,0.01958409850388571,moved_toward_benign,0.014459768103169948,moved_toward_benign,0.0,moved_toward_benign,0.0,moved_toward_benign,0.0888696380995685,moved_toward_benign
1440322,f545f5a01189138e1e607eca35434c232ef24209f00a8347d72e8a75e1bb2914,moved_toward_benign,0,0.0,False,0.028338382056526376,moved_toward_benign,0.020043600438309057,moved_toward_benign,0.00928535004353368,moved_toward_benign,0.0,moved_toward_benign,0.0,moved_toward_benign,0.0889340863881297,moved_toward_benign
1365557,dd9bf4b9cee8677d8f111081320972359d5a6dea3e757e78ce2ae6cfd98baf02,moved_toward_benign,3,0.0,False,0.02463652821621475,moved_toward_benign,0.014777774566341318,moved_toward_benign,0.021833187498418456,moved_toward_benign,0.0,moved_toward_benign,0.0,moved_toward_benign,0.0890836654508299,moved_toward_benign
1424331,d9a6130b5aeb9e9112f68e0ab5d3c12d7b8167f23597e61c5f9dcf3af06c9b05,moved_toward_benign,2,0.0,False,0.02933609846619619,moved_toward_benign,0.017709355889818246,moved_toward_benign,0.00949192674495924,moved_toward_benign,0.0,moved_toward_benign,0.0,moved_toward_benign,0.089274359200472,moved_toward_benign
1484892,6b8768d597031035167f9f180014fd9163a78f05aa18a90ecc136e394b241b80,moved_toward_benign,4,0.0,False,0.03260936695343911,moved_toward_benign,0.020508851861473762,moved_toward_benign,0.014457613022601614,moved_toward_benign,0.0,moved_toward_benign,0.0,moved_toward_benign,0.0892954362134718,moved_toward_benign
1515175,d873166ecbd55546758ec8ba1b4e75bb49dc052b98cba238606495c13389ba58,moved_toward_benign,3,0.0,False,0.02463652821621475,moved_toward_benign,0.020413692832418655,moved_toward_benign,0.02257301623478275,moved_toward_benign,0.0,moved_toward_benign,0.0,moved_toward_benign,0.0893795242796609,moved_toward_benign
1496392,ed6a2e694c12013e1d9fbab162f7826c84bd8008f3c94743d5a7ce2edd46948e,moved_toward_benign,3,0.0,False,0.02463652821621475,moved_toward_benign,0.020413692832418655,moved_toward_benign,0.022792053919359588,moved_toward_benign,0.0,moved_toward_benign,0.0,moved_toward_benign,0.0894632627746744,moved_toward_benign
1388200,2cf03e725a758b7ab4ac4f0b6d158d59894448171d4b2390e2692d9f7fb19497,moved_toward_benign,4,0.0,False,0.03259751693521411,moved_toward_benign,0.02067481291344599,moved_toward_benign,0.014527967475712795,moved_toward_benign,0.0,moved_toward_benign,0.0,moved_toward_benign,0.0895674491364568,moved_toward_benign
1435185,1025f2d1e3a5a84a70f8836cc7277999177ea7eb9ae0a18b5d37b624b31c5bd2,moved_toward_benign,3,0.0,False,0.02463652821621475,moved_toward_benign,0.020413692832418655,moved_toward_benign,0.023023599092728133,moved_toward_benign,0.0,moved_toward_benign,0.0,moved_toward_benign,0.0895674491364568,moved_toward_benign
1513725,10c9d6a7029cfaf98ce8171c01a361bf9afd799a2b2803fe47e9d7b8acc98d57,moved_toward_benign,3,0.0,False,0.02463652821621475,moved_toward_benign,0.020413692832418655,moved_toward_benign,0.02324746539468517,moved_toward_benign,0.0,moved_toward_benign,0.0,moved_toward_benign,0.0896504126250322,moved_toward_benign
1356959,d0a60d14dfe244f081cac2593f2c1fc83f570822bc8d2dcb7ee5835e312ceef6,moved_toward_benign,3,0.0,False,0.02463652821621475,moved_toward_benign,0.020413692832418655,moved_toward_benign,0.02337159800537629,moved_toward_benign,0.0,moved_toward_benign,0.0,moved_toward_benign,0.0896711003430399,moved_toward_benign
1355576,5ff2c532185c12021494a24d6740585ea613ae10ce6c76e604f3e5bf813a6411,moved_toward_benign,0,0.0,False,0.028640586909409193,moved_toward_benign,0.02042866680347963,moved_toward_benign,0.009434690076765284,moved_toward_benign,0.0,moved_toward_benign,0.0,moved_toward_benign,0.0896917668948417,moved_toward_benign
1358800,8326171729468083ddc249c0584847b63d41d6440d3d6a770284926db6c7295a,moved_toward_benign,3,0.0,False,0.02463652821621475,moved_toward_benign,0.020413692832418655,moved_toward_benign,0.023421827168975392,moved_toward_benign,0.0,moved_toward_benign,0.0,moved_toward_benign,0.0896917668948417,moved_toward_benign
1371463,838384c16ef32cfdfcfaf617a79ae95d69bcd45f9767e80fd1492a30991a36b7,moved_toward_benign,1,0.0,False,0.015742621599692013,moved_toward_benign,0.015409054915858523,moved_toward_benign,0.003497877956628249,moved_toward_benign,0.0,moved_toward_benign,0.0,moved_toward_benign,0.0896917668948417,moved_toward_benign
1397917,b61330780101a3e534e4ccecf1d695e4dc2135c9693740b7efe6b787c721ee2b,moved_toward_benign,3,0.0,False,0.02463652821621475,moved_toward_benign,0.020413692832418655,moved_toward_benign,0.023421827168975392,moved_toward_benign,0.0,moved_toward_benign,0.0,moved_toward_benign,0.0896917668948417,moved_toward_benign
1400051,cf5c44741a46cb5caec214aa188f979df235bba3d7053d13987861f377e5306f,moved_toward_benign,0,0.0,False,0.028640586909409193,moved_toward_benign,0.02042866680347963,moved_toward_benign,0.009434690076765284,moved_toward_benign,0.0,moved_toward_benign,0.0,moved_toward_benign,0.0896917668948417,moved_toward_benign
1421848,6232e5fcc12d84191c43c79b9304b25a8aa42789aecf4e9cdc0fb379e95aadba,moved_toward_benign,1,0.0,False,0.015742621599692013,moved_toward_benign,0.015409054915858523,moved_toward_benign,0.003497877956628249,moved_toward_benign,0.0,moved_toward_benign,0.0,moved_toward_benign,0.0896917668948417,moved_toward_benign
1461149,31f7fbaf70620d477f5d9d29ca857a4c67c03c776c2ce6709a204901085d2e2d,moved_toward_benign,1,0.0,False,0.015729890674829935,moved_toward_benign,0.015409054915858523,moved_toward_benign,0.003497877956628249,moved_toward_benign,0.0,moved_toward_benign,0.0,moved_toward_benign,0.0898153243602143,moved_toward_benign
1494480,b71226c26481a2ac7d1db2b932519e1913869929b59f101bfc092d99bf362312,moved_toward_benign,3,0.0,False,0.02463652821621475,moved_toward_benign,0.020413692832418655,moved_toward_benign,0.04768181759754995,moved_toward_benign,0.0,moved_toward_benign,0.0,moved_toward_benign,0.0900601986975721,moved_toward_benign
1382950,05db573d614e577e9a96c90c39aa57f6446a625336142ad33dc7686434538237,moved_toward_benign,1,0.0,False,0.015700582823621096,moved_toward_benign,0.014297288826502377,moved_toward_benign,0.003497877956628249,moved_toward_benign,0.0,moved_toward_benign,0.0,moved_toward_benign,0.0901007248955027,moved_toward_benign
1365832,f0d656b3e87dffae49c8a9ed05abde099df9221c8f52a4d266a3722b5eafa883,moved_toward_benign,1,0.0,False,0.01568613292103414,moved_toward_benign,0.014297288826502377,moved_toward_benign,0.003497877956628249,moved_toward_benign,0.0,moved_toward_benign,0.0,moved_toward_benign,0.0902419324822359,moved_toward_benign
1516617,8d05018cf1e3a37505e6905b05c65eed279346068e6a2ec2eee1b671a7610155,moved_toward_benign,1,0.0,False,0.015682028878898826,moved_toward_benign,0.014297288826502377,moved_toward_benign,0.003497877956628249,moved_toward_benign,0.0,moved_toward_benign,0.0,moved_toward_benign,0.0902820977758894,moved_toward_benign
1422782,0b2f66c94be56d1740fe3442e470e0885eaa7b38c4eb9cbcc4c75ad1d3f9fb47,moved_toward_benign,3,0.0,False,0.02463652821621475,moved_toward_benign,0.021350252815456296,moved_toward_benign,0.023899348460396347,moved_toward_benign,0.0,moved_toward_benign,0.0,moved_toward_benign,0.0905412557197579,moved_toward_benign
1516312,cc3b37f0f63d5b6f602371f75a66e0a25d32b743377bcab1b1382cd740b498f8,moved_toward_benign,4,0.0,False,0.03255539184073056,moved_toward_benign,0.025851227497825046,moved_toward_benign,0.014404498396611646,moved_toward_benign,0.0,moved_toward_benign,0.0,moved_toward_benign,0.0905412557197579,moved_toward_benign
1357882,354e0e8e1858d45a1b73d560eae6b5ed1b9d2eb75aee8dee8d55c7e1b6e66c96,moved_toward_benign,3,0.0,False,0.02463652821621475,moved_toward_benign,0.021350252815456296,moved_toward_benign,0.02314439884042681,moved_toward_benign,0.0,moved_toward_benign,0.0,moved_toward_benign,0.090561054922385,moved_toward_benign
1375379,d28fef7b4cb3be181cfb074879763ee7b13c08c3899244bead43030ff2fa2c12,moved_toward_benign,3,0.0,False,0.02463652821621475,moved_toward_benign,0.021350252815456296,moved_toward_benign,0.02314439884042681,moved_toward_benign,0.0,moved_toward_benign,0.0,moved_toward_benign,0.090561054922385,moved_toward_benign
1379827,833210fd9774f6b55f3dbcbcccda04960ecc622054dd60bbc403fb380571f581,moved_toward_benign,2,0.0,False,0.028710173760337382,moved_toward_benign,0.0376905453021081,moved_toward_benign,0.009630365367250935,moved_toward_benign,0.0,moved_toward_benign,0.0,moved_toward_benign,0.090561054922385,moved_toward_benign
1381119,d195f7407231df7fadc0198acaaacc3cfd2a3b391103aacc59b947b707c352da,moved_toward_benign,3,0.0,False,0.02463652821621475,moved_toward_benign,0.021350252815456296,moved_toward_benign,0.02314439884042681,moved_toward_benign,0.0,moved_toward_benign,0.0,moved_toward_benign,0.090561054922385,moved_toward_benign
1384019,1025f2d1e3a5a84a70f8836cc7277999177ea7eb9ae0a18b5d37b624b31c5bd2,moved_toward_benign,3,0.0,False,0.02463652821621475,moved_toward_benign,0.021350252815456296,moved_toward_benign,0.02314439884042681,moved_toward_benign,0.0,moved_toward_benign,0.0,moved_toward_benign,0.090561054922385,moved_toward_benign
1387085,d4c8997e91d1f571e0ff6ad7d039b19adf05994168adf4edf8c56cee70420a40,moved_toward_benign,0,0.0,False,0.028988290512183303,moved_toward_benign,0.026138667595979142,moved_toward_benign,0.009327100849847484,moved_toward_benign,0.0,moved_toward_benign,0.0,moved_toward_benign,0.090561054922385,moved_toward_benign
1391123,16a8cb0da9371211d90e5f62ba10c5440e2f00a8a99f9c2c22347002f9648cd7,moved_toward_benign,4,0.0,False,0.032554540147776825,moved_toward_benign,0.025851227497825046,moved_toward_benign,0.014404498396611646,moved_toward_benign,0.0,moved_toward_benign,0.0,moved_toward_benign,0.090561054922385,moved_toward_benign
1406229,11d22da33f509e13de5ed994b04bb97e8b93d3887a0e7fce5241b06e6b720723,moved_toward_benign,1,0.0,False,0.015653599707822718,moved_toward_benign,0.014297288826502377,moved_toward_benign,0.003534774719755153,moved_toward_benign,0.0,moved_toward_benign,0.0,moved_toward_benign,0.090561054922385,moved_toward_benign
1461224,d7fa901d3f2acc0e854b246ac48322dd781e279acc0770f18b75d18ded38946c,moved_toward_benign,4,0.0,False,0.032554540147776825,moved_toward_benign,0.025851227497825046,moved_toward_benign,0.014404498396611646,moved_toward_benign,0.0,moved_toward_benign,0.0,moved_toward_benign,0.090561054922385,moved_toward_benign
1464219,2b60f22b78a681683b56cc7bf59154f16797dd65fcfcbc517f23885e2680d03c,moved_toward_benign,1,0.0,False,0.015653599707822718,moved_toward_benign,0.014297288826502377,moved_toward_benign,0.003534774719755153,moved_toward_benign,0.0,moved_toward_benign,0.0,moved_toward_benign,0.090561054922385,moved_toward_benign
1486878,c6750b613407d67c845d796a86c12f47603aedba65299f05b42f8c6ba36ae55a,moved_toward_benign,2,0.0,False,0.028710173760337382,moved_toward_benign,0.0376905453021081,moved_toward_benign,0.009630365367250935,moved_toward_benign,0.0,moved_toward_benign,0.0,moved_toward_benign,0.090561054922385,moved_toward_benign
1490551,10c9d6a7029cfaf98ce8171c01a361bf9afd799a2b2803fe47e9d7b8acc98d57,moved_toward_benign,3,0.0,False,0.02463652821621475,moved_toward_benign,0.021350252815456296,moved_toward_benign,0.02314439884042681,moved_toward_benign,0.0,moved_toward_benign,0.0,moved_toward_benign,0.090561054922385,moved_toward_benign
1492580,f0d656b3e87dffae49c8a9ed05abde099df9221c8f52a4d266a3722b5eafa883,moved_toward_benign,1,0.0,False,0.015653599707822718,moved_toward_benign,0.014297288826502377,moved_toward_benign,0.003534774719755153,moved_toward_benign,0.0,moved_toward_benign,0.0,moved_toward_benign,0.090561054922385,moved_toward_benign
1494106,c8339ed2b283623129d85c18ba81375c54f227b3ec063ebe193c0e456e12840b,moved_toward_benign,1,0.0,False,0.015653599707822718,moved_toward_benign,0.014297288826502377,moved_toward_benign,0.003534774719755153,moved_toward_benign,0.0,moved_toward_benign,0.0,moved_toward_benign,0.090561054922385,moved_toward_benign
1506744,6dc5e80200983e8e31b36adda7802d096d9933c72fc08bebe7c5aa89a4126df1,moved_toward_benign,2,0.0,False,0.028710173760337382,moved_toward_benign,0.0376905453021081,moved_toward_benign,0.009630365367250935,moved_toward_benign,0.0,moved_toward_benign,0.0,moved_toward_benign,0.090561054922385,moved_toward_benign
1520051,a859edce12dc1f42751f871ed3f46a195e525f9dd7ac05c2aa3f386646cee390,moved_toward_benign,2,0.0,False,0.028710173760337382,moved_toward_benign,0.0376905453021081,moved_toward_benign,0.009630365367250935,moved_toward_benign,0.0,moved_toward_benign,0.0,moved_toward_benign,0.090561054922385,moved_toward_benign
1365402,9677c662df15379be632a9ab7c6675c50593bb68a11007ea420dc5335a88aeb7,moved_toward_benign,1,0.0,False,0.015651588803367457,moved_toward_benign,0.014297288826502377,moved_toward_benign,0.003534774719755153,moved_toward_benign,0.0,moved_toward_benign,0.0,moved_toward_benign,0.0905808349001625,moved_toward_benign
1450515,e3853b5796e166bff6ed0e64ff44dfe6b4a803cbe64a8f97e5efb516044fd8ba,moved_toward_benign,4,0.0,False,0.03255368947070487,moved_toward_benign,0.021388329699425498,moved_toward_benign,0.014404498396611646,moved_toward_benign,0.0,moved_toward_benign,0.0,moved_toward_benign,0.0905808349001625,moved_toward_benign
1518178,db5b2c959afb7728853886764ed7778883486a6e99159dc13338b5c45674d533,moved_toward_benign,2,0.0,False,0.028700715488214713,moved_toward_benign,0.03693704353985497,moved_toward_benign,0.009630365367250935,moved_toward_benign,0.0,moved_toward_benign,0.0,moved_toward_benign,0.0905808349001625,moved_toward_benign
1362185,ec046e65189b82d6f9b84cf9e6723eee87f8b28c37d3486767386f71a8e1556e,moved_toward_benign,0,0.0,False,0.02900413124351029,moved_toward_benign,0.023153160758095554,moved_toward_benign,0.009309357705315229,moved_toward_benign,0.0,moved_toward_benign,0.0,moved_toward_benign,0.0906005956939704,moved_toward_benign
1415592,5e82ebd126e11a263f9d21c9beaeeae763a6b4ce431cfc35fa60a1865ded0381,moved_toward_benign,0,0.0,False,0.02900413124351029,moved_toward_benign,0.023153160758095554,moved_toward_benign,0.009309357705315229,moved_toward_benign,0.0,moved_toward_benign,0.0,moved_toward_benign,0.0906005956939704,moved_toward_benign
1416596,5e82ebd126e11a263f9d21c9beaeeae763a6b4ce431cfc35fa60a1865ded0381,moved_toward_benign,0,0.0,False,0.02900413124351029,moved_toward_benign,0.023153160758095554,moved_toward_benign,0.009309357705315229,moved_toward_benign,0.0,moved_toward_benign,0.0,moved_toward_benign,0.0906005956939704,moved_toward_benign
1435501,00cc8560a68ee035aef095fccecef9827f37deb7801b0e97265ced1063215f19,moved_toward_benign,1,0.0,False,0.01564958049776562,moved_toward_benign,0.014297288826502377,moved_toward_benign,0.003534774719755153,moved_toward_benign,0.0,moved_toward_benign,0.0,moved_toward_benign,0.0906005956939704,moved_toward_benign
1481727,e13d97e49683f04c8f19a946531e539610293fc0c0b0bd38beab1b0b8fd6e752,moved_toward_benign,0,0.0,False,0.02900413124351029,moved_toward_benign,0.023153160758095554,moved_toward_benign,0.009309357705315229,moved_toward_benign,0.0,moved_toward_benign,0.0,moved_toward_benign,0.0906005956939704,moved_toward_benign
1523306,1d3070e3dceba2f59830d9ea98b89bbc2e20e5d10ceb9df6e4e9e930c653a331,moved_toward_benign,2,0.0,False,0.028672424815362946,moved_toward_benign,0.025777818012460627,moved_toward_benign,0.009630365367250935,moved_toward_benign,0.0,moved_toward_benign,0.0,moved_toward_benign,0.090640059892524,moved_toward_benign
1411843,e9a37592be6e6588d2a66939fb4d14602051631f91d82184103af7da866ca3c1,moved_toward_benign,3,0.0,False,0.02463652821621475,moved_toward_benign,0.017918276069347424,moved_toward_benign,0.022998208950156685,moved_toward_benign,0.0,moved_toward_benign,0.0,moved_toward_benign,0.0906597633783601,moved_toward_benign
1478297,321fadf24a9e46d754275ac7aa1e7bce9c4bf438ce01e636997f9332900eca11,moved_toward_benign,3,0.0,False,0.02463652821621475,moved_toward_benign,0.017918276069347424,moved_toward_benign,0.022998208950156685,moved_toward_benign,0.0,moved_toward_benign,0.0,moved_toward_benign,0.0906597633783601,moved_toward_benign
1480226,56a36f65155199a654b4db443bed8a41bfd8e5b440a6172c8fcb52b2d2107845,moved_toward_benign,2,0.0,False,0.028663022515574812,moved_toward_benign,0.025777818012460627,moved_toward_benign,0.009630365367250935,moved_toward_benign,0.0,moved_toward_benign,0.0,moved_toward_benign,0.0906597633783601,moved_toward_benign
1510554,9b2ea385ca869929f0b49064f6c5a5b1efd74ccfc0f8a7c4806918f455469fac,moved_toward_benign,1,0.0,False,0.015641573136622764,moved_toward_benign,0.01302042523705319,moved_toward_benign,0.00352968100736672,moved_toward_benign,0.0,moved_toward_benign,0.0,moved_toward_benign,0.0906794478424077,moved_toward_benign
1515911,4eedc4dd2bef6dcd11ca7aae7c5d4906ba594060065cbf168b4c3ac5fde7f34f,moved_toward_benign,0,0.0,False,0.02903572728245594,moved_toward_benign,0.01822071765063131,moved_toward_benign,0.0092750072473709,moved_toward_benign,0.0,moved_toward_benign,0.0,moved_toward_benign,0.0906794478424077,moved_toward_benign
1524701,42fb7f90f1ad636ed9e6030c0dda71a4ad6d5b079eefb57d48e2df5a73679c32,moved_toward_benign,1,0.0,False,0.015641573136622764,moved_toward_benign,0.01302042523705319,moved_toward_benign,0.00352968100736672,moved_toward_benign,0.0,moved_toward_benign,0.0,moved_toward_benign,0.0906794478424077,moved_toward_benign
1372461,3e68404a1b5b0ab7d529b65d9b2035ef9a4db19c5a62e028393c8a4f8dab504c,moved_toward_benign,2,0.0,False,0.028644259582197244,moved_toward_benign,0.025777818012460627,moved_toward_benign,0.009630365367250935,moved_toward_benign,0.0,moved_toward_benign,0.0,moved_toward_benign,0.090699113324881,moved_toward_benign
1475889,e9e330aa1ab11d2d5b1c62e8d1f7b8793f48c1480fbfd67f79bb442b8e7aa747,moved_toward_benign,4,0.0,False,0.032548606608260894,moved_toward_benign,0.01651996559666546,moved_toward_benign,0.014373783290271239,moved_toward_benign,0.0,moved_toward_benign,0.0,moved_toward_benign,0.090699113324881,moved_toward_benign
1450300,8d1609064c8af0bce88fd64b94b64422fd11c64df0320b90056350ba8f6efa4a,moved_toward_benign,2,0.0,False,0.02862555196055411,moved_toward_benign,0.025777818012460627,moved_toward_benign,0.009630365367250935,moved_toward_benign,0.0,moved_toward_benign,0.0,moved_toward_benign,0.0907383875053048,moved_toward_benign
1480343,7c3728d305f0389929da351f055a0dec933139a87a5346b535b7b338cb314038,moved_toward_benign,3,0.0,False,0.02463652821621475,moved_toward_benign,0.017918276069347424,moved_toward_benign,0.02287834877487048,moved_toward_benign,0.0,moved_toward_benign,0.0,moved_toward_benign,0.0907383875053048,moved_toward_benign
1412623,15a2749a64d99f5748963f78fd9ecc164669fd0827a61dc31ab1d0a34d627267,moved_toward_benign,3,0.0,False,0.02463652821621475,moved_toward_benign,0.020782113456147857,moved_toward_benign,0.022635177420086097,moved_toward_benign,0.0,moved_toward_benign,0.0,moved_toward_benign,0.0909336330121153,moved_toward_benign
1449862,9c6d70211eebad466d288d8152f31c6a3f9336843b8eea4318eca7b8ebf54a8f,moved_toward_benign,3,0.0,False,0.02463652821621475,moved_toward_benign,0.020782113456147857,moved_toward_benign,0.022635177420086097,moved_toward_benign,0.0,moved_toward_benign,0.0,moved_toward_benign,0.0909336330121153,moved_toward_benign
1480828,1d17b9df88f33ff16b3a2ee62b7a44ea6d4fc164d803a3382532258a57a3452b,moved_toward_benign,0,0.0,False,0.02913763792749964,moved_toward_benign,0.01822071765063131,moved_toward_benign,0.00924867838247715,moved_toward_benign,0.0,moved_toward_benign,0.0,moved_toward_benign,0.0909336330121153,moved_toward_benign
1373750,889f8d1ee091d130a3a72c8694e925a1932e2500ba64b25374a863da688f8d28,moved_toward_benign,1,0.0,False,0.015607995315588217,moved_toward_benign,0.01605448584409729,moved_toward_benign,0.0036319910308450125,moved_toward_benign,0.0,moved_toward_benign,0.0,moved_toward_benign,0.0910112118625662,moved_toward_benign
1434811,8e33340e58ab2fc991ec45c064d9518de1daecc0598a443910f24a3dbbdffcae,moved_toward_benign,0,0.0,False,0.029184279271590886,moved_toward_benign,0.018797412194254053,moved_toward_benign,0.00924867838247715,moved_toward_benign,0.0,moved_toward_benign,0.0,moved_toward_benign,0.0910498912297228,moved_toward_benign
2048078,34175a31520616e87ec774285d9e8da30215bec771c3428b7eb9296ef9540b0f,moved_toward_benign,4,0.0,False,0.05240093073314445,moved_toward_benign,0.02013011775578286,moved_toward_benign,0.05298016186099784,moved_toward_benign,0.0,moved_toward_benign,0.0,moved_toward_benign,0.0910506913919946,moved_toward_benign
1493671,e99e8b429123d31069974850ebc54fb0b8cdc33043c78293bd45ddf70cc7d7b9,moved_toward_benign,1,0.0,False,0.015594377786440598,moved_toward_benign,0.01605448584409729,moved_toward_benign,0.0036319910308450125,moved_toward_benign,0.0,moved_toward_benign,0.0,moved_toward_benign,0.0911462710733414,moved_toward_benign
1513615,fd5a4caec7e8e2a1cbf5f357ade1d996fba3d376dd2e5ca16a9e63c78aa59306,moved_toward_benign,3,0.0,False,0.02463652821621475,moved_toward_benign,0.022598007849546718,moved_toward_benign,0.02228543212982902,moved_toward_benign,0.0,moved_toward_benign,0.0,moved_toward_benign,0.0911462710733414,moved_toward_benign
1406923,ea8d6fe93610ae8edc45db4615a7a1321be7566b8350b1426dabb0c9b40b3cb1,moved_toward_benign,1,0.0,False,0.015556118107238264,moved_toward_benign,0.01605448584409729,moved_toward_benign,0.0036319910308450125,moved_toward_benign,0.0,moved_toward_benign,0.0,moved_toward_benign,0.0915273224712022,moved_toward_benign
1478553,0d8d6033ef9c2272edb96c2bbb21dbbbc9968f4d01b835a8b01dd982181e5e73,moved_toward_benign,1,0.0,False,0.021229924314810206,moved_toward_benign,0.018030675603406144,moved_toward_benign,0.05807206400416744,moved_toward_benign,0.0,moved_toward_benign,0.0,moved_toward_benign,0.0930998198682039,moved_toward_benign
2435371,d5746fc4b42d4bfb3ebf116697343876e779fa6d9b5e794464bb32a80586bbd5,moved_toward_benign,4,0.0,False,0.032429203094046545,moved_toward_benign,0.01814627800153884,moved_toward_benign,0.015618545119890042,moved_toward_benign,0.0,moved_toward_benign,0.0,moved_toward_benign,0.0935231897754793,moved_toward_benign
1789337,8e7b149c58511c2b91695e7010a1427e645da2d783be63bc2cf5b12d9066dbb1,moved_toward_benign,2,0.0,False,0.02637345206264319,moved_toward_benign,0.03772180416205062,moved_toward_benign,0.010316527291842776,moved_toward_benign,0.0,moved_toward_benign,0.0,moved_toward_benign,0.0957810708849453,moved_toward_benign
1382246,c3807d3e800fe2ec9070725f2b0df384ff01e021400c93b6700922b1e7d5f4c4,moved_toward_benign,2,0.0,False,0.03924595193834258,moved_toward_benign,0.04870202571103791,moved_toward_benign,0.052170078873532824,moved_toward_benign,0.0,moved_toward_benign,0.0,moved_toward_benign,0.0988467085490173,moved_toward_benign
2422584,d888abb1ec2b353fcf3e67d18c8331a2d0c762f3027b7e9a3be330a0f7cc1c4a,moved_toward_pathogenic,2,1.0,False,0.9103166881169046,moved_toward_pathogenic,0.8758757951931512,moved_toward_pathogenic,0.9325749649873075,moved_toward_pathogenic,0.0,moved_toward_benign,0.0,moved_toward_benign,0.894548357598798,moved_toward_pathogenic
2443127,eb09422ab73c4c841d7e5340d95e47aaa383eff8b96ee08bbe5b9943a1f274c5,moved_toward_benign,1,1.0,False,0.31910929388663367,moved_toward_pathogenic,0.35058300553724897,moved_toward_pathogenic,0.2793083159996301,moved_toward_pathogenic,1.0,moved_toward_pathogenic,0.0,moved_toward_benign,0.1062216869928651,moved_toward_benign
1940577,1d17b9df88f33ff16b3a2ee62b7a44ea6d4fc164d803a3382532258a57a3452b,moved_toward_benign,0,0.0,False,0.06009625311817805,moved_toward_benign,0.038892714048535094,moved_toward_benign,0.04521454088008276,moved_toward_benign,0.0,moved_toward_benign,0.0,moved_toward_benign,0.1262333450563398,moved_toward_benign
2424324,1b5bf5b8671bb43d21a6bf28101358289ff31b7025f881364db9bcd457b56011,moved_toward_pathogenic,4,1.0,False,0.7194415398671234,moved_toward_pathogenic,0.8500740688044284,moved_toward_pathogenic,0.8910233027969692,moved_toward_pathogenic,0.0,moved_toward_benign,0.0,moved_toward_benign,0.8661824127442056,moved_toward_pathogenic
1426789,9c6d70211eebad466d288d8152f31c6a3f9336843b8eea4318eca7b8ebf54a8f,moved_toward_benign,3,2.0,False,0.08017016769511671,moved_toward_benign,0.08461294538802722,moved_toward_benign,0.15998028161973496,moved_toward_benign,1.0,moved_toward_pathogenic,0.0,moved_toward_benign,0.1350896239652332,moved_toward_benign
1998939,ba5fa41d88cec1030ac4943c0091fbddacbf621c17a0a41f5b552d2eac79405f,moved_toward_benign,0,0.0,False,0.06193610105904771,moved_toward_benign,0.05180203219687161,moved_toward_benign,0.044978057679119665,moved_toward_benign,0.0,moved_toward_benign,0.0,moved_toward_benign,0.1354834035651351,moved_toward_benign
2047237,6303aeafae0e4835316db6fe34d3d5f37c9b80db1c77908402b142ea91f02986,moved_toward_benign,0,0.0,False,0.059322166583008144,moved_toward_benign,0.05575427582924311,moved_toward_benign,0.046096481586943135,moved_toward_benign,0.0,moved_toward_benign,0.0,moved_toward_benign,0.1357990675570986,moved_toward_benign
2145559,1b144921be2dc6ca7aa1b05c979ac9cdce4f4c6bfa8b85a497aef0d24e702d90,moved_toward_benign,3,2.0,False,0.08605720518159286,moved_toward_benign,0.0669499198490579,moved_toward_benign,0.1368310629924688,moved_toward_benign,1.0,moved_toward_pathogenic,0.0,moved_toward_benign,0.1384181058765324,moved_toward_benign
2634069,022eeb7dd92f4419e2c5d21197d753ec82a0c4ace209e819babb4e501326c756,moved_toward_benign,1,2.0,False,0.1454475411397518,moved_toward_benign,0.11363447945358109,moved_toward_benign,0.21864713980416486,moved_toward_pathogenic,1.0,moved_toward_pathogenic,0.0,moved_toward_benign,0.1389591974354264,moved_toward_benign
2022114,d15d747a33e08151ed8c626a354d63ac4c598ba1e5c3526e74f7d0211f6ca7d2,moved_toward_benign,1,2.0,False,0.14888763492030513,moved_toward_benign,0.28457240395246625,moved_toward_pathogenic,0.2262754044323141,moved_toward_pathogenic,1.0,moved_toward_pathogenic,0.0,moved_toward_benign,0.1395443404301206,moved_toward_benign
1400493,f656d0513b52b92852888dc0743e1014304149a3523c74e4fd9b8ec8b2095208,moved_toward_benign,0,2.0,False,0.14216743714445568,moved_toward_benign,0.20348724006144597,moved_toward_benign,0.25906818338514587,moved_toward_pathogenic,1.0,moved_toward_pathogenic,0.0,moved_toward_benign,0.1396810998846112,moved_toward_benign
2068832,f1d53c56624fdb6cb75540590c7ad2b65a447f9c3c121d426de430594911dbf2,moved_toward_benign,2,0.0,False,0.06601073789189883,moved_toward_benign,0.023715291447803002,moved_toward_benign,0.08164672111983806,moved_toward_benign,0.0,moved_toward_benign,0.0,moved_toward_benign,0.1408312151929385,moved_toward_benign
1968186,4d86747376b5493ced2c23d1d700c52fa750b64c99b85cdc4a2cb24795cbe117,moved_toward_benign,1,0.0,False,0.09285877707948727,moved_toward_benign,0.03479897887881179,moved_toward_benign,0.0894783076641138,moved_toward_benign,0.0,moved_toward_benign,0.0,moved_toward_benign,0.1412977490435262,moved_toward_benign
2076088,1b144921be2dc6ca7aa1b05c979ac9cdce4f4c6bfa8b85a497aef0d24e702d90,moved_toward_benign,3,2.0,False,0.0891453633058636,moved_toward_benign,0.09909244969152459,moved_toward_benign,0.1419126983511665,moved_toward_benign,1.0,moved_toward_pathogenic,0.0,moved_toward_benign,0.1425747798405255,moved_toward_benign
1525760,7b30044692fe3914571b2a0c2c8a7fadc3efd901b8614709691433cc9d06803e,moved_toward_benign,0,0.0,False,0.06400938793770285,moved_toward_benign,0.053985981297504856,moved_toward_benign,0.04688033598341757,moved_toward_benign,0.0,moved_toward_benign,0.0,moved_toward_benign,0.1441196194838241,moved_toward_benign
1481328,4c6501cc2ffd5fc36ffdef96ae7ff0b06edd76fc895ba57733ffa28c3d0345be,moved_toward_benign,1,0.0,False,0.08805377491933185,moved_toward_benign,0.03207340759283363,moved_toward_benign,0.08822899767219905,moved_toward_benign,0.0,moved_toward_benign,0.0,moved_toward_benign,0.1448794130691847,moved_toward_benign
1693511,29ce51a1d45af69928eaef01af324351ecefbfacce4fcf3dd6332c37f7f529fe,moved_toward_benign,3,1.0,False,0.18633256885050103,moved_toward_benign,0.1981227369566152,moved_toward_benign,0.4905712241481235,moved_toward_pathogenic,1.0,moved_toward_pathogenic,0.0,moved_toward_benign,0.1488942304560186,moved_toward_benign
1903975,e3853b5796e166bff6ed0e64ff44dfe6b4a803cbe64a8f97e5efb516044fd8ba,moved_toward_benign,4,0.0,False,0.08924034872558799,moved_toward_benign,0.03267089536416019,moved_toward_benign,0.08019110656262224,moved_toward_benign,0.0,moved_toward_benign,0.0,moved_toward_benign,0.1524442783580697,moved_toward_benign
1491421,4c6501cc2ffd5fc36ffdef96ae7ff0b06edd76fc895ba57733ffa28c3d0345be,moved_toward_benign,1,0.0,False,0.0907588464111731,moved_toward_benign,0.03309619891982711,moved_toward_benign,0.09283630627628632,moved_toward_benign,0.0,moved_toward_benign,0.0,moved_toward_benign,0.1552164202252599,moved_toward_benign
2033009,4892d9943cfc7ea489fdff9ea173ca344dcc8dedaef0f4d8260361dc3daf589c,moved_toward_benign,2,2.0,False,0.15781576474855044,moved_toward_benign,0.3564325393239818,moved_toward_pathogenic,0.26962586367787295,moved_toward_benign,1.0,moved_toward_pathogenic,0.0,moved_toward_benign,0.1563904449696143,moved_toward_benign
1419535,4c409fc27b86b12ef64e876ea8934dfeadc9eb1b5c0547d3648678b40df01beb,moved_toward_benign,0,2.0,False,0.16163968326824552,moved_toward_benign,0.38831429174660403,moved_toward_pathogenic,0.27045477450155186,moved_toward_pathogenic,1.0,moved_toward_pathogenic,0.0,moved_toward_benign,0.1590528973001766,moved_toward_benign
1928009,4a3a9b9a55a6eaa19e1d7267cb46e1a3bccda67ed55bc3561517b05194c149f6,moved_toward_benign,4,0.0,False,0.08905555602827457,moved_toward_benign,0.046181914537636606,moved_toward_benign,0.07743920575120442,moved_toward_benign,0.0,moved_toward_benign,0.0,moved_toward_benign,0.1632398321210998,moved_toward_benign
1687542,fd5a4caec7e8e2a1cbf5f357ade1d996fba3d376dd2e5ca16a9e63c78aa59306,moved_toward_pathogenic,3,2.0,False,0.8406172242743847,moved_toward_pathogenic,0.6805557193858737,moved_toward_pathogenic,0.4391336556995595,moved_toward_pathogenic,1.0,moved_toward_pathogenic,0.0,moved_toward_benign,0.8326247259561746,moved_toward_pathogenic
1977404,7ce5045ef9451a83267f021d44082b3e489296dcfeb46db47bea77735d4369b9,moved_toward_benign,2,0.0,False,0.0818003241421274,moved_toward_benign,0.05660203390106012,moved_toward_benign,0.08964203965453894,moved_toward_benign,0.0,moved_toward_benign,0.0,moved_toward_benign,0.1770289002130415,moved_toward_benign
2423204,56c4b38a2006932edc42b20bd15d515de670a7ba299077266bc2cfd77b35e606,moved_toward_pathogenic,2,1.0,False,0.8942329259695904,moved_toward_pathogenic,0.8875163315244878,moved_toward_pathogenic,0.9200808852873432,moved_toward_pathogenic,0.0,moved_toward_benign,0.0,moved_toward_benign,0.8214438684555317,moved_toward_pathogenic
1497024,13206c86bda7a59173745eeb804150dedddbc2df3ea0162a92832efad3464583,moved_toward_benign,1,0.0,False,0.09528878488076617,moved_toward_benign,0.03309619891982711,moved_toward_benign,0.09785438491282787,moved_toward_benign,0.0,moved_toward_benign,0.0,moved_toward_benign,0.1791872223060317,moved_toward_benign
1486704,7c80947d3dfe281be394b8dcd2236d6ccf301b9b2cce7499cee5a10fbc3c7aed,moved_toward_benign,0,2.0,False,0.19156479197399393,moved_toward_benign,0.3913187615555473,moved_toward_pathogenic,0.3143925922512683,moved_toward_pathogenic,1.0,moved_toward_pathogenic,0.0,moved_toward_benign,0.1933457409113885,moved_toward_benign
2061004,ee0cf2295eb0c91da6187d8836a13bc8b8d04c9aeb7d6456b61cf79a0fc02dcc,moved_toward_benign,4,1.0,False,0.6168646170624237,moved_toward_pathogenic,0.5378337277139185,moved_toward_pathogenic,0.6893668416405658,moved_toward_pathogenic,0.0,moved_toward_benign,0.0,moved_toward_benign,0.1950096207953512,moved_toward_benign
1491110,0d8d6033ef9c2272edb96c2bbb21dbbbc9968f4d01b835a8b01dd982181e5e73,moved_toward_benign,1,0.0,False,0.09627389032061928,moved_toward_benign,0.03515217803098882,moved_toward_benign,0.10015648856348028,moved_toward_benign,0.0,moved_toward_benign,0.0,moved_toward_benign,0.2045232166556166,moved_toward_benign
1426880,4b2df152db7fee6a0df1bce90065c35dcb95596dbc7920751ea1143dde8f0acf,moved_toward_benign,3,2.0,False,0.07736651793130606,moved_toward_benign,0.14403394513495624,moved_toward_benign,0.1716965380205324,moved_toward_benign,1.0,moved_toward_pathogenic,0.0,moved_toward_benign,0.2065605778506968,moved_toward_benign
1904509,c5016b41462e4573f8e22c18c86ba43795aaa77ae679f7bd0addead25dd4c09b,moved_toward_benign,1,0.0,False,0.007345782748424438,moved_toward_benign,0.01301732109223914,moved_toward_benign,0.003610798894246195,moved_toward_benign,0.0,moved_toward_benign,0.0,moved_toward_benign,0.2066688564625587,moved_toward_benign
2039500,1b144921be2dc6ca7aa1b05c979ac9cdce4f4c6bfa8b85a497aef0d24e702d90,moved_toward_benign,3,2.0,False,0.13371004275189985,moved_toward_benign,0.21389332431308894,moved_toward_pathogenic,0.2376045522519443,moved_toward_benign,1.0,moved_toward_pathogenic,0.0,moved_toward_benign,0.2090441165687581,moved_toward_benign
2179867,c5016b41462e4573f8e22c18c86ba43795aaa77ae679f7bd0addead25dd4c09b,moved_toward_benign,1,0.0,False,0.007248995945613693,moved_toward_benign,0.01060088369822144,moved_toward_benign,0.003533816120964861,moved_toward_benign,0.0,moved_toward_benign,0.0,moved_toward_benign,0.2107285922941883,moved_toward_benign
2058943,88c476421bce35e4d4d9a41c8c5c15019906ed3666feffd839224fee9bb7df5f,moved_toward_benign,1,0.0,False,0.099074619854326,moved_toward_benign,0.03309619891982711,moved_toward_benign,0.10295840325839568,moved_toward_benign,0.0,moved_toward_benign,0.0,moved_toward_benign,0.2108455885738635,moved_toward_benign
1410991,7da5985efa2855e34744f4a34dc01b46b0d5723b7888b3095d21c46d8f6c2dc7,moved_toward_benign,0,2.0,False,0.2960156831020007,moved_toward_pathogenic,0.29268759083143026,moved_toward_benign,0.29320419160744987,moved_toward_pathogenic,1.0,moved_toward_pathogenic,0.0,moved_toward_benign,0.217451270683314,moved_toward_benign
2062828,cf880572f529ceb84fb79fb7f4ea8050f0f44f29354eb1d444ecba6572f8359a,moved_toward_benign,0,2.0,False,0.20668720928792347,moved_toward_pathogenic,0.19230883672680413,moved_toward_benign,0.2962688935220795,moved_toward_pathogenic,1.0,moved_toward_pathogenic,0.0,moved_toward_benign,0.2209954450855696,moved_toward_benign
2650673,dd3efa6b3d49c2a3d005a9ffe79821a4c266a0f3e2aac80b8a3eacbd6b3443df,moved_toward_benign,2,2.0,False,0.2149770165747286,moved_toward_pathogenic,0.5282304249647866,moved_toward_pathogenic,0.2911153511842059,moved_toward_pathogenic,1.0,moved_toward_pathogenic,0.0,moved_toward_benign,0.2209954450855696,moved_toward_benign
1943761,9ddd37faa3f947ceeb457a6dca33ac826aa0435530026c492272de9a526d6938,moved_toward_benign,1,2.0,False,0.19785618261313284,moved_toward_benign,0.23438458943829898,moved_toward_pathogenic,0.26302356413902994,moved_toward_pathogenic,1.0,moved_toward_pathogenic,0.0,moved_toward_benign,0.2222673235579626,moved_toward_benign
2159371,76cebef133ef4432e656899ee466e0b05f2f6ee431f6a625b4cfd734cf8aec3c,moved_toward_benign,2,2.0,False,0.21046626795790319,moved_toward_pathogenic,0.16862953708070869,moved_toward_benign,0.25346444747588637,moved_toward_benign,1.0,moved_toward_pathogenic,0.0,moved_toward_benign,0.2230090529989145,moved_toward_benign
1372480,8478873613cf6e0fc2e759e161bc7f44ce70e68d23df0caaa589ddb97d33d7f5,moved_toward_benign,4,2.0,False,0.16747148502759207,moved_toward_benign,0.11384571616633284,moved_toward_benign,0.20645454188295376,moved_toward_benign,1.0,moved_toward_pathogenic,0.0,moved_toward_benign,0.2250379156377792,moved_toward_benign
1720411,f656d0513b52b92852888dc0743e1014304149a3523c74e4fd9b8ec8b2095208,moved_toward_benign,0,2.0,False,0.29543736149715016,moved_toward_pathogenic,0.22583475910951806,moved_toward_benign,0.2919678720557796,moved_toward_pathogenic,1.0,moved_toward_pathogenic,0.0,moved_toward_benign,0.2260478103200264,moved_toward_benign
2146919,f656d0513b52b92852888dc0743e1014304149a3523c74e4fd9b8ec8b2095208,moved_toward_benign,0,2.0,False,0.30160525907075897,moved_toward_pathogenic,0.4271482298355391,moved_toward_pathogenic,0.2890474275013117,moved_toward_pathogenic,1.0,moved_toward_pathogenic,0.0,moved_toward_benign,0.230474533082192,moved_toward_benign
1470537,cc7e8ae0450f732930a36b5bdd731598bfc44da3d2fb1565d1f55382a2b1ba3b,moved_toward_benign,1,2.0,False,0.20958296192854298,moved_toward_benign,0.19237938005044078,moved_toward_benign,0.2573532322618593,moved_toward_pathogenic,1.0,moved_toward_pathogenic,0.0,moved_toward_benign,0.2304957099282211,moved_toward_benign
2196524,67f3ad07133767ecb4c79b47ff71d612e6880923a9e096312aab898ff9eca152,moved_toward_benign,1,2.0,False,0.2089728764765855,moved_toward_benign,0.1319880620773165,moved_toward_benign,0.2573532322618593,moved_toward_pathogenic,1.0,moved_toward_pathogenic,0.0,moved_toward_benign,0.2317010842409888,moved_toward_benign
2052081,9920629c0b807ee771df3c370f8849e3d4674032c1d31e06faebbd3ccb904aa3,moved_toward_benign,2,2.0,False,0.22591068896314828,moved_toward_pathogenic,0.18967235135620106,moved_toward_benign,0.283270931530948,moved_toward_pathogenic,1.0,moved_toward_pathogenic,0.0,moved_toward_benign,0.2323252063680083,moved_toward_benign
2058035,5bc0ad3e7b4bcee69f80c5ba7fcc5bbaebf429f6633049ae02ff13741cf9eb1e,moved_toward_benign,0,2.0,False,0.3366329652911925,moved_toward_pathogenic,0.5203580004339123,moved_toward_pathogenic,0.4453281706531015,moved_toward_pathogenic,1.0,moved_toward_pathogenic,0.0,moved_toward_benign,0.2534908833330822,moved_toward_benign
2415982,cee0ab46783f17c6139c58ccc6130702b4a9baa4f2b86c9577b88f09f5a53a37,moved_toward_pathogenic,0,1.0,False,0.21617392388368037,moved_toward_pathogenic,0.7345804815838006,moved_toward_pathogenic,0.6246569367424797,moved_toward_pathogenic,0.0,moved_toward_benign,0.0,moved_toward_benign,0.7429467183760071,moved_toward_pathogenic
1715192,44dac912eafb122038fe118edfa8eb8c8a8b8de3c8f1bd254b6b4e7473cb6406,moved_toward_benign,4,2.0,False,0.49957936674201436,moved_toward_pathogenic,0.6616002382195599,moved_toward_pathogenic,0.5821305483118354,moved_toward_pathogenic,1.0,moved_toward_pathogenic,0.0,moved_toward_benign,0.2594485410077314,moved_toward_benign
1932138,9662ff83fcd57cd49a3fcb0d1ac501b597ea30086cc8b15dc46d61ca5f874bf2,moved_toward_benign,4,2.0,False,0.3145661747052772,moved_toward_pathogenic,0.17445589620092827,moved_toward_benign,0.24013617476538432,moved_toward_benign,1.0,moved_toward_pathogenic,0.0,moved_toward_benign,0.2676844706546702,moved_toward_benign
1806181,8a001a49db5abc660041174e293178171d03e74b15248c2b98b9a055e1a40284,moved_toward_pathogenic,3,2.0,False,0.5481294451881835,moved_toward_pathogenic,0.43118970532083256,moved_toward_pathogenic,0.4819299095639942,moved_toward_pathogenic,1.0,moved_toward_pathogenic,0.0,moved_toward_benign,0.7288541990668103,moved_toward_pathogenic
2137876,b42117428b277c30ac5526d948cee8d157ff688f530fff934833221c23703a55,moved_toward_pathogenic,4,3.0,True,0.6681640121724446,moved_toward_pathogenic,0.43259657517929523,moved_toward_pathogenic,0.3713727371984837,moved_toward_pathogenic,1.0,moved_toward_pathogenic,0.0,moved_toward_benign,0.7285273594527191,moved_toward_pathogenic
2041965,9c6d70211eebad466d288d8152f31c6a3f9336843b8eea4318eca7b8ebf54a8f,moved_toward_benign,3,2.0,False,0.10985035792278078,moved_toward_benign,0.47251701828753784,moved_toward_pathogenic,0.2374615192961274,moved_toward_benign,1.0,moved_toward_pathogenic,0.0,moved_toward_benign,0.2731564112599409,moved_toward_benign
2628998,022eeb7dd92f4419e2c5d21197d753ec82a0c4ace209e819babb4e501326c756,moved_toward_benign,1,2.0,False,0.23203120612310701,moved_toward_pathogenic,0.3998563616540874,moved_toward_pathogenic,0.3030614391919344,moved_toward_pathogenic,1.0,moved_toward_pathogenic,0.0,moved_toward_benign,0.2736714656080748,moved_toward_benign
1957761,8478873613cf6e0fc2e759e161bc7f44ce70e68d23df0caaa589ddb97d33d7f5,moved_toward_benign,4,2.0,False,0.18192822699032388,moved_toward_benign,0.3791968479696459,moved_toward_pathogenic,0.2383191557418664,moved_toward_benign,1.0,moved_toward_pathogenic,0.0,moved_toward_benign,0.2753470446495192,moved_toward_benign
2188941,9662ff83fcd57cd49a3fcb0d1ac501b597ea30086cc8b15dc46d61ca5f874bf2,moved_toward_benign,4,2.0,False,0.18192133397534024,moved_toward_benign,0.3791968479696459,moved_toward_pathogenic,0.2383191557418664,moved_toward_benign,1.0,moved_toward_pathogenic,0.0,moved_toward_benign,0.2754292141610837,moved_toward_benign
2150417,f656d0513b52b92852888dc0743e1014304149a3523c74e4fd9b8ec8b2095208,moved_toward_benign,0,2.0,False,0.2026863456872219,moved_toward_benign,0.11610039074919408,moved_toward_benign,0.26108896546035326,moved_toward_pathogenic,1.0,moved_toward_pathogenic,0.0,moved_toward_benign,0.2845429245049851,moved_toward_benign
2128382,1e8fd952eab2338d5155121c3600224931ba2c0d71942dc5970c7f3c60b62a19,moved_toward_pathogenic,2,1.0,False,0.39302146044840425,moved_toward_pathogenic,0.7562711445222142,moved_toward_pathogenic,0.7103214748605512,moved_toward_pathogenic,0.0,moved_toward_benign,0.0,moved_toward_benign,0.7129477545688794,moved_toward_pathogenic
2175587,cda69805551b651bb26cdc5260226e2f24cb2f5adc97788fef835cebe12f1ef5,moved_toward_benign,2,2.0,False,0.16330611178980972,moved_toward_benign,0.15544834635686677,moved_toward_benign,0.24027543715390523,moved_toward_benign,1.0,moved_toward_pathogenic,0.0,moved_toward_benign,0.287857284130362,moved_toward_benign
1974976,56c1fb46edde606cbd04486d6242625e4c26a4a29d89795ff84baef986e2bd02,moved_toward_benign,3,2.0,False,0.31223460039719003,moved_toward_pathogenic,0.39020610670192285,moved_toward_pathogenic,0.3949140050022533,moved_toward_pathogenic,1.0,moved_toward_pathogenic,0.0,moved_toward_benign,0.2913334764891712,moved_toward_benign
1435182,76cebef133ef4432e656899ee466e0b05f2f6ee431f6a625b4cfd734cf8aec3c,moved_toward_benign,2,2.0,False,0.16987609514464094,moved_toward_benign,0.2679161274639546,moved_toward_pathogenic,0.2378884189750765,moved_toward_benign,1.0,moved_toward_pathogenic,0.0,moved_toward_benign,0.2915136663789816,moved_toward_benign
1896623,b6df5085bd677048ad4272b01098b9359329d17e6ef95d31de7e171022d202f1,moved_toward_benign,4,2.0,False,0.3142859727946228,moved_toward_pathogenic,0.33555372664305033,moved_toward_pathogenic,0.3815699693651482,moved_toward_pathogenic,1.0,moved_toward_pathogenic,0.0,moved_toward_benign,0.2927654620979713,moved_toward_benign
1719093,44dac912eafb122038fe118edfa8eb8c8a8b8de3c8f1bd254b6b4e7473cb6406,moved_toward_benign,4,2.0,False,0.31411294121284306,moved_toward_pathogenic,0.35787047489778745,moved_toward_pathogenic,0.3803070786628949,moved_toward_pathogenic,1.0,moved_toward_pathogenic,0.0,moved_toward_benign,0.294245873872705,moved_toward_benign
1350810,9c6d70211eebad466d288d8152f31c6a3f9336843b8eea4318eca7b8ebf54a8f,moved_toward_pathogenic,3,2.0,False,0.776725356454209,moved_toward_pathogenic,0.48128554495473286,moved_toward_pathogenic,0.5423175997584126,moved_toward_pathogenic,1.0,moved_toward_pathogenic,0.0,moved_toward_benign,0.6965681482767995,moved_toward_pathogenic
1926525,c089a159273d9c4bfb1b813e809f14b2663464947ed86f29166d4aa021509a88,moved_toward_pathogenic,2,2.0,False,0.5086538052974745,moved_toward_pathogenic,0.38389689867909044,moved_toward_pathogenic,0.40811956368249735,moved_toward_pathogenic,1.0,moved_toward_pathogenic,0.0,moved_toward_benign,0.6965681482767995,moved_toward_pathogenic
1400896,85cbc08f7c168909eb35139cf5a9f650325a448ec4c819434a31b82f09cfeecb,moved_toward_pathogenic,0,2.0,False,0.295125223670448,moved_toward_pathogenic,0.5550724924329024,moved_toward_pathogenic,0.6754297324492693,moved_toward_pathogenic,0.0,moved_toward_benign,0.0,moved_toward_benign,0.694181238828372,moved_toward_pathogenic
1499473,c9787fcc9acdd0baa3f721f5b1368b0220e5d85fad59832a08bffdfe2b00c8b0,moved_toward_pathogenic,2,2.0,False,0.5844305903543836,moved_toward_pathogenic,0.3663045317003286,moved_toward_pathogenic,0.5393649573707942,moved_toward_pathogenic,1.0,moved_toward_pathogenic,0.0,moved_toward_benign,0.6885029694429926,moved_toward_pathogenic
2506170,8cc5d8538080e9e70e0fbaf5762a6c4e45d2af728c19a346a2ae862227b7ad91,moved_toward_pathogenic,3,2.0,False,0.39234638209799266,moved_toward_pathogenic,0.7480416340762466,moved_toward_pathogenic,0.4275811714031214,moved_toward_pathogenic,1.0,moved_toward_pathogenic,0.0,moved_toward_benign,0.6720395328771946,moved_toward_pathogenic
2505705,292bae56eefe90bfc37ee74e6684700ab2b47c70359e8c602da8ae675aeab08a,moved_toward_pathogenic,2,2.0,False,0.5624253740123785,moved_toward_pathogenic,0.49527154732724515,moved_toward_pathogenic,0.40911628841312153,moved_toward_pathogenic,1.0,moved_toward_pathogenic,0.0,moved_toward_benign,0.6632529694935598,moved_toward_pathogenic
1526709,e07dcab015d4a49af271f07c556fb231d6093998272988eba9cc0d24b6376b73,moved_toward_pathogenic,1,1.0,False,0.9442411166341034,moved_toward_pathogenic,0.7254204853257262,moved_toward_pathogenic,0.6872864009089051,moved_toward_pathogenic,0.0,moved_toward_benign,0.0,moved_toward_benign,0.6576751128015413,moved_toward_pathogenic
1806500,aa9f18e01b3b6c441d953847b2dccc44a5196b57693011805f263d0c407accb0,moved_toward_pathogenic,4,2.0,False,0.36368685346528695,moved_toward_pathogenic,0.47372056050315103,moved_toward_pathogenic,0.43261158690733065,moved_toward_pathogenic,1.0,moved_toward_pathogenic,0.0,moved_toward_benign,0.6470898486671999,moved_toward_pathogenic
2631113,5bfb93235f0b9a9e96d09c34fc779da17e24d37a36fddf5b7298fdf220578e43,moved_toward_pathogenic,4,2.0,False,0.5002870263785044,moved_toward_pathogenic,0.5431687320390873,moved_toward_pathogenic,0.46019253748991196,moved_toward_pathogenic,1.0,moved_toward_pathogenic,0.0,moved_toward_benign,0.6459472645809463,moved_toward_pathogenic
1431339,460ee380a73f20441faf7b93c4629ae9fcf428a87a06a0d77917cddff4b0efd1,moved_toward_pathogenic,3,2.0,False,0.6744768373538961,moved_toward_pathogenic,0.41802853400384277,moved_toward_pathogenic,0.5432412190627195,moved_toward_pathogenic,1.0,moved_toward_pathogenic,0.0,moved_toward_benign,0.6308817249682429,moved_toward_pathogenic
2136157,0e30b9464b075b65aebb93a3f75a7d5f9c597346d0552f9499b48f93281598cc,moved_toward_pathogenic,0,2.0,False,0.45565291756890663,moved_toward_pathogenic,0.6186813885887288,moved_toward_pathogenic,0.5502262255465281,moved_toward_pathogenic,1.0,moved_toward_pathogenic,0.0,moved_toward_benign,0.6141825891140842,moved_toward_pathogenic
2444243,9af46d459f9936a92a7c02f5dc47dbd41e160b86293c9243435f8ded47c005cf,moved_toward_pathogenic,3,2.0,False,0.9453838933991192,moved_toward_pathogenic,0.3086306912685713,moved_toward_pathogenic,0.7465455035993728,moved_toward_pathogenic,1.0,moved_toward_pathogenic,0.0,moved_toward_benign,0.5744819857617991,moved_toward_pathogenic
2629824,44dac912eafb122038fe118edfa8eb8c8a8b8de3c8f1bd254b6b4e7473cb6406,moved_toward_pathogenic,4,2.0,False,0.05178103294548345,moved_toward_benign,0.4688064373081649,moved_toward_pathogenic,0.3662662494328184,moved_toward_pathogenic,1.0,moved_toward_pathogenic,0.0,moved_toward_benign,0.5527297818031396,moved_toward_pathogenic
1507015,3d6d2f041c23b33f8e32fd026da6021f5352134b3b35a8f77a31f55c125e32b5,moved_toward_pathogenic,4,2.0,False,0.3004064586859278,moved_toward_pathogenic,0.27899138734325046,moved_toward_pathogenic,0.3007620213115257,moved_toward_pathogenic,1.0,moved_toward_pathogenic,0.0,moved_toward_benign,0.5508139110208439,moved_toward_pathogenic
1526223,e8b4bc344337315924d6ec163f4fdbe04823223ae9cad2742a9f0c05337fa1af,moved_toward_pathogenic,1,2.0,False,0.2856062738250823,moved_toward_pathogenic,0.3479524740518484,moved_toward_pathogenic,0.35241890303275947,moved_toward_pathogenic,1.0,moved_toward_pathogenic,0.0,moved_toward_benign,0.5371637948853998,moved_toward_pathogenic
2077519,abd305c041a982d6795846bee42f5238e02351ed3e7f9ff5151d1f470cd4f081,moved_toward_pathogenic,3,1.0,False,0.9703655228572465,moved_toward_pathogenic,0.7881482687950504,moved_toward_pathogenic,0.6163841084930181,moved_toward_pathogenic,0.0,moved_toward_benign,0.0,moved_toward_benign,0.52824824043914,moved_toward_pathogenic
1527743,1c529e263244f701049412377bbfe10dbad91c0b14969e1bc61f4ffb76e5f64e,moved_toward_pathogenic,3,1.0,False,0.9445406963172227,moved_toward_pathogenic,0.8692083197550977,moved_toward_pathogenic,0.9511023040798724,moved_toward_pathogenic,0.0,moved_toward_benign,0.0,moved_toward_benign,0.5156984728579767,moved_toward_pathogenic
2217472,8bdfec180240926d6b4e36a4af08adb8b8f439fbf0283f3a406fc17e43a8bb08,moved_toward_pathogenic,1,2.0,False,0.7035939241276523,moved_toward_pathogenic,0.538708365170498,moved_toward_pathogenic,0.6742620328864876,moved_toward_pathogenic,1.0,moved_toward_pathogenic,0.0,moved_toward_benign,0.5150877461343479,moved_toward_pathogenic
1398773,5c530fb55057bfcabc3fece0f9d3e682bcf46c579053252e38a70ee0e349663f,moved_toward_pathogenic,3,2.0,False,0.8147972106768231,moved_toward_pathogenic,0.4772776715300196,moved_toward_pathogenic,0.7606973151509451,moved_toward_pathogenic,1.0,moved_toward_pathogenic,0.0,moved_toward_benign,0.5132259803897483,moved_toward_pathogenic
1527764,f86ce72b2dfdd98b766da160d2a01097c815aed7102ad31fa1ac9763811f01f4,moved_toward_pathogenic,0,1.0,False,0.9525815852632559,moved_toward_pathogenic,0.8271974000095553,moved_toward_pathogenic,0.8865828035117699,moved_toward_pathogenic,0.0,moved_toward_benign,0.0,moved_toward_benign,0.5034096715570103,moved_toward_pathogenic
2075981,7f3a55ac1fa4730dc2637868ac6681007b444325494140d20be4c3da91a8faaa,moved_toward_pathogenic,4,2.0,False,0.6704784773221878,moved_toward_pathogenic,0.512480380237502,moved_toward_pathogenic,0.5709283891288891,moved_toward_pathogenic,1.0,moved_toward_pathogenic,0.0,moved_toward_benign,0.4998708414559262,moved_toward_pathogenic
2138063,1e8fd952eab2338d5155121c3600224931ba2c0d71942dc5970c7f3c60b62a19,moved_toward_pathogenic,2,2.0,False,0.8815573549544244,moved_toward_pathogenic,0.6910915337030222,moved_toward_pathogenic,0.6174048584661549,moved_toward_pathogenic,1.0,moved_toward_pathogenic,0.0,moved_toward_benign,0.4984574239636318,moved_toward_pathogenic
1376825,8c05499da995e4c6cff5f375e83c351ae98a1cf0a2d8477f19f8e6b6c690d041,moved_toward_pathogenic,3,2.0,False,0.38337196666313933,moved_toward_pathogenic,0.6805557193858737,moved_toward_pathogenic,0.3812743476793484,moved_toward_pathogenic,1.0,moved_toward_pathogenic,0.0,moved_toward_benign,0.4479702215444087,moved_toward_pathogenic
1806071,c3fe5e30d7236485bf03a90f22af77dc711eeb5954c413b7327781c0b0f83a64,moved_toward_pathogenic,0,2.0,False,0.7164771521109129,moved_toward_pathogenic,0.49634441018388664,moved_toward_pathogenic,0.37395935979054556,moved_toward_pathogenic,1.0,moved_toward_pathogenic,0.0,moved_toward_benign,0.4477481709413984,moved_toward_pathogenic
1411978,a47f690da42da041cf6f2162c736d42cf74e62fc87dbd420882384fff3782dd9,moved_toward_pathogenic,4,2.0,False,0.3184622733353013,moved_toward_pathogenic,0.14900045614253907,moved_toward_benign,0.2489300978759993,moved_toward_benign,1.0,moved_toward_pathogenic,0.0,moved_toward_benign,0.4453828495086305,moved_toward_pathogenic
1527751,8e238841695dc95fa80b3320f1d19168c5cc4ba9cd9697673de5064f9ecb5502,moved_toward_pathogenic,1,1.0,False,0.9323533150899427,moved_toward_pathogenic,0.7254204853257262,moved_toward_pathogenic,0.6872864009089051,moved_toward_pathogenic,0.0,moved_toward_benign,0.0,moved_toward_benign,0.4425560642366221,moved_toward_pathogenic
2636260,184c6305f9fd2fea2078a382bba022c9f709ece085f74ecfddf57f69a1323aad,moved_toward_pathogenic,0,2.0,False,0.2782706724382095,moved_toward_pathogenic,0.3526074255437378,moved_toward_benign,0.4163317586454303,moved_toward_pathogenic,1.0,moved_toward_pathogenic,0.0,moved_toward_benign,0.4370434916811669,moved_toward_pathogenic
1526581,0d8d6033ef9c2272edb96c2bbb21dbbbc9968f4d01b835a8b01dd982181e5e73,moved_toward_pathogenic,1,1.0,False,0.9318889355903501,moved_toward_pathogenic,0.7254204853257262,moved_toward_pathogenic,0.6872864009089051,moved_toward_pathogenic,0.0,moved_toward_benign,0.0,moved_toward_benign,0.4348003631860853,moved_toward_pathogenic
2113880,b977fe258e52daa1253e26206f2518531bf7ed66a21d310147a6192e046ba398,moved_toward_pathogenic,4,1.0,False,0.8250784436993132,moved_toward_pathogenic,0.7061922113458823,moved_toward_pathogenic,0.7969392004046383,moved_toward_pathogenic,0.0,moved_toward_benign,0.0,moved_toward_benign,0.4344187159019189,moved_toward_pathogenic
2500761,9183ae9552ea3ce981b4c8221cf6c83f518e76a7a5e810cbf69f30080b51a879,moved_toward_pathogenic,4,2.0,False,0.22832554585330936,moved_toward_pathogenic,0.22947342985801983,moved_toward_pathogenic,0.2747769473850978,moved_toward_benign,1.0,moved_toward_pathogenic,0.0,moved_toward_benign,0.4013056150607529,moved_toward_pathogenic
2504571,cec2aacc598ebb2bd9d24d6cee41af795c3d9e07c8104ef0aa8e2be7b9777ef4,moved_toward_pathogenic,3,1.0,False,0.5946365414956788,moved_toward_pathogenic,0.1976923825685158,moved_toward_benign,0.46415645894199725,moved_toward_pathogenic,1.0,moved_toward_pathogenic,0.0,moved_toward_benign,0.391457794339451,moved_toward_pathogenic
1675234,d997f8929fffb5782ad7a8d3b32101039c213c2a7f822d5db48258623af91c4e,moved_toward_pathogenic,0,2.0,False,0.5392125028862275,moved_toward_pathogenic,0.5592224374027472,moved_toward_pathogenic,0.37402180344993247,moved_toward_pathogenic,1.0,moved_toward_pathogenic,0.0,moved_toward_benign,0.3644231248245649,moved_toward_pathogenic
2137940,1d0e1a93806b29171d5c2e69e10e1d08ce0b516de0dc896f6c9a1de2e2eda66f,moved_toward_pathogenic,1,2.0,False,0.20166600681811733,moved_toward_benign,0.12621018313626195,moved_toward_benign,0.24764009354308564,moved_toward_pathogenic,1.0,moved_toward_pathogenic,0.0,moved_toward_benign,0.3626338785120762,moved_toward_pathogenic
1411967,27ff3754632a1ac5887a9164a868a6e2cb9e334b7be3b632a896a6ea374edc19,moved_toward_pathogenic,0,2.0,False,0.14343073594212294,moved_toward_benign,0.19483618645375023,moved_toward_benign,0.2707120154705633,moved_toward_pathogenic,1.0,moved_toward_pathogenic,0.0,moved_toward_benign,0.3624221265229557,moved_toward_pathogenic
1378408,7b172cf1ca3270fa2de6c43b4df2f88c2cecd64888e91c9d429d72f86feae5dc,moved_toward_pathogenic,2,2.0,False,0.252485942079933,moved_toward_pathogenic,0.20374208597370091,moved_toward_benign,0.30499117885056226,moved_toward_pathogenic,1.0,moved_toward_pathogenic,0.0,moved_toward_benign,0.3593337372502623,moved_toward_pathogenic
1806624,6979ba2e344ebc6b62a0939175406500555e2a0bac60b82089faea16fec3e080,moved_toward_pathogenic,4,2.0,False,0.3757070442696108,moved_toward_pathogenic,0.1771919228708874,moved_toward_benign,0.23573079632863328,moved_toward_benign,1.0,moved_toward_pathogenic,0.0,moved_toward_benign,0.3578971743097923,moved_toward_pathogenic
1910486,b7501fefe971bb7ec1ea7ce824166db274f98bb995f136954b0fb25abc2b5aac,moved_toward_pathogenic,4,2.0,False,0.3758338165620375,moved_toward_pathogenic,0.1771919228708874,moved_toward_benign,0.23415659934515584,moved_toward_benign,1.0,moved_toward_pathogenic,0.0,moved_toward_benign,0.3567937084317097,moved_toward_pathogenic
2505332,4342da67c1fea113d747242df7008683b36f42c9ba4f2b18e4b04beb29df8b71,moved_toward_pathogenic,2,2.0,False,0.20162965727125765,moved_toward_pathogenic,0.15866352517042645,moved_toward_benign,0.26447237879889174,moved_toward_benign,1.0,moved_toward_pathogenic,0.0,moved_toward_benign,0.3185639196030832,moved_toward_pathogenic
1414673,3d6d2f041c23b33f8e32fd026da6021f5352134b3b35a8f77a31f55c125e32b5,moved_toward_pathogenic,4,2.0,False,0.16871978142893437,moved_toward_benign,0.12887383223296336,moved_toward_benign,0.20859872154277198,moved_toward_benign,1.0,moved_toward_pathogenic,0.0,moved_toward_benign,0.3158709751037988,moved_toward_pathogenic
